ISO-10303-21;
HEADER;
FILE_DESCRIPTION (( 'STEP AP214' ),
    '1' );
FILE_NAME ('PM5432.223NLT.step',
    '2026-03-06T06:20:31',
    ( '' ),
    ( '' ),
    'SwSTEP 2.0',
    'SolidWorks 2024',
    '' );
FILE_SCHEMA (( 'AUTOMOTIVE_DESIGN' ));
ENDSEC;

DATA;
#1 = CARTESIAN_POINT ( 'NONE',  ( -0.3087354479080144931, 5.839999999999999858, -2.138978173493295110 ) ) ;
#2 = EDGE_LOOP ( 'NONE', ( #1816, #533, #1163, #4511 ) ) ;
#3 = CARTESIAN_POINT ( 'NONE',  ( -0.4386358442081949582, 5.850000000000000533, 1.196235397112484167 ) ) ;
#4 = CARTESIAN_POINT ( 'NONE',  ( -0.07971177939271549551, 5.839999999999999858, 1.329759117976453853 ) ) ;
#5 = VECTOR ( 'NONE', #35, 1000.000000000000000 ) ;
#6 = VERTEX_POINT ( 'NONE', #4329 ) ;
#7 = AXIS2_PLACEMENT_3D ( 'NONE', #3507, #4558, #4536 ) ;
#8 = LINE ( 'NONE', #1173, #2066 ) ;
#9 = ORIENTED_EDGE ( 'NONE', *, *, #4488, .T. ) ;
#10 = CARTESIAN_POINT ( 'NONE',  ( 0.2721659117266579941, 5.839999999999999858, -1.832540862039919949 ) ) ;
#11 = CIRCLE ( 'NONE', #1753, 0.2000000000000000944 ) ;
#12 = ORIENTED_EDGE ( 'NONE', *, *, #3544, .T. ) ;
#13 = LINE ( 'NONE', #1131, #4569 ) ;
#14 = ORIENTED_EDGE ( 'NONE', *, *, #2898, .F. ) ;
#15 = CARTESIAN_POINT ( 'NONE',  ( -0.07698509976903580854, 5.839999999999999858, -1.723152118029109836 ) ) ;
#16 = CARTESIAN_POINT ( 'NONE',  ( 0.1253468695951630019, 5.839999999999999858, -0.4927891972981239821 ) ) ;
#17 = ORIENTED_EDGE ( 'NONE', *, *, #1311, .F. ) ;
#18 = DIRECTION ( 'NONE',  ( -1.000000000000000000, 0.000000000000000000, 4.039348630799920640E-15 ) ) ;
#19 = EDGE_CURVE ( 'NONE', #90, #466, #1466, .T. ) ;
#20 = ORIENTED_EDGE ( 'NONE', *, *, #2245, .T. ) ;
#21 = ORIENTED_EDGE ( 'NONE', *, *, #2061, .F. ) ;
#22 = CARTESIAN_POINT ( 'NONE',  ( 0.1253468695951681922, 5.850000000000000533, 0.8879894476236869227 ) ) ;
#23 = CARTESIAN_POINT ( 'NONE',  ( 0.1253468695951615863, 5.839999999999999858, -0.9820371761799829846 ) ) ;
#24 = EDGE_CURVE ( 'NONE', #3712, #4693, #1896, .T. ) ;
#25 = EDGE_CURVE ( 'NONE', #3662, #615, #1494, .T. ) ;
#26 = EDGE_CURVE ( 'NONE', #615, #373, #1684, .T. ) ;
#27 = CARTESIAN_POINT ( 'NONE',  ( -3.299999999999999822, 5.850000000000000533, -3.399999999999999911 ) ) ;
#28 = EDGE_LOOP ( 'NONE', ( #3412, #491, #973, #749 ) ) ;
#29 = CARTESIAN_POINT ( 'NONE',  ( -0.4168839567259414736, 5.839999999999999858, 0.2166997471329254743 ) ) ;
#30 = CARTESIAN_POINT ( 'NONE',  ( 0.2721659117266579941, 5.839999999999999858, -1.832540862039919949 ) ) ;
#31 = COLOUR_RGB ( '',0.2000000000000000111, 0.2000000000000000111, 0.2000000000000000111 ) ;
#32 = VECTOR ( 'NONE', #2312, 1000.000000000000000 ) ;
#33 = ORIENTED_EDGE ( 'NONE', *, *, #3488, .T. ) ;
#34 = CARTESIAN_POINT ( 'NONE',  ( -0.1365641606337006098, 5.850000000000000533, 1.194176606692322062 ) ) ;
#35 = DIRECTION ( 'NONE',  ( 1.000000000000000000, 0.000000000000000000, -3.921804129284745332E-15 ) ) ;
#36 = ORIENTED_EDGE ( 'NONE', *, *, #4139, .T. ) ;
#37 = DIRECTION ( 'NONE',  ( 0.000000000000000000, 0.000000000000000000, 1.000000000000000000 ) ) ;
#38 = CARTESIAN_POINT ( 'NONE',  ( -0.05475824731224299829, 5.839999999999999858, 2.049690842731434870 ) ) ;
#39 = CARTESIAN_POINT ( 'NONE',  ( 0.2173989634103145052, 5.839999999999999858, 1.415211322764939883 ) ) ;
#41 = ORIENTED_EDGE ( 'NONE', *, *, #2861, .T. ) ;
#40 = AXIS2_PLACEMENT_3D ( 'NONE', #1069, #3630, #484 ) ;
#42 = SURFACE_STYLE_FILL_AREA ( #2600 ) ;
#43 = VECTOR ( 'NONE', #2238, 1000.000000000000000 ) ;
#44 = CARTESIAN_POINT ( 'NONE',  ( -0.03965402046376434453, 5.850000000000000533, -2.387422087328255227 ) ) ;
#45 = ORIENTED_EDGE ( 'NONE', *, *, #3761, .T. ) ;
#46 = CARTESIAN_POINT ( 'NONE',  ( 0.01935820781344065045, 5.850000000000000533, 1.300787223871104015 ) ) ;
#47 = ORIENTED_EDGE ( 'NONE', *, *, #4044, .F. ) ;
#48 = VERTEX_POINT ( 'NONE', #4595 ) ;
#49 = CARTESIAN_POINT ( 'NONE',  ( -0.2855678545052679485, 5.850000000000000533, 0.1265842580192664268 ) ) ;
#50 = LINE ( 'NONE', #143, #1986 ) ;
#51 = EDGE_CURVE ( 'NONE', #219, #1215, #4706, .T. ) ;
#52 = CARTESIAN_POINT ( 'NONE',  ( -0.3087354479080139935, 5.839999999999999858, -2.055287102678689859 ) ) ;
#53 = VERTEX_POINT ( 'NONE', #679 ) ;
#54 = DIRECTION ( 'NONE',  ( -1.000000000000000000, 0.000000000000000000, 3.300701459286225149E-15 ) ) ;
#55 = CARTESIAN_POINT ( 'NONE',  ( 0.05839897388424299812, 5.839999999999999858, -1.485671883299094054 ) ) ;
#56 = EDGE_CURVE ( 'NONE', #4653, #3148, #2787, .T. ) ;
#57 = VECTOR ( 'NONE', #1473, 1000.000000000000000 ) ;
#58 = ORIENTED_EDGE ( 'NONE', *, *, #1486, .F. ) ;
#59 = SURFACE_STYLE_FILL_AREA ( #2590 ) ;
#60 = CARTESIAN_POINT ( 'NONE',  ( -0.4207286858238360461, 5.839999999999999858, -1.522978157900509943 ) ) ;
#61 = VERTEX_POINT ( 'NONE', #1926 ) ;
#62 = LINE ( 'NONE', #1871, #2855 ) ;
#63 = CARTESIAN_POINT ( 'NONE',  ( -0.4126405145657204843, 5.839999999999999858, 1.349726904581607823 ) ) ;
#64 = DIRECTION ( 'NONE',  ( 0.000000000000000000, 1.000000000000000000, 0.000000000000000000 ) ) ;
#65 = ADVANCED_FACE ( 'NONE', ( #864 ), #2710, .T. ) ;
#66 = EDGE_LOOP ( 'NONE', ( #3748, #2376, #1031, #97 ) ) ;
#67 = CARTESIAN_POINT ( 'NONE',  ( 0.2567373859274110215, 5.839999999999999858, 0.9767654827290478403 ) ) ;
#68 = CARTESIAN_POINT ( 'NONE',  ( 0.1175581925839609965, 5.839999999999999858, -0.3330965138646654888 ) ) ;
#69 = LINE ( 'NONE', #3010, #3742 ) ;
#70 = ORIENTED_EDGE ( 'NONE', *, *, #815, .T. ) ;
#71 = CARTESIAN_POINT ( 'NONE',  ( -0.6022991180594449157, 5.839999999999999858, -0.7245643501409529952 ) ) ;
#72 = ORIENTED_EDGE ( 'NONE', *, *, #3174, .T. ) ;
#73 = ORIENTED_EDGE ( 'NONE', *, *, #893, .T. ) ;
#74 = DIRECTION ( 'NONE',  ( 0.2240489111568045588, 0.000000000000000000, 0.9745779011497491817 ) ) ;
#75 = AXIS2_PLACEMENT_3D ( 'NONE', #4174, #567, #3132 ) ;
#76 = DIRECTION ( 'NONE',  ( -1.000000000000000000, 0.000000000000000000, 4.375329236696260174E-15 ) ) ;
#77 = CARTESIAN_POINT ( 'NONE',  ( -0.3782630328200894398, 5.850000000000000533, 0.2751396294207760218 ) ) ;
#78 = EDGE_LOOP ( 'NONE', ( #3135, #17, #3051, #4522 ) ) ;
#79 = CARTESIAN_POINT ( 'NONE',  ( -0.1365641606337006098, 5.850000000000000533, 1.194176606692322062 ) ) ;
#80 = DIRECTION ( 'NONE',  ( 0.000000000000000000, 0.000000000000000000, -1.000000000000000000 ) ) ;
#81 = AXIS2_PLACEMENT_3D ( 'NONE', #4143, #873, #3787 ) ;
#82 = EDGE_LOOP ( 'NONE', ( #1762, #1376, #2667, #3710 ) ) ;
#83 = LINE ( 'NONE', #4065, #660 ) ;
#84 = LINE ( 'NONE', #822, #993 ) ;
#85 = ORIENTED_EDGE ( 'NONE', *, *, #2656, .T. ) ;
#86 = DIRECTION ( 'NONE',  ( 0.000000000000000000, 1.000000000000000000, 0.000000000000000000 ) ) ;
#87 = CARTESIAN_POINT ( 'NONE',  ( -3.100000000000000089, 5.850000000000000533, 3.399999999999999911 ) ) ;
#88 = CARTESIAN_POINT ( 'NONE',  ( 0.2721659117266599925, 5.839999999999999858, -1.337587801270869958 ) ) ;
#89 = VECTOR ( 'NONE', #164, 1000.000000000000000 ) ;
#90 = VERTEX_POINT ( 'NONE', #87 ) ;
#91 = VECTOR ( 'NONE', #2684, 1000.000000000000000 ) ;
#92 = LINE ( 'NONE', #1497, #3530 ) ;
#93 = CARTESIAN_POINT ( 'NONE',  ( 0.05839897388424299812, 5.839999999999999858, -1.485671883299094054 ) ) ;
#94 = EDGE_CURVE ( 'NONE', #682, #98, #1596, .T. ) ;
#95 = CARTESIAN_POINT ( 'NONE',  ( -0.2894125836031595234, 5.850000000000000533, -1.459874991287479995 ) ) ;
#96 = DIRECTION ( 'NONE',  ( 0.000000000000000000, 0.000000000000000000, -1.000000000000000000 ) ) ;
#97 = ORIENTED_EDGE ( 'NONE', *, *, #3843, .T. ) ;
#98 = VERTEX_POINT ( 'NONE', #1901 ) ;
#99 = CARTESIAN_POINT ( 'NONE',  ( 0.07988168522531040316, 5.850000000000000533, 2.092950246258610036 ) ) ;
#100 = CARTESIAN_POINT ( 'NONE',  ( -0.5134486688425019540, 5.839999999999999858, 0.6008501957713030528 ) ) ;
#101 = PRODUCT_CONTEXT ( 'NONE', #177, 'mechanical' ) ;
#102 = ORIENTED_EDGE ( 'NONE', *, *, #3922, .F. ) ;
#103 = CARTESIAN_POINT ( 'NONE',  ( -0.4168839567259425283, 5.839999999999999858, -0.05359711080033600222 ) ) ;
#104 = DIRECTION ( 'NONE',  ( 0.000000000000000000, 0.000000000000000000, 1.000000000000000000 ) ) ;
#105 = ORIENTED_EDGE ( 'NONE', *, *, #2739, .T. ) ;
#106 = CARTESIAN_POINT ( 'NONE',  ( 0.2296754540190664995, 5.839999999999999858, -1.072375907628356106 ) ) ;
#107 = CARTESIAN_POINT ( 'NONE',  ( 0.08670114098544448589, 5.839999999999999858, -2.350165422134550042 ) ) ;
#108 = ORIENTED_EDGE ( 'NONE', *, *, #3870, .F. ) ;
#109 = DIRECTION ( 'NONE',  ( -0.000000000000000000, 1.000000000000000000, 0.000000000000000000 ) ) ;
#110 = CARTESIAN_POINT ( 'NONE',  ( -0.07953814646571659430, 5.850000000000000533, 1.329759117976453853 ) ) ;
#111 = EDGE_CURVE ( 'NONE', #3726, #2891, #1872, .T. ) ;
#112 = ORIENTED_EDGE ( 'NONE', *, *, #1714, .F. ) ;
#113 = AXIS2_PLACEMENT_3D ( 'NONE', #4657, #3564, #3213 ) ;
#114 = CARTESIAN_POINT ( 'NONE',  ( -0.1427405318941717960, 5.839999999999999858, 2.448649699572639893 ) ) ;
#115 = DIRECTION ( 'NONE',  ( -6.876623649887300412E-15, 0.000000000000000000, -1.000000000000000000 ) ) ;
#116 = EDGE_CURVE ( 'NONE', #2119, #2689, #2118, .T. ) ;
#117 = FACE_OUTER_BOUND ( 'NONE', #3601, .T. ) ;
#118 = ADVANCED_FACE ( 'NONE', ( #3072 ), #1519, .F. ) ;
#119 = EDGE_CURVE ( 'NONE', #506, #3093, #2057, .T. ) ;
#120 = CARTESIAN_POINT ( 'NONE',  ( -0.2559510380996314893, 5.839999999999999858, -2.191812192709395202 ) ) ;
#121 = AXIS2_PLACEMENT_3D ( 'NONE', #3127, #2361, #2764 ) ;
#122 = VERTEX_POINT ( 'NONE', #4431 ) ;
#123 = ORIENTED_EDGE ( 'NONE', *, *, #1300, .F. ) ;
#124 = CARTESIAN_POINT ( 'NONE',  ( -0.08477193897960780267, 5.850000000000000533, 1.271790525061891719 ) ) ;
#125 = LINE ( 'NONE', #1142, #475 ) ;
#126 = VERTEX_POINT ( 'NONE', #4094 ) ;
#127 = CARTESIAN_POINT ( 'NONE',  ( -0.2855678545052690032, 5.839999999999999858, -0.2275276942478950126 ) ) ;
#128 = CARTESIAN_POINT ( 'NONE',  ( 0.2721659117266599925, 5.850000000000000533, -1.337587801270869958 ) ) ;
#129 = VERTEX_POINT ( 'NONE', #2313 ) ;
#130 = CARTESIAN_POINT ( 'NONE',  ( 0.1407753953944151926, 5.839999999999999858, -1.354355781078413923 ) ) ;
#131 = ORIENTED_EDGE ( 'NONE', *, *, #2890, .F. ) ;
#132 = DIRECTION ( 'NONE',  ( 1.000000000000000000, 0.000000000000000000, 0.000000000000000000 ) ) ;
#133 = DIRECTION ( 'NONE',  ( 0.000000000000000000, 0.000000000000000000, -1.000000000000000000 ) ) ;
#134 = VERTEX_POINT ( 'NONE', #154 ) ;
#135 = VECTOR ( 'NONE', #4365, 1000.000000000000000 ) ;
#136 =( NAMED_UNIT ( * ) PLANE_ANGLE_UNIT ( ) SI_UNIT ( $, .RADIAN. ) );
#137 = DIRECTION ( 'NONE',  ( -3.702237295889640724E-15, 0.000000000000000000, -1.000000000000000000 ) ) ;
#138 = PLANE ( 'NONE',  #81 ) ;
#139 = CARTESIAN_POINT ( 'NONE',  ( 0.2721659117266599925, 5.850000000000000533, -1.337587801270869958 ) ) ;
#140 = EDGE_LOOP ( 'NONE', ( #3163, #162, #2804, #1575 ) ) ;
#141 = EDGE_CURVE ( 'NONE', #2083, #3308, #2522, .T. ) ;
#142 = DIRECTION ( 'NONE',  ( 0.000000000000000000, 1.000000000000000000, 0.000000000000000000 ) ) ;
#143 = CARTESIAN_POINT ( 'NONE',  ( -0.03965402046376270001, 5.839999999999999858, -1.918861231463404815 ) ) ;
#144 = B_SPLINE_SURFACE_WITH_KNOTS ( 'NONE', 3, 1, ( 
 ( #4219, #2793 ),
 ( #4641, #3221 ),
 ( #1019, #3550 ),
 ( #3627, #639 ) ),
 .UNSPECIFIED., .F., .F., .F.,
 ( 4, 4 ),
 ( 2, 2 ),
 ( 21.00000000000000000, 22.00000000000000000 ),
 ( 0.000000000000000000, 1.000000000000000000 ),
 .UNSPECIFIED. ) ;
#145 = ORIENTED_EDGE ( 'NONE', *, *, #24, .T. ) ;
#146 = CARTESIAN_POINT ( 'NONE',  ( 0.1175581925839609965, 5.839999999999999858, -0.3356762030658319573 ) ) ;
#147 = CARTESIAN_POINT ( 'NONE',  ( -3.149999999999999911, -0.05000000000000000278, -2.799999999999999822 ) ) ;
#148 = EDGE_CURVE ( 'NONE', #4693, #707, #1225, .T. ) ;
#149 = VECTOR ( 'NONE', #1863, 1000.000000000000000 ) ;
#150 = ORIENTED_EDGE ( 'NONE', *, *, #2005, .T. ) ;
#151 = DIRECTION ( 'NONE',  ( -1.000000000000000000, 0.000000000000000000, 3.505175547281160426E-15 ) ) ;
#152 = VERTEX_POINT ( 'NONE', #513 ) ;
#153 = CARTESIAN_POINT ( 'NONE',  ( 0.1331107419024941951, 5.850000000000000533, -2.132528950490389708 ) ) ;
#154 = CARTESIAN_POINT ( 'NONE',  ( -0.02099904536242460165, 5.850000000000000533, 1.734844736670420051 ) ) ;
#155 = VECTOR ( 'NONE', #2016, 1000.000000000000000 ) ;
#156 = EDGE_LOOP ( 'NONE', ( #525, #1853, #4123, #1582 ) ) ;
#157 = LINE ( 'NONE', #4162, #231 ) ;
#158 = DIRECTION ( 'NONE',  ( -1.000000000000000000, 0.000000000000000000, 3.399186478811250280E-15 ) ) ;
#159 = CARTESIAN_POINT ( 'NONE',  ( -0.5134486688425010659, 5.850000000000000533, 0.8879894476236900314 ) ) ;
#160 = VECTOR ( 'NONE', #2616, 1000.000000000000000 ) ;
#161 = LINE ( 'NONE', #895, #181 ) ;
#162 = ORIENTED_EDGE ( 'NONE', *, *, #1248, .F. ) ;
#163 = FACE_OUTER_BOUND ( 'NONE', #1108, .T. ) ;
#164 = DIRECTION ( 'NONE',  ( 0.000000000000000000, 0.000000000000000000, 1.000000000000000000 ) ) ;
#165 = ADVANCED_FACE ( 'NONE', ( #4138 ), #495, .F. ) ;
#166 = ORIENTED_EDGE ( 'NONE', *, *, #4250, .T. ) ;
#167 = LINE ( 'NONE', #4535, #2126 ) ;
#168 = EDGE_CURVE ( 'NONE', #4680, #4028, #3738, .T. ) ;
#169 = CARTESIAN_POINT ( 'NONE',  ( -0.4323372872290640045, 5.839999999999999858, -2.061736325681590376 ) ) ;
#170 = EDGE_CURVE ( 'NONE', #682, #1401, #473, .T. ) ;
#171 = ADVANCED_FACE ( 'NONE', ( #886 ), #3521, .F. ) ;
#172 = DIRECTION ( 'NONE',  ( 1.000000000000000000, 0.000000000000000000, -3.583116227039375462E-15 ) ) ;
#173 = VERTEX_POINT ( 'NONE', #1573 ) ;
#174 = LINE ( 'NONE', #1632, #4181 ) ;
#175 = CARTESIAN_POINT ( 'NONE',  ( 0.2606069197291449591, 5.839999999999999858, -2.257395829708159773 ) ) ;
#176 = ORIENTED_EDGE ( 'NONE', *, *, #4044, .T. ) ;
#177 = APPLICATION_CONTEXT ( 'automotive_design' ) ;
#178 = FACE_OUTER_BOUND ( 'NONE', #3002, .T. ) ;
#179 = CARTESIAN_POINT ( 'NONE',  ( 0.2721659117266599925, 5.839999999999999858, -1.337587801270869958 ) ) ;
#180 = FACE_OUTER_BOUND ( 'NONE', #4405, .T. ) ;
#181 = VECTOR ( 'NONE', #918, 1000.000000000000114 ) ;
#182 = AXIS2_PLACEMENT_3D ( 'NONE', #3589, #2470, #4306 ) ;
#183 = LINE ( 'NONE', #3104, #3459 ) ;
#184 = ORIENTED_EDGE ( 'NONE', *, *, #3545, .F. ) ;
#185 = CARTESIAN_POINT ( 'NONE',  ( 0.1497795028946265761, 5.850000000000000533, -0.3189578326659969765 ) ) ;
#186 = PLANE ( 'NONE',  #2754 ) ;
#187 = AXIS2_PLACEMENT_3D ( 'NONE', #4334, #4710, #2143 ) ;
#188 = CARTESIAN_POINT ( 'NONE',  ( 0.2721659117266599925, 5.850000000000000533, -1.337587801270869958 ) ) ;
#189 = ORIENTED_EDGE ( 'NONE', *, *, #756, .T. ) ;
#190 = CARTESIAN_POINT ( 'NONE',  ( 0.04029154006839325008, 5.839999999999999858, -1.072375907628353886 ) ) ;
#191 = DIRECTION ( 'NONE',  ( 1.000000000000000000, 0.000000000000000000, -3.921804129284745332E-15 ) ) ;
#192 = DIRECTION ( 'NONE',  ( 0.000000000000000000, 0.000000000000000000, 1.000000000000000000 ) ) ;
#193 = VECTOR ( 'NONE', #847, 1000.000000000000000 ) ;
#194 = EDGE_CURVE ( 'NONE', #3733, #4267, #2666, .T. ) ;
#195 = CARTESIAN_POINT ( 'NONE',  ( -0.5134486688425019540, 5.850000000000000533, 0.5107099019537899576 ) ) ;
#196 = ORIENTED_EDGE ( 'NONE', *, *, #3384, .F. ) ;
#197 = LINE ( 'NONE', #3867, #795 ) ;
#198 = CARTESIAN_POINT ( 'NONE',  ( 0.1253468695951663880, 5.850000000000000533, 0.6111937572798010754 ) ) ;
#199 = EDGE_CURVE ( 'NONE', #3888, #466, #623, .T. ) ;
#200 = ADVANCED_FACE ( 'NONE', ( #3096 ), #4663, .F. ) ;
#201 = ORIENTED_EDGE ( 'NONE', *, *, #1004, .F. ) ;
#202 = CARTESIAN_POINT ( 'NONE',  ( 0.1175581925839609965, 5.850000000000000533, -0.3356762030658319573 ) ) ;
#203 = DIRECTION ( 'NONE',  ( 0.000000000000000000, 0.000000000000000000, 1.000000000000000000 ) ) ;
#204 = CARTESIAN_POINT ( 'NONE',  ( -0.08000943583900219092, 5.839999999999999858, 1.329585485049459948 ) ) ;
#205 = PRESENTATION_LAYER_ASSIGNMENT (  '', '', ( #3038 ) ) ;
#206 = DIRECTION ( 'NONE',  ( 0.000000000000000000, -1.000000000000000000, 0.000000000000000000 ) ) ;
#207 = ORIENTED_EDGE ( 'NONE', *, *, #1515, .T. ) ;
#208 = LINE ( 'NONE', #1976, #3165 ) ;
#209 = CARTESIAN_POINT ( 'NONE',  ( -0.4323372872290615065, 5.850000000000000533, -1.360755394673609953 ) ) ;
#210 = LINE ( 'NONE', #3130, #2278 ) ;
#211 = ORIENTED_EDGE ( 'NONE', *, *, #3087, .T. ) ;
#212 = DIRECTION ( 'NONE',  ( -1.000000000000000000, 0.000000000000000000, 0.000000000000000000 ) ) ;
#213 = DIRECTION ( 'NONE',  ( 1.000000000000000000, 0.000000000000000000, -3.438311824943705426E-15 ) ) ;
#214 = DIRECTION ( 'NONE',  ( -1.000000000000000000, 0.000000000000000000, 0.000000000000000000 ) ) ;
#215 = DIRECTION ( 'NONE',  ( 0.1027797968786249988, 0.000000000000000000, -0.9947041335762050185 ) ) ;
#216 = ORIENTED_EDGE ( 'NONE', *, *, #2917, .F. ) ;
#217 = LINE ( 'NONE', #4700, #4493 ) ;
#218 = CARTESIAN_POINT ( 'NONE',  ( 0.2721659117266574945, 5.850000000000000533, -2.092692596095524937 ) ) ;
#219 = VERTEX_POINT ( 'NONE', #4231 ) ;
#220 = ADVANCED_FACE ( 'NONE', ( #3868 ), #3903, .F. ) ;
#221 = LINE ( 'NONE', #3451, #2012 ) ;
#222 = DIRECTION ( 'NONE',  ( 0.000000000000000000, 1.000000000000000000, 0.000000000000000000 ) ) ;
#223 = ADVANCED_FACE ( 'NONE', ( #934 ), #1315, .F. ) ;
#224 = LINE ( 'NONE', #3453, #2324 ) ;
#225 = ORIENTED_EDGE ( 'NONE', *, *, #252, .F. ) ;
#226 = CARTESIAN_POINT ( 'NONE',  ( 0.1497795028946265761, 5.839999999999999858, -0.3189578326659969765 ) ) ;
#227 = PLANE ( 'NONE',  #4212 ) ;
#228 = ORIENTED_EDGE ( 'NONE', *, *, #3146, .F. ) ;
#229 = VECTOR ( 'NONE', #2150, 1000.000000000000000 ) ;
#230 = CARTESIAN_POINT ( 'NONE',  ( -0.1632558597848104975, 5.850000000000000533, -1.917571386862820138 ) ) ;
#231 = VECTOR ( 'NONE', #534, 1000.000000000000000 ) ;
#232 = ORIENTED_EDGE ( 'NONE', *, *, #1010, .F. ) ;
#233 = DIRECTION ( 'NONE',  ( -1.000000000000000000, 0.000000000000000000, 0.000000000000000000 ) ) ;
#234 = DIRECTION ( 'NONE',  ( 0.000000000000000000, 1.000000000000000000, 0.000000000000000000 ) ) ;
#235 = PLANE ( 'NONE',  #3211 ) ;
#236 = CARTESIAN_POINT ( 'NONE',  ( 0.2721659117266639893, 5.839999999999999858, -0.09995710230967760901 ) ) ;
#237 = VERTEX_POINT ( 'NONE', #1633 ) ;
#238 = CARTESIAN_POINT ( 'NONE',  ( 0.03310001375039695048, 5.850000000000000533, 1.956201913893174993 ) ) ;
#239 = FACE_OUTER_BOUND ( 'NONE', #3933, .T. ) ;
#240 = ORIENTED_EDGE ( 'NONE', *, *, #919, .F. ) ;
#241 = B_SPLINE_SURFACE_WITH_KNOTS ( 'NONE', 3, 1, ( 
 ( #3396, #838 ),
 ( #766, #2968 ),
 ( #4487, #505 ),
 ( #3724, #856 ) ),
 .UNSPECIFIED., .F., .F., .F.,
 ( 4, 4 ),
 ( 2, 2 ),
 ( 15.00000000000000000, 16.00000000000000000 ),
 ( 0.000000000000000000, 1.000000000000000000 ),
 .UNSPECIFIED. ) ;
#242 = DIRECTION ( 'NONE',  ( 0.000000000000000000, 1.000000000000000000, 0.000000000000000000 ) ) ;
#243 = ORIENTED_EDGE ( 'NONE', *, *, #2067, .F. ) ;
#244 = CARTESIAN_POINT ( 'NONE',  ( -0.4723454367502979978, 5.839999999999999858, 1.398592171180533805 ) ) ;
#245 = CARTESIAN_POINT ( 'NONE',  ( 0.2567373859274060255, 5.839999999999999858, -0.3189578326659974761 ) ) ;
#246 = ADVANCED_FACE ( 'NONE', ( #239 ), #4627, .F. ) ;
#247 = FACE_OUTER_BOUND ( 'NONE', #2801, .T. ) ;
#248 = EDGE_CURVE ( 'NONE', #1215, #456, #4387, .T. ) ;
#249 = CARTESIAN_POINT ( 'NONE',  ( -0.2095910465902824926, 5.839999999999999858, 0.2751396294207755222 ) ) ;
#250 = AXIS2_PLACEMENT_3D ( 'NONE', #804, #3718, #3743 ) ;
#251 = VECTOR ( 'NONE', #678, 1000.000000000000000 ) ;
#252 = EDGE_CURVE ( 'NONE', #1415, #2538, #2733, .T. ) ;
#253 = ORIENTED_EDGE ( 'NONE', *, *, #4286, .F. ) ;
#254 = CARTESIAN_POINT ( 'NONE',  ( -0.1645457043853875145, 5.850000000000000533, -1.436707397884734005 ) ) ;
#255 = VERTEX_POINT ( 'NONE', #2803 ) ;
#256 = DIRECTION ( 'NONE',  ( 1.000000000000000000, 0.000000000000000000, -4.953857847517350592E-15 ) ) ;
#257 = LINE ( 'NONE', #1713, #802 ) ;
#258 = SURFACE_STYLE_FILL_AREA ( #4272 ) ;
#259 = VECTOR ( 'NONE', #3149, 1000.000000000000000 ) ;
#260 = FACE_OUTER_BOUND ( 'NONE', #2162, .T. ) ;
#261 = ORIENTED_EDGE ( 'NONE', *, *, #981, .T. ) ;
#262 = CARTESIAN_POINT ( 'NONE',  ( 0.1331107419024941951, 5.839999999999999858, -2.132528950490389708 ) ) ;
#263 = AXIS2_PLACEMENT_3D ( 'NONE', #1968, #4458, #3423 ) ;
#264 = CARTESIAN_POINT ( 'NONE',  ( -0.3782630328200949910, 5.839999999999999858, -1.064636840024874020 ) ) ;
#265 = ORIENTED_EDGE ( 'NONE', *, *, #2717, .T. ) ;
#266 = CARTESIAN_POINT ( 'NONE',  ( -0.7332661166254919038, 5.850000000000000533, 1.532562376713939800 ) ) ;
#267 = CARTESIAN_POINT ( 'NONE',  ( -3.100000000000000089, 5.850000000000000533, 3.200000000000000178 ) ) ;
#268 = ORIENTED_EDGE ( 'NONE', *, *, #3518, .T. ) ;
#269 = CARTESIAN_POINT ( 'NONE',  ( -0.09117339037541830060, 5.839999999999999858, 0.5738378732706770347 ) ) ;
#270 = DIRECTION ( 'NONE',  ( 0.000000000000000000, 1.000000000000000000, 0.000000000000000000 ) ) ;
#271 = CARTESIAN_POINT ( 'NONE',  ( -0.05475824731224289421, 5.839999999999999858, 2.049690842731434870 ) ) ;
#272 = CARTESIAN_POINT ( 'NONE',  ( 0.1407753953944151926, 5.839999999999999858, -1.354355781078413923 ) ) ;
#273 = VECTOR ( 'NONE', #18, 1000.000000000000000 ) ;
#274 = ORIENTED_EDGE ( 'NONE', *, *, #2059, .F. ) ;
#275 = CARTESIAN_POINT ( 'NONE',  ( 0.1253468695951640011, 5.850000000000000533, -0.1721139858306355019 ) ) ;
#276 = EDGE_CURVE ( 'NONE', #2720, #2289, #1938, .T. ) ;
#277 = EDGE_CURVE ( 'NONE', #347, #3808, #4715, .T. ) ;
#278 = VERTEX_POINT ( 'NONE', #1363 ) ;
#279 = CARTESIAN_POINT ( 'NONE',  ( 0.2189864644571859753, 5.839999999999999858, 2.290966197151629746 ) ) ;
#280 = CARTESIAN_POINT ( 'NONE',  ( -0.6156918203417730551, 5.839999999999999858, 2.019032228763784964 ) ) ;
#281 = DIRECTION ( 'NONE',  ( -3.438311824943705426E-15, 0.000000000000000000, -1.000000000000000000 ) ) ;
#282 = EDGE_CURVE ( 'NONE', #173, #1583, #3824, .T. ) ;
#283 = CARTESIAN_POINT ( 'NONE',  ( 0.1593063469764655071, 5.839999999999999858, 2.446541299744764864 ) ) ;
#284 = ORIENTED_EDGE ( 'NONE', *, *, #2826, .F. ) ;
#285 = CARTESIAN_POINT ( 'NONE',  ( -0.6022991180594449157, 5.850000000000000533, -0.7245643501409529952 ) ) ;
#286 = CARTESIAN_POINT ( 'NONE',  ( -0.1156308283787396002, 5.850000000000000533, -1.064636840024874020 ) ) ;
#287 = ORIENTED_EDGE ( 'NONE', *, *, #3269, .T. ) ;
#288 = CARTESIAN_POINT ( 'NONE',  ( -0.07953814646571659430, 5.839999999999999858, 1.329759117976453853 ) ) ;
#289 = DIRECTION ( 'NONE',  ( -0.1935405365100325292, 0.000000000000000000, -0.9810922794148411175 ) ) ;
#290 = VERTEX_POINT ( 'NONE', #1654 ) ;
#291 = PLANE ( 'NONE',  #182 ) ;
#292 = VECTOR ( 'NONE', #3634, 1000.000000000000000 ) ;
#293 = FACE_OUTER_BOUND ( 'NONE', #2294, .T. ) ;
#294 = ORIENTED_EDGE ( 'NONE', *, *, #116, .T. ) ;
#295 = LINE ( 'NONE', #4689, #2086 ) ;
#296 = FACE_OUTER_BOUND ( 'NONE', #621, .T. ) ;
#297 = AXIS2_PLACEMENT_3D ( 'NONE', #3113, #214, #3886 ) ;
#298 = VERTEX_POINT ( 'NONE', #4562 ) ;
#299 = LINE ( 'NONE', #1755, #2698 ) ;
#300 = ORIENTED_EDGE ( 'NONE', *, *, #1579, .T. ) ;
#301 = LINE ( 'NONE', #4316, #820 ) ;
#302 = DIRECTION ( 'NONE',  ( 0.000000000000000000, 1.000000000000000000, 0.000000000000000000 ) ) ;
#303 = CARTESIAN_POINT ( 'NONE',  ( -3.149999999999999911, -0.1499999999999999944, -2.700000000000000178 ) ) ;
#304 = ADVANCED_FACE ( 'NONE', ( #699 ), #3610, .F. ) ;
#305 = AXIS2_PLACEMENT_3D ( 'NONE', #100, #76, #1166 ) ;
#306 = AXIS2_PLACEMENT_3D ( 'NONE', #3486, #215, #1670 ) ;
#307 = ADVANCED_FACE ( 'NONE', ( #3989 ), #2131, .F. ) ;
#308 = DIRECTION ( 'NONE',  ( 3.583116227039375462E-15, 0.000000000000000000, 1.000000000000000000 ) ) ;
#309 = VERTEX_POINT ( 'NONE', #336 ) ;
#310 = CARTESIAN_POINT ( 'NONE',  ( -0.5546244772456609962, 5.850000000000000533, 0.2751396294207770210 ) ) ;
#311 = CARTESIAN_POINT ( 'NONE',  ( 0.2721659117266599925, 5.850000000000000533, -1.337587801270869958 ) ) ;
#312 = ADVANCED_FACE ( 'NONE', ( #390 ), #4299, .F. ) ;
#313 = ADVANCED_FACE ( 'NONE', ( #2564 ), #1387, .F. ) ;
#314 = ADVANCED_FACE ( 'NONE', ( #3583 ), #2842, .F. ) ;
#315 = EDGE_LOOP ( 'NONE', ( #1798, #4649, #4708, #1116, #1220 ) ) ;
#316 = CARTESIAN_POINT ( 'NONE',  ( -0.2121707357914525138, 5.850000000000000533, -1.064636840024874020 ) ) ;
#317 = DIRECTION ( 'NONE',  ( 0.000000000000000000, 1.000000000000000000, 0.000000000000000000 ) ) ;
#318 = EDGE_LOOP ( 'NONE', ( #3905, #4673, #674, #3980 ) ) ;
#319 = CARTESIAN_POINT ( 'NONE',  ( -0.3022862249051080363, 5.839999999999999858, -1.423858561286640123 ) ) ;
#320 = VERTEX_POINT ( 'NONE', #1840 ) ;
#321 = CARTESIAN_POINT ( 'NONE',  ( 0.2296754540190664995, 5.839999999999999858, -1.072375907628356106 ) ) ;
#322 = ORIENTED_EDGE ( 'NONE', *, *, #94, .F. ) ;
#323 = CARTESIAN_POINT ( 'NONE',  ( 0.3122521509607245060, 5.850000000000000533, 2.214542904567210257 ) ) ;
#324 = FACE_OUTER_BOUND ( 'NONE', #3222, .T. ) ;
#325 = ORIENTED_EDGE ( 'NONE', *, *, #1652, .F. ) ;
#326 = CARTESIAN_POINT ( 'NONE',  ( 0.09774107200258949635, 5.839999999999999858, 2.282607011951709897 ) ) ;
#327 = EDGE_LOOP ( 'NONE', ( #4131, #232, #3987, #3281 ) ) ;
#328 = CARTESIAN_POINT ( 'NONE',  ( -1.449999999999999956, 0.000000000000000000, -2.799999999999999822 ) ) ;
#329 = VECTOR ( 'NONE', #1775, 1000.000000000000000 ) ;
#330 = CARTESIAN_POINT ( 'NONE',  ( 0.09774107200258949635, 5.850000000000000533, 2.282607011951709897 ) ) ;
#331 = FACE_OUTER_BOUND ( 'NONE', #318, .T. ) ;
#332 = AXIS2_PLACEMENT_3D ( 'NONE', #1346, #3102, #4547 ) ;
#333 = LINE ( 'NONE', #2510, #4051 ) ;
#334 = ORIENTED_EDGE ( 'NONE', *, *, #1835, .F. ) ;
#335 = CARTESIAN_POINT ( 'NONE',  ( -0.2517572053471150428, 5.839999999999999858, 1.329932750903455974 ) ) ;
#336 = CARTESIAN_POINT ( 'NONE',  ( -0.09117339037541749569, 5.850000000000000533, 0.6999697923851709858 ) ) ;
#337 = B_SPLINE_CURVE_WITH_KNOTS ( 'NONE', 3,
 ( #4021, #3286, #3739, #4459 ),
 .UNSPECIFIED., .F., .F.,
 ( 4, 4 ),
 ( 0.000000000000000000, 1.000000000000000000 ),
 .UNSPECIFIED. ) ;
#338 = ORIENTED_EDGE ( 'NONE', *, *, #2247, .T. ) ;
#339 = EDGE_CURVE ( 'NONE', #3292, #3619, #1299, .T. ) ;
#340 = CARTESIAN_POINT ( 'NONE',  ( -0.6022991180594440275, 5.839999999999999858, -0.6215752197253509026 ) ) ;
#341 = CYLINDRICAL_SURFACE ( 'NONE', #1297, 0.09999999999999982514 ) ;
#342 = ORIENTED_EDGE ( 'NONE', *, *, #4489, .F. ) ;
#343 = EDGE_CURVE ( 'NONE', #2703, #6, #1483, .T. ) ;
#344 = CARTESIAN_POINT ( 'NONE',  ( 0.2721659117266579941, 5.850000000000000533, -1.832540862039919949 ) ) ;
#345 = EDGE_CURVE ( 'NONE', #1345, #4589, #2786, .T. ) ;
#346 = EDGE_CURVE ( 'NONE', #2628, #3319, #1645, .T. ) ;
#347 = VERTEX_POINT ( 'NONE', #4398 ) ;
#348 = LINE ( 'NONE', #4593, #1289 ) ;
#349 = B_SPLINE_CURVE_WITH_KNOTS ( 'NONE', 3,
 ( #1553, #431, #805, #1876 ),
 .UNSPECIFIED., .F., .F.,
 ( 4, 4 ),
 ( 0.000000000000000000, 1.000000000000000000 ),
 .UNSPECIFIED. ) ;
#350 = VERTEX_POINT ( 'NONE', #2540 ) ;
#351 = LINE ( 'NONE', #3926, #4526 ) ;
#352 = CARTESIAN_POINT ( 'NONE',  ( 0.1253468695951630019, 5.839999999999999858, -0.5712216708949821031 ) ) ;
#353 = B_SPLINE_CURVE_WITH_KNOTS ( 'NONE', 3,
 ( #1180, #2645, #1205, #4098 ),
 .UNSPECIFIED., .F., .F.,
 ( 4, 4 ),
 ( 0.000000000000000000, 1.000000000000000000 ),
 .UNSPECIFIED. ) ;
#354 = ORIENTED_EDGE ( 'NONE', *, *, #2091, .T. ) ;
#355 = DIRECTION ( 'NONE',  ( 1.000000000000000000, 0.000000000000000000, -3.300701459286205427E-15 ) ) ;
#356 = ORIENTED_EDGE ( 'NONE', *, *, #4371, .T. ) ;
#357 = DIRECTION ( 'NONE',  ( 1.000000000000000000, 0.000000000000000000, -2.551063935260009998E-16 ) ) ;
#358 = DIRECTION ( 'NONE',  ( 0.000000000000000000, 1.000000000000000000, 0.000000000000000000 ) ) ;
#359 = LINE ( 'NONE', #4369, #229 ) ;
#360 = AXIS2_PLACEMENT_3D ( 'NONE', #2234, #3355, #1078 ) ;
#361 = CARTESIAN_POINT ( 'NONE',  ( -3.149999999999999911, -0.1499999999999999944, -2.799999999999999822 ) ) ;
#362 = ORIENTED_EDGE ( 'NONE', *, *, #2448, .F. ) ;
#363 = LINE ( 'NONE', #2107, #982 ) ;
#364 = CARTESIAN_POINT ( 'NONE',  ( -0.07986060761586090406, 5.839999999999999858, 1.329659899161028225 ) ) ;
#365 = ORIENTED_EDGE ( 'NONE', *, *, #1609, .T. ) ;
#366 = CARTESIAN_POINT ( 'NONE',  ( -0.2894125836031595234, 5.839999999999999858, -1.459874991287479995 ) ) ;
#367 = ORIENTED_EDGE ( 'NONE', *, *, #4134, .T. ) ;
#368 = CARTESIAN_POINT ( 'NONE',  ( 0.2554475413268240125, 5.839999999999999858, -1.144458377037739893 ) ) ;
#369 = EDGE_LOOP ( 'NONE', ( #2455, #1781, #4612, #908 ) ) ;
#370 = CARTESIAN_POINT ( 'NONE',  ( 0.1577188459295950085, 5.839999999999999858, 2.247681988920595231 ) ) ;
#371 = EDGE_CURVE ( 'NONE', #3029, #4067, #2874, .T. ) ;
#372 = ADVANCED_FACE ( 'NONE', ( #3559 ), #3915, .F. ) ;
#373 = VERTEX_POINT ( 'NONE', #4349 ) ;
#374 = CARTESIAN_POINT ( 'NONE',  ( -0.07953814646571659430, 5.850000000000000533, 1.329759117976453853 ) ) ;
#375 = EDGE_CURVE ( 'NONE', #1717, #4608, #3280, .T. ) ;
#376 = CARTESIAN_POINT ( 'NONE',  ( -0.4323372872290650037, 5.850000000000000533, -2.293461869116715235 ) ) ;
#377 = EDGE_CURVE ( 'NONE', #1316, #405, #1242, .T. ) ;
#378 = VECTOR ( 'NONE', #3203, 1000.000000000000114 ) ;
#379 = EDGE_CURVE ( 'NONE', #405, #1719, #4652, .T. ) ;
#380 = EDGE_LOOP ( 'NONE', ( #2901, #3349, #3958, #1090 ) ) ;
#381 = DIRECTION ( 'NONE',  ( 0.04047272178427456513, 0.000000000000000000, -0.9991806437233322624 ) ) ;
#382 = VERTEX_POINT ( 'NONE', #4651 ) ;
#383 = ORIENTED_EDGE ( 'NONE', *, *, #2575, .T. ) ;
#384 = AXIS2_PLACEMENT_3D ( 'NONE', #1554, #3672, #3694 ) ;
#385 = CARTESIAN_POINT ( 'NONE',  ( -0.2211996479955165018, 5.850000000000000533, -1.622147363922090246 ) ) ;
#386 = DIRECTION ( 'NONE',  ( 0.000000000000000000, 1.000000000000000000, 0.000000000000000000 ) ) ;
#387 = DIRECTION ( 'NONE',  ( 3.921804129284745332E-15, 0.000000000000000000, 1.000000000000000000 ) ) ;
#388 = ORIENTED_EDGE ( 'NONE', *, *, #3491, .T. ) ;
#389 = LINE ( 'NONE', #3043, #3952 ) ;
#390 = FACE_OUTER_BOUND ( 'NONE', #4116, .T. ) ;
#391 = ORIENTED_EDGE ( 'NONE', *, *, #3927, .T. ) ;
#392 = CARTESIAN_POINT ( 'NONE',  ( -0.1210116113151645939, 5.850000000000000533, 1.197376413489920077 ) ) ;
#393 = CARTESIAN_POINT ( 'NONE',  ( -0.2245464452156260005, 5.850000000000000533, 1.500093019364709956 ) ) ;
#394 = ORIENTED_EDGE ( 'NONE', *, *, #3991, .T. ) ;
#395 = CARTESIAN_POINT ( 'NONE',  ( -0.07698509976903580854, 5.850000000000000533, -1.723152118029109836 ) ) ;
#396 = VERTEX_POINT ( 'NONE', #147 ) ;
#397 = CARTESIAN_POINT ( 'NONE',  ( 0.03310001375039699906, 5.839999999999999858, 1.956201913893174993 ) ) ;
#398 = B_SPLINE_CURVE_WITH_KNOTS ( 'NONE', 3,
 ( #4153, #2050, #527, #4225 ),
 .UNSPECIFIED., .F., .F.,
 ( 4, 4 ),
 ( 5.000000000000000000, 6.000000000000000000 ),
 .UNSPECIFIED. ) ;
#399 = EDGE_LOOP ( 'NONE', ( #677, #2236, #2908, #3421 ) ) ;
#400 = CARTESIAN_POINT ( 'NONE',  ( 0.1253468695951615863, 5.850000000000000533, -0.9048449377759899548 ) ) ;
#401 = EDGE_CURVE ( 'NONE', #2700, #1089, #1510, .T. ) ;
#402 = CARTESIAN_POINT ( 'NONE',  ( -0.3087354479080119951, 5.839999999999999858, -1.355645625678995936 ) ) ;
#403 = B_SPLINE_CURVE_WITH_KNOTS ( 'NONE', 3,
 ( #1629, #4584, #4625, #4605 ),
 .UNSPECIFIED., .F., .F.,
 ( 4, 4 ),
 ( 0.000000000000000000, 1.000000000000000000 ),
 .UNSPECIFIED. ) ;
#404 = ADVANCED_FACE ( 'NONE', ( #3777 ), #2116, .F. ) ;
#405 = VERTEX_POINT ( 'NONE', #793 ) ;
#406 = EDGE_CURVE ( 'NONE', #1428, #3292, #3645, .T. ) ;
#407 = FACE_OUTER_BOUND ( 'NONE', #4007, .T. ) ;
#408 = VERTEX_POINT ( 'NONE', #1537 ) ;
#409 = ORIENTED_EDGE ( 'NONE', *, *, #1189, .T. ) ;
#410 = EDGE_CURVE ( 'NONE', #3953, #2553, #841, .T. ) ;
#411 = LINE ( 'NONE', #4486, #3468 ) ;
#412 = EDGE_CURVE ( 'NONE', #2553, #4002, #2587, .T. ) ;
#413 = CARTESIAN_POINT ( 'NONE',  ( 0.02089426165196279703, 5.850000000000000533, -1.485671883299094054 ) ) ;
#414 = CARTESIAN_POINT ( 'NONE',  ( 0.01685293272385010241, 5.850000000000000533, 2.180684483801964557 ) ) ;
#415 = ORIENTED_EDGE ( 'NONE', *, *, #3415, .F. ) ;
#416 = CARTESIAN_POINT ( 'NONE',  ( -0.09050182557064970212, 5.839999999999999858, 1.205561965762840027 ) ) ;
#417 = CARTESIAN_POINT ( 'NONE',  ( -0.09050182557064970212, 5.839999999999999858, 1.205561965762840027 ) ) ;
#418 = STYLED_ITEM ( 'NONE', ( #2069 ), #3704 ) ;
#419 = AXIS2_PLACEMENT_3D ( 'NONE', #4093, #824, #2290 ) ;
#420 = B_SPLINE_CURVE_WITH_KNOTS ( 'NONE', 3,
 ( #2800, #2822, #2153, #1338, #2437, #4274, #3962 ),
 .UNSPECIFIED., .F., .F.,
 ( 4, 3, 4 ),
 ( 25.00000000000000000, 26.00000000000000000, 27.00000000000000000 ),
 .UNSPECIFIED. ) ;
#421 = ORIENTED_EDGE ( 'NONE', *, *, #2061, .T. ) ;
#422 = LINE ( 'NONE', #1514, #2343 ) ;
#423 = CARTESIAN_POINT ( 'NONE',  ( 0.1188728418883974042, 5.839999999999999858, -1.234648280262976128 ) ) ;
#424 = ORIENTED_EDGE ( 'NONE', *, *, #1009, .F. ) ;
#425 = CARTESIAN_POINT ( 'NONE',  ( -0.03965402046375599704, 5.839999999999999858, -0.05359711080033720265 ) ) ;
#426 = CARTESIAN_POINT ( 'NONE',  ( -0.07986060761586090406, 5.850000000000000533, 1.329659899161028225 ) ) ;
#427 = CARTESIAN_POINT ( 'NONE',  ( -0.5134486688425010659, 5.839999999999999858, 0.9767654827290508379 ) ) ;
#429 = VERTEX_POINT ( 'NONE', #3728 ) ;
#428 = AXIS2_PLACEMENT_3D ( 'NONE', #3375, #443, #80 ) ;
#430 = DIRECTION ( 'NONE',  ( 0.000000000000000000, -1.000000000000000000, 0.000000000000000000 ) ) ;
#431 = CARTESIAN_POINT ( 'NONE',  ( 0.3756529740200449941, 5.839999999999999858, 2.077943400424930420 ) ) ;
#432 = VECTOR ( 'NONE', #1742, 1000.000000000000000 ) ;
#433 =( LENGTH_UNIT ( ) NAMED_UNIT ( * ) SI_UNIT ( .MILLI., .METRE. ) );
#434 = ORIENTED_EDGE ( 'NONE', *, *, #3547, .F. ) ;
#435 = PLANE ( 'NONE',  #2935 ) ;
#436 = VERTEX_POINT ( 'NONE', #1146 ) ;
#437 = ORIENTED_EDGE ( 'NONE', *, *, #3876, .F. ) ;
#438 = CARTESIAN_POINT ( 'NONE',  ( 0.04029154006839325008, 5.839999999999999858, -1.234648280262976128 ) ) ;
#439 = CARTESIAN_POINT ( 'NONE',  ( -0.3087354479080139935, 5.839999999999999858, -2.055287102678689859 ) ) ;
#440 = CARTESIAN_POINT ( 'NONE',  ( -0.6447647710631819740, 5.850000000000000533, 0.3871328673366029594 ) ) ;
#441 = ORIENTED_EDGE ( 'NONE', *, *, #3731, .F. ) ;
#442 = CARTESIAN_POINT ( 'NONE',  ( -0.1210116113151645939, 5.850000000000000533, 1.197376413489920077 ) ) ;
#443 = DIRECTION ( 'NONE',  ( -1.000000000000000000, 0.000000000000000000, 0.000000000000000000 ) ) ;
#444 = ORIENTED_EDGE ( 'NONE', *, *, #1332, .T. ) ;
#445 = LINE ( 'NONE', #3331, #582 ) ;
#446 = CARTESIAN_POINT ( 'NONE',  ( -0.3872671403203019613, 5.839999999999999858, -1.622147363922090246 ) ) ;
#447 = VERTEX_POINT ( 'NONE', #4063 ) ;
#448 = DIRECTION ( 'NONE',  ( 0.000000000000000000, 1.000000000000000000, 0.000000000000000000 ) ) ;
#449 = CARTESIAN_POINT ( 'NONE',  ( -0.07953814646571659430, 5.839999999999999858, 1.329759117976453853 ) ) ;
#450 = LINE ( 'NONE', #3715, #4187 ) ;
#451 = VERTEX_POINT ( 'NONE', #1889 ) ;
#452 = CARTESIAN_POINT ( 'NONE',  ( -0.2791186315023629905, 5.839999999999999858, 0.4553954123519520225 ) ) ;
#453 = CARTESIAN_POINT ( 'NONE',  ( -0.6447647710631819740, 5.839999999999999858, 0.6047445342769040000 ) ) ;
#454 = CARTESIAN_POINT ( 'NONE',  ( -0.09117339037541830060, 5.850000000000000533, 0.5738378732706770347 ) ) ;
#455 = VERTEX_POINT ( 'NONE', #55 ) ;
#456 = VERTEX_POINT ( 'NONE', #2327 ) ;
#457 = CARTESIAN_POINT ( 'NONE',  ( -0.2572408827002080067, 5.850000000000000533, -2.387422087328255227 ) ) ;
#458 = VECTOR ( 'NONE', #2284, 1000.000000000000000 ) ;
#459 = CARTESIAN_POINT ( 'NONE',  ( -0.01003720405812071927, 5.850000000000000533, -1.383922988076349947 ) ) ;
#460 = CARTESIAN_POINT ( 'NONE',  ( 1.449999999999999956, 0.000000000000000000, -2.799999999999999822 ) ) ;
#461 = ORIENTED_EDGE ( 'NONE', *, *, #2151, .F. ) ;
#462 = DIRECTION ( 'NONE',  ( 1.000000000000000000, 0.000000000000000000, -4.953857847517550963E-15 ) ) ;
#463 = LINE ( 'NONE', #2727, #2094 ) ;
#464 = EDGE_CURVE ( 'NONE', #1604, #436, #2614, .T. ) ;
#465 = MECHANICAL_DESIGN_GEOMETRIC_PRESENTATION_REPRESENTATION (  '', ( #4076 ), #1063 ) ;
#466 = VERTEX_POINT ( 'NONE', #508 ) ;
#467 = EDGE_CURVE ( 'NONE', #396, #1671, #1178, .T. ) ;
#468 = DIRECTION ( 'NONE',  ( 1.000000000000000000, 0.000000000000000000, -3.564246187110340362E-15 ) ) ;
#469 = EDGE_CURVE ( 'NONE', #854, #3913, #3864, .T. ) ;
#470 = CARTESIAN_POINT ( 'NONE',  ( -0.08000943583900219092, 5.839999999999999858, 1.329585485049459948 ) ) ;
#471 = ORIENTED_EDGE ( 'NONE', *, *, #2385, .F. ) ;
#472 = LINE ( 'NONE', #3403, #3312 ) ;
#473 = LINE ( 'NONE', #1247, #3778 ) ;
#474 = CARTESIAN_POINT ( 'NONE',  ( -0.02494299327574294942, 5.850000000000000533, 1.714852145361415170 ) ) ;
#475 = VECTOR ( 'NONE', #788, 1000.000000000000000 ) ;
#476 = VERTEX_POINT ( 'NONE', #3044 ) ;
#477 = AXIS2_PLACEMENT_3D ( 'NONE', #1368, #2085, #3212 ) ;
#478 = CARTESIAN_POINT ( 'NONE',  ( 0.1253468695951640011, 5.839999999999999858, -0.1721139858306355019 ) ) ;
#479 = CARTESIAN_POINT ( 'NONE',  ( -0.2211996479955155026, 5.850000000000000533, -1.459874991287479995 ) ) ;
#480 = CARTESIAN_POINT ( 'NONE',  ( -0.2572408827002080067, 5.839999999999999858, -2.387422087328255227 ) ) ;
#481 = DIRECTION ( 'NONE',  ( -1.000000000000000000, 0.000000000000000000, 2.475526094464650323E-15 ) ) ;
#482 = ORIENTED_EDGE ( 'NONE', *, *, #3844, .T. ) ;
#483 = ORIENTED_EDGE ( 'NONE', *, *, #1953, .F. ) ;
#484 = DIRECTION ( 'NONE',  ( -1.000000000000000000, 0.000000000000000000, 6.601402918572450297E-15 ) ) ;
#485 = CARTESIAN_POINT ( 'NONE',  ( -0.4126405145657204843, 5.850000000000000533, 1.349726904581607823 ) ) ;
#486 = B_SPLINE_CURVE_WITH_KNOTS ( 'NONE', 3,
 ( #1390, #3872, #1413, #2850 ),
 .UNSPECIFIED., .F., .F.,
 ( 4, 4 ),
 ( 0.000000000000000000, 1.000000000000000000 ),
 .UNSPECIFIED. ) ;
#487 = B_SPLINE_CURVE_WITH_KNOTS ( 'NONE', 3,
 ( #2537, #4449, #1167, #1810 ),
 .UNSPECIFIED., .F., .F.,
 ( 4, 4 ),
 ( 11.00000000000000000, 12.00000000000000000 ),
 .UNSPECIFIED. ) ;
#488 = VERTEX_POINT ( 'NONE', #3755 ) ;
#489 = CARTESIAN_POINT ( 'NONE',  ( -0.1210116113151645939, 5.839999999999999858, 1.197376413489920077 ) ) ;
#490 = CARTESIAN_POINT ( 'NONE',  ( -0.2517572053471150428, 5.839999999999999858, 1.329932750903455974 ) ) ;
#491 = ORIENTED_EDGE ( 'NONE', *, *, #1893, .F. ) ;
#492 = CARTESIAN_POINT ( 'NONE',  ( -0.2224646878922340310, 5.839999999999999858, 0.6999697923851709858 ) ) ;
#493 = ORIENTED_EDGE ( 'NONE', *, *, #4521, .F. ) ;
#494 = LINE ( 'NONE', #512, #2699 ) ;
#495 = PLANE ( 'NONE',  #263 ) ;
#496 = ORIENTED_EDGE ( 'NONE', *, *, #518, .T. ) ;
#497 = EDGE_CURVE ( 'NONE', #2689, #2981, #2729, .T. ) ;
#498 = CARTESIAN_POINT ( 'NONE',  ( -0.1365641606337006098, 5.850000000000000533, 1.194176606692322062 ) ) ;
#499 = CARTESIAN_POINT ( 'NONE',  ( 0.2245408803206039861, 5.850000000000000533, -0.2905812514532200019 ) ) ;
#500 = DIRECTION ( 'NONE',  ( 1.000000000000000000, 0.000000000000000000, -2.551063935260009998E-16 ) ) ;
#501 = AXIS2_PLACEMENT_3D ( 'NONE', #438, #4103, #3751 ) ;
#502 = DIRECTION ( 'NONE',  ( -6.876623649887300412E-15, 0.000000000000000000, -1.000000000000000000 ) ) ;
#503 = ORIENTED_EDGE ( 'NONE', *, *, #3956, .T. ) ;
#504 = LINE ( 'NONE', #3413, #1406 ) ;
#505 = CARTESIAN_POINT ( 'NONE',  ( 0.1253468695951640011, 5.850000000000000533, -0.2494054430500554920 ) ) ;
#506 = VERTEX_POINT ( 'NONE', #3418 ) ;
#507 = CARTESIAN_POINT ( 'NONE',  ( 0.2721659117266639893, 5.850000000000000533, -0.2159190928426724942 ) ) ;
#508 = CARTESIAN_POINT ( 'NONE',  ( 3.100000000000000089, 5.850000000000000533, 3.399999999999999911 ) ) ;
#509 = ORIENTED_EDGE ( 'NONE', *, *, #1580, .T. ) ;
#510 = LINE ( 'NONE', #4135, #1539 ) ;
#511 = ORIENTED_EDGE ( 'NONE', *, *, #2897, .T. ) ;
#512 = CARTESIAN_POINT ( 'NONE',  ( 0.03902650017166944818, 5.839999999999999858, -1.655633714129480127 ) ) ;
#513 = CARTESIAN_POINT ( 'NONE',  ( 0.1175581925839612046, 5.850000000000000533, -0.3330965138646654888 ) ) ;
#514 = ORIENTED_EDGE ( 'NONE', *, *, #4343, .T. ) ;
#515 = DIRECTION ( 'NONE',  ( -1.000000000000000000, 0.000000000000000000, 5.222947163506660980E-15 ) ) ;
#516 = CARTESIAN_POINT ( 'NONE',  ( -0.2855678545052690032, 5.850000000000000533, -0.2275276942478950126 ) ) ;
#517 = LINE ( 'NONE', #3428, #3429 ) ;
#518 = EDGE_CURVE ( 'NONE', #1557, #2954, #792, .T. ) ;
#519 = ADVANCED_FACE ( 'NONE', ( #3328 ), #1123, .F. ) ;
#520 = EDGE_CURVE ( 'NONE', #2725, #4691, #463, .T. ) ;
#521 = ORIENTED_EDGE ( 'NONE', *, *, #94, .T. ) ;
#522 = CARTESIAN_POINT ( 'NONE',  ( -0.02494299327574294942, 5.839999999999999858, 1.714852145361415170 ) ) ;
#523 = EDGE_CURVE ( 'NONE', #1124, #1345, #398, .T. ) ;
#524 =( LENGTH_UNIT ( ) NAMED_UNIT ( * ) SI_UNIT ( .MILLI., .METRE. ) );
#525 = ORIENTED_EDGE ( 'NONE', *, *, #3519, .T. ) ;
#526 = LINE ( 'NONE', #2001, #2819 ) ;
#527 = CARTESIAN_POINT ( 'NONE',  ( -0.2868825038097120306, 5.839999999999999858, -1.723152118029109836 ) ) ;
#528 = CARTESIAN_POINT ( 'NONE',  ( -0.09117339037541749569, 5.839999999999999858, 0.6999697923851709858 ) ) ;
#529 = ORIENTED_EDGE ( 'NONE', *, *, #4053, .F. ) ;
#530 = DIRECTION ( 'NONE',  ( 0.000000000000000000, 1.000000000000000000, 0.000000000000000000 ) ) ;
#531 = CARTESIAN_POINT ( 'NONE',  ( 0.4539366193937570682, 5.839999999999999858, 1.937821628334900126 ) ) ;
#532 = AXIS2_PLACEMENT_3D ( 'NONE', #4330, #2427, #1749 ) ;
#533 = ORIENTED_EDGE ( 'NONE', *, *, #1160, .F. ) ;
#534 = DIRECTION ( 'NONE',  ( -1.000000000000000000, 0.000000000000000000, 0.000000000000000000 ) ) ;
#535 = CARTESIAN_POINT ( 'NONE',  ( -0.2572408827002080067, 5.839999999999999858, -2.387422087328255227 ) ) ;
#536 = DIRECTION ( 'NONE',  ( 0.000000000000000000, 1.000000000000000000, 0.000000000000000000 ) ) ;
#537 = VECTOR ( 'NONE', #1119, 1000.000000000000000 ) ;
#538 = VECTOR ( 'NONE', #3001, 1000.000000000000000 ) ;
#539 = CARTESIAN_POINT ( 'NONE',  ( -0.7335656108724020186, 5.850000000000000533, -0.9048449377759869572 ) ) ;
#540 = ORIENTED_EDGE ( 'NONE', *, *, #2589, .T. ) ;
#541 = DIRECTION ( 'NONE',  ( 3.208922754857040245E-15, 0.000000000000000000, 1.000000000000000000 ) ) ;
#542 = SURFACE_STYLE_USAGE ( .BOTH. , #3150 ) ;
#543 = ADVANCED_FACE ( 'NONE', ( #592 ), #3817, .F. ) ;
#544 = ADVANCED_FACE ( 'NONE', ( #2346 ), #1283, .T. ) ;
#545 = DIRECTION ( 'NONE',  ( 1.000000000000000000, 0.000000000000000000, -2.551063935260009998E-16 ) ) ;
#546 = EDGE_CURVE ( 'NONE', #3707, #4680, #3528, .T. ) ;
#547 = EDGE_CURVE ( 'NONE', #3283, #3416, #257, .T. ) ;
#548 = VERTEX_POINT ( 'NONE', #3484 ) ;
#549 = CARTESIAN_POINT ( 'NONE',  ( -0.3087354479080119951, 5.850000000000000533, -1.355645625678995936 ) ) ;
#550 = CARTESIAN_POINT ( 'NONE',  ( 0.1407753953944151926, 5.850000000000000533, -1.391711665087546068 ) ) ;
#551 = CARTESIAN_POINT ( 'NONE',  ( 0.3756529740200439949, 5.850000000000000533, 1.937151901330754988 ) ) ;
#552 = ORIENTED_EDGE ( 'NONE', *, *, #4576, .T. ) ;
#553 = CARTESIAN_POINT ( 'NONE',  ( 0.2721659117266639893, 5.839999999999999858, -0.09995710230967760901 ) ) ;
#554 = EDGE_CURVE ( 'NONE', #4015, #2602, #564, .T. ) ;
#555 = DIRECTION ( 'NONE',  ( -1.000000000000000000, 0.000000000000000000, 2.475526094464650323E-15 ) ) ;
#556 = ORIENTED_EDGE ( 'NONE', *, *, #753, .T. ) ;
#557 = DIRECTION ( 'NONE',  ( 0.000000000000000000, 1.000000000000000000, 0.000000000000000000 ) ) ;
#558 = CARTESIAN_POINT ( 'NONE',  ( -0.02099904536242460165, 5.850000000000000533, 1.734844736670420051 ) ) ;
#559 = LINE ( 'NONE', #2319, #3961 ) ;
#560 = CIRCLE ( 'NONE', #332, 0.2000000000000000944 ) ;
#561 = LINE ( 'NONE', #1298, #2773 ) ;
#562 = EDGE_LOOP ( 'NONE', ( #785, #969, #1961, #1127 ) ) ;
#563 = DIRECTION ( 'NONE',  ( 0.9464417349071461150, 0.000000000000000000, -0.3228746543566890503 ) ) ;
#564 = CIRCLE ( 'NONE', #947, 0.09999999999999982514 ) ;
#565 = CARTESIAN_POINT ( 'NONE',  ( -0.08343432277193718605, 5.850000000000000533, -1.655633714129480127 ) ) ;
#566 = ORIENTED_EDGE ( 'NONE', *, *, #343, .T. ) ;
#567 = DIRECTION ( 'NONE',  ( 0.000000000000000000, -1.000000000000000000, 0.000000000000000000 ) ) ;
#568 = PLANE ( 'NONE',  #4303 ) ;
#569 = CARTESIAN_POINT ( 'NONE',  ( 0.1253468695951681922, 5.839999999999999858, 0.8879894476236869227 ) ) ;
#570 = EDGE_CURVE ( 'NONE', #2918, #1436, #2566, .T. ) ;
#571 = EDGE_CURVE ( 'NONE', #2627, #6, #2749, .T. ) ;
#572 = B_SPLINE_CURVE_WITH_KNOTS ( 'NONE', 3,
 ( #604, #535, #2378, #3474 ),
 .UNSPECIFIED., .F., .F.,
 ( 4, 4 ),
 ( 6.000000000000000000, 7.000000000000000000 ),
 .UNSPECIFIED. ) ;
#573 = CARTESIAN_POINT ( 'NONE',  ( -0.3087354479080144931, 5.850000000000000533, -2.138978173493295110 ) ) ;
#574 = ORIENTED_EDGE ( 'NONE', *, *, #3066, .T. ) ;
#575 = DIRECTION ( 'NONE',  ( 4.375329236696260174E-15, 0.000000000000000000, 1.000000000000000000 ) ) ;
#576 = CARTESIAN_POINT ( 'NONE',  ( 3.100000000000000089, 5.850000000000000533, 3.399999999999999911 ) ) ;
#577 = ORIENTED_EDGE ( 'NONE', *, *, #4438, .T. ) ;
#578 = FACE_OUTER_BOUND ( 'NONE', #562, .T. ) ;
#579 = LINE ( 'NONE', #3516, #1635 ) ;
#580 = B_SPLINE_CURVE_WITH_KNOTS ( 'NONE', 3,
 ( #3622, #1013, #4709, #374 ),
 .UNSPECIFIED., .F., .F.,
 ( 4, 4 ),
 ( 18.00000000000000000, 19.00000000000000000 ),
 .UNSPECIFIED. ) ;
#581 = CARTESIAN_POINT ( 'NONE',  ( 0.3756529740200439949, 5.850000000000000533, 1.937151901330754988 ) ) ;
#582 = VECTOR ( 'NONE', #1897, 1000.000000000000000 ) ;
#583 = FACE_OUTER_BOUND ( 'NONE', #3866, .T. ) ;
#584 = B_SPLINE_CURVE_WITH_KNOTS ( 'NONE', 3,
 ( #2863, #3880, #3268, #2170 ),
 .UNSPECIFIED., .F., .F.,
 ( 4, 4 ),
 ( 2.000000000000000000, 3.000000000000000000 ),
 .UNSPECIFIED. ) ;
#585 = ORIENTED_EDGE ( 'NONE', *, *, #2953, .F. ) ;
#586 = CARTESIAN_POINT ( 'NONE',  ( 0.2567373859274110215, 5.839999999999999858, 0.9767654827290478403 ) ) ;
#587 = LINE ( 'NONE', #3833, #3137 ) ;
#588 = EDGE_LOOP ( 'NONE', ( #72, #3684, #1060, #33 ) ) ;
#589 = CARTESIAN_POINT ( 'NONE',  ( -1.449999999999999956, -0.1499999999999999944, -2.700000000000000178 ) ) ;
#590 = ORIENTED_EDGE ( 'NONE', *, *, #2287, .F. ) ;
#591 = FACE_OUTER_BOUND ( 'NONE', #1366, .T. ) ;
#592 = FACE_OUTER_BOUND ( 'NONE', #2792, .T. ) ;
#593 = DIRECTION ( 'NONE',  ( 0.000000000000000000, 1.000000000000000000, 0.000000000000000000 ) ) ;
#594 = CARTESIAN_POINT ( 'NONE',  ( -0.2546363887951930138, 5.850000000000000533, -1.925310454466309995 ) ) ;
#595 = ORIENTED_EDGE ( 'NONE', *, *, #346, .F. ) ;
#596 = CARTESIAN_POINT ( 'NONE',  ( -0.5026567848639430514, 5.850000000000000533, 1.594251675207104979 ) ) ;
#597 = CARTESIAN_POINT ( 'NONE',  ( 0.4539366193937550142, 5.839999999999999858, 1.645944678045770049 ) ) ;
#598 = VECTOR ( 'NONE', #2489, 1000.000000000000000 ) ;
#599 = ADVANCED_FACE ( 'NONE', ( #4583 ), #568, .F. ) ;
#600 = EDGE_LOOP ( 'NONE', ( #2597, #253, #2465, #2344 ) ) ;
#601 = EDGE_CURVE ( 'NONE', #1740, #309, #2769, .T. ) ;
#602 = DIRECTION ( 'NONE',  ( 1.000000000000000000, 0.000000000000000000, 0.000000000000000000 ) ) ;
#603 = EDGE_CURVE ( 'NONE', #4693, #1199, #619, .T. ) ;
#604 = CARTESIAN_POINT ( 'NONE',  ( -0.03965402046376444861, 5.839999999999999858, -2.387422087328255227 ) ) ;
#605 = ADVANCED_FACE ( 'NONE', ( #3156 ), #4248, .F. ) ;
#606 = CARTESIAN_POINT ( 'NONE',  ( 0.01541425990012834993, 5.839999999999999858, 2.388076612753049943 ) ) ;
#607 = CARTESIAN_POINT ( 'NONE',  ( -0.4323372872290615065, 5.850000000000000533, -1.360755394673609953 ) ) ;
#608 = ADVANCED_FACE ( 'NONE', ( #4695 ), #3224, .F. ) ;
#609 = DIRECTION ( 'NONE',  ( 0.000000000000000000, 1.000000000000000000, 0.000000000000000000 ) ) ;
#610 = AXIS2_PLACEMENT_3D ( 'NONE', #828, #1469, #2668 ) ;
#611 = ORIENTED_EDGE ( 'NONE', *, *, #3269, .F. ) ;
#612 = VECTOR ( 'NONE', #1809, 1000.000000000000000 ) ;
#613 = LINE ( 'NONE', #2454, #966 ) ;
#614 = AXIS2_PLACEMENT_3D ( 'NONE', #1261, #901, #1192 ) ;
#615 = VERTEX_POINT ( 'NONE', #2869 ) ;
#616 = CARTESIAN_POINT ( 'NONE',  ( -0.1085348452749209935, 5.839999999999999858, 2.363172690080300065 ) ) ;
#617 =( NAMED_UNIT ( * ) PLANE_ANGLE_UNIT ( ) SI_UNIT ( $, .RADIAN. ) );
#618 = CARTESIAN_POINT ( 'NONE',  ( 0.1253468695951640011, 5.839999999999999858, -0.06391586760498658981 ) ) ;
#619 = B_SPLINE_CURVE_WITH_KNOTS ( 'NONE', 3,
 ( #4604, #1335, #2796, #975 ),
 .UNSPECIFIED., .F., .F.,
 ( 4, 4 ),
 ( 10.00000000000000000, 11.00000000000000000 ),
 .UNSPECIFIED. ) ;
#620 = CARTESIAN_POINT ( 'NONE',  ( -0.3692322828154014913, 5.839999999999999858, 1.711974799713970041 ) ) ;
#621 = EDGE_LOOP ( 'NONE', ( #737, #3524, #4169, #1403 ) ) ;
#622 = CARTESIAN_POINT ( 'NONE',  ( -0.2791186315023629905, 5.850000000000000533, 0.4553954123519520225 ) ) ;
#623 = LINE ( 'NONE', #576, #3923 ) ;
#624 = ORIENTED_EDGE ( 'NONE', *, *, #952, .F. ) ;
#625 = B_SPLINE_SURFACE_WITH_KNOTS ( 'NONE', 3, 1, ( 
 ( #1268, #2372 ),
 ( #1287, #933 ),
 ( #3823, #2753 ),
 ( #553, #2395 ) ),
 .UNSPECIFIED., .F., .F., .F.,
 ( 4, 4 ),
 ( 2, 2 ),
 ( 8.000000000000000000, 9.000000000000000000 ),
 ( 0.000000000000000000, 1.000000000000000000 ),
 .UNSPECIFIED. ) ;
#626 = FACE_BOUND ( 'NONE', #1822, .T. ) ;
#627 = LINE ( 'NONE', #2111, #3288 ) ;
#628 = DIRECTION ( 'NONE',  ( 3.208922754857040245E-15, 0.000000000000000000, 1.000000000000000000 ) ) ;
#629 = CARTESIAN_POINT ( 'NONE',  ( -0.07953814646571659430, 5.839999999999999858, 1.329759117976453853 ) ) ;
#630 = ADVANCED_FACE ( 'NONE', ( #3252 ), #4288, .F. ) ;
#631 = ADVANCED_FACE ( 'NONE', ( #2820 ), #1727, .T. ) ;
#632 = PRESENTATION_STYLE_ASSIGNMENT (( #3976 ) ) ;
#633 = CARTESIAN_POINT ( 'NONE',  ( -0.09117339037541830060, 5.839999999999999858, 0.5738378732706770347 ) ) ;
#634 = AXIS2_PLACEMENT_3D ( 'NONE', #784, #1501, #481 ) ;
#635 = AXIS2_PLACEMENT_3D ( 'NONE', #3782, #799, #1202 ) ;
#636 = B_SPLINE_CURVE_WITH_KNOTS ( 'NONE', 3,
 ( #2210, #3664, #393, #1842 ),
 .UNSPECIFIED., .F., .F.,
 ( 4, 4 ),
 ( 5.000000000000000000, 6.000000000000000000 ),
 .UNSPECIFIED. ) ;
#637 = EDGE_CURVE ( 'NONE', #373, #3433, #642, .T. ) ;
#638 = ORIENTED_EDGE ( 'NONE', *, *, #2385, .T. ) ;
#639 = CARTESIAN_POINT ( 'NONE',  ( -0.5505546680124420167, 5.850000000000000533, 1.287839168457580064 ) ) ;
#640 = ORIENTED_EDGE ( 'NONE', *, *, #3090, .F. ) ;
#641 = CARTESIAN_POINT ( 'NONE',  ( 0.1253468695951640011, 5.850000000000000533, -0.1721139858306355019 ) ) ;
#642 = LINE ( 'NONE', #2104, #1574 ) ;
#643 =( LENGTH_UNIT ( ) NAMED_UNIT ( * ) SI_UNIT ( .MILLI., .METRE. ) );
#644 = VECTOR ( 'NONE', #2430, 1000.000000000000000 ) ;
#645 = DIRECTION ( 'NONE',  ( 0.000000000000000000, 0.000000000000000000, 1.000000000000000000 ) ) ;
#646 = ORIENTED_EDGE ( 'NONE', *, *, #4659, .T. ) ;
#647 = CARTESIAN_POINT ( 'NONE',  ( 0.3756529740200439949, 5.839999999999999858, 1.937151901330754988 ) ) ;
#648 = AXIS2_PLACEMENT_3D ( 'NONE', #4254, #1987, #2440 ) ;
#649 = CARTESIAN_POINT ( 'NONE',  ( 1.449999999999999956, -0.1499999999999999944, 2.799999999999999822 ) ) ;
#650 = ORIENTED_EDGE ( 'NONE', *, *, #663, .F. ) ;
#651 = SURFACE_STYLE_FILL_AREA ( #3917 ) ;
#652 = CARTESIAN_POINT ( 'NONE',  ( -3.299999999999999822, 0.000000000000000000, -3.399999999999999911 ) ) ;
#653 = ORIENTED_EDGE ( 'NONE', *, *, #2096, .T. ) ;
#654 = DIRECTION ( 'NONE',  ( 1.000000000000000000, 0.000000000000000000, 0.000000000000000000 ) ) ;
#655 = CARTESIAN_POINT ( 'NONE',  ( 0.1497795028946265761, 5.839999999999999858, -0.3189578326659969765 ) ) ;
#656 = ORIENTED_EDGE ( 'NONE', *, *, #1511, .F. ) ;
#657 =( LENGTH_UNIT ( ) NAMED_UNIT ( * ) SI_UNIT ( .MILLI., .METRE. ) );
#658 = EDGE_CURVE ( 'NONE', #4182, #429, #1734, .T. ) ;
#659 = FACE_OUTER_BOUND ( 'NONE', #3231, .T. ) ;
#660 = VECTOR ( 'NONE', #4353, 1000.000000000000000 ) ;
#661 = EDGE_CURVE ( 'NONE', #4213, #436, #4265, .T. ) ;
#662 = ORIENTED_EDGE ( 'NONE', *, *, #1656, .F. ) ;
#663 = EDGE_CURVE ( 'NONE', #1339, #3152, #2202, .T. ) ;
#664 = CARTESIAN_POINT ( 'NONE',  ( -0.7335656108724010194, 5.839999999999999858, -0.6215752197253500144 ) ) ;
#665 = ORIENTED_EDGE ( 'NONE', *, *, #692, .T. ) ;
#666 = CARTESIAN_POINT ( 'NONE',  ( -0.1632558597848109971, 5.839999999999999858, -2.191812192709395202 ) ) ;
#667 = CARTESIAN_POINT ( 'NONE',  ( -0.2391564157875940011, 5.850000000000000533, 1.412458000636779731 ) ) ;
#668 = CARTESIAN_POINT ( 'NONE',  ( 0.1331107419024941951, 5.839999999999999858, -2.132528950490395037 ) ) ;
#669 = B_SPLINE_SURFACE_WITH_KNOTS ( 'NONE', 3, 1, ( 
 ( #4215, #3501 ),
 ( #226, #185 ),
 ( #897, #3810 ),
 ( #1643, #4552 ) ),
 .UNSPECIFIED., .F., .F., .F.,
 ( 4, 4 ),
 ( 2, 2 ),
 ( 5.000000000000000000, 6.000000000000000000 ),
 ( 0.000000000000000000, 1.000000000000000000 ),
 .UNSPECIFIED. ) ;
#670 = FACE_OUTER_BOUND ( 'NONE', #2817, .T. ) ;
#671 = ORIENTED_EDGE ( 'NONE', *, *, #3061, .F. ) ;
#672 = CARTESIAN_POINT ( 'NONE',  ( 3.149999999999999911, -0.05000000000000000278, -2.799999999999999822 ) ) ;
#673 = CARTESIAN_POINT ( 'NONE',  ( -0.2121707357914525138, 5.850000000000000533, -1.064636840024874020 ) ) ;
#674 = ORIENTED_EDGE ( 'NONE', *, *, #3035, .F. ) ;
#675 = CARTESIAN_POINT ( 'NONE',  ( -0.7332661166254909046, 5.850000000000000533, 2.049517209804439855 ) ) ;
#676 = DIRECTION ( 'NONE',  ( -0.9947041335762049075, 0.000000000000000000, -0.1027797968786249849 ) ) ;
#677 = ORIENTED_EDGE ( 'NONE', *, *, #339, .T. ) ;
#678 = DIRECTION ( 'NONE',  ( 0.000000000000000000, 1.000000000000000000, 0.000000000000000000 ) ) ;
#679 = CARTESIAN_POINT ( 'NONE',  ( -0.1085348452749209935, 5.850000000000000533, 2.363172690080300065 ) ) ;
#680 = VECTOR ( 'NONE', #256, 1000.000000000000000 ) ;
#681 = CARTESIAN_POINT ( 'NONE',  ( 0.2189864644571859753, 5.839999999999999858, 2.290966197151629746 ) ) ;
#682 = VERTEX_POINT ( 'NONE', #4669 ) ;
#683 = CARTESIAN_POINT ( 'NONE',  ( 0.2721659117266639893, 5.850000000000000533, -0.09995710230967760901 ) ) ;
#684 = DIRECTION ( 'NONE',  ( -1.000000000000000000, 0.000000000000000000, 3.300701459286225149E-15 ) ) ;
#685 = VECTOR ( 'NONE', #939, 1000.000000000000000 ) ;
#686 = ORIENTED_EDGE ( 'NONE', *, *, #1858, .F. ) ;
#687 = CARTESIAN_POINT ( 'NONE',  ( 0.05576967527536609570, 5.850000000000000533, -0.05359711080033690428 ) ) ;
#688 = ORIENTED_EDGE ( 'NONE', *, *, #2245, .F. ) ;
#689 = CARTESIAN_POINT ( 'NONE',  ( -0.4632191435314189643, 5.839999999999999858, 0.4553954123519530217 ) ) ;
#690 = CARTESIAN_POINT ( 'NONE',  ( -0.1632558597848104975, 5.839999999999999858, -1.917571386862820138 ) ) ;
#691 = LINE ( 'NONE', #23, #3511 ) ;
#692 = EDGE_CURVE ( 'NONE', #2047, #4686, #1023, .T. ) ;
#693 = VECTOR ( 'NONE', #1997, 1000.000000000000000 ) ;
#694 = AXIS2_PLACEMENT_3D ( 'NONE', #870, #3852, #2336 ) ;
#695 = EDGE_CURVE ( 'NONE', #1895, #2942, #3935, .T. ) ;
#696 = CARTESIAN_POINT ( 'NONE',  ( 0.1175581925839612046, 5.839999999999999858, -0.3330965138646654888 ) ) ;
#697 = EDGE_LOOP ( 'NONE', ( #3616, #2683, #3272, #1732 ) ) ;
#698 = FACE_OUTER_BOUND ( 'NONE', #4614, .T. ) ;
#699 = FACE_OUTER_BOUND ( 'NONE', #3640, .T. ) ;
#700 = VERTEX_POINT ( 'NONE', #3177 ) ;
#701 = PLANE ( 'NONE',  #1424 ) ;
#702 = LINE ( 'NONE', #3895, #3972 ) ;
#703 = EDGE_LOOP ( 'NONE', ( #1921, #1138, #1292, #1829 ) ) ;
#704 = CARTESIAN_POINT ( 'NONE',  ( -0.2894125836031595234, 5.839999999999999858, -1.459874991287479995 ) ) ;
#705 = EDGE_LOOP ( 'NONE', ( #3682, #1389, #383, #3450, #1319, #1558, #3830, #3477, #2044, #3007, #552, #3699, #3306, #1168, #338, #1110, #3046, #2859, #3646, #511 ) ) ;
#706 = CARTESIAN_POINT ( 'NONE',  ( 0.007625582888919679725, 5.839999999999999858, 1.242148903952390082 ) ) ;
#707 = VERTEX_POINT ( 'NONE', #330 ) ;
#708 = LINE ( 'NONE', #2524, #329 ) ;
#709 = PLANE ( 'NONE',  #1865 ) ;
#710 = DIRECTION ( 'NONE',  ( -1.000000000000000000, 0.000000000000000000, 3.061964208378095069E-15 ) ) ;
#711 = ORIENTED_EDGE ( 'NONE', *, *, #3206, .T. ) ;
#712 = CARTESIAN_POINT ( 'NONE',  ( -0.5134486688425019540, 5.839999999999999858, 0.6008501957713030528 ) ) ;
#713 = COLOUR_RGB ( '',0.2000000000000000111, 0.2000000000000000111, 0.2000000000000000111 ) ;
#714 = DIRECTION ( 'NONE',  ( -1.000000000000000000, 0.000000000000000000, 3.269836474628465193E-15 ) ) ;
#715 = CARTESIAN_POINT ( 'NONE',  ( 0.2567373859274035275, 5.839999999999999858, -0.9820371761799829846 ) ) ;
#716 = VECTOR ( 'NONE', #2716, 1000.000000000000000 ) ;
#717 = FACE_OUTER_BOUND ( 'NONE', #1451, .T. ) ;
#718 = ORIENTED_EDGE ( 'NONE', *, *, #2415, .T. ) ;
#719 = CARTESIAN_POINT ( 'NONE',  ( 0.1188728418883939902, 5.850000000000000533, -2.274213418923424879 ) ) ;
#720 = CARTESIAN_POINT ( 'NONE',  ( -0.5134486688425019540, 5.839999999999999858, 0.6999697923851720960 ) ) ;
#721 = ORIENTED_EDGE ( 'NONE', *, *, #921, .T. ) ;
#722 = ADVANCED_FACE ( 'NONE', ( #1783 ), #4342, .F. ) ;
#723 = CARTESIAN_POINT ( 'NONE',  ( -0.04349874956164235390, 5.839999999999999858, -0.3125086096630844690 ) ) ;
#724 = VECTOR ( 'NONE', #3478, 1000.000000000000000 ) ;
#725 = DIRECTION ( 'NONE',  ( 1.000000000000000000, 0.000000000000000000, 0.000000000000000000 ) ) ;
#726 = VERTEX_POINT ( 'NONE', #4468 ) ;
#727 = CARTESIAN_POINT ( 'NONE',  ( 0.2721659117266599925, 5.839999999999999858, -1.337587801270869958 ) ) ;
#728 = CARTESIAN_POINT ( 'NONE',  ( 0.01685293272385010241, 5.839999999999999858, 2.180684483801964557 ) ) ;
#729 = LINE ( 'NONE', #1520, #2365 ) ;
#730 = EDGE_CURVE ( 'NONE', #2538, #126, #836, .T. ) ;
#731 = ORIENTED_EDGE ( 'NONE', *, *, #3415, .T. ) ;
#732 = CARTESIAN_POINT ( 'NONE',  ( 0.3756529740200439949, 5.839999999999999858, 1.937151901330754988 ) ) ;
#733 = SURFACE_STYLE_FILL_AREA ( #1014 ) ;
#734 = ORIENTED_EDGE ( 'NONE', *, *, #199, .F. ) ;
#735 = CARTESIAN_POINT ( 'NONE',  ( -0.03965402046375599704, 5.850000000000000533, -0.05359711080033720265 ) ) ;
#736 = ORIENTED_EDGE ( 'NONE', *, *, #2575, .F. ) ;
#737 = ORIENTED_EDGE ( 'NONE', *, *, #1213, .T. ) ;
#738 = B_SPLINE_CURVE_WITH_KNOTS ( 'NONE', 3,
 ( #3264, #618, #2435, #953 ),
 .UNSPECIFIED., .F., .F.,
 ( 4, 4 ),
 ( 14.00000000000000000, 15.00000000000000000 ),
 .UNSPECIFIED. ) ;
#739 = CARTESIAN_POINT ( 'NONE',  ( -0.2211996479955155026, 5.839999999999999858, -1.459874991287479995 ) ) ;
#740 = FACE_OUTER_BOUND ( 'NONE', #4054, .T. ) ;
#741 = FACE_OUTER_BOUND ( 'NONE', #2934, .T. ) ;
#742 = ORIENTED_EDGE ( 'NONE', *, *, #3705, .F. ) ;
#743 = CARTESIAN_POINT ( 'NONE',  ( 0.1253468695951630019, 5.850000000000000533, -0.4927891972981239821 ) ) ;
#744 = CARTESIAN_POINT ( 'NONE',  ( -0.2121707357914525138, 5.839999999999999858, -1.064636840024874020 ) ) ;
#745 = ORIENTED_EDGE ( 'NONE', *, *, #3898, .T. ) ;
#746 = EDGE_CURVE ( 'NONE', #2576, #290, #1935, .T. ) ;
#747 = LINE ( 'NONE', #1125, #2495 ) ;
#748 = FACE_OUTER_BOUND ( 'NONE', #4239, .T. ) ;
#749 = ORIENTED_EDGE ( 'NONE', *, *, #3098, .T. ) ;
#750 = CARTESIAN_POINT ( 'NONE',  ( -3.100000000000000089, 5.850000000000000533, -3.399999999999999911 ) ) ;
#751 = ORIENTED_EDGE ( 'NONE', *, *, #1955, .T. ) ;
#752 = CARTESIAN_POINT ( 'NONE',  ( 0.3756529740200439949, 5.839999999999999858, 1.937151901330754988 ) ) ;
#753 = EDGE_CURVE ( 'NONE', #4015, #3447, #1856, .T. ) ;
#754 = EDGE_CURVE ( 'NONE', #2388, #2191, #2167, .T. ) ;
#755 = ORIENTED_EDGE ( 'NONE', *, *, #2565, .T. ) ;
#756 = EDGE_CURVE ( 'NONE', #2129, #173, #411, .T. ) ;
#757 = EDGE_CURVE ( 'NONE', #1881, #320, #4393, .T. ) ;
#758 = CARTESIAN_POINT ( 'NONE',  ( -0.4168839567259414736, 5.850000000000000533, 0.2166997471329254743 ) ) ;
#759 = PRESENTATION_STYLE_ASSIGNMENT (( #2221 ) ) ;
#760 = VERTEX_POINT ( 'NONE', #49 ) ;
#761 = LINE ( 'NONE', #2275, #4294 ) ;
#762 = ORIENTED_EDGE ( 'NONE', *, *, #406, .T. ) ;
#763 = EDGE_LOOP ( 'NONE', ( #1870, #3698, #2541, #3847 ) ) ;
#764 = COLOUR_RGB ( '',0.2000000000000000111, 0.2000000000000000111, 0.2000000000000000111 ) ;
#765 = CARTESIAN_POINT ( 'NONE',  ( -0.09117339037541830060, 5.839999999999999858, 0.3948223255323665692 ) ) ;
#766 = CARTESIAN_POINT ( 'NONE',  ( 0.06355835228657069624, 5.839999999999999858, -0.3125086096630849686 ) ) ;
#767 = CARTESIAN_POINT ( 'NONE',  ( -0.2855678545052679485, 5.839999999999999858, 0.2166997471329250025 ) ) ;
#768 = ORIENTED_EDGE ( 'NONE', *, *, #2033, .T. ) ;
#769 = FACE_OUTER_BOUND ( 'NONE', #1878, .T. ) ;
#770 = CARTESIAN_POINT ( 'NONE',  ( -0.4168839567259425283, 5.850000000000000533, -0.05359711080033600222 ) ) ;
#771 = VECTOR ( 'NONE', #2008, 1000.000000000000000 ) ;
#772 = ORIENTED_EDGE ( 'NONE', *, *, #4167, .F. ) ;
#773 = DIRECTION ( 'NONE',  ( 0.000000000000000000, 1.000000000000000000, 0.000000000000000000 ) ) ;
#774 = CARTESIAN_POINT ( 'NONE',  ( -0.6022991180594449157, 5.839999999999999858, -0.7245643501409529952 ) ) ;
#775 = ORIENTED_EDGE ( 'NONE', *, *, #1479, .F. ) ;
#776 = CARTESIAN_POINT ( 'NONE',  ( -3.100000000000000089, 0.000000000000000000, 3.399999999999999911 ) ) ;
#777 = ORIENTED_EDGE ( 'NONE', *, *, #3409, .F. ) ;
#778 = DIRECTION ( 'NONE',  ( -1.000000000000000000, 0.000000000000000000, 3.208922754857040245E-15 ) ) ;
#779 = ORIENTED_EDGE ( 'NONE', *, *, #2255, .T. ) ;
#780 = FACE_OUTER_BOUND ( 'NONE', #4096, .T. ) ;
#781 =( NAMED_UNIT ( * ) SI_UNIT ( $, .STERADIAN. ) SOLID_ANGLE_UNIT ( ) );
#782 = ADVANCED_FACE ( 'NONE', ( #3018 ), #1883, .F. ) ;
#783 = ORIENTED_EDGE ( 'NONE', *, *, #3922, .T. ) ;
#784 = CARTESIAN_POINT ( 'NONE',  ( 0.1253468695951663880, 5.839999999999999858, 0.6111937572798010754 ) ) ;
#785 = ORIENTED_EDGE ( 'NONE', *, *, #3385, .F. ) ;
#786 = EDGE_LOOP ( 'NONE', ( #2250, #1957, #2316, #2705 ) ) ;
#787 = CARTESIAN_POINT ( 'NONE',  ( -0.5505546680124420167, 5.839999999999999858, 1.287839168457580064 ) ) ;
#788 = DIRECTION ( 'NONE',  ( 0.000000000000000000, 1.000000000000000000, 0.000000000000000000 ) ) ;
#789 = CARTESIAN_POINT ( 'NONE',  ( -0.3692322828154014913, 5.850000000000000533, 1.711974799713970041 ) ) ;
#790 = ORIENTED_EDGE ( 'NONE', *, *, #3844, .F. ) ;
#791 = LINE ( 'NONE', #1917, #2297 ) ;
#792 = B_SPLINE_CURVE_WITH_KNOTS ( 'NONE', 3,
 ( #2998, #1864, #4452, #3064 ),
 .UNSPECIFIED., .F., .F.,
 ( 4, 4 ),
 ( 17.00000000000000000, 18.00000000000000000 ),
 .UNSPECIFIED. ) ;
#793 = CARTESIAN_POINT ( 'NONE',  ( -0.07953814646571659430, 5.839999999999999858, 1.329759117976453853 ) ) ;
#794 = AXIS2_PLACEMENT_3D ( 'NONE', #2404, #3807, #3829 ) ;
#795 = VECTOR ( 'NONE', #3510, 1000.000000000000000 ) ;
#796 = ORIENTED_EDGE ( 'NONE', *, *, #2309, .F. ) ;
#797 = CARTESIAN_POINT ( 'NONE',  ( -0.3782630328200894398, 5.839999999999999858, 0.2751396294207760218 ) ) ;
#798 = EDGE_LOOP ( 'NONE', ( #3998, #3362, #2034, #896 ) ) ;
#799 = DIRECTION ( 'NONE',  ( 0.000000000000000000, -1.000000000000000000, 0.000000000000000000 ) ) ;
#800 = CARTESIAN_POINT ( 'NONE',  ( -0.07971177939271549551, 5.839999999999999858, 1.329759117976453853 ) ) ;
#801 = CARTESIAN_POINT ( 'NONE',  ( -0.3087354479080139935, 5.850000000000000533, -2.055287102678689859 ) ) ;
#803 = ORIENTED_EDGE ( 'NONE', *, *, #3382, .T. ) ;
#802 = VECTOR ( 'NONE', #3133, 1000.000000000000000 ) ;
#804 = CARTESIAN_POINT ( 'NONE',  ( 3.100000000000000089, 5.850000000000000533, -3.200000000000000178 ) ) ;
#805 = CARTESIAN_POINT ( 'NONE',  ( 0.3122521509607245060, 5.839999999999999858, 2.214542904567210257 ) ) ;
#806 = VECTOR ( 'NONE', #4473, 1000.000000000000000 ) ;
#807 = DIRECTION ( 'NONE',  ( 0.000000000000000000, 0.000000000000000000, 1.000000000000000000 ) ) ;
#808 = CARTESIAN_POINT ( 'NONE',  ( 0.1155508493721486007, 5.850000000000000533, 2.276083374837235329 ) ) ;
#809 = ORIENTED_EDGE ( 'NONE', *, *, #2680, .T. ) ;
#810 = ORIENTED_EDGE ( 'NONE', *, *, #3992, .T. ) ;
#811 = CARTESIAN_POINT ( 'NONE',  ( 0.1175581925839612046, 5.839999999999999858, -0.3330965138646654888 ) ) ;
#812 = B_SPLINE_CURVE_WITH_KNOTS ( 'NONE', 3,
 ( #202, #4502, #1230, #3120 ),
 .UNSPECIFIED., .F., .F.,
 ( 4, 4 ),
 ( 5.000000000000000000, 6.000000000000000000 ),
 .UNSPECIFIED. ) ;
#813 = DIRECTION ( 'NONE',  ( 0.000000000000000000, 0.000000000000000000, 1.000000000000000000 ) ) ;
#814 = EDGE_CURVE ( 'NONE', #320, #854, #2847, .T. ) ;
#815 = EDGE_CURVE ( 'NONE', #2311, #219, #4465, .T. ) ;
#816 = CARTESIAN_POINT ( 'NONE',  ( 0.2721659117266574945, 5.850000000000000533, -2.184073125105909785 ) ) ;
#817 = ORIENTED_EDGE ( 'NONE', *, *, #3382, .F. ) ;
#818 = CARTESIAN_POINT ( 'NONE',  ( 0.1175581925839609965, 5.839999999999999858, -0.3356762030658319573 ) ) ;
#819 = CARTESIAN_POINT ( 'NONE',  ( -0.07698509976903580854, 5.850000000000000533, -1.723152118029109836 ) ) ;
#820 = VECTOR ( 'NONE', #242, 1000.000000000000000 ) ;
#821 = ORIENTED_EDGE ( 'NONE', *, *, #4576, .F. ) ;
#822 = CARTESIAN_POINT ( 'NONE',  ( -0.09117339037541749569, 5.850000000000000533, 0.6999697923851709858 ) ) ;
#823 = ORIENTED_EDGE ( 'NONE', *, *, #406, .F. ) ;
#824 = DIRECTION ( 'NONE',  ( 0.000000000000000000, -1.000000000000000000, 0.000000000000000000 ) ) ;
#825 = CARTESIAN_POINT ( 'NONE',  ( 0.1253468695951630019, 5.839999999999999858, -0.5712216708949821031 ) ) ;
#826 = CARTESIAN_POINT ( 'NONE',  ( 0.1253468695951615863, 5.839999999999999858, -0.9048449377759899548 ) ) ;
#827 = VERTEX_POINT ( 'NONE', #811 ) ;
#828 = CARTESIAN_POINT ( 'NONE',  ( -0.2855678545052690032, 5.839999999999999858, -0.3125086096630839694 ) ) ;
#829 = PRODUCT ( 'PM5432.223NLT', 'PM5432.223NLT', '', ( #101 ) ) ;
#830 = FACE_OUTER_BOUND ( 'NONE', #858, .T. ) ;
#831 = LINE ( 'NONE', #852, #1674 ) ;
#832 = B_SPLINE_CURVE_WITH_KNOTS ( 'NONE', 3,
 ( #1459, #1098, #3, #4277 ),
 .UNSPECIFIED., .F., .F.,
 ( 4, 4 ),
 ( 21.00000000000000000, 22.00000000000000000 ),
 .UNSPECIFIED. ) ;
#833 = CARTESIAN_POINT ( 'NONE',  ( 0.03902650017166944818, 5.839999999999999858, -1.655633714129480127 ) ) ;
#834 = ORIENTED_EDGE ( 'NONE', *, *, #1241, .F. ) ;
#835 = ORIENTED_EDGE ( 'NONE', *, *, #1890, .T. ) ;
#836 = LINE ( 'NONE', #3723, #1707 ) ;
#837 = VECTOR ( 'NONE', #357, 1000.000000000000000 ) ;
#838 = CARTESIAN_POINT ( 'NONE',  ( -0.04349874956164235390, 5.850000000000000533, -0.3125086096630844690 ) ) ;
#839 = ORIENTED_EDGE ( 'NONE', *, *, #3740, .F. ) ;
#840 = CARTESIAN_POINT ( 'NONE',  ( -0.1056823043313342009, 5.850000000000000533, 1.201245947291665894 ) ) ;
#841 = LINE ( 'NONE', #4086, #3470 ) ;
#842 = ADVANCED_FACE ( 'NONE', ( #1505 ), #3185, .F. ) ;
#843 = ORIENTED_EDGE ( 'NONE', *, *, #3098, .F. ) ;
#844 = CARTESIAN_POINT ( 'NONE',  ( -0.6447647710631799756, 5.839999999999999858, 0.9767654827290519481 ) ) ;
#845 = VERTEX_POINT ( 'NONE', #1188 ) ;
#846 = DIRECTION ( 'NONE',  ( 0.000000000000000000, -1.000000000000000000, 0.000000000000000000 ) ) ;
#847 = DIRECTION ( 'NONE',  ( 3.061964208378095069E-15, 0.000000000000000000, 1.000000000000000000 ) ) ;
#848 = ADVANCED_FACE ( 'NONE', ( #855 ), #2322, .T. ) ;
#849 = ORIENTED_EDGE ( 'NONE', *, *, #1930, .F. ) ;
#850 = CARTESIAN_POINT ( 'NONE',  ( 3.100000000000000089, 0.000000000000000000, 3.399999999999999911 ) ) ;
#851 = CARTESIAN_POINT ( 'NONE',  ( -0.09117339037541841162, 5.839999999999999858, 0.5738378732706770347 ) ) ;
#852 = CARTESIAN_POINT ( 'NONE',  ( -0.3692322828154014913, 5.850000000000000533, 1.711974799713970041 ) ) ;
#853 = CARTESIAN_POINT ( 'NONE',  ( -0.2752739024044825178, 5.839999999999999858, -1.234648280262974129 ) ) ;
#854 = VERTEX_POINT ( 'NONE', #2279 ) ;
#855 = FACE_OUTER_BOUND ( 'NONE', #4184, .T. ) ;
#856 = CARTESIAN_POINT ( 'NONE',  ( 0.1253468695951640011, 5.850000000000000533, -0.1721139858306355019 ) ) ;
#857 = APPLICATION_PROTOCOL_DEFINITION ( 'draft international standard', 'automotive_design', 1998, #177 ) ;
#858 = EDGE_LOOP ( 'NONE', ( #4347, #1722, #1969, #1750 ) ) ;
#859 = CARTESIAN_POINT ( 'NONE',  ( 0.2554475413268240125, 5.850000000000000533, -1.144458377037739893 ) ) ;
#860 = ORIENTED_EDGE ( 'NONE', *, *, #2649, .F. ) ;
#861 = PLANE ( 'NONE',  #3439 ) ;
#862 = VERTEX_POINT ( 'NONE', #22 ) ;
#863 = FACE_OUTER_BOUND ( 'NONE', #1433, .T. ) ;
#864 = FACE_OUTER_BOUND ( 'NONE', #4660, .T. ) ;
#865 = VECTOR ( 'NONE', #3364, 1000.000000000000000 ) ;
#866 = AXIS2_PLACEMENT_3D ( 'NONE', #1967, #3688, #846 ) ;
#867 = B_SPLINE_SURFACE_WITH_KNOTS ( 'NONE', 3, 1, ( 
 ( #3080, #4533 ),
 ( #948, #2409 ),
 ( #3525, #1569 ),
 ( #2384, #254 ) ),
 .UNSPECIFIED., .F., .F., .F.,
 ( 4, 4 ),
 ( 2, 2 ),
 ( 4.000000000000000000, 5.000000000000000000 ),
 ( 0.000000000000000000, 1.000000000000000000 ),
 .UNSPECIFIED. ) ;
#868 = EDGE_CURVE ( 'NONE', #2200, #1245, #1165, .T. ) ;
#869 = ORIENTED_EDGE ( 'NONE', *, *, #2740, .F. ) ;
#870 = CARTESIAN_POINT ( 'NONE',  ( 3.100000000000000089, 5.850000000000000533, 3.200000000000000178 ) ) ;
#871 = LINE ( 'NONE', #1253, #2088 ) ;
#872 = EDGE_CURVE ( 'NONE', #2198, #4241, #1303, .T. ) ;
#873 = DIRECTION ( 'NONE',  ( 3.300701459286205427E-15, 0.000000000000000000, 1.000000000000000000 ) ) ;
#874 = FILL_AREA_STYLE ('',( #2428 ) ) ;
#875 = VECTOR ( 'NONE', #1203, 1000.000000000000000 ) ;
#876 = ORIENTED_EDGE ( 'NONE', *, *, #1706, .F. ) ;
#877 = CARTESIAN_POINT ( 'NONE',  ( 0.1292164033969036008, 5.850000000000000533, -1.264165877853192121 ) ) ;
#878 =( NAMED_UNIT ( * ) PLANE_ANGLE_UNIT ( ) SI_UNIT ( $, .RADIAN. ) );
#879 = EDGE_LOOP ( 'NONE', ( #1308, #108, #3397, #646 ) ) ;
#880 = CARTESIAN_POINT ( 'NONE',  ( -0.4684510982446959404, 5.839999999999999858, 2.383090867277735114 ) ) ;
#881 = DIRECTION ( 'NONE',  ( 1.000000000000000000, 0.000000000000000000, -3.576031831567450365E-15 ) ) ;
#882 = VERTEX_POINT ( 'NONE', #4080 ) ;
#883 = LINE ( 'NONE', #1965, #3214 ) ;
#884 = ORIENTED_EDGE ( 'NONE', *, *, #3440, .F. ) ;
#885 = CARTESIAN_POINT ( 'NONE',  ( 0.02985059754508555263, 5.839999999999999858, 1.946676907611969876 ) ) ;
#886 = FACE_OUTER_BOUND ( 'NONE', #4471, .T. ) ;
#887 = AXIS2_PLACEMENT_3D ( 'NONE', #664, #710, #2940 ) ;
#888 = EDGE_CURVE ( 'NONE', #3105, #237, #1701, .T. ) ;
#889 = EDGE_LOOP ( 'NONE', ( #2135, #839, #216, #2259 ) ) ;
#890 = CARTESIAN_POINT ( 'NONE',  ( -0.4323372872290640045, 5.850000000000000533, -2.061736325681590376 ) ) ;
#891 = PLANE ( 'NONE',  #2398 ) ;
#892 = FACE_OUTER_BOUND ( 'NONE', #1043, .T. ) ;
#893 = EDGE_CURVE ( 'NONE', #4392, #2725, #1685, .T. ) ;
#894 = ADVANCED_FACE ( 'NONE', ( #3078 ), #1302, .F. ) ;
#895 = CARTESIAN_POINT ( 'NONE',  ( 0.02985059754508555263, 5.850000000000000533, 1.946676907611969876 ) ) ;
#896 = ORIENTED_EDGE ( 'NONE', *, *, #3061, .T. ) ;
#897 = CARTESIAN_POINT ( 'NONE',  ( 0.2116424343147910170, 5.839999999999999858, -0.3189578326659974761 ) ) ;
#898 = LINE ( 'NONE', #3435, #89 ) ;
#899 = EDGE_CURVE ( 'NONE', #3953, #2129, #3857, .T. ) ;
#900 = DIRECTION ( 'NONE',  ( 0.000000000000000000, 1.000000000000000000, 0.000000000000000000 ) ) ;
#901 = DIRECTION ( 'NONE',  ( 0.000000000000000000, 0.000000000000000000, 1.000000000000000000 ) ) ;
#902 = ORIENTED_EDGE ( 'NONE', *, *, #868, .F. ) ;
#903 = CARTESIAN_POINT ( 'NONE',  ( -0.1427405318941717960, 5.839999999999999858, 2.448649699572639893 ) ) ;
#904 = CIRCLE ( 'NONE', #1282, 0.09999999999999982514 ) ;
#905 = DIRECTION ( 'NONE',  ( -1.000000000000000000, 0.000000000000000000, 0.000000000000000000 ) ) ;
#906 = CARTESIAN_POINT ( 'NONE',  ( 0.05839897388424299812, 5.839999999999999858, -1.485671883299094054 ) ) ;
#907 = FACE_OUTER_BOUND ( 'NONE', #3369, .T. ) ;
#908 = ORIENTED_EDGE ( 'NONE', *, *, #1445, .T. ) ;
#909 = LINE ( 'NONE', #3800, #2509 ) ;
#910 = CARTESIAN_POINT ( 'NONE',  ( 0.2721659117266649885, 5.850000000000000533, 0.05321194400929649820 ) ) ;
#911 = AXIS2_PLACEMENT_3D ( 'NONE', #16, #3341, #807 ) ;
#912 = ORIENTED_EDGE ( 'NONE', *, *, #4687, .T. ) ;
#913 =( LENGTH_UNIT ( ) NAMED_UNIT ( * ) SI_UNIT ( .MILLI., .METRE. ) );
#914 = LINE ( 'NONE', #3896, #3460 ) ;
#915 = CARTESIAN_POINT ( 'NONE',  ( -0.05389008267724040152, 5.850000000000000533, 1.567537009152764949 ) ) ;
#916 = VECTOR ( 'NONE', #3752, 1000.000000000000000 ) ;
#917 = VECTOR ( 'NONE', #172, 1000.000000000000000 ) ;
#918 = DIRECTION ( 'NONE',  ( -0.9947041335762049075, 0.000000000000000000, -0.1027797968786249849 ) ) ;
#919 = EDGE_CURVE ( 'NONE', #3882, #126, #1958, .T. ) ;
#920 = ORIENTED_EDGE ( 'NONE', *, *, #170, .T. ) ;
#921 = EDGE_CURVE ( 'NONE', #1436, #548, #3473, .T. ) ;
#922 = FACE_OUTER_BOUND ( 'NONE', #2018, .T. ) ;
#923 = LINE ( 'NONE', #3858, #693 ) ;
#924 = DIRECTION ( 'NONE',  ( 0.000000000000000000, 1.000000000000000000, 0.000000000000000000 ) ) ;
#925 = ORIENTED_EDGE ( 'NONE', *, *, #377, .F. ) ;
#926 = CARTESIAN_POINT ( 'NONE',  ( -0.6156918203417750535, 5.839999999999999858, 1.580633892789439887 ) ) ;
#927 = CARTESIAN_POINT ( 'NONE',  ( 3.299999999999999822, 5.850000000000000533, -3.399999999999999911 ) ) ;
#928 = EDGE_CURVE ( 'NONE', #2725, #3963, #3058, .T. ) ;
#929 = B_SPLINE_CURVE_WITH_KNOTS ( 'NONE', 3,
 ( #1053, #2133, #4654, #4302 ),
 .UNSPECIFIED., .F., .F.,
 ( 4, 4 ),
 ( 24.00000000000000000, 25.00000000000000000 ),
 .UNSPECIFIED. ) ;
#930 = CARTESIAN_POINT ( 'NONE',  ( 0.2721659117266574945, 5.850000000000000533, -2.092692596095524937 ) ) ;
#931 = DIRECTION ( 'NONE',  ( -0.000000000000000000, 1.000000000000000000, 0.000000000000000000 ) ) ;
#932 = ORIENTED_EDGE ( 'NONE', *, *, #554, .T. ) ;
#933 = CARTESIAN_POINT ( 'NONE',  ( 0.1793963193002734990, 5.850000000000000533, 0.1265842580192658162 ) ) ;
#934 = FACE_OUTER_BOUND ( 'NONE', #2549, .T. ) ;
#935 = ORIENTED_EDGE ( 'NONE', *, *, #1295, .F. ) ;
#936 = CARTESIAN_POINT ( 'NONE',  ( -0.2868825038097120306, 5.850000000000000533, -1.723152118029109836 ) ) ;
#938 = DIRECTION ( 'NONE',  ( 0.000000000000000000, -1.000000000000000000, 0.000000000000000000 ) ) ;
#937 = VECTOR ( 'NONE', #4263, 1000.000000000000000 ) ;
#939 = DIRECTION ( 'NONE',  ( 0.000000000000000000, 1.000000000000000000, 0.000000000000000000 ) ) ;
#940 = VECTOR ( 'NONE', #2519, 1000.000000000000000 ) ;
#941 = B_SPLINE_SURFACE_WITH_KNOTS ( 'NONE', 3, 1, ( 
 ( #2845, #3940 ),
 ( #3582, #310 ),
 ( #1763, #4674 ),
 ( #1409, #2873 ) ),
 .UNSPECIFIED., .F., .F., .F.,
 ( 4, 4 ),
 ( 2, 2 ),
 ( 3.000000000000000000, 4.000000000000000000 ),
 ( 0.000000000000000000, 1.000000000000000000 ),
 .UNSPECIFIED. ) ;
#942 = CARTESIAN_POINT ( 'NONE',  ( -0.3872671403203019613, 5.839999999999999858, -1.622147363922090246 ) ) ;
#943 = VERTEX_POINT ( 'NONE', #1624 ) ;
#944 = LINE ( 'NONE', #2696, #3918 ) ;
#945 = DIRECTION ( 'NONE',  ( 1.000000000000000000, 0.000000000000000000, -3.367193519343370278E-15 ) ) ;
#946 = EDGE_CURVE ( 'NONE', #1215, #1184, #944, .T. ) ;
#947 = AXIS2_PLACEMENT_3D ( 'NONE', #4175, #905, #2368 ) ;
#948 = CARTESIAN_POINT ( 'NONE',  ( -0.08343432277193718605, 5.839999999999999858, -1.655633714129480127 ) ) ;
#949 = VERTEX_POINT ( 'NONE', #1996 ) ;
#950 = FACE_OUTER_BOUND ( 'NONE', #879, .T. ) ;
#951 = SURFACE_SIDE_STYLE ('',( #4246 ) ) ;
#952 = EDGE_CURVE ( 'NONE', #3152, #3662, #3455, .T. ) ;
#953 = CARTESIAN_POINT ( 'NONE',  ( -0.03965402046375599704, 5.839999999999999858, -0.05359711080033720265 ) ) ;
#954 = ADVANCED_FACE ( 'NONE', ( #163 ), #1326, .F. ) ;
#955 = EDGE_CURVE ( 'NONE', #2981, #4291, #208, .T. ) ;
#956 = DIRECTION ( 'NONE',  ( 0.000000000000000000, -1.000000000000000000, 0.000000000000000000 ) ) ;
#957 = VERTEX_POINT ( 'NONE', #4240 ) ;
#958 = CARTESIAN_POINT ( 'NONE',  ( -0.2224646878922350024, 5.850000000000000533, 0.5982705065701399150 ) ) ;
#959 = CARTESIAN_POINT ( 'NONE',  ( -0.03965402046376444861, 5.839999999999999858, -2.387422087328255227 ) ) ;
#960 = ORIENTED_EDGE ( 'NONE', *, *, #24, .F. ) ;
#961 = CARTESIAN_POINT ( 'NONE',  ( -0.4684510982446959404, 5.850000000000000533, 2.383090867277735114 ) ) ;
#962 = CARTESIAN_POINT ( 'NONE',  ( -0.07698509976903580854, 5.839999999999999858, -1.723152118029109836 ) ) ;
#963 = EDGE_LOOP ( 'NONE', ( #3536, #4496, #3756, #4111 ) ) ;
#964 = DIRECTION ( 'NONE',  ( 0.000000000000000000, 1.000000000000000000, 0.000000000000000000 ) ) ;
#965 = LINE ( 'NONE', #706, #1370 ) ;
#966 = VECTOR ( 'NONE', #3153, 1000.000000000000000 ) ;
#967 = CARTESIAN_POINT ( 'NONE',  ( -0.3087354479080144931, 5.839999999999999858, -2.138978173493295110 ) ) ;
#968 = B_SPLINE_SURFACE_WITH_KNOTS ( 'NONE', 3, 1, ( 
 ( #668, #3299 ),
 ( #2486, #4394 ),
 ( #4720, #3604 ),
 ( #1454, #4010 ) ),
 .UNSPECIFIED., .F., .F., .F.,
 ( 4, 4 ),
 ( 2, 2 ),
 ( 0.000000000000000000, 1.000000000000000000 ),
 ( 0.000000000000000000, 1.000000000000000000 ),
 .UNSPECIFIED. ) ;
#969 = ORIENTED_EDGE ( 'NONE', *, *, #3790, .F. ) ;
#970 = CARTESIAN_POINT ( 'NONE',  ( -0.5134486688425019540, 5.850000000000000533, 0.6999697923851720960 ) ) ;
#971 = ORIENTED_EDGE ( 'NONE', *, *, #2655, .T. ) ;
#972 = CARTESIAN_POINT ( 'NONE',  ( -0.09117339037541830060, 5.839999999999999858, 0.5738378732706770347 ) ) ;
#973 = ORIENTED_EDGE ( 'NONE', *, *, #379, .F. ) ;
#974 = CARTESIAN_POINT ( 'NONE',  ( 0.1253468695951640011, 5.850000000000000533, -0.2494054430500554920 ) ) ;
#975 = CARTESIAN_POINT ( 'NONE',  ( 0.1577188459295950085, 5.839999999999999858, 2.247681988920595231 ) ) ;
#976 = CARTESIAN_POINT ( 'NONE',  ( 0.2721659117266599925, 5.839999999999999858, -1.337587801270869958 ) ) ;
#977 = CARTESIAN_POINT ( 'NONE',  ( -0.1365641606337006098, 5.839999999999999858, 1.194176606692322062 ) ) ;
#978 = ORIENTED_EDGE ( 'NONE', *, *, #4378, .T. ) ;
#979 = CARTESIAN_POINT ( 'NONE',  ( -0.3705239652166004705, 5.839999999999999858, 0.4553954123519520225 ) ) ;
#980 = CARTESIAN_POINT ( 'NONE',  ( -0.4323372872290615065, 5.839999999999999858, -1.360755394673609953 ) ) ;
#981 = EDGE_CURVE ( 'NONE', #3563, #1316, #2527, .T. ) ;
#982 = VECTOR ( 'NONE', #1812, 1000.000000000000000 ) ;
#983 = ORIENTED_EDGE ( 'NONE', *, *, #2505, .T. ) ;
#984 = CARTESIAN_POINT ( 'NONE',  ( -1.449999999999999956, -0.1499999999999999944, 2.799999999999999822 ) ) ;
#985 = DIRECTION ( 'NONE',  ( 0.000000000000000000, 1.000000000000000000, 0.000000000000000000 ) ) ;
#986 = ORIENTED_EDGE ( 'NONE', *, *, #464, .F. ) ;
#987 = CARTESIAN_POINT ( 'NONE',  ( 0.08670114098544448589, 5.839999999999999858, -2.350165422134550042 ) ) ;
#988 = VECTOR ( 'NONE', #2038, 1000.000000000000000 ) ;
#989 = DIRECTION ( 'NONE',  ( 0.1961959018913790875, 0.000000000000000000, 0.9805647189660804397 ) ) ;
#990 = ADVANCED_FACE ( 'NONE', ( #922 ), #669, .F. ) ;
#991 = FACE_OUTER_BOUND ( 'NONE', #2844, .T. ) ;
#992 = PLANE ( 'NONE',  #1947 ) ;
#993 = VECTOR ( 'NONE', #1570, 1000.000000000000000 ) ;
#994 = VERTEX_POINT ( 'NONE', #4509 ) ;
#995 = LINE ( 'NONE', #3458, #4166 ) ;
#996 = EDGE_LOOP ( 'NONE', ( #2823, #3970, #1502, #409 ) ) ;
#997 = CARTESIAN_POINT ( 'NONE',  ( 3.100000000000000089, 0.000000000000000000, 3.200000000000000178 ) ) ;
#998 = CARTESIAN_POINT ( 'NONE',  ( -0.5656607326615509246, 5.839999999999999858, 1.475040268468813975 ) ) ;
#999 = CARTESIAN_POINT ( 'NONE',  ( 0.2567373859274050263, 5.850000000000000533, -0.5712216708949821031 ) ) ;
#1000 = EDGE_LOOP ( 'NONE', ( #3195, #1904, #650, #3285 ) ) ;
#1001 = CARTESIAN_POINT ( 'NONE',  ( 0.1331107419024941951, 5.850000000000000533, -2.218799710506170086 ) ) ;
#1002 = CARTESIAN_POINT ( 'NONE',  ( 0.1793963193002734990, 5.850000000000000533, 0.1265842580192658162 ) ) ;
#1003 = VERTEX_POINT ( 'NONE', #4596 ) ;
#1004 = EDGE_CURVE ( 'NONE', #4608, #451, #2788, .T. ) ;
#1005 = PLANE ( 'NONE',  #360 ) ;
#1006 = CARTESIAN_POINT ( 'NONE',  ( 1.377574525040405843E-15, -0.05000000000000000278, -2.700000000000000178 ) ) ;
#1007 = LINE ( 'NONE', #1393, #940 ) ;
#1008 = CARTESIAN_POINT ( 'NONE',  ( -0.2121707357914525138, 5.839999999999999858, -1.064636840024874020 ) ) ;
#1009 = EDGE_CURVE ( 'NONE', #4589, #1625, #504, .T. ) ;
#1010 = EDGE_CURVE ( 'NONE', #2999, #488, #1235, .T. ) ;
#1011 = ADVANCED_FACE ( 'NONE', ( #659 ), #992, .F. ) ;
#1012 = EDGE_CURVE ( 'NONE', #3975, #3733, #4639, .T. ) ;
#1013 = CARTESIAN_POINT ( 'NONE',  ( -0.07986060761586090406, 5.850000000000000533, 1.329659899161028225 ) ) ;
#1014 = FILL_AREA_STYLE ('',( #4289 ) ) ;
#1015 =( GEOMETRIC_REPRESENTATION_CONTEXT ( 3 ) GLOBAL_UNCERTAINTY_ASSIGNED_CONTEXT ( ( #1687 ) ) GLOBAL_UNIT_ASSIGNED_CONTEXT ( ( #3476, #4571, #1256 ) ) REPRESENTATION_CONTEXT ( 'NONE', 'WORKASPACE' ) );
#1016 = AXIS2_PLACEMENT_3D ( 'NONE', #1246, #2732, #1314 ) ;
#1017 = UNCERTAINTY_MEASURE_WITH_UNIT (LENGTH_MEASURE( 1.000000000000000082E-05 ), #643, 'distance_accuracy_value', 'NONE');
#1018 = ORIENTED_EDGE ( 'NONE', *, *, #2770, .F. ) ;
#1019 = CARTESIAN_POINT ( 'NONE',  ( -0.4386358442081949582, 5.839999999999999858, 1.196235397112484167 ) ) ;
#1020 = ORIENTED_EDGE ( 'NONE', *, *, #4628, .T. ) ;
#1021 = LINE ( 'NONE', #3981, #2049 ) ;
#1022 = B_SPLINE_CURVE_WITH_KNOTS ( 'NONE', 3,
 ( #1495, #4408, #2933, #397 ),
 .UNSPECIFIED., .F., .F.,
 ( 4, 4 ),
 ( 11.00000000000000000, 12.00000000000000000 ),
 .UNSPECIFIED. ) ;
#1023 = LINE ( 'NONE', #385, #3849 ) ;
#1024 = CARTESIAN_POINT ( 'NONE',  ( 0.2712251707807120105, 5.850000000000000533, 2.355011942511235024 ) ) ;
#1025 = EDGE_LOOP ( 'NONE', ( #1275, #4252, #2233, #1474 ) ) ;
#1026 = DIRECTION ( 'NONE',  ( 0.000000000000000000, 1.000000000000000000, 0.000000000000000000 ) ) ;
#1027 = CARTESIAN_POINT ( 'NONE',  ( -0.2855678545052690032, 5.839999999999999858, -0.2275276942478950126 ) ) ;
#1028 = ORIENTED_EDGE ( 'NONE', *, *, #1187, .F. ) ;
#1029 = CARTESIAN_POINT ( 'NONE',  ( -0.6683522066308750231, 5.850000000000000533, 1.384304661758716026 ) ) ;
#1030 = LINE ( 'NONE', #3945, #4124 ) ;
#1031 = ORIENTED_EDGE ( 'NONE', *, *, #946, .T. ) ;
#1032 = FACE_OUTER_BOUND ( 'NONE', #4235, .T. ) ;
#1033 = LINE ( 'NONE', #3974, #1912 ) ;
#1034 = EDGE_CURVE ( 'NONE', #4067, #943, #584, .T. ) ;
#1035 = EDGE_LOOP ( 'NONE', ( #503, #1049, #112, #1077 ) ) ;
#1036 = ADVANCED_FACE ( 'NONE', ( #3904 ), #3605, .F. ) ;
#1037 = FACE_OUTER_BOUND ( 'NONE', #2, .T. ) ;
#1038 = EDGE_CURVE ( 'NONE', #957, #4046, #2941, .T. ) ;
#1039 = VECTOR ( 'NONE', #2444, 1000.000000000000000 ) ;
#1040 = ADVANCED_FACE ( 'NONE', ( #1423 ), #709, .F. ) ;
#1041 = ORIENTED_EDGE ( 'NONE', *, *, #661, .F. ) ;
#1042 = FACE_OUTER_BOUND ( 'NONE', #889, .T. ) ;
#1043 = EDGE_LOOP ( 'NONE', ( #496, #3400, #4490, #755 ) ) ;
#1044 = DIRECTION ( 'NONE',  ( 0.000000000000000000, -1.000000000000000000, 0.000000000000000000 ) ) ;
#1045 = CARTESIAN_POINT ( 'NONE',  ( -0.2245464452156260005, 5.839999999999999858, 1.500093019364709956 ) ) ;
#1046 = DIRECTION ( 'NONE',  ( 1.000000000000000000, 0.000000000000000000, -3.300701459286205427E-15 ) ) ;
#1047 = B_SPLINE_SURFACE_WITH_KNOTS ( 'NONE', 3, 1, ( 
 ( #681, #4658 ),
 ( #3541, #1418 ),
 ( #606, #4260 ),
 ( #3948, #3215 ) ),
 .UNSPECIFIED., .F., .F., .F.,
 ( 4, 4 ),
 ( 2, 2 ),
 ( 1.000000000000000000, 2.000000000000000000 ),
 ( 0.000000000000000000, 1.000000000000000000 ),
 .UNSPECIFIED. ) ;
#1048 = DIRECTION ( 'NONE',  ( 1.548860246407864815E-16, 0.000000000000000000, -1.000000000000000000 ) ) ;
#1049 = ORIENTED_EDGE ( 'NONE', *, *, #1737, .F. ) ;
#1050 = CARTESIAN_POINT ( 'NONE',  ( -0.1851336085869670078, 5.850000000000000533, -1.295072538859414202 ) ) ;
#1051 = CARTESIAN_POINT ( 'NONE',  ( 0.1099431484997603903, 5.839999999999999858, -1.723152118029109836 ) ) ;
#1052 = ORIENTED_EDGE ( 'NONE', *, *, #3065, .F. ) ;
#1053 = CARTESIAN_POINT ( 'NONE',  ( -0.1427405318941717960, 5.839999999999999858, 2.448649699572639893 ) ) ;
#1054 = LINE ( 'NONE', #4326, #2607 ) ;
#1055 = ORIENTED_EDGE ( 'NONE', *, *, #1797, .T. ) ;
#1056 = FACE_OUTER_BOUND ( 'NONE', #3856, .T. ) ;
#1057 = VERTEX_POINT ( 'NONE', #3568 ) ;
#1058 = VECTOR ( 'NONE', #4034, 1000.000000000000000 ) ;
#1059 = LINE ( 'NONE', #1773, #3199 ) ;
#1060 = ORIENTED_EDGE ( 'NONE', *, *, #4221, .F. ) ;
#1061 = FILL_AREA_STYLE ('',( #1751 ) ) ;
#1062 = CARTESIAN_POINT ( 'NONE',  ( -0.2095910465902824926, 5.850000000000000533, 0.2751396294207755222 ) ) ;
#1063 =( GEOMETRIC_REPRESENTATION_CONTEXT ( 3 ) GLOBAL_UNCERTAINTY_ASSIGNED_CONTEXT ( ( #4127 ) ) GLOBAL_UNIT_ASSIGNED_CONTEXT ( ( #433, #4025, #781 ) ) REPRESENTATION_CONTEXT ( 'NONE', 'WORKASPACE' ) );
#1064 = ORIENTED_EDGE ( 'NONE', *, *, #469, .T. ) ;
#1065 = FACE_OUTER_BOUND ( 'NONE', #2109, .T. ) ;
#1066 = EDGE_CURVE ( 'NONE', #760, #347, #1374, .T. ) ;
#1067 = VERTEX_POINT ( 'NONE', #1446 ) ;
#1068 = CARTESIAN_POINT ( 'NONE',  ( -0.5134486688425010659, 5.850000000000000533, 0.9767654827290508379 ) ) ;
#1069 = CARTESIAN_POINT ( 'NONE',  ( 0.1253468695951615863, 5.839999999999999858, -0.9820371761799829846 ) ) ;
#1070 =( NAMED_UNIT ( * ) PLANE_ANGLE_UNIT ( ) SI_UNIT ( $, .RADIAN. ) );
#1071 = VECTOR ( 'NONE', #2024, 1000.000000000000000 ) ;
#1072 = VECTOR ( 'NONE', #2577, 1000.000000000000000 ) ;
#1073 = CARTESIAN_POINT ( 'NONE',  ( 1.449999999999999956, -0.1499999999999999944, -2.799999999999999822 ) ) ;
#1074 = ORIENTED_EDGE ( 'NONE', *, *, #464, .T. ) ;
#1075 = CARTESIAN_POINT ( 'NONE',  ( 0.08670114098544459691, 5.850000000000000533, -2.350165422134550042 ) ) ;
#1076 = CARTESIAN_POINT ( 'NONE',  ( 0.2721659117266599925, 5.850000000000000533, -1.571843424499439701 ) ) ;
#1077 = ORIENTED_EDGE ( 'NONE', *, *, #2473, .T. ) ;
#1078 = DIRECTION ( 'NONE',  ( 0.000000000000000000, 0.000000000000000000, -1.000000000000000000 ) ) ;
#1079 = CARTESIAN_POINT ( 'NONE',  ( 0.2637341502157964923, 5.839999999999999858, 1.361955623583261943 ) ) ;
#1080 = ORIENTED_EDGE ( 'NONE', *, *, #2387, .F. ) ;
#1081 = CARTESIAN_POINT ( 'NONE',  ( 0.2721659117266604921, 5.839999999999999858, -1.256476419657420074 ) ) ;
#1082 = VERTEX_POINT ( 'NONE', #1776 ) ;
#1083 = DIRECTION ( 'NONE',  ( 0.000000000000000000, 1.000000000000000000, 0.000000000000000000 ) ) ;
#1084 = ORIENTED_EDGE ( 'NONE', *, *, #2097, .F. ) ;
#1085 = FACE_OUTER_BOUND ( 'NONE', #1845, .T. ) ;
#1086 = DIRECTION ( 'NONE',  ( -1.000000000000000000, 0.000000000000000000, 4.039348630799920640E-15 ) ) ;
#1087 = ORIENTED_EDGE ( 'NONE', *, *, #1365, .T. ) ;
#1088 = CARTESIAN_POINT ( 'NONE',  ( -0.2121707357914525138, 5.839999999999999858, -1.064636840024874020 ) ) ;
#1089 = VERTEX_POINT ( 'NONE', #2887 ) ;
#1090 = ORIENTED_EDGE ( 'NONE', *, *, #2059, .T. ) ;
#1091 = MECHANICAL_DESIGN_GEOMETRIC_PRESENTATION_REPRESENTATION (  '', ( #1320 ), #1939 ) ;
#1092 = CARTESIAN_POINT ( 'NONE',  ( -0.2391564157875940011, 5.839999999999999858, 1.412458000636779731 ) ) ;
#1093 = DIRECTION ( 'NONE',  ( 1.000000000000000000, 0.000000000000000000, -2.621654765307950236E-15 ) ) ;
#1094 = EDGE_CURVE ( 'NONE', #4702, #4204, #2478, .T. ) ;
#1095 = ADVANCED_FACE ( 'NONE', ( #296 ), #1752, .F. ) ;
#1096 = CARTESIAN_POINT ( 'NONE',  ( -0.6447647710631819740, 5.850000000000000533, 0.6047445342769040000 ) ) ;
#1097 = VERTEX_POINT ( 'NONE', #3219 ) ;
#1098 = CARTESIAN_POINT ( 'NONE',  ( -0.2916679738535495336, 5.850000000000000533, 1.162972289239813994 ) ) ;
#1099 = CARTESIAN_POINT ( 'NONE',  ( 0.2721659117266574945, 5.839999999999999858, -2.092692596095524937 ) ) ;
#1100 = EDGE_CURVE ( 'NONE', #4241, #4421, #4664, .T. ) ;
#1101 = VECTOR ( 'NONE', #2608, 1000.000000000000000 ) ;
#1102 = ADVANCED_FACE ( 'NONE', ( #1037 ), #3943, .F. ) ;
#1103 = ORIENTED_EDGE ( 'NONE', *, *, #1012, .F. ) ;
#1104 = VECTOR ( 'NONE', #4520, 1000.000000000000000 ) ;
#1105 = CARTESIAN_POINT ( 'NONE',  ( -0.2894125836031595234, 5.839999999999999858, -1.459874991287479995 ) ) ;
#1106 = ORIENTED_EDGE ( 'NONE', *, *, #3789, .F. ) ;
#1107 = DIRECTION ( 'NONE',  ( 0.000000000000000000, 1.000000000000000000, 0.000000000000000000 ) ) ;
#1108 = EDGE_LOOP ( 'NONE', ( #1916, #1792, #2267, #1657 ) ) ;
#1109 = CARTESIAN_POINT ( 'NONE',  ( 0.2721659117266604921, 5.839999999999999858, -1.256476419657420074 ) ) ;
#1110 = ORIENTED_EDGE ( 'NONE', *, *, #2098, .T. ) ;
#1111 = LINE ( 'NONE', #4117, #3767 ) ;
#1112 = CARTESIAN_POINT ( 'NONE',  ( -1.449999999999999956, 0.000000000000000000, 2.799999999999999822 ) ) ;
#1113 = ORIENTED_EDGE ( 'NONE', *, *, #4624, .T. ) ;
#1114 = B_SPLINE_CURVE_WITH_KNOTS ( 'NONE', 3,
 ( #2950, #3021, #1536, #3708 ),
 .UNSPECIFIED., .F., .F.,
 ( 4, 4 ),
 ( 1.000000000000000000, 2.000000000000000000 ),
 .UNSPECIFIED. ) ;
#1115 = CARTESIAN_POINT ( 'NONE',  ( -0.4386358442081949582, 5.839999999999999858, 1.196235397112484167 ) ) ;
#1116 = ORIENTED_EDGE ( 'NONE', *, *, #1004, .T. ) ;
#1117 = EDGE_LOOP ( 'NONE', ( #211, #4619, #595, #3626 ) ) ;
#1118 = CARTESIAN_POINT ( 'NONE',  ( -0.09117339037541830060, 5.839999999999999858, 0.5738378732706770347 ) ) ;
#1119 = DIRECTION ( 'NONE',  ( -1.000000000000000000, 0.000000000000000000, 0.000000000000000000 ) ) ;
#1120 = DIRECTION ( 'NONE',  ( 0.000000000000000000, 1.000000000000000000, 0.000000000000000000 ) ) ;
#1121 = VERTEX_POINT ( 'NONE', #1728 ) ;
#1122 = DIRECTION ( 'NONE',  ( 2.551063935260015421E-16, 0.000000000000000000, -1.000000000000000000 ) ) ;
#1123 = PLANE ( 'NONE',  #3624 ) ;
#1124 = VERTEX_POINT ( 'NONE', #3191 ) ;
#1125 = CARTESIAN_POINT ( 'NONE',  ( 0.1253468695951681922, 5.839999999999999858, 0.9767654827290488395 ) ) ;
#1126 = CARTESIAN_POINT ( 'NONE',  ( 0.1407753953944160252, 5.839999999999999858, -1.315660443060991946 ) ) ;
#1127 = ORIENTED_EDGE ( 'NONE', *, *, #3091, .T. ) ;
#1128 = DIRECTION ( 'NONE',  ( 0.000000000000000000, 1.000000000000000000, 0.000000000000000000 ) ) ;
#1129 = ADVANCED_FACE ( 'NONE', ( #324 ), #2836, .F. ) ;
#1130 = ORIENTED_EDGE ( 'NONE', *, *, #2885, .T. ) ;
#1131 = CARTESIAN_POINT ( 'NONE',  ( 0.1253468695951640011, 5.839999999999999858, -0.1721139858306355019 ) ) ;
#1132 = ORIENTED_EDGE ( 'NONE', *, *, #1100, .T. ) ;
#1133 = CARTESIAN_POINT ( 'NONE',  ( -0.5134486688425010659, 5.839999999999999858, 0.8879894476236900314 ) ) ;
#1134 = ADVANCED_FACE ( 'NONE', ( #2601 ), #3226, .F. ) ;
#1135 = DIRECTION ( 'NONE',  ( 0.000000000000000000, 1.000000000000000000, 0.000000000000000000 ) ) ;
#1136 = ORIENTED_EDGE ( 'NONE', *, *, #4628, .F. ) ;
#1137 = CARTESIAN_POINT ( 'NONE',  ( 0.03902650017166944818, 5.850000000000000533, -1.655633714129480127 ) ) ;
#1138 = ORIENTED_EDGE ( 'NONE', *, *, #1826, .F. ) ;
#1139 = ORIENTED_EDGE ( 'NONE', *, *, #2007, .T. ) ;
#1140 = VECTOR ( 'NONE', #3875, 1000.000000000000000 ) ;
#1141 = CARTESIAN_POINT ( 'NONE',  ( 0.1558832978441540007, 5.850000000000000533, 2.244085306861280049 ) ) ;
#1142 = CARTESIAN_POINT ( 'NONE',  ( -0.5134486688425010659, 5.839999999999999858, 0.9767654827290508379 ) ) ;
#1143 = CARTESIAN_POINT ( 'NONE',  ( -0.05475824731224299829, 5.850000000000000533, 2.049690842731434870 ) ) ;
#1144 = ORIENTED_EDGE ( 'NONE', *, *, #3174, .F. ) ;
#1145 = PLANE ( 'NONE',  #4110 ) ;
#1146 = CARTESIAN_POINT ( 'NONE',  ( 0.2712251707807120105, 5.850000000000000533, 2.355011942511235024 ) ) ;
#1147 = VECTOR ( 'NONE', #813, 1000.000000000000000 ) ;
#1148 = ORIENTED_EDGE ( 'NONE', *, *, #4132, .T. ) ;
#1149 = CARTESIAN_POINT ( 'NONE',  ( 0.1253468695951671930, 5.839999999999999858, 0.6999697923851699866 ) ) ;
#1150 = LINE ( 'NONE', #1105, #4197 ) ;
#1151 = ORIENTED_EDGE ( 'NONE', *, *, #2826, .T. ) ;
#1152 = DIRECTION ( 'NONE',  ( 0.000000000000000000, 1.000000000000000000, 0.000000000000000000 ) ) ;
#1153 = VECTOR ( 'NONE', #1915, 1000.000000000000000 ) ;
#1154 = DIRECTION ( 'NONE',  ( 0.000000000000000000, 1.000000000000000000, 0.000000000000000000 ) ) ;
#1155 = CARTESIAN_POINT ( 'NONE',  ( -0.09050182557064970212, 5.850000000000000533, 1.205561965762840027 ) ) ;
#1156 = EDGE_CURVE ( 'NONE', #2201, #2047, #3366, .T. ) ;
#1157 = VERTEX_POINT ( 'NONE', #1578 ) ;
#1158 = CARTESIAN_POINT ( 'NONE',  ( 0.2606069197291449591, 5.839999999999999858, -2.257395829708159773 ) ) ;
#1159 = CARTESIAN_POINT ( 'NONE',  ( -0.3087354479080119951, 5.850000000000000533, -1.389131975886390036 ) ) ;
#1160 = EDGE_CURVE ( 'NONE', #4400, #1436, #1931, .T. ) ;
#1161 = ORIENTED_EDGE ( 'NONE', *, *, #375, .F. ) ;
#1162 = CARTESIAN_POINT ( 'NONE',  ( -0.2855678545052679485, 5.839999999999999858, 0.1265842580192664268 ) ) ;
#1163 = ORIENTED_EDGE ( 'NONE', *, *, #1611, .F. ) ;
#1164 = VERTEX_POINT ( 'NONE', #2244 ) ;
#1165 = LINE ( 'NONE', #1477, #1101 ) ;
#1166 = DIRECTION ( 'NONE',  ( 0.000000000000000000, 1.000000000000000000, 0.000000000000000000 ) ) ;
#1167 = CARTESIAN_POINT ( 'NONE',  ( 0.07988168522531040316, 5.850000000000000533, 2.092950246258610036 ) ) ;
#1168 = ORIENTED_EDGE ( 'NONE', *, *, #3549, .T. ) ;
#1169 = DIRECTION ( 'NONE',  ( 1.000000000000000000, 0.000000000000000000, 0.000000000000000000 ) ) ;
#1170 = VECTOR ( 'NONE', #1107, 1000.000000000000000 ) ;
#1171 = ORIENTED_EDGE ( 'NONE', *, *, #3012, .F. ) ;
#1172 = DIRECTION ( 'NONE',  ( 0.000000000000000000, 1.000000000000000000, 0.000000000000000000 ) ) ;
#1173 = CARTESIAN_POINT ( 'NONE',  ( 0.1253468695951620027, 5.839999999999999858, -0.7245643501409561038 ) ) ;
#1174 = ORIENTED_EDGE ( 'NONE', *, *, #3577, .T. ) ;
#1175 = PLANE ( 'NONE',  #419 ) ;
#1176 = CARTESIAN_POINT ( 'NONE',  ( 0.000000000000000000, -0.1499999999999999944, 0.000000000000000000 ) ) ;
#1177 = CARTESIAN_POINT ( 'NONE',  ( 0.1407753953944151926, 5.850000000000000533, -1.354355781078413923 ) ) ;
#1179 = ORIENTED_EDGE ( 'NONE', *, *, #4498, .F. ) ;
#1178 = CIRCLE ( 'NONE', #428, 0.09999999999999982514 ) ;
#1180 = CARTESIAN_POINT ( 'NONE',  ( 0.1331107419024941951, 5.839999999999999858, -2.132528950490389708 ) ) ;
#1181 = LINE ( 'NONE', #3786, #1249 ) ;
#1182 = CARTESIAN_POINT ( 'NONE',  ( -0.4323372872290640045, 5.850000000000000533, -2.061736325681590376 ) ) ;
#1183 = CARTESIAN_POINT ( 'NONE',  ( -0.1632558597848109971, 5.839999999999999858, -2.191812192709395202 ) ) ;
#1184 = VERTEX_POINT ( 'NONE', #1112 ) ;
#1185 = ADVANCED_FACE ( 'NONE', ( #117 ), #4412, .F. ) ;
#1186 = ORIENTED_EDGE ( 'NONE', *, *, #3440, .T. ) ;
#1187 = EDGE_CURVE ( 'NONE', #1458, #3447, #4424, .T. ) ;
#1188 = CARTESIAN_POINT ( 'NONE',  ( 0.1253468695951681922, 5.839999999999999858, 0.8879894476236869227 ) ) ;
#1189 = EDGE_CURVE ( 'NONE', #4313, #1003, #69, .T. ) ;
#1190 = CARTESIAN_POINT ( 'NONE',  ( -0.3782630328200894398, 5.839999999999999858, 0.2751396294207760218 ) ) ;
#1191 = B_SPLINE_CURVE_WITH_KNOTS ( 'NONE', 3,
 ( #459, #4126, #413, #1959 ),
 .UNSPECIFIED., .F., .F.,
 ( 4, 4 ),
 ( 12.00000000000000000, 13.00000000000000000 ),
 .UNSPECIFIED. ) ;
#1192 = DIRECTION ( 'NONE',  ( 1.000000000000000000, 0.000000000000000000, 0.000000000000000000 ) ) ;
#1193 = VERTEX_POINT ( 'NONE', #1471 ) ;
#1194 = CARTESIAN_POINT ( 'NONE',  ( -0.07698509976903580854, 5.850000000000000533, -1.723152118029109836 ) ) ;
#1195 = CARTESIAN_POINT ( 'NONE',  ( -0.01003720405812063947, 5.850000000000000533, -1.383922988076349947 ) ) ;
#1196 = EDGE_CURVE ( 'NONE', #2638, #4040, #4482, .T. ) ;
#1197 = ADVANCED_FACE ( 'NONE', ( #4441 ), #2499, .F. ) ;
#1198 = VECTOR ( 'NONE', #2184, 1000.000000000000000 ) ;
#1199 = VERTEX_POINT ( 'NONE', #2647 ) ;
#1200 = CARTESIAN_POINT ( 'NONE',  ( -3.299999999999999822, 0.000000000000000000, 3.399999999999999911 ) ) ;
#1201 = VERTEX_POINT ( 'NONE', #453 ) ;
#1202 = DIRECTION ( 'NONE',  ( 0.000000000000000000, 0.000000000000000000, -1.000000000000000000 ) ) ;
#1203 = DIRECTION ( 'NONE',  ( 0.000000000000000000, 1.000000000000000000, 0.000000000000000000 ) ) ;
#1204 = ORIENTED_EDGE ( 'NONE', *, *, #2448, .T. ) ;
#1205 = CARTESIAN_POINT ( 'NONE',  ( 0.06737827668058860020, 5.839999999999999858, -1.924020609865725095 ) ) ;
#1206 = CARTESIAN_POINT ( 'NONE',  ( 0.007625582888919679725, 5.850000000000000533, 1.242148903952390082 ) ) ;
#1207 = CARTESIAN_POINT ( 'NONE',  ( 0.3756529740200439949, 5.839999999999999858, 1.937151901330754988 ) ) ;
#1208 = DIRECTION ( 'NONE',  ( -3.399186478811250280E-15, 0.000000000000000000, -1.000000000000000000 ) ) ;
#1209 = EDGE_LOOP ( 'NONE', ( #3487, #123, #902, #1171, #4602, #2731, #3310, #3716, #3749, #3721, #2752, #1899, #4555 ) ) ;
#1210 = CARTESIAN_POINT ( 'NONE',  ( 0.07988168522531040316, 5.839999999999999858, 2.092950246258610036 ) ) ;
#1211 = VECTOR ( 'NONE', #2123, 1000.000000000000000 ) ;
#1212 = DIRECTION ( 'NONE',  ( 1.000000000000000000, 0.000000000000000000, 0.000000000000000000 ) ) ;
#1213 = EDGE_CURVE ( 'NONE', #4621, #134, #831, .T. ) ;
#1214 = VECTOR ( 'NONE', #3290, 1000.000000000000000 ) ;
#1215 = VERTEX_POINT ( 'NONE', #2761 ) ;
#1216 = FACE_OUTER_BOUND ( 'NONE', #3017, .T. ) ;
#1217 = CARTESIAN_POINT ( 'NONE',  ( -0.2868825038097120306, 5.850000000000000533, -1.723152118029109836 ) ) ;
#1218 = ADVANCED_FACE ( 'NONE', ( #2718 ), #1767, .F. ) ;
#1219 = B_SPLINE_SURFACE_WITH_KNOTS ( 'NONE', 2, 1, ( 
 ( #271, #4617 ),
 ( #2911, #2195 ),
 ( #2884, #2551 ) ),
 .UNSPECIFIED., .F., .F., .F.,
 ( 3, 3 ),
 ( 2, 2 ),
 ( 9.000000000000000000, 10.00000000000000000 ),
 ( 0.000000000000000000, 1.000000000000000000 ),
 .UNSPECIFIED. ) ;
#1220 = ORIENTED_EDGE ( 'NONE', *, *, #1241, .T. ) ;
#1221 = EDGE_CURVE ( 'NONE', #4327, #1421, #559, .T. ) ;
#1222 = LINE ( 'NONE', #3092, #91 ) ;
#1223 = ORIENTED_EDGE ( 'NONE', *, *, #3730, .F. ) ;
#1224 = CARTESIAN_POINT ( 'NONE',  ( -0.07953814646571659430, 5.850000000000000533, 1.329759117976453853 ) ) ;
#1225 = LINE ( 'NONE', #3783, #2265 ) ;
#1226 = PRESENTATION_LAYER_ASSIGNMENT (  '', '', ( #4437 ) ) ;
#1227 = VECTOR ( 'NONE', #386, 1000.000000000000000 ) ;
#1228 = ORIENTED_EDGE ( 'NONE', *, *, #663, .T. ) ;
#1229 = CIRCLE ( 'NONE', #2610, 0.2000000000000000944 ) ;
#1230 = CARTESIAN_POINT ( 'NONE',  ( 0.2116424343147910170, 5.850000000000000533, -0.3189578326659974761 ) ) ;
#1231 = CARTESIAN_POINT ( 'NONE',  ( 0.02089426165196279703, 5.839999999999999858, -1.485671883299094054 ) ) ;
#1232 = CARTESIAN_POINT ( 'NONE',  ( -0.2224646878922340310, 5.850000000000000533, 0.6999697923851709858 ) ) ;
#1233 = CARTESIAN_POINT ( 'NONE',  ( -3.100000000000000089, 0.000000000000000000, 3.200000000000000178 ) ) ;
#1234 = VERTEX_POINT ( 'NONE', #3054 ) ;
#1235 = LINE ( 'NONE', #4149, #1950 ) ;
#1236 = LINE ( 'NONE', #2631, #916 ) ;
#1237 = ORIENTED_EDGE ( 'NONE', *, *, #4161, .T. ) ;
#1238 = CARTESIAN_POINT ( 'NONE',  ( -0.3882326859701095145, 5.839999999999999858, 2.306866012324174875 ) ) ;
#1239 =( NAMED_UNIT ( * ) SI_UNIT ( $, .STERADIAN. ) SOLID_ANGLE_UNIT ( ) );
#1240 = ORIENTED_EDGE ( 'NONE', *, *, #4132, .F. ) ;
#1241 = EDGE_CURVE ( 'NONE', #451, #1067, #1600, .T. ) ;
#1242 = B_SPLINE_CURVE_WITH_KNOTS ( 'NONE', 3,
 ( #3635, #364, #4, #1565 ),
 .UNSPECIFIED., .F., .F.,
 ( 4, 4 ),
 ( 18.00000000000000000, 19.00000000000000000 ),
 .UNSPECIFIED. ) ;
#1243 = EDGE_CURVE ( 'NONE', #2119, #3613, #1294, .T. ) ;
#1244 = CARTESIAN_POINT ( 'NONE',  ( 0.2296754540190664995, 5.850000000000000533, -1.072375907628356106 ) ) ;
#1245 = VERTEX_POINT ( 'NONE', #159 ) ;
#1246 = CARTESIAN_POINT ( 'NONE',  ( 1.449999999999999956, -0.1499999999999999944, -2.799999999999999822 ) ) ;
#1247 = CARTESIAN_POINT ( 'NONE',  ( -0.3227978771944879921, 5.839999999999999858, 1.910238797645559927 ) ) ;
#1248 = EDGE_CURVE ( 'NONE', #3308, #4600, #2402, .T. ) ;
#1249 = VECTOR ( 'NONE', #4118, 1000.000000000000000 ) ;
#1250 = ADVANCED_FACE ( 'NONE', ( #892 ), #2460, .F. ) ;
#1251 = VERTEX_POINT ( 'NONE', #3805 ) ;
#1252 = CARTESIAN_POINT ( 'NONE',  ( 0.1253468695951663880, 5.839999999999999858, 0.6111937572798010754 ) ) ;
#1253 = CARTESIAN_POINT ( 'NONE',  ( -0.4168839567259439716, 5.839999999999999858, -0.4927891972981219282 ) ) ;
#1254 = PLANE ( 'NONE',  #2436 ) ;
#1255 = AXIS2_PLACEMENT_3D ( 'NONE', #2525, #2095, #1708 ) ;
#1256 =( NAMED_UNIT ( * ) SI_UNIT ( $, .STERADIAN. ) SOLID_ANGLE_UNIT ( ) );
#1257 = ORIENTED_EDGE ( 'NONE', *, *, #658, .F. ) ;
#1258 = CARTESIAN_POINT ( 'NONE',  ( -0.08000943583900219092, 5.839999999999999858, 1.329585485049459948 ) ) ;
#1259 = SURFACE_STYLE_FILL_AREA ( #2789 ) ;
#1260 = LINE ( 'NONE', #1710, #1591 ) ;
#1261 = CARTESIAN_POINT ( 'NONE',  ( 0.000000000000000000, 0.000000000000000000, 0.000000000000000000 ) ) ;
#1262 = ORIENTED_EDGE ( 'NONE', *, *, #141, .T. ) ;
#1263 = CARTESIAN_POINT ( 'NONE',  ( -0.6683522066308750231, 5.839999999999999858, 1.384304661758716026 ) ) ;
#1264 = DIRECTION ( 'NONE',  ( 1.161645184805897995E-16, 0.000000000000000000, -1.000000000000000000 ) ) ;
#1265 = LINE ( 'NONE', #2728, #2307 ) ;
#1266 = DIRECTION ( 'NONE',  ( -6.396517913355420291E-15, 0.000000000000000000, -1.000000000000000000 ) ) ;
#1267 = ORIENTED_EDGE ( 'NONE', *, *, #4049, .F. ) ;
#1268 = CARTESIAN_POINT ( 'NONE',  ( 0.03642200626665840352, 5.839999999999999858, 0.1265842580192664268 ) ) ;
#1269 = CARTESIAN_POINT ( 'NONE',  ( 0.2296754540190624749, 5.839999999999999858, -2.341136509930489940 ) ) ;
#1270 = VERTEX_POINT ( 'NONE', #2738 ) ;
#1271 = CARTESIAN_POINT ( 'NONE',  ( 0.3889979046952835029, 5.839999999999999858, 2.258521644506245263 ) ) ;
#1272 = DIRECTION ( 'NONE',  ( 0.000000000000000000, 0.000000000000000000, -1.000000000000000000 ) ) ;
#1273 = CARTESIAN_POINT ( 'NONE',  ( -0.08000943583900219092, 5.839999999999999858, 1.329585485049459948 ) ) ;
#1274 = ADVANCED_FACE ( 'NONE', ( #3828 ), #1254, .F. ) ;
#1275 = ORIENTED_EDGE ( 'NONE', *, *, #252, .T. ) ;
#1276 = CARTESIAN_POINT ( 'NONE',  ( -0.6022991180594449157, 5.839999999999999858, -0.7245643501409529952 ) ) ;
#1277 = B_SPLINE_SURFACE_WITH_KNOTS ( 'NONE', 3, 1, ( 
 ( #1716, #3180 ),
 ( #4630, #3556 ),
 ( #283, #4296 ),
 ( #1382, #1024 ) ),
 .UNSPECIFIED., .F., .F., .F.,
 ( 4, 4 ),
 ( 2, 2 ),
 ( 24.00000000000000000, 25.00000000000000000 ),
 ( 0.000000000000000000, 1.000000000000000000 ),
 .UNSPECIFIED. ) ;
#1278 = PRESENTATION_STYLE_ASSIGNMENT (( #542 ) ) ;
#1279 = DIRECTION ( 'NONE',  ( 0.000000000000000000, 1.000000000000000000, 0.000000000000000000 ) ) ;
#1280 = ORIENTED_EDGE ( 'NONE', *, *, #4285, .T. ) ;
#1281 = DIRECTION ( 'NONE',  ( 3.061964208378095069E-15, 0.000000000000000000, 1.000000000000000000 ) ) ;
#1282 = AXIS2_PLACEMENT_3D ( 'NONE', #4205, #4253, #4541 ) ;
#1283 = CYLINDRICAL_SURFACE ( 'NONE', #4150, 0.2000000000000000944 ) ;
#1284 = CARTESIAN_POINT ( 'NONE',  ( 0.1292164033969030179, 5.839999999999999858, -1.485671883299094054 ) ) ;
#1285 = DIRECTION ( 'NONE',  ( 0.000000000000000000, -1.000000000000000000, 0.000000000000000000 ) ) ;
#1286 = ORIENTED_EDGE ( 'NONE', *, *, #1800, .T. ) ;
#1287 = CARTESIAN_POINT ( 'NONE',  ( 0.1793963193002734990, 5.839999999999999858, 0.1265842580192658162 ) ) ;
#1288 = CARTESIAN_POINT ( 'NONE',  ( 0.3889979046952835029, 5.839999999999999858, 2.258521644506245263 ) ) ;
#1289 = VECTOR ( 'NONE', #2496, 1000.000000000000000 ) ;
#1290 = B_SPLINE_SURFACE_WITH_KNOTS ( 'NONE', 3, 1, ( 
 ( #478, #2622 ),
 ( #1905, #2983 ),
 ( #3671, #4439 ),
 ( #2317, #4480 ) ),
 .UNSPECIFIED., .F., .F., .F.,
 ( 4, 4 ),
 ( 2, 2 ),
 ( 14.00000000000000000, 15.00000000000000000 ),
 ( 0.000000000000000000, 1.000000000000000000 ),
 .UNSPECIFIED. ) ;
#1291 = ORIENTED_EDGE ( 'NONE', *, *, #2791, .T. ) ;
#1292 = ORIENTED_EDGE ( 'NONE', *, *, #3014, .F. ) ;
#1293 = CARTESIAN_POINT ( 'NONE',  ( -0.08343432277193718605, 5.839999999999999858, -1.655633714129480127 ) ) ;
#1294 = LINE ( 'NONE', #4211, #685 ) ;
#1295 = EDGE_CURVE ( 'NONE', #994, #48, #1972, .T. ) ;
#1296 = VECTOR ( 'NONE', #593, 1000.000000000000000 ) ;
#1297 = AXIS2_PLACEMENT_3D ( 'NONE', #1006, #2517, #2445 ) ;
#1298 = CARTESIAN_POINT ( 'NONE',  ( -0.03322960216471715356, 5.839999999999999858, -1.232018981654100065 ) ) ;
#1299 = B_SPLINE_CURVE_WITH_KNOTS ( 'NONE', 3,
 ( #311, #1076, #3230, #2156 ),
 .UNSPECIFIED., .F., .F.,
 ( 4, 4 ),
 ( 5.000000000000000000, 6.000000000000000000 ),
 .UNSPECIFIED. ) ;
#1300 = EDGE_CURVE ( 'NONE', #1245, #862, #1678, .T. ) ;
#1301 = ORIENTED_EDGE ( 'NONE', *, *, #1551, .T. ) ;
#1302 = PLANE ( 'NONE',  #121 ) ;
#1303 = B_SPLINE_CURVE_WITH_KNOTS ( 'NONE', 3,
 ( #1118, #765, #2630, #3678 ),
 .UNSPECIFIED., .F., .F.,
 ( 4, 4 ),
 ( 4.000000000000000000, 5.000000000000000000 ),
 .UNSPECIFIED. ) ;
#1304 = CARTESIAN_POINT ( 'NONE',  ( 0.1253468695951620027, 5.839999999999999858, -0.7245643501409561038 ) ) ;
#1305 = UNCERTAINTY_MEASURE_WITH_UNIT (LENGTH_MEASURE( 1.000000000000000082E-05 ), #3793, 'distance_accuracy_value', 'NONE');
#1306 = ADVANCED_FACE ( 'NONE', ( #180 ), #3144, .F. ) ;
#1307 = DIRECTION ( 'NONE',  ( -1.000000000000000000, 0.000000000000000000, 3.505175547281160426E-15 ) ) ;
#1308 = ORIENTED_EDGE ( 'NONE', *, *, #3124, .T. ) ;
#1309 = CARTESIAN_POINT ( 'NONE',  ( -0.7332661166254909046, 5.839999999999999858, 2.049517209804439855 ) ) ;
#1310 = PLANE ( 'NONE',  #7 ) ;
#1311 = EDGE_CURVE ( 'NONE', #1995, #3433, #4504, .T. ) ;
#1312 = DIRECTION ( 'NONE',  ( 0.000000000000000000, 1.000000000000000000, 0.000000000000000000 ) ) ;
#1313 = ORIENTED_EDGE ( 'NONE', *, *, #1359, .T. ) ;
#1314 = DIRECTION ( 'NONE',  ( -1.161645184805897995E-16, 0.000000000000000000, 1.000000000000000000 ) ) ;
#1315 = PLANE ( 'NONE',  #2481 ) ;
#1316 = VERTEX_POINT ( 'NONE', #1273 ) ;
#1317 = LINE ( 'NONE', #2084, #1504 ) ;
#1318 = CARTESIAN_POINT ( 'NONE',  ( -0.2868825038097120306, 5.839999999999999858, -1.723152118029109836 ) ) ;
#1319 = ORIENTED_EDGE ( 'NONE', *, *, #4193, .T. ) ;
#1321 = LINE ( 'NONE', #2782, #3082 ) ;
#1320 = STYLED_ITEM ( 'NONE', ( #632 ), #3869 ) ;
#1322 = PLANE ( 'NONE',  #532 ) ;
#1323 = B_SPLINE_SURFACE_WITH_KNOTS ( 'NONE', 3, 1, ( 
 ( #416, #4422 ),
 ( #2260, #840 ),
 ( #489, #442 ),
 ( #3754, #79 ) ),
 .UNSPECIFIED., .F., .F., .F.,
 ( 4, 4 ),
 ( 2, 2 ),
 ( 20.00000000000000000, 21.00000000000000000 ),
 ( 0.000000000000000000, 1.000000000000000000 ),
 .UNSPECIFIED. ) ;
#1324 = CARTESIAN_POINT ( 'NONE',  ( -0.3872671403203019613, 5.850000000000000533, -1.622147363922090246 ) ) ;
#1325 = DIRECTION ( 'NONE',  ( 1.000000000000000000, 0.000000000000000000, 2.551063935260009998E-16 ) ) ;
#1326 = PLANE ( 'NONE',  #3399 ) ;
#1327 = FACE_OUTER_BOUND ( 'NONE', #315, .T. ) ;
#1328 = EDGE_LOOP ( 'NONE', ( #4676, #688, #4573, #4178 ) ) ;
#1329 = VECTOR ( 'NONE', #3840, 1000.000000000000000 ) ;
#1330 = CARTESIAN_POINT ( 'NONE',  ( -0.1426431508793720160, 5.850000000000000533, -1.591240702915870164 ) ) ;
#1331 = ADVANCED_FACE ( 'NONE', ( #4186 ), #138, .F. ) ;
#1332 = EDGE_CURVE ( 'NONE', #4046, #3192, #517, .T. ) ;
#1333 = ORIENTED_EDGE ( 'NONE', *, *, #3991, .F. ) ;
#1334 = DIRECTION ( 'NONE',  ( 0.000000000000000000, 1.000000000000000000, 0.000000000000000000 ) ) ;
#1335 = CARTESIAN_POINT ( 'NONE',  ( 0.1155508493721486007, 5.839999999999999858, 2.276083374837235329 ) ) ;
#1336 = SURFACE_SIDE_STYLE ('',( #258 ) ) ;
#1337 = EDGE_CURVE ( 'NONE', #2530, #1003, #348, .T. ) ;
#1338 = CARTESIAN_POINT ( 'NONE',  ( 0.4539366193937570682, 5.850000000000000533, 1.937821628334900126 ) ) ;
#1339 = VERTEX_POINT ( 'NONE', #1704 ) ;
#1340 = CARTESIAN_POINT ( 'NONE',  ( -0.3705239652166004705, 5.850000000000000533, 0.4553954123519520225 ) ) ;
#1341 = CARTESIAN_POINT ( 'NONE',  ( -0.2517572053471150428, 5.850000000000000533, 1.329932750903455974 ) ) ;
#1342 = ORIENTED_EDGE ( 'NONE', *, *, #3354, .T. ) ;
#1343 = CARTESIAN_POINT ( 'NONE',  ( -0.2855678545052679485, 5.839999999999999858, 0.2166997471329250025 ) ) ;
#1344 = DIRECTION ( 'NONE',  ( 0.000000000000000000, -1.000000000000000000, 0.000000000000000000 ) ) ;
#1345 = VERTEX_POINT ( 'NONE', #3241 ) ;
#1346 = CARTESIAN_POINT ( 'NONE',  ( 3.100000000000000089, 0.000000000000000000, -3.200000000000000178 ) ) ;
#1347 = PLANE ( 'NONE',  #4345 ) ;
#1348 = CARTESIAN_POINT ( 'NONE',  ( 0.1253468695951671930, 5.839999999999999858, 0.6999697923851699866 ) ) ;
#1349 = B_SPLINE_SURFACE_WITH_KNOTS ( 'NONE', 3, 1, ( 
 ( #3161, #958 ),
 ( #3467, #2418 ),
 ( #4158, #622 ),
 ( #979, #1340 ) ),
 .UNSPECIFIED., .F., .F., .F.,
 ( 4, 4 ),
 ( 2, 2 ),
 ( 0.000000000000000000, 1.000000000000000000 ),
 ( 0.000000000000000000, 1.000000000000000000 ),
 .UNSPECIFIED. ) ;
#1350 = DIRECTION ( 'NONE',  ( 0.000000000000000000, 1.000000000000000000, 0.000000000000000000 ) ) ;
#1351 = EDGE_LOOP ( 'NONE', ( #1174, #1571, #14, #3036 ) ) ;
#1352 = PLANE ( 'NONE',  #2197 ) ;
#1353 = EDGE_LOOP ( 'NONE', ( #2615, #4361, #388, #41 ) ) ;
#1354 = CARTESIAN_POINT ( 'NONE',  ( -0.5505546680124420167, 5.850000000000000533, 1.287839168457580064 ) ) ;
#1355 = CARTESIAN_POINT ( 'NONE',  ( -0.1085348452749209935, 5.839999999999999858, 2.363172690080300065 ) ) ;
#1356 = FACE_OUTER_BOUND ( 'NONE', #3621, .T. ) ;
#1357 = EDGE_CURVE ( 'NONE', #1588, #2180, #1725, .T. ) ;
#1358 = ADVANCED_FACE ( 'NONE', ( #2063 ), #1322, .F. ) ;
#1359 = EDGE_CURVE ( 'NONE', #456, #2311, #1059, .T. ) ;
#1360 = FACE_OUTER_BOUND ( 'NONE', #2943, .T. ) ;
#1361 = EDGE_LOOP ( 'NONE', ( #2013, #3791, #284, #4207, #4128, #415, #3024, #823, #2676, #3442, #2504, #4005, #2330, #3797, #2241, #1144, #483, #3779, #4356, #2673 ) ) ;
#1362 = CARTESIAN_POINT ( 'NONE',  ( -0.2379180183953500116, 5.839999999999999858, -1.234648280262974129 ) ) ;
#1363 = CARTESIAN_POINT ( 'NONE',  ( -0.2855678545052690032, 5.839999999999999858, -0.2275276942478950126 ) ) ;
#1364 = EDGE_CURVE ( 'NONE', #1940, #1995, #2783, .T. ) ;
#1365 = EDGE_CURVE ( 'NONE', #2883, #4446, #4684, .T. ) ;
#1366 = EDGE_LOOP ( 'NONE', ( #3996, #421, #3175, #2881, #3939, #1139, #2712, #1262 ) ) ;
#1367 = FACE_BOUND ( 'NONE', #3376, .T. ) ;
#1368 = CARTESIAN_POINT ( 'NONE',  ( 0.1175581925839612046, 5.839999999999999858, -0.3356762030658319573 ) ) ;
#1369 = DIRECTION ( 'NONE',  ( 0.000000000000000000, 1.000000000000000000, 0.000000000000000000 ) ) ;
#1370 = VECTOR ( 'NONE', #989, 1000.000000000000227 ) ;
#1371 = DIRECTION ( 'NONE',  ( 0.000000000000000000, 1.000000000000000000, 0.000000000000000000 ) ) ;
#1372 = B_SPLINE_CURVE_WITH_KNOTS ( 'NONE', 3,
 ( #77, #2611, #440, #1096 ),
 .UNSPECIFIED., .F., .F.,
 ( 4, 4 ),
 ( 3.000000000000000000, 4.000000000000000000 ),
 .UNSPECIFIED. ) ;
#1373 = DIRECTION ( 'NONE',  ( 0.000000000000000000, 1.000000000000000000, 0.000000000000000000 ) ) ;
#1374 = LINE ( 'NONE', #4312, #2262 ) ;
#1375 = AXIS2_PLACEMENT_3D ( 'NONE', #3785, #3101, #515 ) ;
#1376 = ORIENTED_EDGE ( 'NONE', *, *, #1555, .F. ) ;
#1377 = CARTESIAN_POINT ( 'NONE',  ( -0.4723454367502979978, 5.850000000000000533, 1.398592171180533805 ) ) ;
#1378 = ORIENTED_EDGE ( 'NONE', *, *, #1384, .F. ) ;
#1379 = CARTESIAN_POINT ( 'NONE',  ( -0.5134486688425019540, 5.839999999999999858, 0.6008501957713030528 ) ) ;
#1380 = CARTESIAN_POINT ( 'NONE',  ( -0.2517572053471150428, 5.839999999999999858, 1.329932750903455974 ) ) ;
#1381 = DIRECTION ( 'NONE',  ( -0.1438472709689482543, 0.000000000000000000, 0.9895999002803032019 ) ) ;
#1382 = CARTESIAN_POINT ( 'NONE',  ( 0.2712251707807120105, 5.839999999999999858, 2.355011942511235024 ) ) ;
#1383 = VERTEX_POINT ( 'NONE', #4237 ) ;
#1384 = EDGE_CURVE ( 'NONE', #1984, #3242, #1033, .T. ) ;
#1385 = B_SPLINE_CURVE_WITH_KNOTS ( 'NONE', 3,
 ( #2928, #4402, #4703, #1541 ),
 .UNSPECIFIED., .F., .F.,
 ( 4, 4 ),
 ( 10.00000000000000000, 11.00000000000000000 ),
 .UNSPECIFIED. ) ;
#1386 = FACE_OUTER_BOUND ( 'NONE', #2872, .T. ) ;
#1387 = PLANE ( 'NONE',  #3099 ) ;
#1388 = EDGE_CURVE ( 'NONE', #3283, #3482, #965, .T. ) ;
#1389 = ORIENTED_EDGE ( 'NONE', *, *, #658, .T. ) ;
#1390 = CARTESIAN_POINT ( 'NONE',  ( -0.2224646878922350024, 5.850000000000000533, 0.5982705065701399150 ) ) ;
#1391 =( LENGTH_UNIT ( ) NAMED_UNIT ( * ) SI_UNIT ( .MILLI., .METRE. ) );
#1392 = ORIENTED_EDGE ( 'NONE', *, *, #1580, .F. ) ;
#1393 = CARTESIAN_POINT ( 'NONE',  ( 0.03642200626665840352, 5.839999999999999858, 0.1265842580192664268 ) ) ;
#1394 = ADVANCED_FACE ( 'NONE', ( #4683 ), #1047, .F. ) ;
#1395 = ADVANCED_FACE ( 'NONE', ( #3565 ), #1693, .F. ) ;
#1396 = CARTESIAN_POINT ( 'NONE',  ( -0.4323372872290615065, 5.850000000000000533, -1.360755394673609953 ) ) ;
#1397 = ORIENTED_EDGE ( 'NONE', *, *, #3809, .F. ) ;
#1398 = DIRECTION ( 'NONE',  ( 9.770223878087371750E-15, 0.000000000000000000, 1.000000000000000000 ) ) ;
#1399 = CARTESIAN_POINT ( 'NONE',  ( 0.05839897388424299812, 5.839999999999999858, -1.485671883299094054 ) ) ;
#1400 = CIRCLE ( 'NONE', #4145, 0.09999999999999982514 ) ;
#1401 = VERTEX_POINT ( 'NONE', #3517 ) ;
#1402 = CARTESIAN_POINT ( 'NONE',  ( 0.2567373859274110215, 5.839999999999999858, 0.9767654827290478403 ) ) ;
#1403 = ORIENTED_EDGE ( 'NONE', *, *, #2151, .T. ) ;
#1404 = DIRECTION ( 'NONE',  ( 0.000000000000000000, 1.000000000000000000, 0.000000000000000000 ) ) ;
#1405 = CARTESIAN_POINT ( 'NONE',  ( 0.01228886721410831981, 5.850000000000000533, 2.479829212321299714 ) ) ;
#1406 = VECTOR ( 'NONE', #142, 1000.000000000000000 ) ;
#1407 = CARTESIAN_POINT ( 'NONE',  ( -0.09117339037541830060, 5.850000000000000533, 0.5738378732706770347 ) ) ;
#1408 = EDGE_LOOP ( 'NONE', ( #1989, #4714, #2347, #4466 ) ) ;
#1409 = CARTESIAN_POINT ( 'NONE',  ( -0.6447647710631799756, 5.839999999999999858, 0.6047445342769040000 ) ) ;
#1410 = VECTOR ( 'NONE', #2636, 1000.000000000000000 ) ;
#1411 = CARTESIAN_POINT ( 'NONE',  ( -0.1851336085869675074, 5.839999999999999858, -1.295072538859414202 ) ) ;
#1412 = ORIENTED_EDGE ( 'NONE', *, *, #1213, .F. ) ;
#1413 = CARTESIAN_POINT ( 'NONE',  ( -0.2791186315023629905, 5.850000000000000533, 0.4553954123519520225 ) ) ;
#1414 = LINE ( 'NONE', #4355, #4505 ) ;
#1415 = VERTEX_POINT ( 'NONE', #3189 ) ;
#1416 = CARTESIAN_POINT ( 'NONE',  ( -0.01003720405812071927, 5.850000000000000533, -1.383922988076349947 ) ) ;
#1417 = ORIENTED_EDGE ( 'NONE', *, *, #2656, .F. ) ;
#1418 = CARTESIAN_POINT ( 'NONE',  ( 0.1316739068794033907, 5.850000000000000533, 2.362453353668440226 ) ) ;
#1419 = ADVANCED_FACE ( 'NONE', ( #293 ), #1347, .F. ) ;
#1420 = ADVANCED_FACE ( 'NONE', ( #2810 ), #2886, .F. ) ;
#1421 = VERTEX_POINT ( 'NONE', #427 ) ;
#1422 = CARTESIAN_POINT ( 'NONE',  ( 0.3756529740200434953, 5.850000000000000533, 1.705128701449345030 ) ) ;
#1423 = FACE_OUTER_BOUND ( 'NONE', #82, .T. ) ;
#1424 = AXIS2_PLACEMENT_3D ( 'NONE', #3614, #3537, #602 ) ;
#1425 = EDGE_CURVE ( 'NONE', #122, #451, #450, .T. ) ;
#1426 = ORIENTED_EDGE ( 'NONE', *, *, #3245, .T. ) ;
#1427 = DIRECTION ( 'NONE',  ( 0.000000000000000000, -1.000000000000000000, 0.000000000000000000 ) ) ;
#1428 = VERTEX_POINT ( 'NONE', #1442 ) ;
#1429 = DIRECTION ( 'NONE',  ( 0.000000000000000000, 1.000000000000000000, 0.000000000000000000 ) ) ;
#1430 = CARTESIAN_POINT ( 'NONE',  ( -0.2517572053471150428, 5.850000000000000533, 1.329932750903455974 ) ) ;
#1431 = CARTESIAN_POINT ( 'NONE',  ( 0.1253468695951671930, 5.850000000000000533, 0.6999697923851699866 ) ) ;
#1432 = DIRECTION ( 'NONE',  ( 0.000000000000000000, 1.000000000000000000, 0.000000000000000000 ) ) ;
#1433 = EDGE_LOOP ( 'NONE', ( #1695, #3115, #2080, #3016, #4305, #2442, #4151, #768, #1811, #2360, #2308, #1522, #4551 ) ) ;
#1434 = CARTESIAN_POINT ( 'NONE',  ( -0.3087354479080139935, 5.839999999999999858, -2.055287102678689859 ) ) ;
#1435 = DIRECTION ( 'NONE',  ( 0.000000000000000000, 0.000000000000000000, -1.000000000000000000 ) ) ;
#1436 = VERTEX_POINT ( 'NONE', #1177 ) ;
#1437 =( NAMED_UNIT ( * ) PLANE_ANGLE_UNIT ( ) SI_UNIT ( $, .RADIAN. ) );
#1438 = ORIENTED_EDGE ( 'NONE', *, *, #2885, .F. ) ;
#1439 = PLANE ( 'NONE',  #2171 ) ;
#1440 = ORIENTED_EDGE ( 'NONE', *, *, #2255, .F. ) ;
#1441 = VECTOR ( 'NONE', #1404, 1000.000000000000000 ) ;
#1442 = CARTESIAN_POINT ( 'NONE',  ( 0.2296754540190664995, 5.850000000000000533, -1.072375907628356106 ) ) ;
#1443 = ORIENTED_EDGE ( 'NONE', *, *, #4543, .T. ) ;
#1444 = CARTESIAN_POINT ( 'NONE',  ( 0.3756529740200439949, 5.850000000000000533, 1.937151901330754988 ) ) ;
#1445 = EDGE_CURVE ( 'NONE', #1199, #3492, #1902, .T. ) ;
#1446 = CARTESIAN_POINT ( 'NONE',  ( -0.2224646878922350024, 5.850000000000000533, 0.5982705065701399150 ) ) ;
#1447 = ADVANCED_FACE ( 'NONE', ( #2959 ), #2422, .F. ) ;
#1448 = ORIENTED_EDGE ( 'NONE', *, *, #4568, .T. ) ;
#1449 = ADVANCED_FACE ( 'NONE', ( #2980 ), #3005, .F. ) ;
#1450 = CARTESIAN_POINT ( 'NONE',  ( 3.149999999999999911, -0.1499999999999999944, 2.799999999999999822 ) ) ;
#1451 = EDGE_LOOP ( 'NONE', ( #3884, #2594, #1055, #4479 ) ) ;
#1452 = CARTESIAN_POINT ( 'NONE',  ( -0.04349874956164235390, 5.850000000000000533, -0.3125086096630844690 ) ) ;
#1453 = CARTESIAN_POINT ( 'NONE',  ( -0.3087354479080139935, 5.839999999999999858, -2.055287102678689859 ) ) ;
#1454 = CARTESIAN_POINT ( 'NONE',  ( -0.03965402046376354656, 5.839999999999999858, -1.918861231463404815 ) ) ;
#1455 = STYLED_ITEM ( 'NONE', ( #4670 ), #1765 ) ;
#1456 = VECTOR ( 'NONE', #4304, 1000.000000000000000 ) ;
#1457 = CARTESIAN_POINT ( 'NONE',  ( 0.2606069197291449591, 5.850000000000000533, -2.257395829708159773 ) ) ;
#1458 = VERTEX_POINT ( 'NONE', #4432 ) ;
#1459 = CARTESIAN_POINT ( 'NONE',  ( -0.1365641606337006098, 5.850000000000000533, 1.194176606692322062 ) ) ;
#1460 = CARTESIAN_POINT ( 'NONE',  ( 3.299999999999999822, 5.850000000000000533, -3.200000000000000178 ) ) ;
#1461 = ORIENTED_EDGE ( 'NONE', *, *, #2386, .F. ) ;
#1462 =( NAMED_UNIT ( * ) SI_UNIT ( $, .STERADIAN. ) SOLID_ANGLE_UNIT ( ) );
#1463 = LINE ( 'NONE', #470, #2682 ) ;
#1464 = EDGE_LOOP ( 'NONE', ( #1766, #1974, #1535, #2483, #869, #2340, #1818, #1806, #4033, #2893, #4281, #4416, #4106, #3295, #2966, #2621, #1964, #2852, #2249 ) ) ;
#1465 = DIRECTION ( 'NONE',  ( -0.1111304593101984095, 0.000000000000000000, 0.9938058266147892228 ) ) ;
#1466 = LINE ( 'NONE', #1772, #2334 ) ;
#1467 = CARTESIAN_POINT ( 'NONE',  ( 0.3756529740200434953, 5.839999999999999858, 1.705128701449345030 ) ) ;
#1468 = ORIENTED_EDGE ( 'NONE', *, *, #4515, .T. ) ;
#1469 = DIRECTION ( 'NONE',  ( 1.000000000000000000, 0.000000000000000000, 0.000000000000000000 ) ) ;
#1470 = B_SPLINE_SURFACE_WITH_KNOTS ( 'NONE', 3, 1, ( 
 ( #1489, #4066 ),
 ( #1126, #2591 ),
 ( #3686, #2266 ),
 ( #423, #1869 ) ),
 .UNSPECIFIED., .F., .F., .F.,
 ( 4, 4 ),
 ( 2, 2 ),
 ( 10.00000000000000000, 11.00000000000000000 ),
 ( 0.000000000000000000, 1.000000000000000000 ),
 .UNSPECIFIED. ) ;
#1471 = CARTESIAN_POINT ( 'NONE',  ( 3.149999999999999911, -0.05000000000000000278, 2.799999999999999822 ) ) ;
#1472 = ORIENTED_EDGE ( 'NONE', *, *, #4087, .T. ) ;
#1473 = DIRECTION ( 'NONE',  ( 1.000000000000000000, 0.000000000000000000, -4.953857847517550963E-15 ) ) ;
#1474 = ORIENTED_EDGE ( 'NONE', *, *, #2625, .T. ) ;
#1475 = ORIENTED_EDGE ( 'NONE', *, *, #1737, .T. ) ;
#1476 = AXIS2_PLACEMENT_3D ( 'NONE', #3422, #109, #132 ) ;
#1477 = CARTESIAN_POINT ( 'NONE',  ( -0.5134486688425010659, 5.850000000000000533, 0.8879894476236900314 ) ) ;
#1478 = CARTESIAN_POINT ( 'NONE',  ( -3.299999999999999822, 5.850000000000000533, -3.399999999999999911 ) ) ;
#1479 = EDGE_CURVE ( 'NONE', #447, #4040, #2574, .T. ) ;
#1480 = CARTESIAN_POINT ( 'NONE',  ( 0.2296754540190624749, 5.850000000000000533, -2.341136509930489940 ) ) ;
#1481 = ORIENTED_EDGE ( 'NONE', *, *, #3841, .F. ) ;
#1482 = DIRECTION ( 'NONE',  ( 0.000000000000000000, 0.000000000000000000, 1.000000000000000000 ) ) ;
#1483 = LINE ( 'NONE', #1460, #4610 ) ;
#1484 = VECTOR ( 'NONE', #541, 1000.000000000000000 ) ;
#1485 = EDGE_LOOP ( 'NONE', ( #912, #1642, #1612, #3781 ) ) ;
#1486 = EDGE_CURVE ( 'NONE', #4600, #1881, #337, .T. ) ;
#1487 = LINE ( 'NONE', #723, #1198 ) ;
#1488 = VECTOR ( 'NONE', #3360, 1000.000000000000000 ) ;
#1489 = CARTESIAN_POINT ( 'NONE',  ( 0.1407753953944151926, 5.839999999999999858, -1.354355781078413923 ) ) ;
#1490 = VERTEX_POINT ( 'NONE', #2643 ) ;
#1491 = LINE ( 'NONE', #1416, #1855 ) ;
#1492 = B_SPLINE_CURVE_WITH_KNOTS ( 'NONE', 3,
 ( #4585, #3465, #573, #4538 ),
 .UNSPECIFIED., .F., .F.,
 ( 4, 4 ),
 ( 0.000000000000000000, 1.000000000000000000 ),
 .UNSPECIFIED. ) ;
#1493 = B_SPLINE_CURVE_WITH_KNOTS ( 'NONE', 3,
 ( #2831, #1293, #3874, #2062 ),
 .UNSPECIFIED., .F., .F.,
 ( 4, 4 ),
 ( 4.000000000000000000, 5.000000000000000000 ),
 .UNSPECIFIED. ) ;
#1494 = LINE ( 'NONE', #4042, #43 ) ;
#1495 = CARTESIAN_POINT ( 'NONE',  ( 0.1577188459295950085, 5.839999999999999858, 2.247681988920595231 ) ) ;
#1496 = ORIENTED_EDGE ( 'NONE', *, *, #1094, .F. ) ;
#1497 = CARTESIAN_POINT ( 'NONE',  ( -0.1365641606337006098, 5.839999999999999858, 1.194176606692322062 ) ) ;
#1498 = B_SPLINE_CURVE_WITH_KNOTS ( 'NONE', 3,
 ( #236, #3227, #1694, #696 ),
 .UNSPECIFIED., .F., .F.,
 ( 4, 4 ),
 ( 7.000000000000000000, 8.000000000000000000 ),
 .UNSPECIFIED. ) ;
#1499 = CARTESIAN_POINT ( 'NONE',  ( -0.2211996479955155026, 5.850000000000000533, -1.459874991287479995 ) ) ;
#1500 = ORIENTED_EDGE ( 'NONE', *, *, #3097, .T. ) ;
#1501 = DIRECTION ( 'NONE',  ( -2.475526094464650323E-15, 0.000000000000000000, -1.000000000000000000 ) ) ;
#1502 = ORIENTED_EDGE ( 'NONE', *, *, #1735, .F. ) ;
#1503 = ORIENTED_EDGE ( 'NONE', *, *, #2946, .F. ) ;
#1504 = VECTOR ( 'NONE', #4233, 1000.000000000000000 ) ;
#1505 = FACE_OUTER_BOUND ( 'NONE', #369, .T. ) ;
#1506 = CARTESIAN_POINT ( 'NONE',  ( 0.1253468695951615863, 5.839999999999999858, -0.9820371761799829846 ) ) ;
#1507 = CARTESIAN_POINT ( 'NONE',  ( 0.04029154006839325008, 5.850000000000000533, -1.072375907628353886 ) ) ;
#1508 = ORIENTED_EDGE ( 'NONE', *, *, #3491, .F. ) ;
#1509 = CARTESIAN_POINT ( 'NONE',  ( 3.299999999999999822, 0.000000000000000000, -3.399999999999999911 ) ) ;
#1510 = LINE ( 'NONE', #770, #806 ) ;
#1511 = EDGE_CURVE ( 'NONE', #3482, #1121, #2292, .T. ) ;
#1512 = ORIENTED_EDGE ( 'NONE', *, *, #3929, .F. ) ;
#1513 = EDGE_CURVE ( 'NONE', #1199, #4653, #1022, .T. ) ;
#1514 = CARTESIAN_POINT ( 'NONE',  ( 0.04029154006839325008, 5.839999999999999858, -1.234648280262976128 ) ) ;
#1515 = EDGE_CURVE ( 'NONE', #3676, #760, #2293, .T. ) ;
#1516 = CARTESIAN_POINT ( 'NONE',  ( -0.7335656108724010194, 5.850000000000000533, -0.6215752197253500144 ) ) ;
#1517 = ORIENTED_EDGE ( 'NONE', *, *, #4577, .F. ) ;
#1518 = FACE_OUTER_BOUND ( 'NONE', #3573, .T. ) ;
#1519 = PLANE ( 'NONE',  #2947 ) ;
#1520 = CARTESIAN_POINT ( 'NONE',  ( -0.2855678545052690032, 5.839999999999999858, -0.3125086096630839694 ) ) ;
#1521 = EDGE_CURVE ( 'NONE', #2180, #90, #1978, .T. ) ;
#1522 = ORIENTED_EDGE ( 'NONE', *, *, #1221, .T. ) ;
#1523 = DIRECTION ( 'NONE',  ( 1.000000000000000000, 0.000000000000000000, -4.885111939044140259E-15 ) ) ;
#1524 = CARTESIAN_POINT ( 'NONE',  ( -0.4168839567259425283, 5.839999999999999858, -0.05359711080033600222 ) ) ;
#1525 = VECTOR ( 'NONE', #4062, 1000.000000000000000 ) ;
#1526 = CARTESIAN_POINT ( 'NONE',  ( -0.4168839567259439716, 5.850000000000000533, -0.4927891972981219282 ) ) ;
#1527 = EDGE_LOOP ( 'NONE', ( #482, #4450, #2914, #4516 ) ) ;
#1528 = CARTESIAN_POINT ( 'NONE',  ( 0.1413973507914786099, 5.839999999999999858, 2.265590985105584654 ) ) ;
#1529 = ORIENTED_EDGE ( 'NONE', *, *, #3014, .T. ) ;
#1530 = ORIENTED_EDGE ( 'NONE', *, *, #4194, .T. ) ;
#1531 = PRESENTATION_LAYER_ASSIGNMENT (  '', '', ( #4076 ) ) ;
#1532 = DIRECTION ( 'NONE',  ( -1.000000000000000000, 0.000000000000000000, 5.222947163506660980E-15 ) ) ;
#1533 = CARTESIAN_POINT ( 'NONE',  ( -0.6447647710631819740, 5.839999999999999858, 0.3871328673366029594 ) ) ;
#1534 = CARTESIAN_POINT ( 'NONE',  ( -0.2211996479955165018, 5.850000000000000533, -1.622147363922090246 ) ) ;
#1535 = ORIENTED_EDGE ( 'NONE', *, *, #2536, .F. ) ;
#1536 = CARTESIAN_POINT ( 'NONE',  ( -0.3087354479080109959, 5.850000000000000533, -1.273244399464960042 ) ) ;
#1537 = CARTESIAN_POINT ( 'NONE',  ( 0.1253468695951630019, 5.839999999999999858, -0.4927891972981239821 ) ) ;
#1538 = VECTOR ( 'NONE', #1046, 1000.000000000000000 ) ;
#1539 = VECTOR ( 'NONE', #3798, 1000.000000000000114 ) ;
#1540 = ORIENTED_EDGE ( 'NONE', *, *, #3845, .T. ) ;
#1541 = CARTESIAN_POINT ( 'NONE',  ( 0.1577188459295950085, 5.850000000000000533, 2.247681988920595231 ) ) ;
#1542 = DIRECTION ( 'NONE',  ( 0.000000000000000000, 1.000000000000000000, 0.000000000000000000 ) ) ;
#1543 = ORIENTED_EDGE ( 'NONE', *, *, #2535, .T. ) ;
#1544 = LINE ( 'NONE', #2618, #2252 ) ;
#1545 = VECTOR ( 'NONE', #4011, 1000.000000000000000 ) ;
#1546 = CARTESIAN_POINT ( 'NONE',  ( -0.1928726761904565046, 5.850000000000000533, -1.243577973651605939 ) ) ;
#1547 = CARTESIAN_POINT ( 'NONE',  ( -0.4168839567259414736, 5.839999999999999858, 0.2166997471329254743 ) ) ;
#1548 = EDGE_CURVE ( 'NONE', #3319, #1794, #13, .T. ) ;
#1549 = VERTEX_POINT ( 'NONE', #2595 ) ;
#1550 = EDGE_CURVE ( 'NONE', #2576, #4686, #2909, .T. ) ;
#1551 = EDGE_CURVE ( 'NONE', #1549, #1490, #729, .T. ) ;
#1552 = CARTESIAN_POINT ( 'NONE',  ( -0.2224646878922350024, 5.839999999999999858, 0.5982705065701399150 ) ) ;
#1553 = CARTESIAN_POINT ( 'NONE',  ( 0.3756529740200439949, 5.839999999999999858, 1.937151901330754988 ) ) ;
#1554 = CARTESIAN_POINT ( 'NONE',  ( 1.449999999999999956, -0.05000000000000000278, -2.700000000000000178 ) ) ;
#1555 = EDGE_CURVE ( 'NONE', #1383, #3975, #4095, .T. ) ;
#1556 = FACE_OUTER_BOUND ( 'NONE', #1698, .T. ) ;
#1557 = VERTEX_POINT ( 'NONE', #474 ) ;
#1558 = ORIENTED_EDGE ( 'NONE', *, *, #276, .T. ) ;
#1559 = CARTESIAN_POINT ( 'NONE',  ( 0.03310001375039699906, 5.850000000000000533, 1.956201913893174993 ) ) ;
#1560 = FACE_OUTER_BOUND ( 'NONE', #1328, .T. ) ;
#1561 =( GEOMETRIC_REPRESENTATION_CONTEXT ( 3 ) GLOBAL_UNCERTAINTY_ASSIGNED_CONTEXT ( ( #1305 ) ) GLOBAL_UNIT_ASSIGNED_CONTEXT ( ( #3793, #878, #2383 ) ) REPRESENTATION_CONTEXT ( 'NONE', 'WORKASPACE' ) );
#1562 = PRESENTATION_LAYER_ASSIGNMENT (  '', '', ( #418 ) ) ;
#1563 = ORIENTED_EDGE ( 'NONE', *, *, #3927, .F. ) ;
#1564 = CARTESIAN_POINT ( 'NONE',  ( -0.4323372872290615065, 5.839999999999999858, -1.360755394673609953 ) ) ;
#1565 = CARTESIAN_POINT ( 'NONE',  ( -0.07953814646571659430, 5.839999999999999858, 1.329759117976453853 ) ) ;
#1566 = VECTOR ( 'NONE', #4592, 1000.000000000000000 ) ;
#1567 = VERTEX_POINT ( 'NONE', #801 ) ;
#1568 = B_SPLINE_CURVE_WITH_KNOTS ( 'NONE', 3,
 ( #2492, #1029, #266, #3944, #675, #961, #2160 ),
 .UNSPECIFIED., .F., .F.,
 ( 4, 3, 4 ),
 ( 22.00000000000000000, 23.00000000000000000, 24.00000000000000000 ),
 .UNSPECIFIED. ) ;
#1569 = CARTESIAN_POINT ( 'NONE',  ( -0.1426431508793720160, 5.850000000000000533, -1.591240702915870164 ) ) ;
#1570 = DIRECTION ( 'NONE',  ( -1.000000000000000000, 0.000000000000000000, 3.505175547281160426E-15 ) ) ;
#1571 = ORIENTED_EDGE ( 'NONE', *, *, #3068, .F. ) ;
#1572 = CARTESIAN_POINT ( 'NONE',  ( -0.2211996479955165018, 5.839999999999999858, -1.622147363922090246 ) ) ;
#1573 = CARTESIAN_POINT ( 'NONE',  ( 0.2567373859274095227, 5.850000000000000533, 0.6111937572797999652 ) ) ;
#1575 = ORIENTED_EDGE ( 'NONE', *, *, #4255, .T. ) ;
#1574 = VECTOR ( 'NONE', #2895, 1000.000000000000000 ) ;
#1576 = CARTESIAN_POINT ( 'NONE',  ( -3.299999999999999822, 5.850000000000000533, 3.399999999999999911 ) ) ;
#1577 = CARTESIAN_POINT ( 'NONE',  ( 0.001546592643255075136, 5.839999999999999858, -1.462454680488640024 ) ) ;
#1578 = CARTESIAN_POINT ( 'NONE',  ( 0.08670114098544448589, 5.850000000000000533, -2.350165422134550042 ) ) ;
#1579 = EDGE_CURVE ( 'NONE', #3319, #2352, #738, .T. ) ;
#1580 = EDGE_CURVE ( 'NONE', #4445, #3242, #403, .T. ) ;
#1581 = CARTESIAN_POINT ( 'NONE',  ( -0.3087354479080109959, 5.850000000000000533, -1.273244399464960042 ) ) ;
#1582 = ORIENTED_EDGE ( 'NONE', *, *, #1010, .T. ) ;
#1583 = VERTEX_POINT ( 'NONE', #2270 ) ;
#1584 = CARTESIAN_POINT ( 'NONE',  ( -0.09050182557064970212, 5.850000000000000533, 1.205561965762840027 ) ) ;
#1585 = ADVANCED_FACE ( 'NONE', ( #2412 ), #3464, .F. ) ;
#1586 = CARTESIAN_POINT ( 'NONE',  ( 0.1253468695951681922, 5.850000000000000533, 0.9767654827290488395 ) ) ;
#1587 = EDGE_CURVE ( 'NONE', #845, #1234, #4176, .T. ) ;
#1588 = VERTEX_POINT ( 'NONE', #2369 ) ;
#1589 = DIRECTION ( 'NONE',  ( 3.353387193516085543E-15, 0.000000000000000000, 1.000000000000000000 ) ) ;
#1590 = DIRECTION ( 'NONE',  ( -4.745234259692869648E-15, 0.000000000000000000, -1.000000000000000000 ) ) ;
#1591 = VECTOR ( 'NONE', #4620, 1000.000000000000000 ) ;
#1592 = EDGE_LOOP ( 'NONE', ( #2205, #2099, #4443, #4704 ) ) ;
#1593 = FACE_OUTER_BOUND ( 'NONE', #1351, .T. ) ;
#1594 = ORIENTED_EDGE ( 'NONE', *, *, #1587, .F. ) ;
#1595 = CARTESIAN_POINT ( 'NONE',  ( 0.1331107419024941951, 5.850000000000000533, -2.218799710506170086 ) ) ;
#1596 = LINE ( 'NONE', #4159, #875 ) ;
#1597 = ORIENTED_EDGE ( 'NONE', *, *, #4134, .F. ) ;
#1598 = PLANE ( 'NONE',  #1375 ) ;
#1599 = DIRECTION ( 'NONE',  ( 0.000000000000000000, 1.000000000000000000, 0.000000000000000000 ) ) ;
#1600 = LINE ( 'NONE', #1232, #3881 ) ;
#1601 = B_SPLINE_SURFACE_WITH_KNOTS ( 'NONE', 3, 1, ( 
 ( #4152, #1691 ),
 ( #1263, #3776 ),
 ( #3839, #3795 ),
 ( #1648, #3155 ),
 ( #1309, #2768 ),
 ( #880, #3085 ),
 ( #903, #2411 ) ),
 .UNSPECIFIED., .F., .F., .F.,
 ( 4, 3, 4 ),
 ( 2, 2 ),
 ( 22.00000000000000000, 23.00000000000000000, 24.00000000000000000 ),
 ( 0.000000000000000000, 1.000000000000000000 ),
 .UNSPECIFIED. ) ;
#1602 = CARTESIAN_POINT ( 'NONE',  ( -0.2379180183953500116, 5.839999999999999858, -1.234648280262974129 ) ) ;
#1603 = EDGE_CURVE ( 'NONE', #429, #2047, #2076, .T. ) ;
#1604 = VERTEX_POINT ( 'NONE', #1669 ) ;
#1605 = CARTESIAN_POINT ( 'NONE',  ( -0.4070098467901084871, 5.839999999999999858, 2.010300973006009961 ) ) ;
#1606 = VECTOR ( 'NONE', #462, 1000.000000000000000 ) ;
#1607 = DIRECTION ( 'NONE',  ( 0.000000000000000000, 1.000000000000000000, 0.000000000000000000 ) ) ;
#1608 = ADVANCED_FACE ( 'NONE', ( #1356 ), #1310, .F. ) ;
#1609 = EDGE_CURVE ( 'NONE', #1866, #1157, #1265, .T. ) ;
#1610 = AXIS2_PLACEMENT_3D ( 'NONE', #1846, #4384, #2192 ) ;
#1611 = EDGE_CURVE ( 'NONE', #455, #4400, #4661, .T. ) ;
#1612 = ORIENTED_EDGE ( 'NONE', *, *, #2007, .F. ) ;
#1613 = PLANE ( 'NONE',  #1907 ) ;
#1614 = DIRECTION ( 'NONE',  ( 0.000000000000000000, 1.000000000000000000, 0.000000000000000000 ) ) ;
#1615 = EDGE_LOOP ( 'NONE', ( #762, #325, #4057, #1665 ) ) ;
#1616 = DIRECTION ( 'NONE',  ( 0.000000000000000000, 1.000000000000000000, 0.000000000000000000 ) ) ;
#1617 = ORIENTED_EDGE ( 'NONE', *, *, #546, .T. ) ;
#1618 = PLANE ( 'NONE',  #3569 ) ;
#1619 = CARTESIAN_POINT ( 'NONE',  ( 1.449999999999999956, 0.000000000000000000, -2.799999999999999822 ) ) ;
#1620 = VERTEX_POINT ( 'NONE', #3863 ) ;
#1621 = CARTESIAN_POINT ( 'NONE',  ( -0.04349874956164310330, 5.850000000000000533, -0.3125086096630849686 ) ) ;
#1622 = CARTESIAN_POINT ( 'NONE',  ( 0.3756529740200434953, 5.839999999999999858, 1.705128701449345030 ) ) ;
#1623 = ORIENTED_EDGE ( 'NONE', *, *, #1609, .F. ) ;
#1624 = CARTESIAN_POINT ( 'NONE',  ( -0.2379180183953500116, 5.839999999999999858, -1.234648280262974129 ) ) ;
#1625 = VERTEX_POINT ( 'NONE', #930 ) ;
#1626 = CARTESIAN_POINT ( 'NONE',  ( -0.1210116113151645939, 5.839999999999999858, 1.197376413489920077 ) ) ;
#1627 = B_SPLINE_CURVE_WITH_KNOTS ( 'NONE', 3,
 ( #1452, #2919, #974, #641 ),
 .UNSPECIFIED., .F., .F.,
 ( 4, 4 ),
 ( 15.00000000000000000, 16.00000000000000000 ),
 .UNSPECIFIED. ) ;
#1628 = DIRECTION ( 'NONE',  ( 3.576031831567450365E-15, 0.000000000000000000, 1.000000000000000000 ) ) ;
#1629 = CARTESIAN_POINT ( 'NONE',  ( 0.3756529740200439949, 5.850000000000000533, 1.937151901330754988 ) ) ;
#1630 = CARTESIAN_POINT ( 'NONE',  ( -0.6447647710631799756, 5.839999999999999858, 0.9767654827290519481 ) ) ;
#1631 = ORIENTED_EDGE ( 'NONE', *, *, #1799, .T. ) ;
#1632 = CARTESIAN_POINT ( 'NONE',  ( -0.7335656108724020186, 5.839999999999999858, -0.9048449377759869572 ) ) ;
#1633 = CARTESIAN_POINT ( 'NONE',  ( -0.1427405318941717960, 5.839999999999999858, 2.448649699572639893 ) ) ;
#1634 = VECTOR ( 'NONE', #96, 1000.000000000000000 ) ;
#1635 = VECTOR ( 'NONE', #1272, 1000.000000000000000 ) ;
#1636 = EDGE_CURVE ( 'NONE', #1124, #854, #2797, .T. ) ;
#1637 = ORIENTED_EDGE ( 'NONE', *, *, #4498, .T. ) ;
#1638 = CARTESIAN_POINT ( 'NONE',  ( -0.07698509976903580854, 5.850000000000000533, -1.723152118029109836 ) ) ;
#1639 = PLANE ( 'NONE',  #2629 ) ;
#1640 = DIRECTION ( 'NONE',  ( 0.9978504012473119467, 0.000000000000000000, 0.06553302015456261009 ) ) ;
#1641 = VECTOR ( 'NONE', #1154, 1000.000000000000000 ) ;
#1642 = ORIENTED_EDGE ( 'NONE', *, *, #2031, .F. ) ;
#1643 = CARTESIAN_POINT ( 'NONE',  ( 0.2567373859274060255, 5.839999999999999858, -0.3189578326659974761 ) ) ;
#1644 = CARTESIAN_POINT ( 'NONE',  ( 0.03642200626665854923, 5.839999999999999858, 0.1265842580192653999 ) ) ;
#1645 = B_SPLINE_CURVE_WITH_KNOTS ( 'NONE', 3,
 ( #1788, #2464, #4701, #2182 ),
 .UNSPECIFIED., .F., .F.,
 ( 4, 4 ),
 ( 15.00000000000000000, 16.00000000000000000 ),
 .UNSPECIFIED. ) ;
#1646 = DIRECTION ( 'NONE',  ( -1.581387086635190108E-15, 0.000000000000000000, -1.000000000000000000 ) ) ;
#1647 = ORIENTED_EDGE ( 'NONE', *, *, #4568, .F. ) ;
#1648 = CARTESIAN_POINT ( 'NONE',  ( -0.7332661166254919038, 5.839999999999999858, 1.705054287337774976 ) ) ;
#1649 = CARTESIAN_POINT ( 'NONE',  ( 0.05839897388424299812, 5.850000000000000533, -1.485671883299094054 ) ) ;
#1650 = CARTESIAN_POINT ( 'NONE',  ( -0.3227978771944879921, 5.839999999999999858, 1.910238797645559927 ) ) ;
#1651 = ORIENTED_EDGE ( 'NONE', *, *, #2196, .T. ) ;
#1652 = EDGE_CURVE ( 'NONE', #726, #3292, #3842, .T. ) ;
#1653 = CARTESIAN_POINT ( 'NONE',  ( -0.4168839567259429724, 5.850000000000000533, -0.2275276942478945130 ) ) ;
#1654 = CARTESIAN_POINT ( 'NONE',  ( -0.3872671403203019613, 5.839999999999999858, -1.622147363922090246 ) ) ;
#1655 = VECTOR ( 'NONE', #4427, 1000.000000000000000 ) ;
#1656 = EDGE_CURVE ( 'NONE', #845, #862, #2051, .T. ) ;
#1657 = ORIENTED_EDGE ( 'NONE', *, *, #56, .T. ) ;
#1658 = CARTESIAN_POINT ( 'NONE',  ( 0.4539366193937570682, 5.839999999999999858, 1.937821628334900126 ) ) ;
#1659 = ADVANCED_FACE ( 'NONE', ( #3485 ), #235, .F. ) ;
#1660 = CARTESIAN_POINT ( 'NONE',  ( -0.2894125836031595234, 5.850000000000000533, -1.459874991287479995 ) ) ;
#1661 = CARTESIAN_POINT ( 'NONE',  ( 0.1253468695951681922, 5.850000000000000533, 0.8879894476236869227 ) ) ;
#1662 = VERTEX_POINT ( 'NONE', #3275 ) ;
#1663 = CARTESIAN_POINT ( 'NONE',  ( -0.1427405318941717960, 5.839999999999999858, 2.448649699572639893 ) ) ;
#1664 = CARTESIAN_POINT ( 'NONE',  ( 0.1253468695951640011, 5.839999999999999858, -0.1721139858306355019 ) ) ;
#1665 = ORIENTED_EDGE ( 'NONE', *, *, #3409, .T. ) ;
#1666 = FACE_BOUND ( 'NONE', #2438, .T. ) ;
#1667 = VECTOR ( 'NONE', #2839, 1000.000000000000000 ) ;
#1668 = DIRECTION ( 'NONE',  ( -3.438311824943705426E-15, 0.000000000000000000, -1.000000000000000000 ) ) ;
#1669 = CARTESIAN_POINT ( 'NONE',  ( 0.2712251707807120105, 5.839999999999999858, 2.355011942511235024 ) ) ;
#1670 = DIRECTION ( 'NONE',  ( 0.000000000000000000, -1.000000000000000000, 0.000000000000000000 ) ) ;
#1671 = VERTEX_POINT ( 'NONE', #303 ) ;
#1672 = CARTESIAN_POINT ( 'NONE',  ( 0.2567373859274045267, 5.850000000000000533, -0.6511920361309959659 ) ) ;
#1673 = CARTESIAN_POINT ( 'NONE',  ( 0.2721659117266574945, 5.839999999999999858, -2.184073125105909785 ) ) ;
#1674 = VECTOR ( 'NONE', #1640, 1000.000000000000227 ) ;
#1675 = ORIENTED_EDGE ( 'NONE', *, *, #3124, .F. ) ;
#1676 = PLANE ( 'NONE',  #2526 ) ;
#1677 = CARTESIAN_POINT ( 'NONE',  ( 0.2567373859274110215, 5.850000000000000533, 0.9767654827290478403 ) ) ;
#1678 = LINE ( 'NONE', #1661, #2982 ) ;
#1679 = PRESENTATION_LAYER_ASSIGNMENT (  '', '', ( #2604 ) ) ;
#1680 = ADVANCED_FACE ( 'NONE', ( #2177 ), #968, .F. ) ;
#1681 = EDGE_CURVE ( 'NONE', #2371, #2129, #2921, .T. ) ;
#1682 = COLOUR_RGB ( '',0.2000000000000000111, 0.2000000000000000111, 0.2000000000000000111 ) ;
#1683 = CARTESIAN_POINT ( 'NONE',  ( -3.100000000000000089, 5.850000000000000533, -3.200000000000000178 ) ) ;
#1684 = LINE ( 'NONE', #2932, #2711 ) ;
#1685 = LINE ( 'NONE', #2406, #1484 ) ;
#1686 = LINE ( 'NONE', #2342, #3968 ) ;
#1687 = UNCERTAINTY_MEASURE_WITH_UNIT (LENGTH_MEASURE( 1.000000000000000082E-05 ), #3476, 'distance_accuracy_value', 'NONE');
#1688 = ORIENTED_EDGE ( 'NONE', *, *, #1425, .T. ) ;
#1689 = CARTESIAN_POINT ( 'NONE',  ( -0.5134486688425010659, 5.839999999999999858, 0.8879894476236900314 ) ) ;
#1690 = ORIENTED_EDGE ( 'NONE', *, *, #4190, .T. ) ;
#1691 = CARTESIAN_POINT ( 'NONE',  ( -0.5505546680124420167, 5.850000000000000533, 1.287839168457580064 ) ) ;
#1692 = CARTESIAN_POINT ( 'NONE',  ( 1.449999999999999956, 0.000000000000000000, -2.799999999999999822 ) ) ;
#1693 = B_SPLINE_SURFACE_WITH_KNOTS ( 'NONE', 3, 1, ( 
 ( #2165, #1396 ),
 ( #2449, #2139 ),
 ( #2833, #3620 ),
 ( #1008, #4616 ) ),
 .UNSPECIFIED., .F., .F., .F.,
 ( 4, 4 ),
 ( 2, 2 ),
 ( 15.00000000000000000, 16.00000000000000000 ),
 ( 0.000000000000000000, 1.000000000000000000 ),
 .UNSPECIFIED. ) ;
#1694 = CARTESIAN_POINT ( 'NONE',  ( 0.2245408803206039861, 5.839999999999999858, -0.2905812514532200019 ) ) ;
#1695 = ORIENTED_EDGE ( 'NONE', *, *, #3384, .T. ) ;
#1696 = LINE ( 'NONE', #1653, #4713 ) ;
#1697 = CARTESIAN_POINT ( 'NONE',  ( -0.4723454367502979978, 5.850000000000000533, 1.398592171180533805 ) ) ;
#1698 = EDGE_LOOP ( 'NONE', ( #3591, #2183, #1113, #85 ) ) ;
#1699 = LINE ( 'NONE', #4257, #1039 ) ;
#1700 = ORIENTED_EDGE ( 'NONE', *, *, #4049, .T. ) ;
#1701 = B_SPLINE_CURVE_WITH_KNOTS ( 'NONE', 3,
 ( #787, #2254, #2228, #3700, #4574, #2019, #1663 ),
 .UNSPECIFIED., .F., .F.,
 ( 4, 3, 4 ),
 ( 22.00000000000000000, 23.00000000000000000, 24.00000000000000000 ),
 .UNSPECIFIED. ) ;
#1703 = CARTESIAN_POINT ( 'NONE',  ( -0.3087354479080139935, 5.839999999999999858, -2.055287102678689859 ) ) ;
#1702 = AXIS2_PLACEMENT_3D ( 'NONE', #1133, #1523, #4023 ) ;
#1704 = CARTESIAN_POINT ( 'NONE',  ( -0.7335656108724010194, 5.839999999999999858, -0.6215752197253500144 ) ) ;
#1705 = CARTESIAN_POINT ( 'NONE',  ( -0.4323372872290615065, 5.850000000000000533, -1.360755394673609953 ) ) ;
#1706 = EDGE_CURVE ( 'NONE', #3736, #3342, #4318, .T. ) ;
#1707 = VECTOR ( 'NONE', #74, 1000.000000000000000 ) ;
#1708 = DIRECTION ( 'NONE',  ( 0.000000000000000000, 0.000000000000000000, 1.000000000000000000 ) ) ;
#1709 = ORIENTED_EDGE ( 'NONE', *, *, #3232, .F. ) ;
#1710 = CARTESIAN_POINT ( 'NONE',  ( 0.04029154006839325008, 5.850000000000000533, -1.234648280262976128 ) ) ;
#1711 = VERTEX_POINT ( 'NONE', #1431 ) ;
#1712 = CARTESIAN_POINT ( 'NONE',  ( -0.5134486688425019540, 5.839999999999999858, 0.6999697923851720960 ) ) ;
#1713 = CARTESIAN_POINT ( 'NONE',  ( 0.007625582888919620744, 5.839999999999999858, 1.242148903952390082 ) ) ;
#1714 = EDGE_CURVE ( 'NONE', #4446, #4702, #3631, .T. ) ;
#1715 = FILL_AREA_STYLE_COLOUR ( '', #764 ) ;
#1716 = CARTESIAN_POINT ( 'NONE',  ( -0.1427405318941717960, 5.839999999999999858, 2.448649699572639893 ) ) ;
#1717 = VERTEX_POINT ( 'NONE', #2533 ) ;
#1718 = CARTESIAN_POINT ( 'NONE',  ( 0.2296754540190624749, 5.850000000000000533, -2.341136509930489940 ) ) ;
#1719 = VERTEX_POINT ( 'NONE', #3253 ) ;
#1720 = LINE ( 'NONE', #1343, #2032 ) ;
#1721 =( NAMED_UNIT ( * ) PLANE_ANGLE_UNIT ( ) SI_UNIT ( $, .RADIAN. ) );
#1722 = ORIENTED_EDGE ( 'NONE', *, *, #1890, .F. ) ;
#1723 = CARTESIAN_POINT ( 'NONE',  ( -0.2894125836031595234, 5.850000000000000533, -1.459874991287479995 ) ) ;
#1724 = MECHANICAL_DESIGN_GEOMETRIC_PRESENTATION_REPRESENTATION (  '', ( #3338 ), #3262 ) ;
#1725 = LINE ( 'NONE', #2882, #3055 ) ;
#1726 = CARTESIAN_POINT ( 'NONE',  ( 0.3756529740200449941, 5.850000000000000533, 2.077943400424930420 ) ) ;
#1727 = B_SPLINE_SURFACE_WITH_KNOTS ( 'NONE', 3, 1, ( 
 ( #1453, #2840 ),
 ( #2176, #3909 ),
 ( #2558, #3960 ),
 ( #690, #4009 ) ),
 .UNSPECIFIED., .F., .F., .F.,
 ( 4, 4 ),
 ( 2, 2 ),
 ( 1.000000000000000000, 2.000000000000000000 ),
 ( 0.000000000000000000, 1.000000000000000000 ),
 .UNSPECIFIED. ) ;
#1728 = CARTESIAN_POINT ( 'NONE',  ( 0.3756529740200439949, 5.839999999999999858, 1.937151901330754988 ) ) ;
#1729 = EDGE_CURVE ( 'NONE', #278, #1549, #359, .T. ) ;
#1730 = ORIENTED_EDGE ( 'NONE', *, *, #1243, .T. ) ;
#1731 = CARTESIAN_POINT ( 'NONE',  ( -0.6156918203417750535, 5.850000000000000533, 1.580633892789439887 ) ) ;
#1732 = ORIENTED_EDGE ( 'NONE', *, *, #1548, .T. ) ;
#1733 = CARTESIAN_POINT ( 'NONE',  ( 0.03310001375039695048, 5.839999999999999858, 1.956201913893174993 ) ) ;
#1734 = LINE ( 'NONE', #739, #3538 ) ;
#1735 = EDGE_CURVE ( 'NONE', #4313, #1850, #691, .T. ) ;
#1736 = ADVANCED_FACE ( 'NONE', ( #331 ), #2203, .F. ) ;
#1737 = EDGE_CURVE ( 'NONE', #4702, #4494, #2841, .T. ) ;
#1738 = EDGE_CURVE ( 'NONE', #3062, #2545, #2583, .T. ) ;
#1739 = CARTESIAN_POINT ( 'NONE',  ( -0.3087354479080139935, 5.850000000000000533, -2.055287102678689859 ) ) ;
#1740 = VERTEX_POINT ( 'NONE', #2559 ) ;
#1741 = CARTESIAN_POINT ( 'NONE',  ( -0.01003720405812071927, 5.839999999999999858, -1.383922988076349947 ) ) ;
#1742 = DIRECTION ( 'NONE',  ( 0.000000000000000000, 1.000000000000000000, 0.000000000000000000 ) ) ;
#1743 = EDGE_LOOP ( 'NONE', ( #105, #4012, #978, #4113, #300, #2588, #73, #2838, #3454, #2949, #638, #577, #2743, #1087, #4484, #3571, #2303, #2767, #3278 ) ) ;
#1744 = DIRECTION ( 'NONE',  ( 0.000000000000000000, 1.000000000000000000, 0.000000000000000000 ) ) ;
#1745 = PLANE ( 'NONE',  #477 ) ;
#1746 = ORIENTED_EDGE ( 'NONE', *, *, #4139, .F. ) ;
#1747 = DIRECTION ( 'NONE',  ( 0.1509290016105949983, 0.000000000000000000, -0.9885446052014187357 ) ) ;
#1748 = VECTOR ( 'NONE', #1820, 1000.000000000000000 ) ;
#1749 = DIRECTION ( 'NONE',  ( -1.000000000000000000, 0.000000000000000000, 3.305232110454095437E-15 ) ) ;
#1750 = ORIENTED_EDGE ( 'NONE', *, *, #3809, .T. ) ;
#1751 = FILL_AREA_STYLE_COLOUR ( '', #31 ) ;
#1752 = PLANE ( 'NONE',  #187 ) ;
#1753 = AXIS2_PLACEMENT_3D ( 'NONE', #1898, #4039, #4016 ) ;
#1754 = ORIENTED_EDGE ( 'NONE', *, *, #868, .T. ) ;
#1755 = CARTESIAN_POINT ( 'NONE',  ( 0.2296754540190664995, 5.839999999999999858, -1.072375907628356106 ) ) ;
#1756 = AXIS2_PLACEMENT_3D ( 'NONE', #1073, #4346, #2561 ) ;
#1757 = ORIENTED_EDGE ( 'NONE', *, *, #2717, .F. ) ;
#1758 = CARTESIAN_POINT ( 'NONE',  ( -0.2025942823018974936, 5.839999999999999858, 1.606405980097195041 ) ) ;
#1759 = CARTESIAN_POINT ( 'NONE',  ( -0.4168839567259429724, 5.839999999999999858, -0.2275276942478945130 ) ) ;
#1760 = DIRECTION ( 'NONE',  ( -1.000000000000000000, 0.000000000000000000, 6.601402918572450297E-15 ) ) ;
#1761 = DIRECTION ( 'NONE',  ( 1.000000000000000000, 0.000000000000000000, -3.583116227039375462E-15 ) ) ;
#1762 = ORIENTED_EDGE ( 'NONE', *, *, #1930, .T. ) ;
#1763 = CARTESIAN_POINT ( 'NONE',  ( -0.6447647710631819740, 5.839999999999999858, 0.3871328673366029594 ) ) ;
#1764 = CARTESIAN_POINT ( 'NONE',  ( -0.05123781716512929713, 5.850000000000000533, -1.114891170039816082 ) ) ;
#1765 = ADVANCED_FACE ( 'NONE', ( #740 ), #4696, .F. ) ;
#1766 = ORIENTED_EDGE ( 'NONE', *, *, #3198, .F. ) ;
#1767 = B_SPLINE_SURFACE_WITH_KNOTS ( 'NONE', 3, 1, ( 
 ( #2671, #2693 ),
 ( #4165, #3122 ),
 ( #1622, #3408 ),
 ( #1207, #581 ) ),
 .UNSPECIFIED., .F., .F., .F.,
 ( 4, 4 ),
 ( 2, 2 ),
 ( 28.00000000000000000, 29.00000000000000000 ),
 ( 0.000000000000000000, 1.000000000000000000 ),
 .UNSPECIFIED. ) ;
#1768 = CARTESIAN_POINT ( 'NONE',  ( -0.5505546680124420167, 5.839999999999999858, 1.287839168457580064 ) ) ;
#1769 = FACE_OUTER_BOUND ( 'NONE', #4102, .T. ) ;
#1770 = ORIENTED_EDGE ( 'NONE', *, *, #1243, .F. ) ;
#1771 = CARTESIAN_POINT ( 'NONE',  ( -3.149999999999999911, -0.1499999999999999944, 2.700000000000000178 ) ) ;
#1772 = CARTESIAN_POINT ( 'NONE',  ( -3.299999999999999822, 5.850000000000000533, 3.399999999999999911 ) ) ;
#1773 = CARTESIAN_POINT ( 'NONE',  ( -3.149999999999999911, -0.1499999999999999944, 2.700000000000000178 ) ) ;
#1774 = ORIENTED_EDGE ( 'NONE', *, *, #4276, .T. ) ;
#1775 = DIRECTION ( 'NONE',  ( 0.000000000000000000, 1.000000000000000000, 0.000000000000000000 ) ) ;
#1776 = CARTESIAN_POINT ( 'NONE',  ( -0.1085348452749209935, 5.839999999999999858, 2.363172690080300065 ) ) ;
#1777 = VECTOR ( 'NONE', #137, 1000.000000000000000 ) ;
#1778 = B_SPLINE_CURVE_WITH_KNOTS ( 'NONE', 3,
 ( #275, #2837, #687, #735 ),
 .UNSPECIFIED., .F., .F.,
 ( 4, 4 ),
 ( 14.00000000000000000, 15.00000000000000000 ),
 .UNSPECIFIED. ) ;
#1779 = ORIENTED_EDGE ( 'NONE', *, *, #955, .T. ) ;
#1780 = CARTESIAN_POINT ( 'NONE',  ( -0.6022991180594440275, 5.850000000000000533, -0.6215752197253509026 ) ) ;
#1781 = ORIENTED_EDGE ( 'NONE', *, *, #56, .F. ) ;
#1782 = CARTESIAN_POINT ( 'NONE',  ( -0.02099904536242460165, 5.839999999999999858, 1.734844736670420051 ) ) ;
#1783 = FACE_OUTER_BOUND ( 'NONE', #996, .T. ) ;
#1784 = SURFACE_SIDE_STYLE ('',( #3576 ) ) ;
#1785 = VECTOR ( 'NONE', #302, 1000.000000000000000 ) ;
#1786 = CARTESIAN_POINT ( 'NONE',  ( -0.3705239652166004705, 5.839999999999999858, 0.4553954123519520225 ) ) ;
#1787 = ORIENTED_EDGE ( 'NONE', *, *, #2030, .T. ) ;
#1788 = CARTESIAN_POINT ( 'NONE',  ( -0.04349874956164235390, 5.839999999999999858, -0.3125086096630844690 ) ) ;
#1789 = EDGE_LOOP ( 'NONE', ( #4413, #1543, #809, #4383, #1508, #4337 ) ) ;
#1790 = ADVANCED_FACE ( 'NONE', ( #2653 ), #241, .F. ) ;
#1791 = DIRECTION ( 'NONE',  ( 3.269836474628460065E-15, 0.000000000000000000, 1.000000000000000000 ) ) ;
#1792 = ORIENTED_EDGE ( 'NONE', *, *, #2589, .F. ) ;
#1793 = DIRECTION ( 'NONE',  ( 0.000000000000000000, 1.000000000000000000, 0.000000000000000000 ) ) ;
#1794 = VERTEX_POINT ( 'NONE', #2609 ) ;
#1795 = DIRECTION ( 'NONE',  ( 2.289956205610775292E-15, 0.000000000000000000, 1.000000000000000000 ) ) ;
#1796 = EDGE_CURVE ( 'NONE', #2211, #2918, #1191, .T. ) ;
#1797 = EDGE_CURVE ( 'NONE', #1458, #4680, #2229, .T. ) ;
#1798 = ORIENTED_EDGE ( 'NONE', *, *, #3173, .T. ) ;
#1799 = EDGE_CURVE ( 'NONE', #957, #456, #1857, .T. ) ;
#1800 = EDGE_CURVE ( 'NONE', #1421, #2200, #125, .T. ) ;
#1801 = CARTESIAN_POINT ( 'NONE',  ( 0.2173989634103145052, 5.850000000000000533, 1.415211322764939883 ) ) ;
#1802 = DIRECTION ( 'NONE',  ( 1.000000000000000000, 0.000000000000000000, -3.367193519343370278E-15 ) ) ;
#1803 = VECTOR ( 'NONE', #545, 1000.000000000000000 ) ;
#1804 = VERTEX_POINT ( 'NONE', #4419 ) ;
#1805 = CARTESIAN_POINT ( 'NONE',  ( 0.09774107200258949635, 5.850000000000000533, 2.282607011951709897 ) ) ;
#1806 = ORIENTED_EDGE ( 'NONE', *, *, #4019, .F. ) ;
#1807 = DIRECTION ( 'NONE',  ( 0.000000000000000000, 0.000000000000000000, -1.000000000000000000 ) ) ;
#1808 = CARTESIAN_POINT ( 'NONE',  ( -0.3882326859701095145, 5.850000000000000533, 2.306866012324174875 ) ) ;
#1809 = DIRECTION ( 'NONE',  ( 0.000000000000000000, 1.000000000000000000, 0.000000000000000000 ) ) ;
#1810 = CARTESIAN_POINT ( 'NONE',  ( 0.03310001375039699906, 5.850000000000000533, 1.956201913893174993 ) ) ;
#1811 = ORIENTED_EDGE ( 'NONE', *, *, #872, .T. ) ;
#1812 = DIRECTION ( 'NONE',  ( -1.000000000000000000, 0.000000000000000000, -5.102127870520019996E-16 ) ) ;
#1813 = DIRECTION ( 'NONE',  ( 0.000000000000000000, -1.000000000000000000, 0.000000000000000000 ) ) ;
#1814 = ORIENTED_EDGE ( 'NONE', *, *, #1100, .F. ) ;
#1815 = CARTESIAN_POINT ( 'NONE',  ( -0.4323372872290615065, 5.839999999999999858, -1.432837864082987966 ) ) ;
#1816 = ORIENTED_EDGE ( 'NONE', *, *, #570, .T. ) ;
#1817 = CARTESIAN_POINT ( 'NONE',  ( -0.4070098467901084871, 5.839999999999999858, 2.010300973006009961 ) ) ;
#1818 = ORIENTED_EDGE ( 'NONE', *, *, #3956, .F. ) ;
#1819 = VECTOR ( 'NONE', #530, 1000.000000000000000 ) ;
#1820 = DIRECTION ( 'NONE',  ( 0.000000000000000000, 1.000000000000000000, 0.000000000000000000 ) ) ;
#1821 = B_SPLINE_SURFACE_WITH_KNOTS ( 'NONE', 3, 1, ( 
 ( #942, #2694 ),
 ( #2359, #4189 ),
 ( #3169, #2040 ),
 ( #3125, #1705 ) ),
 .UNSPECIFIED., .F., .F., .F.,
 ( 4, 4 ),
 ( 2, 2 ),
 ( 16.00000000000000000, 17.00000000000000000 ),
 ( 0.000000000000000000, 1.000000000000000000 ),
 .UNSPECIFIED. ) ;
#1822 = EDGE_LOOP ( 'NONE', ( #2592, #3851, #2321, #3916, #3255, #1103, #849, #686, #2520, #790 ) ) ;
#1823 = VECTOR ( 'NONE', #2548, 1000.000000000000000 ) ;
#1824 = CARTESIAN_POINT ( 'NONE',  ( 0.2721659117266639893, 5.839999999999999858, -0.09995710230967760901 ) ) ;
#1825 = CARTESIAN_POINT ( 'NONE',  ( -0.2572408827002080067, 5.850000000000000533, -2.387422087328255227 ) ) ;
#1826 = EDGE_CURVE ( 'NONE', #1082, #53, #3701, .T. ) ;
#1827 = EDGE_CURVE ( 'NONE', #61, #506, #3414, .T. ) ;
#1828 = B_SPLINE_CURVE_WITH_KNOTS ( 'NONE', 3,
 ( #1190, #2280, #1533, #3059 ),
 .UNSPECIFIED., .F., .F.,
 ( 4, 4 ),
 ( 3.000000000000000000, 4.000000000000000000 ),
 .UNSPECIFIED. ) ;
#1829 = ORIENTED_EDGE ( 'NONE', *, *, #1384, .T. ) ;
#1830 = LINE ( 'NONE', #2892, #273 ) ;
#1831 = ORIENTED_EDGE ( 'NONE', *, *, #2834, .F. ) ;
#1832 = VERTEX_POINT ( 'NONE', #439 ) ;
#1833 = DIRECTION ( 'NONE',  ( 0.000000000000000000, 0.000000000000000000, -1.000000000000000000 ) ) ;
#1834 = CARTESIAN_POINT ( 'NONE',  ( 0.2567373859274050263, 5.839999999999999858, -0.5712216708949821031 ) ) ;
#1835 = EDGE_CURVE ( 'NONE', #2497, #1881, #50, .T. ) ;
#1836 = PRODUCT_DEFINITION_FORMATION_WITH_SPECIFIED_SOURCE ( 'ANY', '', #829, .NOT_KNOWN. ) ;
#1837 = PLANE ( 'NONE',  #1756 ) ;
#1838 = ORIENTED_EDGE ( 'NONE', *, *, #3090, .T. ) ;
#1839 = CARTESIAN_POINT ( 'NONE',  ( 0.1099431484997603903, 5.850000000000000533, -1.723152118029109836 ) ) ;
#1840 = CARTESIAN_POINT ( 'NONE',  ( -0.03965402046376444861, 5.850000000000000533, -2.387422087328255227 ) ) ;
#1841 = EDGE_LOOP ( 'NONE', ( #365, #4297, #2276, #2828 ) ) ;
#1842 = CARTESIAN_POINT ( 'NONE',  ( -0.2025942823018974936, 5.850000000000000533, 1.606405980097195041 ) ) ;
#1843 = ORIENTED_EDGE ( 'NONE', *, *, #4167, .T. ) ;
#1844 = DIRECTION ( 'NONE',  ( 0.000000000000000000, 1.000000000000000000, 0.000000000000000000 ) ) ;
#1845 = EDGE_LOOP ( 'NONE', ( #1020, #1874, #960, #803 ) ) ;
#1846 = CARTESIAN_POINT ( 'NONE',  ( -3.100000000000000089, 5.850000000000000533, 3.200000000000000178 ) ) ;
#1847 = ORIENTED_EDGE ( 'NONE', *, *, #4488, .F. ) ;
#1848 = CYLINDRICAL_SURFACE ( 'NONE', #694, 0.2000000000000000944 ) ;
#1849 = CARTESIAN_POINT ( 'NONE',  ( -0.3087354479080119951, 5.850000000000000533, -1.355645625678995936 ) ) ;
#1850 = VERTEX_POINT ( 'NONE', #1506 ) ;
#1851 = CARTESIAN_POINT ( 'NONE',  ( -0.4168839567259439716, 5.839999999999999858, -0.4927891972981219282 ) ) ;
#1852 = EDGE_CURVE ( 'NONE', #862, #2371, #2302, .T. ) ;
#1853 = ORIENTED_EDGE ( 'NONE', *, *, #2039, .F. ) ;
#1854 = EDGE_LOOP ( 'NONE', ( #2518, #2225, #2381, #2974 ) ) ;
#1855 = VECTOR ( 'NONE', #1747, 1000.000000000000114 ) ;
#1856 = LINE ( 'NONE', #3346, #4606 ) ;
#1857 = LINE ( 'NONE', #4059, #2988 ) ;
#1858 = EDGE_CURVE ( 'NONE', #1003, #882, #3372, .T. ) ;
#1859 = ADVANCED_FACE ( 'NONE', ( #3019 ), #3041, .T. ) ;
#1860 = EDGE_CURVE ( 'NONE', #4241, #1201, #1828, .T. ) ;
#1861 = CARTESIAN_POINT ( 'NONE',  ( 0.09774107200258949635, 5.850000000000000533, 2.282607011951709897 ) ) ;
#1862 = ORIENTED_EDGE ( 'NONE', *, *, #1156, .T. ) ;
#1863 = DIRECTION ( 'NONE',  ( -4.885111939044140259E-15, 0.000000000000000000, -1.000000000000000000 ) ) ;
#1864 = CARTESIAN_POINT ( 'NONE',  ( -0.05389008267724040152, 5.850000000000000533, 1.567537009152764949 ) ) ;
#1865 = AXIS2_PLACEMENT_3D ( 'NONE', #2117, #3625, #3977 ) ;
#1866 = VERTEX_POINT ( 'NONE', #4104 ) ;
#1867 = CARTESIAN_POINT ( 'NONE',  ( 0.1253468695951671930, 5.850000000000000533, 0.6999697923851699866 ) ) ;
#1868 = AXIS2_PLACEMENT_3D ( 'NONE', #1027, #3303, #2846 ) ;
#1869 = CARTESIAN_POINT ( 'NONE',  ( 0.1188728418883974042, 5.850000000000000533, -1.234648280262976128 ) ) ;
#1870 = ORIENTED_EDGE ( 'NONE', *, *, #1827, .T. ) ;
#1871 = CARTESIAN_POINT ( 'NONE',  ( -0.5134486688425010659, 5.839999999999999858, 0.8879894476236900314 ) ) ;
#1872 = LINE ( 'NONE', #2269, #1488 ) ;
#1873 = CARTESIAN_POINT ( 'NONE',  ( 0.2721659117266604921, 5.850000000000000533, -1.256476419657420074 ) ) ;
#1874 = ORIENTED_EDGE ( 'NONE', *, *, #148, .F. ) ;
#1875 = DIRECTION ( 'NONE',  ( 0.000000000000000000, 1.000000000000000000, 0.000000000000000000 ) ) ;
#1876 = CARTESIAN_POINT ( 'NONE',  ( 0.2189864644571859753, 5.839999999999999858, 2.290966197151629746 ) ) ;
#1877 = CARTESIAN_POINT ( 'NONE',  ( -0.4323372872290640045, 5.839999999999999858, -2.061736325681590376 ) ) ;
#1878 = EDGE_LOOP ( 'NONE', ( #4301, #437, #1438, #4364 ) ) ;
#1879 = CARTESIAN_POINT ( 'NONE',  ( -0.3087354479080119951, 5.839999999999999858, -1.355645625678995936 ) ) ;
#1880 = ORIENTED_EDGE ( 'NONE', *, *, #523, .F. ) ;
#1881 = VERTEX_POINT ( 'NONE', #4510 ) ;
#1882 = VECTOR ( 'NONE', #2072, 1000.000000000000000 ) ;
#1883 = PLANE ( 'NONE',  #501 ) ;
#1884 = CARTESIAN_POINT ( 'NONE',  ( 0.1253468695951615863, 5.850000000000000533, -0.9820371761799829846 ) ) ;
#1885 = EDGE_CURVE ( 'NONE', #4460, #4061, #1236, .T. ) ;
#1886 = LINE ( 'NONE', #27, #1153 ) ;
#1887 = ORIENTED_EDGE ( 'NONE', *, *, #1656, .T. ) ;
#1888 = FACE_OUTER_BOUND ( 'NONE', #2421, .T. ) ;
#1889 = CARTESIAN_POINT ( 'NONE',  ( -0.2224646878922340310, 5.850000000000000533, 0.6999697923851709858 ) ) ;
#1890 = EDGE_CURVE ( 'NONE', #827, #152, #4031, .T. ) ;
#1891 = EDGE_CURVE ( 'NONE', #3613, #3838, #4214, .T. ) ;
#1892 = ADVANCED_FACE ( 'NONE', ( #1560 ), #186, .F. ) ;
#1893 = EDGE_CURVE ( 'NONE', #1719, #2191, #587, .T. ) ;
#1894 = B_SPLINE_CURVE_WITH_KNOTS ( 'NONE', 3,
 ( #1739, #4648, #594, #2052 ),
 .UNSPECIFIED., .F., .F.,
 ( 4, 4 ),
 ( 1.000000000000000000, 2.000000000000000000 ),
 .UNSPECIFIED. ) ;
#1895 = VERTEX_POINT ( 'NONE', #3456 ) ;
#1896 = B_SPLINE_CURVE_WITH_KNOTS ( 'NONE', 2,
 ( #38, #728, #2958 ),
 .UNSPECIFIED., .F., .F.,
 ( 3, 3 ),
 ( 9.000000000000000000, 10.00000000000000000 ),
 .UNSPECIFIED. ) ;
#1897 = DIRECTION ( 'NONE',  ( -1.161645184805897995E-16, 0.000000000000000000, 1.000000000000000000 ) ) ;
#1898 = CARTESIAN_POINT ( 'NONE',  ( -3.100000000000000089, 0.000000000000000000, -3.200000000000000178 ) ) ;
#1899 = ORIENTED_EDGE ( 'NONE', *, *, #756, .F. ) ;
#1900 = LINE ( 'NONE', #3003, #2471 ) ;
#1901 = CARTESIAN_POINT ( 'NONE',  ( -0.3227978771944879921, 5.850000000000000533, 1.910238797645559927 ) ) ;
#1902 = LINE ( 'NONE', #370, #1823 ) ;
#1903 = ADVANCED_FACE ( 'NONE', ( #1327 ), #2697, .F. ) ;
#1904 = ORIENTED_EDGE ( 'NONE', *, *, #4249, .F. ) ;
#1905 = CARTESIAN_POINT ( 'NONE',  ( 0.1253468695951640011, 5.839999999999999858, -0.06391586760498658981 ) ) ;
#1906 = DIRECTION ( 'NONE',  ( 1.000000000000000000, 0.000000000000000000, -3.583116227039375462E-15 ) ) ;
#1907 = AXIS2_PLACEMENT_3D ( 'NONE', #190, #233, #1980 ) ;
#1908 = SURFACE_SIDE_STYLE ('',( #733 ) ) ;
#1909 = CARTESIAN_POINT ( 'NONE',  ( -0.3087354479080109959, 5.839999999999999858, -1.273244399464960042 ) ) ;
#1910 = ORIENTED_EDGE ( 'NONE', *, *, #4053, .T. ) ;
#1911 = ORIENTED_EDGE ( 'NONE', *, *, #3330, .T. ) ;
#1912 = VECTOR ( 'NONE', #1371, 1000.000000000000000 ) ;
#1913 = CARTESIAN_POINT ( 'NONE',  ( 0.1558832978441540007, 5.839999999999999858, 2.244085306861280049 ) ) ;
#1914 = DIRECTION ( 'NONE',  ( 0.000000000000000000, 1.000000000000000000, 0.000000000000000000 ) ) ;
#1915 = DIRECTION ( 'NONE',  ( -1.000000000000000000, 0.000000000000000000, 0.000000000000000000 ) ) ;
#1916 = ORIENTED_EDGE ( 'NONE', *, *, #2534, .T. ) ;
#1917 = CARTESIAN_POINT ( 'NONE',  ( -3.149999999999999911, 0.000000000000000000, -2.799999999999999822 ) ) ;
#1918 = CARTESIAN_POINT ( 'NONE',  ( -0.08477193897960780267, 5.839999999999999858, 1.271790525061891719 ) ) ;
#1919 = VECTOR ( 'NONE', #2391, 1000.000000000000000 ) ;
#1920 = MECHANICAL_DESIGN_GEOMETRIC_PRESENTATION_REPRESENTATION (  '', ( #3370 ), #3750 ) ;
#1921 = ORIENTED_EDGE ( 'NONE', *, *, #4436, .T. ) ;
#1922 = CARTESIAN_POINT ( 'NONE',  ( 0.007625582888919620744, 5.839999999999999858, 1.242148903952390082 ) ) ;
#1923 = CARTESIAN_POINT ( 'NONE',  ( -0.1427405318941717960, 5.850000000000000533, 2.448649699572639893 ) ) ;
#1924 = ORIENTED_EDGE ( 'NONE', *, *, #1357, .T. ) ;
#1925 = FACE_OUTER_BOUND ( 'NONE', #4429, .T. ) ;
#1926 = CARTESIAN_POINT ( 'NONE',  ( -0.1645457043853875145, 5.850000000000000533, -1.436707397884734005 ) ) ;
#1927 = ORIENTED_EDGE ( 'NONE', *, *, #1221, .F. ) ;
#1928 = CARTESIAN_POINT ( 'NONE',  ( -0.4070098467901084871, 5.839999999999999858, 2.010300973006009961 ) ) ;
#1929 = CARTESIAN_POINT ( 'NONE',  ( 0.2721659117266639893, 5.850000000000000533, -0.2159190928426724942 ) ) ;
#1930 = EDGE_CURVE ( 'NONE', #882, #3975, #898, .T. ) ;
#1931 = LINE ( 'NONE', #3032, #3806 ) ;
#1932 = CARTESIAN_POINT ( 'NONE',  ( 0.03902650017166944818, 5.850000000000000533, -1.655633714129480127 ) ) ;
#1933 = ORIENTED_EDGE ( 'NONE', *, *, #546, .F. ) ;
#1934 = ORIENTED_EDGE ( 'NONE', *, *, #3265, .F. ) ;
#1935 = LINE ( 'NONE', #4058, #4001 ) ;
#1936 = CARTESIAN_POINT ( 'NONE',  ( -0.3367877301700215043, 5.850000000000000533, 1.322640167969413971 ) ) ;
#1937 = MECHANICAL_DESIGN_GEOMETRIC_PRESENTATION_REPRESENTATION (  '', ( #3388 ), #1561 ) ;
#1938 = B_SPLINE_CURVE_WITH_KNOTS ( 'NONE', 3,
 ( #980, #3891, #264, #3183 ),
 .UNSPECIFIED., .F., .F.,
 ( 4, 4 ),
 ( 15.00000000000000000, 16.00000000000000000 ),
 .UNSPECIFIED. ) ;
#1939 =( GEOMETRIC_REPRESENTATION_CONTEXT ( 3 ) GLOBAL_UNCERTAINTY_ASSIGNED_CONTEXT ( ( #3930 ) ) GLOBAL_UNIT_ASSIGNED_CONTEXT ( ( #657, #4311, #3008 ) ) REPRESENTATION_CONTEXT ( 'NONE', 'WORKASPACE' ) );
#1940 = VERTEX_POINT ( 'NONE', #1304 ) ;
#1941 = DIRECTION ( 'NONE',  ( 0.000000000000000000, 1.000000000000000000, 0.000000000000000000 ) ) ;
#1942 = CARTESIAN_POINT ( 'NONE',  ( 0.001546592643255075136, 5.850000000000000533, -1.462454680488640024 ) ) ;
#1943 = ORIENTED_EDGE ( 'NONE', *, *, #3763, .T. ) ;
#1944 = CARTESIAN_POINT ( 'NONE',  ( -0.04349874956164310330, 5.839999999999999858, -0.3125086096630849686 ) ) ;
#1945 = EDGE_LOOP ( 'NONE', ( #2226, #4324, #2585, #4331 ) ) ;
#1946 = FACE_OUTER_BOUND ( 'NONE', #705, .T. ) ;
#1947 = AXIS2_PLACEMENT_3D ( 'NONE', #2912, #4363, #3247 ) ;
#1948 = CARTESIAN_POINT ( 'NONE',  ( -0.1851336085869675074, 5.850000000000000533, -1.295072538859414202 ) ) ;
#1949 = EDGE_CURVE ( 'NONE', #4717, #320, #923, .T. ) ;
#1951 = ORIENTED_EDGE ( 'NONE', *, *, #3763, .F. ) ;
#1950 = VECTOR ( 'NONE', #1350, 1000.000000000000000 ) ;
#1952 = CARTESIAN_POINT ( 'NONE',  ( -0.2224646878922350024, 5.839999999999999858, 0.5982705065701399150 ) ) ;
#1953 = EDGE_CURVE ( 'NONE', #4232, #3588, #2056, .T. ) ;
#1954 = CARTESIAN_POINT ( 'NONE',  ( -0.05389008267724040152, 5.839999999999999858, 1.567537009152764949 ) ) ;
#1955 = EDGE_CURVE ( 'NONE', #219, #1164, #2043, .T. ) ;
#1956 = PLANE ( 'NONE',  #3910 ) ;
#1957 = ORIENTED_EDGE ( 'NONE', *, *, #928, .F. ) ;
#1958 = LINE ( 'NONE', #1605, #724 ) ;
#1959 = CARTESIAN_POINT ( 'NONE',  ( 0.05839897388424299812, 5.850000000000000533, -1.485671883299094054 ) ) ;
#1960 = PRODUCT_RELATED_PRODUCT_CATEGORY ( 'part', '', ( #829 ) ) ;
#1961 = ORIENTED_EDGE ( 'NONE', *, *, #111, .T. ) ;
#1962 = CARTESIAN_POINT ( 'NONE',  ( 0.2245408803206039861, 5.850000000000000533, -0.2905812514532200019 ) ) ;
#1963 = CARTESIAN_POINT ( 'NONE',  ( -0.4323372872290640045, 5.850000000000000533, -2.061736325681590376 ) ) ;
#1964 = ORIENTED_EDGE ( 'NONE', *, *, #3493, .F. ) ;
#1965 = CARTESIAN_POINT ( 'NONE',  ( 0.1253468695951663880, 5.839999999999999858, 0.6111937572798010754 ) ) ;
#1966 = ORIENTED_EDGE ( 'NONE', *, *, #277, .T. ) ;
#1967 = CARTESIAN_POINT ( 'NONE',  ( -0.01003720405812071927, 5.839999999999999858, -1.383922988076349947 ) ) ;
#1968 = CARTESIAN_POINT ( 'NONE',  ( 3.149999999999999911, -0.1499999999999999944, -2.799999999999999822 ) ) ;
#1969 = ORIENTED_EDGE ( 'NONE', *, *, #4438, .F. ) ;
#1970 = CARTESIAN_POINT ( 'NONE',  ( -0.4168839567259439716, 5.850000000000000533, -0.4927891972981219282 ) ) ;
#1971 = LINE ( 'NONE', #3075, #3618 ) ;
#1972 = LINE ( 'NONE', #3103, #2218 ) ;
#1973 = DIRECTION ( 'NONE',  ( 0.000000000000000000, -1.000000000000000000, 0.000000000000000000 ) ) ;
#1974 = ORIENTED_EDGE ( 'NONE', *, *, #3519, .F. ) ;
#1975 = EDGE_CURVE ( 'NONE', #2627, #4256, #1686, .T. ) ;
#1976 = CARTESIAN_POINT ( 'NONE',  ( -0.2025942823018974936, 5.839999999999999858, 1.606405980097195041 ) ) ;
#1977 = FILL_AREA_STYLE_COLOUR ( '', #3609 ) ;
#1978 = CIRCLE ( 'NONE', #1610, 0.2000000000000000944 ) ;
#1979 = ORIENTED_EDGE ( 'NONE', *, *, #4470, .T. ) ;
#1980 = DIRECTION ( 'NONE',  ( 0.000000000000000000, 0.000000000000000000, 1.000000000000000000 ) ) ;
#1981 = ADVANCED_FACE ( 'NONE', ( #3502, #4553, #2362 ), #227, .T. ) ;
#1982 = DIRECTION ( 'NONE',  ( -0.9980119457931039273, 0.000000000000000000, -0.06302504307227978220 ) ) ;
#1983 = DIRECTION ( 'NONE',  ( 0.000000000000000000, 1.000000000000000000, 0.000000000000000000 ) ) ;
#1984 = VERTEX_POINT ( 'NONE', #3427 ) ;
#1985 = FACE_OUTER_BOUND ( 'NONE', #600, .T. ) ;
#1986 = VECTOR ( 'NONE', #1607, 1000.000000000000000 ) ;
#1987 = DIRECTION ( 'NONE',  ( 1.000000000000000000, 0.000000000000000000, 0.000000000000000000 ) ) ;
#1988 = VECTOR ( 'NONE', #3846, 1000.000000000000000 ) ;
#1989 = ORIENTED_EDGE ( 'NONE', *, *, #2599, .F. ) ;
#1990 = AXIS2_PLACEMENT_3D ( 'NONE', #3580, #308, #1761 ) ;
#1991 = CARTESIAN_POINT ( 'NONE',  ( -1.449999999999999956, -0.05000000000000000278, -2.799999999999999822 ) ) ;
#1992 = CARTESIAN_POINT ( 'NONE',  ( -0.2546363887951930138, 5.839999999999999858, -1.925310454466309995 ) ) ;
#1993 = CARTESIAN_POINT ( 'NONE',  ( -0.07246880586637581556, 5.839999999999999858, 1.410250381993473967 ) ) ;
#1994 = CARTESIAN_POINT ( 'NONE',  ( 3.100000000000000089, 0.000000000000000000, -3.399999999999999911 ) ) ;
#1995 = VERTEX_POINT ( 'NONE', #3365 ) ;
#1996 = CARTESIAN_POINT ( 'NONE',  ( -3.299999999999999822, 0.000000000000000000, -3.200000000000000178 ) ) ;
#1997 = DIRECTION ( 'NONE',  ( 0.000000000000000000, 1.000000000000000000, 0.000000000000000000 ) ) ;
#1998 = EDGE_CURVE ( 'NONE', #3416, #3636, #4440, .T. ) ;
#1999 = FACE_OUTER_BOUND ( 'NONE', #3304, .T. ) ;
#2000 = EDGE_LOOP ( 'NONE', ( #3978, #783, #2491, #3667, #1924, #2493, #2605, #1637 ) ) ;
#2001 = CARTESIAN_POINT ( 'NONE',  ( 1.449999999999999956, 0.000000000000000000, 2.799999999999999822 ) ) ;
#2002 = FILL_AREA_STYLE_COLOUR ( '', #2637 ) ;
#2003 = EDGE_CURVE ( 'NONE', #408, #447, #871, .T. ) ;
#2004 = PRESENTATION_STYLE_ASSIGNMENT (( #4226 ) ) ;
#2005 = EDGE_CURVE ( 'NONE', #1490, #3794, #2273, .T. ) ;
#2006 = B_SPLINE_SURFACE_WITH_KNOTS ( 'NONE', 3, 1, ( 
 ( #2690, #890 ),
 ( #2424, #3826 ),
 ( #1318, #936 ),
 ( #962, #1638 ) ),
 .UNSPECIFIED., .F., .F., .F.,
 ( 4, 4 ),
 ( 2, 2 ),
 ( 5.000000000000000000, 6.000000000000000000 ),
 ( 0.000000000000000000, 1.000000000000000000 ),
 .UNSPECIFIED. ) ;
#2007 = EDGE_CURVE ( 'NONE', #4589, #3392, #2514, .T. ) ;
#2008 = DIRECTION ( 'NONE',  ( 0.000000000000000000, 1.000000000000000000, 0.000000000000000000 ) ) ;
#2009 = ORIENTED_EDGE ( 'NONE', *, *, #518, .F. ) ;
#2010 = FACE_OUTER_BOUND ( 'NONE', #2864, .T. ) ;
#2011 = CARTESIAN_POINT ( 'NONE',  ( 0.2712251707807120105, 5.850000000000000533, 2.355011942511235024 ) ) ;
#2012 = VECTOR ( 'NONE', #2015, 1000.000000000000000 ) ;
#2013 = ORIENTED_EDGE ( 'NONE', *, *, #1156, .F. ) ;
#2014 = CARTESIAN_POINT ( 'NONE',  ( 0.1253468695951630019, 5.839999999999999858, -0.4927891972981239821 ) ) ;
#2015 = DIRECTION ( 'NONE',  ( -0.2280343524498344987, 0.000000000000000000, -0.9736530871428409339 ) ) ;
#2016 = DIRECTION ( 'NONE',  ( 0.000000000000000000, 1.000000000000000000, 0.000000000000000000 ) ) ;
#2017 = VECTOR ( 'NONE', #3982, 1000.000000000000000 ) ;
#2018 = EDGE_LOOP ( 'NONE', ( #3799, #4209, #2366, #265 ) ) ;
#2019 = CARTESIAN_POINT ( 'NONE',  ( -0.4684510982446959404, 5.839999999999999858, 2.383090867277735114 ) ) ;
#2020 = CARTESIAN_POINT ( 'NONE',  ( -0.1645457043853875145, 5.850000000000000533, -1.436707397884734005 ) ) ;
#2021 = EDGE_LOOP ( 'NONE', ( #2432, #3775, #4373, #3566 ) ) ;
#2022 = CARTESIAN_POINT ( 'NONE',  ( -0.1365641606337006098, 5.839999999999999858, 1.194176606692322062 ) ) ;
#2023 = CARTESIAN_POINT ( 'NONE',  ( 0.2567373859274050263, 5.839999999999999858, -0.5712216708949821031 ) ) ;
#2024 = DIRECTION ( 'NONE',  ( 0.000000000000000000, 1.000000000000000000, 0.000000000000000000 ) ) ;
#2025 = B_SPLINE_CURVE_WITH_KNOTS ( 'NONE', 3,
 ( #279, #3885, #4270, #616 ),
 .UNSPECIFIED., .F., .F.,
 ( 4, 4 ),
 ( 1.000000000000000000, 2.000000000000000000 ),
 .UNSPECIFIED. ) ;
#2026 = FACE_OUTER_BOUND ( 'NONE', #2394, .T. ) ;
#2027 = ORIENTED_EDGE ( 'NONE', *, *, #754, .F. ) ;
#2028 = CARTESIAN_POINT ( 'NONE',  ( -0.5134486688425019540, 5.850000000000000533, 0.6008501957713030528 ) ) ;
#2029 = DIRECTION ( 'NONE',  ( 0.000000000000000000, 1.000000000000000000, 0.000000000000000000 ) ) ;
#2030 = EDGE_CURVE ( 'NONE', #1121, #1984, #349, .T. ) ;
#2031 = EDGE_CURVE ( 'NONE', #3392, #1866, #1181, .T. ) ;
#2032 = VECTOR ( 'NONE', #2806, 1000.000000000000000 ) ;
#2033 = EDGE_CURVE ( 'NONE', #1740, #2198, #2646, .T. ) ;
#2034 = ORIENTED_EDGE ( 'NONE', *, *, #412, .F. ) ;
#2035 = CARTESIAN_POINT ( 'NONE',  ( 0.1188728418883974042, 5.839999999999999858, -1.234648280262976128 ) ) ;
#2036 = VERTEX_POINT ( 'NONE', #516 ) ;
#2037 = CARTESIAN_POINT ( 'NONE',  ( 0.1588084150986889820, 5.839999999999999858, -1.655633714129480127 ) ) ;
#2038 = DIRECTION ( 'NONE',  ( 0.000000000000000000, 1.000000000000000000, 0.000000000000000000 ) ) ;
#2039 = EDGE_CURVE ( 'NONE', #278, #2036, #3719, .T. ) ;
#2040 = CARTESIAN_POINT ( 'NONE',  ( -0.4323372872290615065, 5.850000000000000533, -1.432837864082987966 ) ) ;
#2041 = ORIENTED_EDGE ( 'NONE', *, *, #661, .T. ) ;
#2042 = CARTESIAN_POINT ( 'NONE',  ( -0.07246880586637581556, 5.839999999999999858, 1.410250381993473967 ) ) ;
#2043 = LINE ( 'NONE', #4575, #3747 ) ;
#2044 = ORIENTED_EDGE ( 'NONE', *, *, #2064, .T. ) ;
#2045 = LINE ( 'NONE', #589, #1803 ) ;
#2046 = B_SPLINE_SURFACE_WITH_KNOTS ( 'NONE', 3, 1, ( 
 ( #4348, #1075 ),
 ( #2539, #719 ),
 ( #2206, #1001 ),
 ( #262, #3964 ) ),
 .UNSPECIFIED., .F., .F., .F.,
 ( 4, 4 ),
 ( 2, 2 ),
 ( 1.000000000000000000, 2.000000000000000000 ),
 ( 0.000000000000000000, 1.000000000000000000 ),
 .UNSPECIFIED. ) ;
#2047 = VERTEX_POINT ( 'NONE', #479 ) ;
#2048 = CARTESIAN_POINT ( 'NONE',  ( 0.05839897388424299812, 5.850000000000000533, -1.485671883299094054 ) ) ;
#2049 = VECTOR ( 'NONE', #1429, 1000.000000000000000 ) ;
#2050 = CARTESIAN_POINT ( 'NONE',  ( -0.4323372872290630609, 5.839999999999999858, -1.850598686448040153 ) ) ;
#2051 = LINE ( 'NONE', #569, #1071 ) ;
#2052 = CARTESIAN_POINT ( 'NONE',  ( -0.1632558597848104975, 5.850000000000000533, -1.917571386862820138 ) ) ;
#2053 = VERTEX_POINT ( 'NONE', #3340 ) ;
#2054 = LINE ( 'NONE', #2081, #3053 ) ;
#2055 = DIRECTION ( 'NONE',  ( 1.000000000000000000, 0.000000000000000000, -3.702237295889645457E-15 ) ) ;
#2056 = B_SPLINE_CURVE_WITH_KNOTS ( 'NONE', 3,
 ( #209, #4531, #4171, #3128 ),
 .UNSPECIFIED., .F., .F.,
 ( 4, 4 ),
 ( 15.00000000000000000, 16.00000000000000000 ),
 .UNSPECIFIED. ) ;
#2057 = B_SPLINE_CURVE_WITH_KNOTS ( 'NONE', 3,
 ( #1948, #1546, #2979, #3028 ),
 .UNSPECIFIED., .F., .F.,
 ( 4, 4 ),
 ( 2.000000000000000000, 3.000000000000000000 ),
 .UNSPECIFIED. ) ;
#2058 = ORIENTED_EDGE ( 'NONE', *, *, #3898, .F. ) ;
#2059 = EDGE_CURVE ( 'NONE', #2689, #3838, #1971, .T. ) ;
#2060 = CARTESIAN_POINT ( 'NONE',  ( -0.03322960216471715356, 5.850000000000000533, -1.232018981654100065 ) ) ;
#2061 = EDGE_CURVE ( 'NONE', #2497, #4717, #4164, .T. ) ;
#2062 = CARTESIAN_POINT ( 'NONE',  ( -0.1645457043853875145, 5.839999999999999858, -1.436707397884734005 ) ) ;
#2063 = FACE_OUTER_BOUND ( 'NONE', #963, .T. ) ;
#2064 = EDGE_CURVE ( 'NONE', #298, #455, #3194, .T. ) ;
#2065 = MECHANICAL_DESIGN_GEOMETRIC_PRESENTATION_REPRESENTATION (  '', ( #1455 ), #3890 ) ;
#2066 = VECTOR ( 'NONE', #2639, 1000.000000000000000 ) ;
#2067 = EDGE_CURVE ( 'NONE', #3907, #4460, #4050, .T. ) ;
#2068 = ADVANCED_FACE ( 'NONE', ( #830 ), #2805, .F. ) ;
#2069 = PRESENTATION_STYLE_ASSIGNMENT (( #3878 ) ) ;
#2070 = CARTESIAN_POINT ( 'NONE',  ( -0.09117339037541830060, 5.839999999999999858, 0.3948223255323665692 ) ) ;
#2071 = ORIENTED_EDGE ( 'NONE', *, *, #3065, .T. ) ;
#2072 = DIRECTION ( 'NONE',  ( 0.000000000000000000, 1.000000000000000000, 0.000000000000000000 ) ) ;
#2073 = EDGE_LOOP ( 'NONE', ( #1540, #1746, #2300, #3815 ) ) ;
#2074 = CARTESIAN_POINT ( 'NONE',  ( -0.3705239652166004705, 5.839999999999999858, 0.4553954123519520225 ) ) ;
#2075 = DIRECTION ( 'NONE',  ( 0.000000000000000000, 0.000000000000000000, -1.000000000000000000 ) ) ;
#2076 = LINE ( 'NONE', #3445, #2137 ) ;
#2077 = B_SPLINE_SURFACE_WITH_KNOTS ( 'NONE', 3, 1, ( 
 ( #3971, #395 ),
 ( #2188, #3284 ),
 ( #10, #344 ),
 ( #4681, #3947 ) ),
 .UNSPECIFIED., .F., .F., .F.,
 ( 4, 4 ),
 ( 2, 2 ),
 ( 4.000000000000000000, 5.000000000000000000 ),
 ( 0.000000000000000000, 1.000000000000000000 ),
 .UNSPECIFIED. ) ;
#2078 = B_SPLINE_CURVE_WITH_KNOTS ( 'NONE', 3,
 ( #2326, #507, #1962, #3063 ),
 .UNSPECIFIED., .F., .F.,
 ( 4, 4 ),
 ( 7.000000000000000000, 8.000000000000000000 ),
 .UNSPECIFIED. ) ;
#2079 = DIRECTION ( 'NONE',  ( 0.9978504012473119467, 0.000000000000000000, 0.06553302015456261009 ) ) ;
#2080 = ORIENTED_EDGE ( 'NONE', *, *, #3545, .T. ) ;
#2081 = CARTESIAN_POINT ( 'NONE',  ( -0.02494299327574294942, 5.839999999999999858, 1.714852145361415170 ) ) ;
#2082 = DIRECTION ( 'NONE',  ( -3.702237295889645457E-15, 0.000000000000000000, -1.000000000000000000 ) ) ;
#2083 = VERTEX_POINT ( 'NONE', #3052 ) ;
#2084 = CARTESIAN_POINT ( 'NONE',  ( 0.1253468695951630019, 5.839999999999999858, -0.4927891972981239821 ) ) ;
#2085 = DIRECTION ( 'NONE',  ( 1.000000000000000000, 0.000000000000000000, 0.000000000000000000 ) ) ;
#2087 = CARTESIAN_POINT ( 'NONE',  ( -0.09050182557064970212, 5.850000000000000533, 1.205561965762840027 ) ) ;
#2086 = VECTOR ( 'NONE', #3190, 1000.000000000000000 ) ;
#2088 = VECTOR ( 'NONE', #158, 1000.000000000000000 ) ;
#2089 = CARTESIAN_POINT ( 'NONE',  ( -0.08477193897960780267, 5.839999999999999858, 1.271790525061891719 ) ) ;
#2090 = EDGE_CURVE ( 'NONE', #2352, #4392, #3407, .T. ) ;
#2091 = EDGE_CURVE ( 'NONE', #2942, #2201, #2922, .T. ) ;
#2092 = CARTESIAN_POINT ( 'NONE',  ( 0.01935820781344065045, 5.850000000000000533, 1.300787223871104015 ) ) ;
#2093 = ADVANCED_FACE ( 'NONE', ( #4503 ), #891, .F. ) ;
#2094 = VECTOR ( 'NONE', #191, 1000.000000000000000 ) ;
#2095 = DIRECTION ( 'NONE',  ( 1.000000000000000000, 0.000000000000000000, 0.000000000000000000 ) ) ;
#2096 = EDGE_CURVE ( 'NONE', #152, #2581, #579, .T. ) ;
#2097 = EDGE_CURVE ( 'NONE', #134, #1557, #3121, .T. ) ;
#2098 = EDGE_CURVE ( 'NONE', #726, #4077, #3772, .T. ) ;
#2099 = ORIENTED_EDGE ( 'NONE', *, *, #2596, .F. ) ;
#2100 = CLOSED_SHELL ( 'NONE', ( #3438, #3788, #1394, #630, #246, #605, #3500, #313, #2220, #3834, #3554, #842, #954, #4370, #4309, #1095, #304, #1250, #171, #1420, #2798, #3436, #2889, #4545, #200, #2093, #1218, #4514, #631, #4000, #3680, #2916, #223, #1134, #3990, #2253, #220, #2158, #2665, #1680, #1903, #3037, #1859, #2807, #2281, #2542, #2363, #3324, #1331, #2315, #3611, #1274, #4426, #312, #1036, #2715, #4401, #3985, #3899, #2306, #2414, #519, #2358, #4024, #3729, #1395, #314, #2396, #404, #1102, #4282, #782, #2888, #1419, #1447, #3647, #3293, #1659, #2632, #3578, #1197, #3179, #1585, #894, #1736, #722, #1040, #3637, #3523, #2568, #4140, #543, #4336, #3955, #4570, #1790, #3900, #1358, #1449, #4712, #2356, #1892, #2598, #2068, #4088, #990, #599, #118, #1185, #3579, #608, #307, #2243, #2858, #848, #4079, #3704, #4105, #3984, #544, #2479, #2508, #372, #165, #4626, #65, #3151, #1011, #1306, #4688, #3205, #1129, #3869, #1765, #1608, #1981 ) ) ;
#2101 = CARTESIAN_POINT ( 'NONE',  ( -0.6156918203417730551, 5.850000000000000533, 2.019032228763784964 ) ) ;
#2102 = ORIENTED_EDGE ( 'NONE', *, *, #4161, .F. ) ;
#2103 = CARTESIAN_POINT ( 'NONE',  ( -0.4723454367502979978, 5.839999999999999858, 1.398592171180533805 ) ) ;
#2104 = CARTESIAN_POINT ( 'NONE',  ( 0.1253468695951620027, 5.850000000000000533, -0.6511920361309949667 ) ) ;
#2105 = CARTESIAN_POINT ( 'NONE',  ( -0.1085348452749209935, 5.850000000000000533, 2.363172690080300065 ) ) ;
#2106 = ORIENTED_EDGE ( 'NONE', *, *, #520, .F. ) ;
#2107 = CARTESIAN_POINT ( 'NONE',  ( 1.449999999999999956, -0.05000000000000000278, -2.799999999999999822 ) ) ;
#2108 = CARTESIAN_POINT ( 'NONE',  ( -0.03322960216471715356, 5.850000000000000533, -1.232018981654100065 ) ) ;
#2109 = EDGE_LOOP ( 'NONE', ( #3034, #1787, #1529, #2650, #294, #3344, #1779, #745, #3973, #145, #3320, #3287, #3599, #367, #920, #1443, #1472, #261, #4544, #4310, #1130, #12, #2335, #2523, #1700, #4157 ) ) ;
#2110 = SURFACE_SIDE_STYLE ('',( #651 ) ) ;
#2111 = CARTESIAN_POINT ( 'NONE',  ( -0.02099904536242460165, 5.839999999999999858, 1.734844736670420051 ) ) ;
#2112 = FACE_OUTER_BOUND ( 'NONE', #3741, .T. ) ;
#2113 = AXIS2_PLACEMENT_3D ( 'NONE', #4339, #381, #1427 ) ;
#2114 = DIRECTION ( 'NONE',  ( 1.000000000000000000, 0.000000000000000000, -2.289956205610775292E-15 ) ) ;
#2115 = ORIENTED_EDGE ( 'NONE', *, *, #753, .F. ) ;
#2116 = B_SPLINE_SURFACE_WITH_KNOTS ( 'NONE', 3, 1, ( 
 ( #2972, #1195 ),
 ( #2660, #1942 ),
 ( #2232, #4130 ),
 ( #3398, #2261 ) ),
 .UNSPECIFIED., .F., .F., .F.,
 ( 4, 4 ),
 ( 2, 2 ),
 ( 12.00000000000000000, 13.00000000000000000 ),
 ( 0.000000000000000000, 1.000000000000000000 ),
 .UNSPECIFIED. ) ;
#2117 = CARTESIAN_POINT ( 'NONE',  ( 0.1253468695951615863, 5.839999999999999858, -0.9048449377759899548 ) ) ;
#2118 = B_SPLINE_CURVE_WITH_KNOTS ( 'NONE', 3,
 ( #3050, #63, #3004, #3762 ),
 .UNSPECIFIED., .F., .F.,
 ( 4, 4 ),
 ( 4.000000000000000000, 5.000000000000000000 ),
 .UNSPECIFIED. ) ;
#2119 = VERTEX_POINT ( 'NONE', #244 ) ;
#2120 = DIRECTION ( 'NONE',  ( -1.000000000000000000, 0.000000000000000000, 2.551063935260009998E-16 ) ) ;
#2121 = EDGE_CURVE ( 'NONE', #98, #4621, #221, .T. ) ;
#2122 = ORIENTED_EDGE ( 'NONE', *, *, #4286, .T. ) ;
#2123 = DIRECTION ( 'NONE',  ( 0.000000000000000000, 1.000000000000000000, 0.000000000000000000 ) ) ;
#2124 = CARTESIAN_POINT ( 'NONE',  ( -0.6156918203417740543, 5.850000000000000533, 1.721425391883609990 ) ) ;
#2125 = FILL_AREA_STYLE_COLOUR ( '', #4434 ) ;
#2126 = VECTOR ( 'NONE', #2795, 1000.000000000000000 ) ;
#2127 = EDGE_CURVE ( 'NONE', #4077, #3029, #1493, .T. ) ;
#2128 = PLANE ( 'NONE',  #1990 ) ;
#2129 = VERTEX_POINT ( 'NONE', #1677 ) ;
#2130 = LINE ( 'NONE', #1741, #378 ) ;
#2131 = PLANE ( 'NONE',  #1868 ) ;
#2132 = ORIENTED_EDGE ( 'NONE', *, *, #571, .F. ) ;
#2133 = CARTESIAN_POINT ( 'NONE',  ( 0.01228886721410831981, 5.839999999999999858, 2.479829212321299714 ) ) ;
#2134 = DIRECTION ( 'NONE',  ( 0.000000000000000000, 0.000000000000000000, -1.000000000000000000 ) ) ;
#2135 = ORIENTED_EDGE ( 'NONE', *, *, #194, .T. ) ;
#2136 = CARTESIAN_POINT ( 'NONE',  ( -0.3087354479080119951, 5.839999999999999858, -1.389131975886390036 ) ) ;
#2137 = VECTOR ( 'NONE', #3088, 1000.000000000000000 ) ;
#2138 = ORIENTED_EDGE ( 'NONE', *, *, #1735, .T. ) ;
#2139 = CARTESIAN_POINT ( 'NONE',  ( -0.4323372872290610625, 5.850000000000000533, -1.221749834257153999 ) ) ;
#2140 = ORIENTED_EDGE ( 'NONE', *, *, #3870, .T. ) ;
#2141 = CARTESIAN_POINT ( 'NONE',  ( -1.449999999999999956, 0.000000000000000000, 2.799999999999999822 ) ) ;
#2142 = AXIS2_PLACEMENT_3D ( 'NONE', #2407, #3479, #3811 ) ;
#2143 = DIRECTION ( 'NONE',  ( 0.000000000000000000, 1.000000000000000000, 0.000000000000000000 ) ) ;
#2144 = AXIS2_PLACEMENT_3D ( 'NONE', #528, #3420, #151 ) ;
#2145 = ORIENTED_EDGE ( 'NONE', *, *, #4403, .T. ) ;
#2146 = LINE ( 'NONE', #3906, #2469 ) ;
#2147 = ORIENTED_EDGE ( 'NONE', *, *, #3549, .F. ) ;
#2148 = CARTESIAN_POINT ( 'NONE',  ( -0.3705239652166004705, 5.839999999999999858, 0.4553954123519520225 ) ) ;
#2149 = DIRECTION ( 'NONE',  ( 1.000000000000000000, 0.000000000000000000, 0.000000000000000000 ) ) ;
#2150 = DIRECTION ( 'NONE',  ( 0.000000000000000000, 0.000000000000000000, -1.000000000000000000 ) ) ;
#2151 = EDGE_CURVE ( 'NONE', #1401, #4621, #1321, .T. ) ;
#2152 = EDGE_CURVE ( 'NONE', #4028, #1057, #3143, .T. ) ;
#2153 = CARTESIAN_POINT ( 'NONE',  ( 0.4539366193937580118, 5.850000000000000533, 2.110313538958734636 ) ) ;
#2154 = EDGE_LOOP ( 'NONE', ( #2271, #529, #3677, #2867 ) ) ;
#2155 = DIRECTION ( 'NONE',  ( 0.000000000000000000, 1.000000000000000000, 0.000000000000000000 ) ) ;
#2156 = CARTESIAN_POINT ( 'NONE',  ( 0.03902650017166944818, 5.850000000000000533, -1.655633714129480127 ) ) ;
#2157 = EDGE_CURVE ( 'NONE', #1832, #3726, #2692, .T. ) ;
#2158 = ADVANCED_FACE ( 'NONE', ( #2809 ), #1639, .F. ) ;
#2159 = ORIENTED_EDGE ( 'NONE', *, *, #3730, .T. ) ;
#2160 = CARTESIAN_POINT ( 'NONE',  ( -0.1427405318941717960, 5.850000000000000533, 2.448649699572639893 ) ) ;
#2161 = SURFACE_STYLE_USAGE ( .BOTH. , #3234 ) ;
#2162 = EDGE_LOOP ( 'NONE', ( #2041, #986, #2815, #2140 ) ) ;
#2163 = FACE_OUTER_BOUND ( 'NONE', #2977, .T. ) ;
#2164 = ORIENTED_EDGE ( 'NONE', *, *, #2216, .T. ) ;
#2165 = CARTESIAN_POINT ( 'NONE',  ( -0.4323372872290615065, 5.839999999999999858, -1.360755394673609953 ) ) ;
#2166 = ORIENTED_EDGE ( 'NONE', *, *, #25, .T. ) ;
#2167 = B_SPLINE_CURVE_WITH_KNOTS ( 'NONE', 3,
 ( #3371, #124, #4447, #1584 ),
 .UNSPECIFIED., .F., .F.,
 ( 4, 4 ),
 ( 19.00000000000000000, 20.00000000000000000 ),
 .UNSPECIFIED. ) ;
#2168 = VECTOR ( 'NONE', #355, 1000.000000000000000 ) ;
#2169 = DIRECTION ( 'NONE',  ( 1.000000000000000000, 0.000000000000000000, -6.601402918572430576E-15 ) ) ;
#2170 = CARTESIAN_POINT ( 'NONE',  ( -0.2379180183953500116, 5.839999999999999858, -1.234648280262974129 ) ) ;
#2171 = AXIS2_PLACEMENT_3D ( 'NONE', #4357, #3920, #4018 ) ;
#2172 = ORIENTED_EDGE ( 'NONE', *, *, #601, .F. ) ;
#2173 = CARTESIAN_POINT ( 'NONE',  ( -0.5505546680124420167, 5.839999999999999858, 1.287839168457580064 ) ) ;
#2174 = ORIENTED_EDGE ( 'NONE', *, *, #3045, .T. ) ;
#2175 = FACE_OUTER_BOUND ( 'NONE', #1854, .T. ) ;
#2176 = CARTESIAN_POINT ( 'NONE',  ( -0.3087354479080134939, 5.839999999999999858, -1.972935485872369998 ) ) ;
#2177 = FACE_OUTER_BOUND ( 'NONE', #2299, .T. ) ;
#2178 = AXIS2_PLACEMENT_3D ( 'NONE', #4030, #3770, #1833 ) ;
#2179 = CARTESIAN_POINT ( 'NONE',  ( -0.5505546680124420167, 5.839999999999999858, 1.287839168457580064 ) ) ;
#2180 = VERTEX_POINT ( 'NONE', #2446 ) ;
#2181 = LINE ( 'NONE', #2463, #292 ) ;
#2182 = CARTESIAN_POINT ( 'NONE',  ( 0.1253468695951640011, 5.839999999999999858, -0.1721139858306355019 ) ) ;
#2183 = ORIENTED_EDGE ( 'NONE', *, *, #3091, .F. ) ;
#2184 = DIRECTION ( 'NONE',  ( 0.000000000000000000, 1.000000000000000000, 0.000000000000000000 ) ) ;
#2185 = DIRECTION ( 'NONE',  ( 1.000000000000000000, 0.000000000000000000, -4.210938253815000034E-15 ) ) ;
#2186 = EDGE_LOOP ( 'NONE', ( #1979, #2990, #1267, #1074 ) ) ;
#2187 = EDGE_CURVE ( 'NONE', #4717, #1124, #572, .T. ) ;
#2188 = CARTESIAN_POINT ( 'NONE',  ( 0.1099431484997603903, 5.839999999999999858, -1.723152118029109836 ) ) ;
#2189 = EDGE_CURVE ( 'NONE', #3736, #2703, #560, .T. ) ;
#2190 = EDGE_CURVE ( 'NONE', #1089, #3963, #914, .T. ) ;
#2191 = VERTEX_POINT ( 'NONE', #2087 ) ;
#2192 = DIRECTION ( 'NONE',  ( 0.000000000000000000, 0.000000000000000000, -1.000000000000000000 ) ) ;
#2193 = B_SPLINE_CURVE_WITH_KNOTS ( 'NONE', 3,
 ( #316, #2876, #4590, #2060 ),
 .UNSPECIFIED., .F., .F.,
 ( 4, 4 ),
 ( 14.00000000000000000, 15.00000000000000000 ),
 .UNSPECIFIED. ) ;
#2194 = ORIENTED_EDGE ( 'NONE', *, *, #3544, .F. ) ;
#2195 = CARTESIAN_POINT ( 'NONE',  ( 0.01685293272385010241, 5.850000000000000533, 2.180684483801964557 ) ) ;
#2196 = EDGE_CURVE ( 'NONE', #1850, #1383, #3540, .T. ) ;
#2197 = AXIS2_PLACEMENT_3D ( 'NONE', #2723, #3813, #2364 ) ;
#2198 = VERTEX_POINT ( 'NONE', #269 ) ;
#2199 = CARTESIAN_POINT ( 'NONE',  ( -0.6156918203417740543, 5.850000000000000533, 1.721425391883609990 ) ) ;
#2200 = VERTEX_POINT ( 'NONE', #2426 ) ;
#2201 = VERTEX_POINT ( 'NONE', #1723 ) ;
#2202 = LINE ( 'NONE', #3654, #2017 ) ;
#2203 = PLANE ( 'NONE',  #4354 ) ;
#2204 = PLANE ( 'NONE',  #2835 ) ;
#2205 = ORIENTED_EDGE ( 'NONE', *, *, #1012, .T. ) ;
#2206 = CARTESIAN_POINT ( 'NONE',  ( 0.1331107419024941951, 5.839999999999999858, -2.218799710506170086 ) ) ;
#2207 = CARTESIAN_POINT ( 'NONE',  ( -0.1156308283787396002, 5.839999999999999858, -1.064636840024874020 ) ) ;
#2208 = ORIENTED_EDGE ( 'NONE', *, *, #3702, .T. ) ;
#2209 = CARTESIAN_POINT ( 'NONE',  ( -0.09050182557064970212, 5.850000000000000533, 1.205561965762840027 ) ) ;
#2210 = CARTESIAN_POINT ( 'NONE',  ( -0.2517572053471150428, 5.850000000000000533, 1.329932750903455974 ) ) ;
#2211 = VERTEX_POINT ( 'NONE', #3827 ) ;
#2212 = CYLINDRICAL_SURFACE ( 'NONE', #2936, 0.09999999999999982514 ) ;
#2213 = ORIENTED_EDGE ( 'NONE', *, *, #2708, .T. ) ;
#2214 = AXIS2_PLACEMENT_3D ( 'NONE', #3302, #4397, #1122 ) ;
#2215 = CARTESIAN_POINT ( 'NONE',  ( 0.2296754540190664995, 5.839999999999999858, -1.072375907628356106 ) ) ;
#2216 = EDGE_CURVE ( 'NONE', #3650, #3736, #2760, .T. ) ;
#2217 = ORIENTED_EDGE ( 'NONE', *, *, #2003, .F. ) ;
#2218 = VECTOR ( 'NONE', #536, 1000.000000000000000 ) ;
#2219 = CARTESIAN_POINT ( 'NONE',  ( -0.6447647710631799756, 5.850000000000000533, 0.9767654827290519481 ) ) ;
#2220 = ADVANCED_FACE ( 'NONE', ( #3853 ), #3495, .F. ) ;
#2221 = SURFACE_STYLE_USAGE ( .BOTH. , #1908 ) ;
#2222 = EDGE_CURVE ( 'NONE', #382, #760, #4705, .T. ) ;
#2223 = VERTEX_POINT ( 'NONE', #3236 ) ;
#2224 = LINE ( 'NONE', #4121, #3081 ) ;
#2225 = ORIENTED_EDGE ( 'NONE', *, *, #1885, .F. ) ;
#2226 = ORIENTED_EDGE ( 'NONE', *, *, #814, .T. ) ;
#2227 = AXIS2_PLACEMENT_3D ( 'NONE', #774, #2185, #3282 ) ;
#2228 = CARTESIAN_POINT ( 'NONE',  ( -0.7332661166254919038, 5.839999999999999858, 1.532562376713939800 ) ) ;
#2229 = LINE ( 'NONE', #2993, #3812 ) ;
#2230 = LINE ( 'NONE', #2179, #2994 ) ;
#2231 = ORIENTED_EDGE ( 'NONE', *, *, #919, .T. ) ;
#2232 = CARTESIAN_POINT ( 'NONE',  ( 0.02089426165196279703, 5.839999999999999858, -1.485671883299094054 ) ) ;
#2233 = ORIENTED_EDGE ( 'NONE', *, *, #955, .F. ) ;
#2234 = CARTESIAN_POINT ( 'NONE',  ( 0.000000000000000000, 5.850000000000000533, 0.000000000000000000 ) ) ;
#2235 = CARTESIAN_POINT ( 'NONE',  ( 3.149999999999999911, -0.1499999999999999944, -2.799999999999999822 ) ) ;
#2236 = ORIENTED_EDGE ( 'NONE', *, *, #2415, .F. ) ;
#2237 = LINE ( 'NONE', #425, #4527 ) ;
#2238 = DIRECTION ( 'NONE',  ( 0.000000000000000000, 1.000000000000000000, 0.000000000000000000 ) ) ;
#2239 = B_SPLINE_CURVE_WITH_KNOTS ( 'NONE', 3,
 ( #4068, #2641, #1595, #153 ),
 .UNSPECIFIED., .F., .F.,
 ( 4, 4 ),
 ( 1.000000000000000000, 2.000000000000000000 ),
 .UNSPECIFIED. ) ;
#2240 = CARTESIAN_POINT ( 'NONE',  ( 0.2721659117266599925, 5.850000000000000533, -1.337587801270869958 ) ) ;
#2241 = ORIENTED_EDGE ( 'NONE', *, *, #2314, .F. ) ;
#2242 = CARTESIAN_POINT ( 'NONE',  ( -0.03965402046376444861, 5.839999999999999858, -2.387422087328255227 ) ) ;
#2243 = ADVANCED_FACE ( 'NONE', ( #1056 ), #2212, .T. ) ;
#2244 = CARTESIAN_POINT ( 'NONE',  ( -3.149999999999999911, 0.000000000000000000, 2.799999999999999822 ) ) ;
#2245 = EDGE_CURVE ( 'NONE', #3181, #347, #1007, .T. ) ;
#2246 = ORIENTED_EDGE ( 'NONE', *, *, #872, .F. ) ;
#2247 = EDGE_CURVE ( 'NONE', #1620, #726, #2687, .T. ) ;
#2248 = CARTESIAN_POINT ( 'NONE',  ( 0.1588084150986889820, 5.850000000000000533, -1.655633714129480127 ) ) ;
#2249 = ORIENTED_EDGE ( 'NONE', *, *, #2005, .F. ) ;
#2250 = ORIENTED_EDGE ( 'NONE', *, *, #2190, .T. ) ;
#2251 = AXIS2_PLACEMENT_3D ( 'NONE', #1233, #206, #4168 ) ;
#2252 = VECTOR ( 'NONE', #448, 1000.000000000000000 ) ;
#2253 = ADVANCED_FACE ( 'NONE', ( #2854 ), #2077, .F. ) ;
#2254 = CARTESIAN_POINT ( 'NONE',  ( -0.6683522066308750231, 5.839999999999999858, 1.384304661758716026 ) ) ;
#2255 = EDGE_CURVE ( 'NONE', #3342, #3658, #2931, .T. ) ;
#2256 = DIRECTION ( 'NONE',  ( -0.1438472709689483930, 0.000000000000000000, 0.9895999002803030908 ) ) ;
#2257 = B_SPLINE_CURVE_WITH_KNOTS ( 'NONE', 3,
 ( #2209, #3663, #392, #34 ),
 .UNSPECIFIED., .F., .F.,
 ( 4, 4 ),
 ( 20.00000000000000000, 21.00000000000000000 ),
 .UNSPECIFIED. ) ;
#2258 = CARTESIAN_POINT ( 'NONE',  ( -0.2559510380996314893, 5.839999999999999858, -2.191812192709395202 ) ) ;
#2259 = ORIENTED_EDGE ( 'NONE', *, *, #2596, .T. ) ;
#2260 = CARTESIAN_POINT ( 'NONE',  ( -0.1056823043313342009, 5.839999999999999858, 1.201245947291665894 ) ) ;
#2261 = CARTESIAN_POINT ( 'NONE',  ( 0.05839897388424299812, 5.850000000000000533, -1.485671883299094054 ) ) ;
#2262 = VECTOR ( 'NONE', #1802, 1000.000000000000000 ) ;
#2263 = ORIENTED_EDGE ( 'NONE', *, *, #1038, .F. ) ;
#2264 = SURFACE_STYLE_USAGE ( .BOTH. , #2110 ) ;
#2265 = VECTOR ( 'NONE', #4069, 1000.000000000000000 ) ;
#2266 = CARTESIAN_POINT ( 'NONE',  ( 0.1292164033969036008, 5.850000000000000533, -1.264165877853192121 ) ) ;
#2267 = ORIENTED_EDGE ( 'NONE', *, *, #3060, .F. ) ;
#2268 = DIRECTION ( 'NONE',  ( 1.000000000000000000, 0.000000000000000000, -5.345098021962330533E-15 ) ) ;
#2269 = CARTESIAN_POINT ( 'NONE',  ( -0.1632558597848104975, 5.839999999999999858, -1.917571386862820138 ) ) ;
#2270 = CARTESIAN_POINT ( 'NONE',  ( 0.1253468695951663880, 5.850000000000000533, 0.6111937572798010754 ) ) ;
#2271 = ORIENTED_EDGE ( 'NONE', *, *, #1998, .T. ) ;
#2272 = LINE ( 'NONE', #15, #865 ) ;
#2273 = LINE ( 'NONE', #1621, #3836 ) ;
#2274 = CARTESIAN_POINT ( 'NONE',  ( -0.2894125836031595234, 5.839999999999999858, -1.459874991287479995 ) ) ;
#2275 = CARTESIAN_POINT ( 'NONE',  ( -0.09117339037541841162, 5.850000000000000533, 0.5738378732706770347 ) ) ;
#2276 = ORIENTED_EDGE ( 'NONE', *, *, #2441, .F. ) ;
#2277 = EDGE_LOOP ( 'NONE', ( #4315, #4396, #184, #287 ) ) ;
#2278 = VECTOR ( 'NONE', #1307, 1000.000000000000000 ) ;
#2279 = CARTESIAN_POINT ( 'NONE',  ( -0.4323372872290640045, 5.850000000000000533, -2.061736325681590376 ) ) ;
#2280 = CARTESIAN_POINT ( 'NONE',  ( -0.5546244772456609962, 5.839999999999999858, 0.2751396294207770210 ) ) ;
#2281 = ADVANCED_FACE ( 'NONE', ( #2907 ), #291, .T. ) ;
#2282 = CARTESIAN_POINT ( 'NONE',  ( -0.1632558597848109971, 5.839999999999999858, -2.191812192709395202 ) ) ;
#2283 = ORIENTED_EDGE ( 'NONE', *, *, #2857, .F. ) ;
#2284 = DIRECTION ( 'NONE',  ( 0.000000000000000000, 1.000000000000000000, 0.000000000000000000 ) ) ;
#2285 = CARTESIAN_POINT ( 'NONE',  ( -0.2211996479955155026, 5.839999999999999858, -1.459874991287479995 ) ) ;
#2286 = ORIENTED_EDGE ( 'NONE', *, *, #2799, .F. ) ;
#2287 = EDGE_CURVE ( 'NONE', #1895, #4182, #3529, .T. ) ;
#2288 = DIRECTION ( 'NONE',  ( 0.000000000000000000, 1.000000000000000000, 0.000000000000000000 ) ) ;
#2289 = VERTEX_POINT ( 'NONE', #2572 ) ;
#2290 = DIRECTION ( 'NONE',  ( 0.000000000000000000, 0.000000000000000000, -1.000000000000000000 ) ) ;
#2291 = DIRECTION ( 'NONE',  ( -1.000000000000000000, 0.000000000000000000, 3.300701459286225149E-15 ) ) ;
#2292 = B_SPLINE_CURVE_WITH_KNOTS ( 'NONE', 3,
 ( #3309, #39, #1467, #752 ),
 .UNSPECIFIED., .F., .F.,
 ( 4, 4 ),
 ( 28.00000000000000000, 29.00000000000000000 ),
 .UNSPECIFIED. ) ;
#2293 = LINE ( 'NONE', #3336, #3661 ) ;
#2294 = EDGE_LOOP ( 'NONE', ( #2927, #777, #2147, #3118 ) ) ;
#2295 = PLANE ( 'NONE',  #1702 ) ;
#2296 = CARTESIAN_POINT ( 'NONE',  ( 0.2721659117266639893, 5.850000000000000533, -0.09995710230967760901 ) ) ;
#2297 = VECTOR ( 'NONE', #2586, 1000.000000000000000 ) ;
#2298 = FACE_OUTER_BOUND ( 'NONE', #1592, .T. ) ;
#2299 = EDGE_LOOP ( 'NONE', ( #3373, #334, #1512, #2528 ) ) ;
#2300 = ORIENTED_EDGE ( 'NONE', *, *, #746, .F. ) ;
#2301 = CARTESIAN_POINT ( 'NONE',  ( -0.03965402046376444861, 5.850000000000000533, -2.387422087328255227 ) ) ;
#2302 = LINE ( 'NONE', #1586, #1147 ) ;
#2303 = ORIENTED_EDGE ( 'NONE', *, *, #3119, .T. ) ;
#2304 = LINE ( 'NONE', #127, #1606 ) ;
#2305 = CARTESIAN_POINT ( 'NONE',  ( -0.4323372872290630609, 5.850000000000000533, -1.850598686448040153 ) ) ;
#2306 = ADVANCED_FACE ( 'NONE', ( #1032 ), #1439, .F. ) ;
#2307 = VECTOR ( 'NONE', #1982, 999.9999999999998863 ) ;
#2308 = ORIENTED_EDGE ( 'NONE', *, *, #2898, .T. ) ;
#2309 = EDGE_CURVE ( 'NONE', #1193, #3248, #1400, .T. ) ;
#2310 = PLANE ( 'NONE',  #306 ) ;
#2311 = VERTEX_POINT ( 'NONE', #1771 ) ;
#2312 = DIRECTION ( 'NONE',  ( 1.000000000000000000, 0.000000000000000000, -6.607640071745660248E-15 ) ) ;
#2313 = CARTESIAN_POINT ( 'NONE',  ( -0.1632558597848109971, 5.850000000000000533, -2.191812192709395202 ) ) ;
#2314 = EDGE_CURVE ( 'NONE', #3584, #2211, #1491, .T. ) ;
#2315 = ADVANCED_FACE ( 'NONE', ( #2112 ), #4284, .F. ) ;
#2316 = ORIENTED_EDGE ( 'NONE', *, *, #893, .F. ) ;
#2317 = CARTESIAN_POINT ( 'NONE',  ( -0.03965402046375604561, 5.839999999999999858, -0.05359711080033600222 ) ) ;
#2318 = CARTESIAN_POINT ( 'NONE',  ( 0.2721659117266639893, 5.839999999999999858, -0.09995710230967760901 ) ) ;
#2319 = CARTESIAN_POINT ( 'NONE',  ( -0.5134486688425010659, 5.839999999999999858, 0.9767654827290508379 ) ) ;
#2320 = CARTESIAN_POINT ( 'NONE',  ( -0.03322960216471715356, 5.850000000000000533, -1.232018981654100065 ) ) ;
#2321 = ORIENTED_EDGE ( 'NONE', *, *, #2708, .F. ) ;
#2322 = CYLINDRICAL_SURFACE ( 'NONE', #2178, 0.09999999999999982514 ) ;
#2323 = CARTESIAN_POINT ( 'NONE',  ( -0.1085348452749209935, 5.839999999999999858, 2.363172690080300065 ) ) ;
#2324 = VECTOR ( 'NONE', #3498, 1000.000000000000000 ) ;
#2325 = ORIENTED_EDGE ( 'NONE', *, *, #3356, .F. ) ;
#2326 = CARTESIAN_POINT ( 'NONE',  ( 0.2721659117266639893, 5.850000000000000533, -0.09995710230967760901 ) ) ;
#2327 = CARTESIAN_POINT ( 'NONE',  ( -1.449999999999999956, -0.1499999999999999944, 2.700000000000000178 ) ) ;
#2328 = ORIENTED_EDGE ( 'NONE', *, *, #2157, .T. ) ;
#2329 = CARTESIAN_POINT ( 'NONE',  ( -0.3782630328200894398, 5.850000000000000533, 0.2751396294207760218 ) ) ;
#2330 = ORIENTED_EDGE ( 'NONE', *, *, #570, .F. ) ;
#2331 = CARTESIAN_POINT ( 'NONE',  ( 0.1253468695951681922, 5.850000000000000533, 0.9767654827290488395 ) ) ;
#2332 = VECTOR ( 'NONE', #4192, 1000.000000000000000 ) ;
#2333 = CARTESIAN_POINT ( 'NONE',  ( 0.1331107419024941951, 5.839999999999999858, -2.132528950490389708 ) ) ;
#2335 = ORIENTED_EDGE ( 'NONE', *, *, #888, .T. ) ;
#2334 = VECTOR ( 'NONE', #3263, 1000.000000000000000 ) ;
#2336 = DIRECTION ( 'NONE',  ( 0.000000000000000000, 0.000000000000000000, -1.000000000000000000 ) ) ;
#2337 = CARTESIAN_POINT ( 'NONE',  ( 0.2296754540190624749, 5.839999999999999858, -2.341136509930489940 ) ) ;
#2338 = CARTESIAN_POINT ( 'NONE',  ( -0.08000943583900219092, 5.850000000000000533, 1.329585485049459948 ) ) ;
#2339 = CARTESIAN_POINT ( 'NONE',  ( -0.3087354479080139935, 5.839999999999999858, -2.055287102678689859 ) ) ;
#2340 = ORIENTED_EDGE ( 'NONE', *, *, #2734, .F. ) ;
#2341 = CARTESIAN_POINT ( 'NONE',  ( 0.03310001375039695048, 5.839999999999999858, 1.956201913893174993 ) ) ;
#2342 = CARTESIAN_POINT ( 'NONE',  ( 3.299999999999999822, 5.850000000000000533, 3.200000000000000178 ) ) ;
#2343 = VECTOR ( 'NONE', #1172, 1000.000000000000000 ) ;
#2344 = ORIENTED_EDGE ( 'NONE', *, *, #1885, .T. ) ;
#2345 = LINE ( 'NONE', #2701, #2357 ) ;
#2346 = FACE_OUTER_BOUND ( 'NONE', #3764, .T. ) ;
#2347 = ORIENTED_EDGE ( 'NONE', *, *, #2392, .T. ) ;
#2348 = DIRECTION ( 'NONE',  ( -1.000000000000000000, 0.000000000000000000, 4.662972564298860082E-15 ) ) ;
#2349 = ORIENTED_EDGE ( 'NONE', *, *, #1891, .T. ) ;
#2350 = FACE_OUTER_BOUND ( 'NONE', #1000, .T. ) ;
#2351 = CARTESIAN_POINT ( 'NONE',  ( -0.07986060761586090406, 5.839999999999999858, 1.329659899161028225 ) ) ;
#2352 = VERTEX_POINT ( 'NONE', #3261 ) ;
#2353 = LINE ( 'NONE', #2035, #4273 ) ;
#2354 = CARTESIAN_POINT ( 'NONE',  ( 3.149999999999999911, 0.000000000000000000, -2.799999999999999822 ) ) ;
#2355 = CARTESIAN_POINT ( 'NONE',  ( -0.02494299327574280023, 5.850000000000000533, 1.714852145361415170 ) ) ;
#2356 = ADVANCED_FACE ( 'NONE', ( #2163 ), #2879, .F. ) ;
#2357 = VECTOR ( 'NONE', #1334, 1000.000000000000000 ) ;
#2358 = ADVANCED_FACE ( 'NONE', ( #2664 ), #3760, .F. ) ;
#2359 = CARTESIAN_POINT ( 'NONE',  ( -0.4207286858238360461, 5.839999999999999858, -1.522978157900509943 ) ) ;
#2360 = ORIENTED_EDGE ( 'NONE', *, *, #1860, .T. ) ;
#2361 = DIRECTION ( 'NONE',  ( 6.601402918572430576E-15, 0.000000000000000000, 1.000000000000000000 ) ) ;
#2362 = FACE_OUTER_BOUND ( 'NONE', #4564, .T. ) ;
#2363 = ADVANCED_FACE ( 'NONE', ( #3027, #863 ), #3334, .T. ) ;
#2364 = DIRECTION ( 'NONE',  ( 0.000000000000000000, 0.000000000000000000, 1.000000000000000000 ) ) ;
#2365 = VECTOR ( 'NONE', #2620, 1000.000000000000000 ) ;
#2366 = ORIENTED_EDGE ( 'NONE', *, *, #1365, .F. ) ;
#2367 = CARTESIAN_POINT ( 'NONE',  ( -0.3087354479080109959, 5.839999999999999858, -1.273244399464960042 ) ) ;
#2368 = DIRECTION ( 'NONE',  ( 0.000000000000000000, 0.000000000000000000, -1.000000000000000000 ) ) ;
#2369 = CARTESIAN_POINT ( 'NONE',  ( -3.299999999999999822, 5.850000000000000533, -3.200000000000000178 ) ) ;
#2370 = CARTESIAN_POINT ( 'NONE',  ( 0.1253468695951630019, 5.839999999999999858, -0.5712216708949821031 ) ) ;
#2371 = VERTEX_POINT ( 'NONE', #2331 ) ;
#2372 = CARTESIAN_POINT ( 'NONE',  ( 0.03642200626665840352, 5.850000000000000533, 0.1265842580192664268 ) ) ;
#2373 = VECTOR ( 'NONE', #3347, 1000.000000000000000 ) ;
#2374 = CARTESIAN_POINT ( 'NONE',  ( 0.2721659117266639893, 5.850000000000000533, -0.09995710230967760901 ) ) ;
#2375 = VECTOR ( 'NONE', #317, 1000.000000000000000 ) ;
#2376 = ORIENTED_EDGE ( 'NONE', *, *, #51, .T. ) ;
#2377 = VECTOR ( 'NONE', #2969, 1000.000000000000000 ) ;
#2378 = CARTESIAN_POINT ( 'NONE',  ( -0.4323372872290650037, 5.839999999999999858, -2.293461869116715235 ) ) ;
#2379 = DIRECTION ( 'NONE',  ( 1.000000000000000000, 0.000000000000000000, -4.953857847517350592E-15 ) ) ;
#2380 = CYLINDRICAL_SURFACE ( 'NONE', #3612, 0.2000000000000000944 ) ;
#2381 = ORIENTED_EDGE ( 'NONE', *, *, #3011, .T. ) ;
#2382 = DIRECTION ( 'NONE',  ( 0.000000000000000000, 1.000000000000000000, 0.000000000000000000 ) ) ;
#2383 =( NAMED_UNIT ( * ) SI_UNIT ( $, .STERADIAN. ) SOLID_ANGLE_UNIT ( ) );
#2384 = CARTESIAN_POINT ( 'NONE',  ( -0.1645457043853875145, 5.839999999999999858, -1.436707397884734005 ) ) ;
#2385 = EDGE_CURVE ( 'NONE', #3181, #1270, #3089, .T. ) ;
#2386 = EDGE_CURVE ( 'NONE', #1157, #4600, #2239, .T. ) ;
#2387 = EDGE_CURVE ( 'NONE', #3402, #1245, #62, .T. ) ;
#2388 = VERTEX_POINT ( 'NONE', #1224 ) ;
#2389 = CARTESIAN_POINT ( 'NONE',  ( -0.5656607326615509246, 5.839999999999999858, 1.475040268468813975 ) ) ;
#2390 = SURFACE_STYLE_USAGE ( .BOTH. , #951 ) ;
#2391 = DIRECTION ( 'NONE',  ( 0.000000000000000000, 1.000000000000000000, 0.000000000000000000 ) ) ;
#2392 = EDGE_CURVE ( 'NONE', #3062, #1717, #3049, .T. ) ;
#2393 = CARTESIAN_POINT ( 'NONE',  ( -0.3705239652166004705, 5.850000000000000533, 0.4553954123519520225 ) ) ;
#2394 = EDGE_LOOP ( 'NONE', ( #2159, #322, #1597, #540 ) ) ;
#2395 = CARTESIAN_POINT ( 'NONE',  ( 0.2721659117266639893, 5.850000000000000533, -0.09995710230967760901 ) ) ;
#2396 = ADVANCED_FACE ( 'NONE', ( #1518 ), #4041, .F. ) ;
#2397 = CARTESIAN_POINT ( 'NONE',  ( -0.2517572053471150428, 5.839999999999999858, 1.329932750903455974 ) ) ;
#2398 = AXIS2_PLACEMENT_3D ( 'NONE', #2737, #4636, #1369 ) ;
#2399 = ORIENTED_EDGE ( 'NONE', *, *, #2706, .F. ) ;
#2400 = CARTESIAN_POINT ( 'NONE',  ( 0.04029154006839325008, 5.839999999999999858, -1.234648280262976128 ) ) ;
#2401 = CARTESIAN_POINT ( 'NONE',  ( 0.1253468695951615863, 5.839999999999999858, -0.9048449377759899548 ) ) ;
#2402 = LINE ( 'NONE', #3854, #988 ) ;
#2403 =( GEOMETRIC_REPRESENTATION_CONTEXT ( 3 ) GLOBAL_UNCERTAINTY_ASSIGNED_CONTEXT ( ( #3129 ) ) GLOBAL_UNIT_ASSIGNED_CONTEXT ( ( #3796, #617, #1239 ) ) REPRESENTATION_CONTEXT ( 'NONE', 'WORKASPACE' ) );
#2404 = CARTESIAN_POINT ( 'NONE',  ( -3.100000000000000089, 5.850000000000000533, -3.200000000000000178 ) ) ;
#2405 = EDGE_LOOP ( 'NONE', ( #354, #3368, #590, #4407 ) ) ;
#2406 = CARTESIAN_POINT ( 'NONE',  ( -0.4168839567259414736, 5.839999999999999858, 0.2166997471329254743 ) ) ;
#2407 = CARTESIAN_POINT ( 'NONE',  ( 0.000000000000000000, 5.850000000000000533, 0.000000000000000000 ) ) ;
#2408 = UNCERTAINTY_MEASURE_WITH_UNIT (LENGTH_MEASURE( 1.000000000000000082E-05 ), #3734, 'distance_accuracy_value', 'NONE');
#2409 = CARTESIAN_POINT ( 'NONE',  ( -0.08343432277193718605, 5.850000000000000533, -1.655633714129480127 ) ) ;
#2410 = EDGE_LOOP ( 'NONE', ( #3653, #775, #2217, #810 ) ) ;
#2411 = CARTESIAN_POINT ( 'NONE',  ( -0.1427405318941717960, 5.850000000000000533, 2.448649699572639893 ) ) ;
#2412 = FACE_OUTER_BOUND ( 'NONE', #78, .T. ) ;
#2413 = EDGE_CURVE ( 'NONE', #4267, #3471, #2957, .T. ) ;
#2414 = ADVANCED_FACE ( 'NONE', ( #1946 ), #2686, .F. ) ;
#2415 = EDGE_CURVE ( 'NONE', #4077, #3619, #494, .T. ) ;
#2416 = DIRECTION ( 'NONE',  ( 0.000000000000000000, 0.000000000000000000, -1.000000000000000000 ) ) ;
#2417 = ORIENTED_EDGE ( 'NONE', *, *, #601, .T. ) ;
#2418 = CARTESIAN_POINT ( 'NONE',  ( -0.2224646878922350024, 5.850000000000000533, 0.5043350930624500572 ) ) ;
#2419 = CARTESIAN_POINT ( 'NONE',  ( 0.2637341502157964923, 5.839999999999999858, 1.361955623583261943 ) ) ;
#2420 = PRESENTATION_LAYER_ASSIGNMENT (  '', '', ( #3338 ) ) ;
#2421 = EDGE_LOOP ( 'NONE', ( #201, #1161, #2174, #1688 ) ) ;
#2422 = B_SPLINE_SURFACE_WITH_KNOTS ( 'NONE', 3, 1, ( 
 ( #2215, #3644 ),
 ( #3690, #3361 ),
 ( #1109, #1873 ),
 ( #88, #2240 ) ),
 .UNSPECIFIED., .F., .F., .F.,
 ( 4, 4 ),
 ( 2, 2 ),
 ( 6.000000000000000000, 7.000000000000000000 ),
 ( 0.000000000000000000, 1.000000000000000000 ),
 .UNSPECIFIED. ) ;
#2423 = CARTESIAN_POINT ( 'NONE',  ( -0.2379180183953500116, 5.839999999999999858, -1.234648280262974129 ) ) ;
#2424 = CARTESIAN_POINT ( 'NONE',  ( -0.4323372872290630609, 5.839999999999999858, -1.850598686448040153 ) ) ;
#2425 = VERTEX_POINT ( 'NONE', #776 ) ;
#2426 = CARTESIAN_POINT ( 'NONE',  ( -0.5134486688425010659, 5.850000000000000533, 0.9767654827290508379 ) ) ;
#2427 = DIRECTION ( 'NONE',  ( -3.305232110454095437E-15, 0.000000000000000000, -1.000000000000000000 ) ) ;
#2428 = FILL_AREA_STYLE_COLOUR ( '', #713 ) ;
#2429 = ORIENTED_EDGE ( 'NONE', *, *, #899, .T. ) ;
#2430 = DIRECTION ( 'NONE',  ( 1.000000000000000000, 0.000000000000000000, -3.353387193516085543E-15 ) ) ;
#2431 = CARTESIAN_POINT ( 'NONE',  ( -0.01003720405812071927, 5.839999999999999858, -1.383922988076349947 ) ) ;
#2432 = ORIENTED_EDGE ( 'NONE', *, *, #1953, .T. ) ;
#2433 = CARTESIAN_POINT ( 'NONE',  ( -0.08000943583900219092, 5.850000000000000533, 1.329585485049459948 ) ) ;
#2434 = VECTOR ( 'NONE', #2439, 1000.000000000000227 ) ;
#2435 = CARTESIAN_POINT ( 'NONE',  ( 0.05576967527536609570, 5.839999999999999858, -0.05359711080033690428 ) ) ;
#2436 = AXIS2_PLACEMENT_3D ( 'NONE', #4525, #3475, #222 ) ;
#2437 = CARTESIAN_POINT ( 'NONE',  ( 0.4539366193937550142, 5.850000000000000533, 1.645944678045770049 ) ) ;
#2438 = EDGE_LOOP ( 'NONE', ( #2658, #2878, #4008 ) ) ;
#2439 = DIRECTION ( 'NONE',  ( -0.3228746543566889948, 0.000000000000000000, -0.9464417349071460039 ) ) ;
#2440 = DIRECTION ( 'NONE',  ( 0.000000000000000000, 0.000000000000000000, 1.000000000000000000 ) ) ;
#2441 = EDGE_CURVE ( 'NONE', #3392, #2083, #472, .T. ) ;
#2442 = ORIENTED_EDGE ( 'NONE', *, *, #3841, .T. ) ;
#2443 = EDGE_CURVE ( 'NONE', #2352, #2700, #2237, .T. ) ;
#2444 = DIRECTION ( 'NONE',  ( 0.000000000000000000, 0.000000000000000000, -1.000000000000000000 ) ) ;
#2445 = DIRECTION ( 'NONE',  ( -5.102127870520030843E-16, 0.000000000000000000, 1.000000000000000000 ) ) ;
#2446 = CARTESIAN_POINT ( 'NONE',  ( -3.299999999999999822, 5.850000000000000533, 3.200000000000000178 ) ) ;
#2447 = MECHANICAL_DESIGN_GEOMETRIC_PRESENTATION_REPRESENTATION (  '', ( #4437 ), #3139 ) ;
#2448 = EDGE_CURVE ( 'NONE', #396, #3171, #2978, .T. ) ;
#2449 = CARTESIAN_POINT ( 'NONE',  ( -0.4323372872290610625, 5.839999999999999858, -1.221749834257153999 ) ) ;
#2450 = VECTOR ( 'NONE', #3773, 1000.000000000000000 ) ;
#2451 = PLANE ( 'NONE',  #4597 ) ;
#2452 = CARTESIAN_POINT ( 'NONE',  ( -0.3782630328200894398, 5.839999999999999858, 0.2751396294207760218 ) ) ;
#2453 = ORIENTED_EDGE ( 'NONE', *, *, #1835, .T. ) ;
#2454 = CARTESIAN_POINT ( 'NONE',  ( -0.05475824731224299829, 5.839999999999999858, 2.049690842731434870 ) ) ;
#2455 = ORIENTED_EDGE ( 'NONE', *, *, #4685, .T. ) ;
#2456 = B_SPLINE_CURVE_WITH_KNOTS ( 'NONE', 3,
 ( #4372, #2948, #2633, #4060 ),
 .UNSPECIFIED., .F., .F.,
 ( 4, 4 ),
 ( 10.00000000000000000, 11.00000000000000000 ),
 .UNSPECIFIED. ) ;
#2457 = CARTESIAN_POINT ( 'NONE',  ( -0.1645457043853875145, 5.839999999999999858, -1.436707397884734005 ) ) ;
#2458 = CARTESIAN_POINT ( 'NONE',  ( -0.1085348452749209935, 5.850000000000000533, 2.363172690080300065 ) ) ;
#2459 =( NAMED_UNIT ( * ) SI_UNIT ( $, .STERADIAN. ) SOLID_ANGLE_UNIT ( ) );
#2460 = B_SPLINE_SURFACE_WITH_KNOTS ( 'NONE', 3, 1, ( 
 ( #3496, #2355 ),
 ( #1954, #915 ),
 ( #1993, #3076 ),
 ( #204, #2338 ) ),
 .UNSPECIFIED., .F., .F., .F.,
 ( 4, 4 ),
 ( 2, 2 ),
 ( 17.00000000000000000, 18.00000000000000000 ),
 ( 0.000000000000000000, 1.000000000000000000 ),
 .UNSPECIFIED. ) ;
#2461 = LINE ( 'NONE', #620, #4202 ) ;
#2462 = ORIENTED_EDGE ( 'NONE', *, *, #3818, .F. ) ;
#2463 = CARTESIAN_POINT ( 'NONE',  ( 3.149999999999999911, -0.1499999999999999944, -2.799999999999999822 ) ) ;
#2464 = CARTESIAN_POINT ( 'NONE',  ( 0.06355835228657069624, 5.839999999999999858, -0.3125086096630849686 ) ) ;
#2465 = ORIENTED_EDGE ( 'NONE', *, *, #2067, .T. ) ;
#2466 = FILL_AREA_STYLE_COLOUR ( '', #3717 ) ;
#2467 = FILL_AREA_STYLE ('',( #4655 ) ) ;
#2468 = ORIENTED_EDGE ( 'NONE', *, *, #1852, .T. ) ;
#2470 = DIRECTION ( 'NONE',  ( 1.000000000000000000, 0.000000000000000000, -6.396517913355420291E-15 ) ) ;
#2469 = VECTOR ( 'NONE', #2120, 1000.000000000000000 ) ;
#2471 = VECTOR ( 'NONE', #3359, 1000.000000000000000 ) ;
#2472 = CARTESIAN_POINT ( 'NONE',  ( -0.08821979281577879695, 5.850000000000000533, 1.232078194186319919 ) ) ;
#2473 = EDGE_CURVE ( 'NONE', #4446, #350, #1544, .T. ) ;
#2474 = EDGE_CURVE ( 'NONE', #382, #3181, #1900, .T. ) ;
#2475 = ORIENTED_EDGE ( 'NONE', *, *, #3206, .F. ) ;
#2476 = LINE ( 'NONE', #1824, #3390 ) ;
#2477 = VECTOR ( 'NONE', #609, 1000.000000000000000 ) ;
#2478 = LINE ( 'NONE', #352, #4532 ) ;
#2479 = ADVANCED_FACE ( 'NONE', ( #1925 ), #1175, .T. ) ;
#2480 = ORIENTED_EDGE ( 'NONE', *, *, #1332, .F. ) ;
#2481 = AXIS2_PLACEMENT_3D ( 'NONE', #959, #2055, #2082 ) ;
#2482 = FACE_OUTER_BOUND ( 'NONE', #1025, .T. ) ;
#2483 = ORIENTED_EDGE ( 'NONE', *, *, #1196, .F. ) ;
#2484 = LINE ( 'NONE', #4668, #2670 ) ;
#2485 = DIRECTION ( 'NONE',  ( -5.345098021962330533E-15, 0.000000000000000000, -1.000000000000000000 ) ) ;
#2486 = CARTESIAN_POINT ( 'NONE',  ( 0.1331107419024941951, 5.839999999999999858, -2.006372226672040071 ) ) ;
#2487 = CARTESIAN_POINT ( 'NONE',  ( -3.299999999999999822, 5.850000000000000533, -3.200000000000000178 ) ) ;
#2488 = ORIENTED_EDGE ( 'NONE', *, *, #4489, .T. ) ;
#2489 = DIRECTION ( 'NONE',  ( -4.210938253815000034E-15, 0.000000000000000000, -1.000000000000000000 ) ) ;
#2490 = CARTESIAN_POINT ( 'NONE',  ( -0.03322960216471715356, 5.839999999999999858, -1.232018981654100065 ) ) ;
#2491 = ORIENTED_EDGE ( 'NONE', *, *, #4577, .T. ) ;
#2492 = CARTESIAN_POINT ( 'NONE',  ( -0.5505546680124420167, 5.850000000000000533, 1.287839168457580064 ) ) ;
#2493 = ORIENTED_EDGE ( 'NONE', *, *, #1521, .T. ) ;
#2494 = DIRECTION ( 'NONE',  ( -1.000000000000000000, 0.000000000000000000, 2.551063935260014928E-16 ) ) ;
#2495 = VECTOR ( 'NONE', #773, 1000.000000000000000 ) ;
#2496 = DIRECTION ( 'NONE',  ( -2.621654765307950236E-15, 0.000000000000000000, -1.000000000000000000 ) ) ;
#2497 = VERTEX_POINT ( 'NONE', #3889 ) ;
#2498 = CARTESIAN_POINT ( 'NONE',  ( 0.3122521509607245060, 5.839999999999999858, 2.214542904567210257 ) ) ;
#2499 = B_SPLINE_SURFACE_WITH_KNOTS ( 'NONE', 3, 1, ( 
 ( #402, #1849 ),
 ( #3314, #1159 ),
 ( #2552, #2624 ),
 ( #2274, #95 ) ),
 .UNSPECIFIED., .F., .F., .F.,
 ( 4, 4 ),
 ( 2, 2 ),
 ( 0.000000000000000000, 1.000000000000000000 ),
 ( 0.000000000000000000, 1.000000000000000000 ),
 .UNSPECIFIED. ) ;
#2500 = CARTESIAN_POINT ( 'NONE',  ( 0.1292164033969030179, 5.850000000000000533, -1.485671883299094054 ) ) ;
#2501 = PRODUCT_DEFINITION_CONTEXT ( 'detailed design', #3924, 'design' ) ;
#2502 = ORIENTED_EDGE ( 'NONE', *, *, #2849, .F. ) ;
#2503 = CARTESIAN_POINT ( 'NONE',  ( -0.1365641606337006098, 5.839999999999999858, 1.194176606692322062 ) ) ;
#2504 = ORIENTED_EDGE ( 'NONE', *, *, #3298, .F. ) ;
#2505 = EDGE_CURVE ( 'NONE', #1995, #1662, #197, .T. ) ;
#2506 = LINE ( 'NONE', #1068, #680 ) ;
#2507 = CARTESIAN_POINT ( 'NONE',  ( -0.6156918203417750535, 5.850000000000000533, 1.580633892789439887 ) ) ;
#2508 = ADVANCED_FACE ( 'NONE', ( #2010 ), #2707, .F. ) ;
#2509 = VECTOR ( 'NONE', #3448, 1000.000000000000000 ) ;
#2510 = CARTESIAN_POINT ( 'NONE',  ( 0.04029154006839325008, 5.839999999999999858, -1.072375907628353886 ) ) ;
#2511 = ORIENTED_EDGE ( 'NONE', *, *, #2189, .T. ) ;
#2512 = LINE ( 'NONE', #1434, #4335 ) ;
#2513 = CARTESIAN_POINT ( 'NONE',  ( -0.07698509976903580854, 5.839999999999999858, -1.723152118029109836 ) ) ;
#2514 = B_SPLINE_CURVE_WITH_KNOTS ( 'NONE', 3,
 ( #2669, #4074, #1158, #2337 ),
 .UNSPECIFIED., .F., .F.,
 ( 4, 4 ),
 ( 3.000000000000000000, 4.000000000000000000 ),
 .UNSPECIFIED. ) ;
#2515 = ORIENTED_EDGE ( 'NONE', *, *, #3207, .F. ) ;
#2516 = PLANE ( 'NONE',  #2724 ) ;
#2517 = DIRECTION ( 'NONE',  ( -1.000000000000000000, 0.000000000000000000, -5.102127870520029857E-16 ) ) ;
#2518 = ORIENTED_EDGE ( 'NONE', *, *, #4333, .F. ) ;
#2519 = DIRECTION ( 'NONE',  ( 0.000000000000000000, 1.000000000000000000, 0.000000000000000000 ) ) ;
#2520 = ORIENTED_EDGE ( 'NONE', *, *, #1337, .F. ) ;
#2521 = DIRECTION ( 'NONE',  ( -1.000000000000000000, 0.000000000000000000, -2.551063935260009998E-16 ) ) ;
#2522 = B_SPLINE_CURVE_WITH_KNOTS ( 'NONE', 3,
 ( #2688, #2619, #4499, #2333 ),
 .UNSPECIFIED., .F., .F.,
 ( 4, 4 ),
 ( 1.000000000000000000, 2.000000000000000000 ),
 .UNSPECIFIED. ) ;
#2523 = ORIENTED_EDGE ( 'NONE', *, *, #3145, .T. ) ;
#2524 = CARTESIAN_POINT ( 'NONE',  ( -0.1632558597848104975, 5.839999999999999858, -1.917571386862820138 ) ) ;
#2525 = CARTESIAN_POINT ( 'NONE',  ( -1.449999999999999956, -0.05000000000000000278, -2.700000000000000178 ) ) ;
#2526 = AXIS2_PLACEMENT_3D ( 'NONE', #3142, #4591, #4523 ) ;
#2527 = B_SPLINE_CURVE_WITH_KNOTS ( 'NONE', 3,
 ( #522, #2744, #2042, #1258 ),
 .UNSPECIFIED., .F., .F.,
 ( 4, 4 ),
 ( 17.00000000000000000, 18.00000000000000000 ),
 .UNSPECIFIED. ) ;
#2528 = ORIENTED_EDGE ( 'NONE', *, *, #1248, .T. ) ;
#2529 = CARTESIAN_POINT ( 'NONE',  ( -0.5656607326615509246, 5.850000000000000533, 1.475040268468813975 ) ) ;
#2530 = VERTEX_POINT ( 'NONE', #1672 ) ;
#2531 = DIRECTION ( 'NONE',  ( -2.621654765307950236E-15, 0.000000000000000000, -1.000000000000000000 ) ) ;
#2532 = CARTESIAN_POINT ( 'NONE',  ( -0.6156918203417730551, 5.850000000000000533, 2.019032228763784964 ) ) ;
#2533 = CARTESIAN_POINT ( 'NONE',  ( -0.5134486688425019540, 5.839999999999999858, 0.6999697923851720960 ) ) ;
#2534 = EDGE_CURVE ( 'NONE', #3148, #1251, #2802, .T. ) ;
#2535 = EDGE_CURVE ( 'NONE', #3557, #2695, #904, .T. ) ;
#2536 = EDGE_CURVE ( 'NONE', #4040, #488, #1696, .T. ) ;
#2537 = CARTESIAN_POINT ( 'NONE',  ( 0.1577188459295950085, 5.850000000000000533, 2.247681988920595231 ) ) ;
#2538 = VERTEX_POINT ( 'NONE', #596 ) ;
#2539 = CARTESIAN_POINT ( 'NONE',  ( 0.1188728418883939902, 5.839999999999999858, -2.274213418923424879 ) ) ;
#2540 = CARTESIAN_POINT ( 'NONE',  ( 0.2567373859274060255, 5.850000000000000533, -0.3189578326659974761 ) ) ;
#2541 = ORIENTED_EDGE ( 'NONE', *, *, #371, .F. ) ;
#2542 = ADVANCED_FACE ( 'NONE', ( #1985 ), #1349, .T. ) ;
#2543 = LINE ( 'NONE', #1867, #1655 ) ;
#2544 = FACE_OUTER_BOUND ( 'NONE', #4474, .T. ) ;
#2545 = VERTEX_POINT ( 'NONE', #2028 ) ;
#2546 = CARTESIAN_POINT ( 'NONE',  ( -0.2855678545052679485, 5.839999999999999858, 0.1265842580192664268 ) ) ;
#2547 = ORIENTED_EDGE ( 'NONE', *, *, #1425, .F. ) ;
#2548 = DIRECTION ( 'NONE',  ( 0.000000000000000000, 1.000000000000000000, 0.000000000000000000 ) ) ;
#2549 = EDGE_LOOP ( 'NONE', ( #2986, #3825, #21, #2453 ) ) ;
#2550 = VECTOR ( 'NONE', #1875, 1000.000000000000000 ) ;
#2551 = CARTESIAN_POINT ( 'NONE',  ( 0.09774107200258949635, 5.850000000000000533, 2.282607011951709897 ) ) ;
#2552 = CARTESIAN_POINT ( 'NONE',  ( -0.3022862249051080363, 5.839999999999999858, -1.423858561286640123 ) ) ;
#2553 = VERTEX_POINT ( 'NONE', #3534 ) ;
#2554 = LINE ( 'NONE', #1088, #4243 ) ;
#2555 = AXIS2_PLACEMENT_3D ( 'NONE', #1759, #714, #358 ) ;
#2556 = EDGE_LOOP ( 'NONE', ( #1426, #3931, #4456, #2685 ) ) ;
#2557 = ORIENTED_EDGE ( 'NONE', *, *, #4433, .T. ) ;
#2558 = CARTESIAN_POINT ( 'NONE',  ( -0.2546363887951930138, 5.839999999999999858, -1.925310454466309995 ) ) ;
#2559 = CARTESIAN_POINT ( 'NONE',  ( -0.09117339037541749569, 5.839999999999999858, 0.6999697923851709858 ) ) ;
#2560 = AXIS2_PLACEMENT_3D ( 'NONE', #2951, #2903, #4375 ) ;
#2561 = DIRECTION ( 'NONE',  ( 1.000000000000000000, 0.000000000000000000, 5.102127870520019996E-16 ) ) ;
#2562 = ORIENTED_EDGE ( 'NONE', *, *, #2033, .F. ) ;
#2563 = DIRECTION ( 'NONE',  ( 0.000000000000000000, 1.000000000000000000, 0.000000000000000000 ) ) ;
#2564 = FACE_OUTER_BOUND ( 'NONE', #2779, .T. ) ;
#2565 = EDGE_CURVE ( 'NONE', #3563, #1557, #2054, .T. ) ;
#2566 = B_SPLINE_CURVE_WITH_KNOTS ( 'NONE', 3,
 ( #1649, #4513, #550, #4557 ),
 .UNSPECIFIED., .F., .F.,
 ( 4, 4 ),
 ( 11.00000000000000000, 12.00000000000000000 ),
 .UNSPECIFIED. ) ;
#2567 = ORIENTED_EDGE ( 'NONE', *, *, #4629, .T. ) ;
#2568 = ADVANCED_FACE ( 'NONE', ( #2350 ), #1618, .F. ) ;
#2569 = FILL_AREA_STYLE_COLOUR ( '', #3555 ) ;
#2570 = CARTESIAN_POINT ( 'NONE',  ( -0.4323372872290615065, 5.839999999999999858, -1.360755394673609953 ) ) ;
#2571 = ORIENTED_EDGE ( 'NONE', *, *, #1797, .F. ) ;
#2572 = CARTESIAN_POINT ( 'NONE',  ( -0.2121707357914525138, 5.839999999999999858, -1.064636840024874020 ) ) ;
#2573 = ORIENTED_EDGE ( 'NONE', *, *, #3705, .T. ) ;
#2574 = LINE ( 'NONE', #3999, #1748 ) ;
#2575 = EDGE_CURVE ( 'NONE', #429, #2576, #909, .T. ) ;
#2576 = VERTEX_POINT ( 'NONE', #3071 ) ;
#2577 = DIRECTION ( 'NONE',  ( -3.438311824943705426E-15, 0.000000000000000000, -1.000000000000000000 ) ) ;
#2578 = ORIENTED_EDGE ( 'NONE', *, *, #2121, .F. ) ;
#2579 = FACE_OUTER_BOUND ( 'NONE', #798, .T. ) ;
#2580 = EDGE_LOOP ( 'NONE', ( #4275, #3048, #3345, #2634, #243 ) ) ;
#2581 = VERTEX_POINT ( 'NONE', #4519 ) ;
#2582 = DIRECTION ( 'NONE',  ( -3.702237295889640724E-15, 0.000000000000000000, -1.000000000000000000 ) ) ;
#2583 = LINE ( 'NONE', #2870, #612 ) ;
#2584 = CARTESIAN_POINT ( 'NONE',  ( -0.03965402046376444861, 5.839999999999999858, -2.387422087328255227 ) ) ;
#2585 = ORIENTED_EDGE ( 'NONE', *, *, #2187, .F. ) ;
#2586 = DIRECTION ( 'NONE',  ( 1.548860246407864815E-16, 0.000000000000000000, -1.000000000000000000 ) ) ;
#2587 = LINE ( 'NONE', #4423, #1410 ) ;
#2588 = ORIENTED_EDGE ( 'NONE', *, *, #2090, .T. ) ;
#2589 = EDGE_CURVE ( 'NONE', #3333, #1251, #4561, .T. ) ;
#2590 = FILL_AREA_STYLE ('',( #2569 ) ) ;
#2591 = CARTESIAN_POINT ( 'NONE',  ( 0.1407753953944160252, 5.850000000000000533, -1.315660443060991946 ) ) ;
#2592 = ORIENTED_EDGE ( 'NONE', *, *, #637, .F. ) ;
#2593 = CARTESIAN_POINT ( 'NONE',  ( 0.1793963193002734990, 5.839999999999999858, 0.1265842580192658162 ) ) ;
#2594 = ORIENTED_EDGE ( 'NONE', *, *, #2706, .T. ) ;
#2595 = CARTESIAN_POINT ( 'NONE',  ( -0.2855678545052690032, 5.839999999999999858, -0.3125086096630839694 ) ) ;
#2596 = EDGE_CURVE ( 'NONE', #2053, #3733, #174, .T. ) ;
#2597 = ORIENTED_EDGE ( 'NONE', *, *, #3173, .F. ) ;
#2598 = ADVANCED_FACE ( 'NONE', ( #3136 ), #625, .F. ) ;
#2599 = EDGE_CURVE ( 'NONE', #2545, #4608, #3848, .T. ) ;
#2600 = FILL_AREA_STYLE ('',( #3313 ) ) ;
#2601 = FACE_OUTER_BOUND ( 'NONE', #1945, .T. ) ;
#2602 = VERTEX_POINT ( 'NONE', #3489 ) ;
#2603 = CARTESIAN_POINT ( 'NONE',  ( -0.2121707357914525138, 5.850000000000000533, -1.064636840024874020 ) ) ;
#2604 = STYLED_ITEM ( 'NONE', ( #2004 ), #1608 ) ;
#2605 = ORIENTED_EDGE ( 'NONE', *, *, #19, .T. ) ;
#2606 = ORIENTED_EDGE ( 'NONE', *, *, #4087, .F. ) ;
#2607 = VECTOR ( 'NONE', #3562, 1000.000000000000000 ) ;
#2608 = DIRECTION ( 'NONE',  ( -4.885111939044140259E-15, 0.000000000000000000, -1.000000000000000000 ) ) ;
#2609 = CARTESIAN_POINT ( 'NONE',  ( 0.1253468695951640011, 5.850000000000000533, -0.1721139858306355019 ) ) ;
#2610 = AXIS2_PLACEMENT_3D ( 'NONE', #4227, #1312, #4607 ) ;
#2611 = CARTESIAN_POINT ( 'NONE',  ( -0.5546244772456609962, 5.850000000000000533, 0.2751396294207770210 ) ) ;
#2612 = ORIENTED_EDGE ( 'NONE', *, *, #3759, .F. ) ;
#2613 = CARTESIAN_POINT ( 'NONE',  ( 0.1253468695951630019, 5.850000000000000533, -0.4927891972981239821 ) ) ;
#2614 = LINE ( 'NONE', #3709, #4004 ) ;
#2615 = ORIENTED_EDGE ( 'NONE', *, *, #4403, .F. ) ;
#2616 = DIRECTION ( 'NONE',  ( 0.000000000000000000, 1.000000000000000000, 0.000000000000000000 ) ) ;
#2617 = ORIENTED_EDGE ( 'NONE', *, *, #4081, .F. ) ;
#2618 = CARTESIAN_POINT ( 'NONE',  ( 0.2567373859274060255, 5.839999999999999858, -0.3189578326659974761 ) ) ;
#2619 = CARTESIAN_POINT ( 'NONE',  ( 0.1188728418883939902, 5.839999999999999858, -2.274213418923424879 ) ) ;
#2620 = DIRECTION ( 'NONE',  ( 0.000000000000000000, 1.000000000000000000, 0.000000000000000000 ) ) ;
#2621 = ORIENTED_EDGE ( 'NONE', *, *, #401, .F. ) ;
#2622 = CARTESIAN_POINT ( 'NONE',  ( 0.1253468695951640011, 5.850000000000000533, -0.1721139858306355019 ) ) ;
#2623 = CARTESIAN_POINT ( 'NONE',  ( -0.2855678545052690032, 5.839999999999999858, -0.2275276942478950126 ) ) ;
#2624 = CARTESIAN_POINT ( 'NONE',  ( -0.3022862249051080363, 5.850000000000000533, -1.423858561286640123 ) ) ;
#2625 = EDGE_CURVE ( 'NONE', #2981, #1415, #217, .T. ) ;
#2626 = DIRECTION ( 'NONE',  ( -4.039348630799920640E-15, 0.000000000000000000, -1.000000000000000000 ) ) ;
#2627 = VERTEX_POINT ( 'NONE', #3608 ) ;
#2628 = VERTEX_POINT ( 'NONE', #2925 ) ;
#2629 = AXIS2_PLACEMENT_3D ( 'NONE', #987, #4615, #4185 ) ;
#2630 = CARTESIAN_POINT ( 'NONE',  ( -0.2095910465902824926, 5.839999999999999858, 0.2751396294207755222 ) ) ;
#2631 = CARTESIAN_POINT ( 'NONE',  ( -0.3705239652166004705, 5.839999999999999858, 0.4553954123519520225 ) ) ;
#2632 = ADVANCED_FACE ( 'NONE', ( #698 ), #3837, .F. ) ;
#2633 = CARTESIAN_POINT ( 'NONE',  ( 0.1292164033969036008, 5.839999999999999858, -1.264165877853192121 ) ) ;
#2634 = ORIENTED_EDGE ( 'NONE', *, *, #3011, .F. ) ;
#2635 = CARTESIAN_POINT ( 'NONE',  ( -0.4070098467901084871, 5.850000000000000533, 2.010300973006009961 ) ) ;
#2636 = DIRECTION ( 'NONE',  ( -1.000000000000000000, 0.000000000000000000, 2.475526094464650323E-15 ) ) ;
#2637 = COLOUR_RGB ( '',0.2000000000000000111, 0.2000000000000000111, 0.2000000000000000111 ) ;
#2638 = VERTEX_POINT ( 'NONE', #743 ) ;
#2639 = DIRECTION ( 'NONE',  ( 1.000000000000000000, 0.000000000000000000, -3.576031831567450365E-15 ) ) ;
#2640 = ORIENTED_EDGE ( 'NONE', *, *, #1521, .F. ) ;
#2641 = CARTESIAN_POINT ( 'NONE',  ( 0.1188728418883939902, 5.850000000000000533, -2.274213418923424879 ) ) ;
#2642 = CARTESIAN_POINT ( 'NONE',  ( -0.08000943583900219092, 5.839999999999999858, 1.329585485049459948 ) ) ;
#2643 = CARTESIAN_POINT ( 'NONE',  ( -0.2855678545052690032, 5.850000000000000533, -0.3125086096630839694 ) ) ;
#2644 = ORIENTED_EDGE ( 'NONE', *, *, #2897, .F. ) ;
#2645 = CARTESIAN_POINT ( 'NONE',  ( 0.1331107419024941951, 5.839999999999999858, -2.006372226672040071 ) ) ;
#2646 = LINE ( 'NONE', #851, #3531 ) ;
#2647 = CARTESIAN_POINT ( 'NONE',  ( 0.1577188459295950085, 5.839999999999999858, 2.247681988920595231 ) ) ;
#2648 = CARTESIAN_POINT ( 'NONE',  ( -0.1632558597848109971, 5.850000000000000533, -2.191812192709395202 ) ) ;
#2649 = EDGE_CURVE ( 'NONE', #3687, #3993, #2824, .T. ) ;
#2650 = ORIENTED_EDGE ( 'NONE', *, *, #2953, .T. ) ;
#2651 = ORIENTED_EDGE ( 'NONE', *, *, #1550, .F. ) ;
#2652 = DIRECTION ( 'NONE',  ( -4.745234259692869648E-15, 0.000000000000000000, -1.000000000000000000 ) ) ;
#2653 = FACE_OUTER_BOUND ( 'NONE', #1117, .T. ) ;
#2654 = UNCERTAINTY_MEASURE_WITH_UNIT (LENGTH_MEASURE( 1.000000000000000082E-05 ), #1391, 'distance_accuracy_value', 'NONE');
#2655 = EDGE_CURVE ( 'NONE', #3946, #3084, #832, .T. ) ;
#2656 = EDGE_CURVE ( 'NONE', #1832, #1567, #2512, .T. ) ;
#2657 = APPLICATION_PROTOCOL_DEFINITION ( 'draft international standard', 'automotive_design', 1998, #3924 ) ;
#2658 = ORIENTED_EDGE ( 'NONE', *, *, #4624, .F. ) ;
#2659 = CARTESIAN_POINT ( 'NONE',  ( 0.2721659117266574945, 5.850000000000000533, -2.092692596095524937 ) ) ;
#2660 = CARTESIAN_POINT ( 'NONE',  ( 0.001546592643255075136, 5.839999999999999858, -1.462454680488640024 ) ) ;
#2661 = ORIENTED_EDGE ( 'NONE', *, *, #1860, .F. ) ;
#2662 = LINE ( 'NONE', #1244, #1988 ) ;
#2663 = ORIENTED_EDGE ( 'NONE', *, *, #695, .F. ) ;
#2664 = FACE_OUTER_BOUND ( 'NONE', #4665, .T. ) ;
#2665 = ADVANCED_FACE ( 'NONE', ( #2902 ), #2046, .F. ) ;
#2666 = LINE ( 'NONE', #4115, #193 ) ;
#2667 = ORIENTED_EDGE ( 'NONE', *, *, #2196, .F. ) ;
#2668 = DIRECTION ( 'NONE',  ( 0.000000000000000000, 1.000000000000000000, 0.000000000000000000 ) ) ;
#2669 = CARTESIAN_POINT ( 'NONE',  ( 0.2721659117266574945, 5.839999999999999858, -2.092692596095524937 ) ) ;
#2670 = VECTOR ( 'NONE', #4643, 1000.000000000000000 ) ;
#2671 = CARTESIAN_POINT ( 'NONE',  ( 0.01935820781344074759, 5.839999999999999858, 1.300787223871104015 ) ) ;
#2672 = DIRECTION ( 'NONE',  ( -1.000000000000000000, 0.000000000000000000, 4.039348630799920640E-15 ) ) ;
#2673 = ORIENTED_EDGE ( 'NONE', *, *, #692, .F. ) ;
#2674 = CARTESIAN_POINT ( 'NONE',  ( 0.1577188459295950085, 5.850000000000000533, 2.247681988920595231 ) ) ;
#2675 = DIRECTION ( 'NONE',  ( 0.000000000000000000, 1.000000000000000000, 0.000000000000000000 ) ) ;
#2676 = ORIENTED_EDGE ( 'NONE', *, *, #4338, .F. ) ;
#2677 = CARTESIAN_POINT ( 'NONE',  ( -0.5134486688425010659, 5.839999999999999858, 0.8879894476236900314 ) ) ;
#2678 = CARTESIAN_POINT ( 'NONE',  ( -0.08821979281577879695, 5.839999999999999858, 1.232078194186319919 ) ) ;
#2679 = VECTOR ( 'NONE', #281, 1000.000000000000000 ) ;
#2680 = EDGE_CURVE ( 'NONE', #2695, #4028, #2181, .T. ) ;
#2681 = EDGE_CURVE ( 'NONE', #1121, #4445, #3914, .T. ) ;
#2682 = VECTOR ( 'NONE', #2288, 1000.000000000000000 ) ;
#2683 = ORIENTED_EDGE ( 'NONE', *, *, #2443, .F. ) ;
#2684 = DIRECTION ( 'NONE',  ( 0.000000000000000000, 1.000000000000000000, 0.000000000000000000 ) ) ;
#2685 = ORIENTED_EDGE ( 'NONE', *, *, #148, .T. ) ;
#2686 = PLANE ( 'NONE',  #635 ) ;
#2687 = B_SPLINE_CURVE_WITH_KNOTS ( 'NONE', 3,
 ( #3666, #368, #1081, #727 ),
 .UNSPECIFIED., .F., .F.,
 ( 4, 4 ),
 ( 6.000000000000000000, 7.000000000000000000 ),
 .UNSPECIFIED. ) ;
#2688 = CARTESIAN_POINT ( 'NONE',  ( 0.08670114098544448589, 5.839999999999999858, -2.350165422134550042 ) ) ;
#2689 = VERTEX_POINT ( 'NONE', #335 ) ;
#2690 = CARTESIAN_POINT ( 'NONE',  ( -0.4323372872290640045, 5.839999999999999858, -2.061736325681590376 ) ) ;
#2691 = DIRECTION ( 'NONE',  ( 0.1961959018913790875, 0.000000000000000000, 0.9805647189660804397 ) ) ;
#2692 = B_SPLINE_CURVE_WITH_KNOTS ( 'NONE', 3,
 ( #1703, #3167, #1992, #3804 ),
 .UNSPECIFIED., .F., .F.,
 ( 4, 4 ),
 ( 1.000000000000000000, 2.000000000000000000 ),
 .UNSPECIFIED. ) ;
#2693 = CARTESIAN_POINT ( 'NONE',  ( 0.01935820781344074759, 5.850000000000000533, 1.300787223871104015 ) ) ;
#2694 = CARTESIAN_POINT ( 'NONE',  ( -0.3872671403203019613, 5.850000000000000533, -1.622147363922090246 ) ) ;
#2695 = VERTEX_POINT ( 'NONE', #672 ) ;
#2696 = CARTESIAN_POINT ( 'NONE',  ( -1.449999999999999956, -0.1499999999999999944, 2.799999999999999822 ) ) ;
#2697 = PLANE ( 'NONE',  #2142 ) ;
#2698 = VECTOR ( 'NONE', #3954, 1000.000000000000000 ) ;
#2699 = VECTOR ( 'NONE', #1128, 1000.000000000000000 ) ;
#2700 = VERTEX_POINT ( 'NONE', #3256 ) ;
#2701 = CARTESIAN_POINT ( 'NONE',  ( -0.4323372872290615065, 5.839999999999999858, -1.360755394673609953 ) ) ;
#2702 = CARTESIAN_POINT ( 'NONE',  ( 0.1253468695951620027, 5.839999999999999858, -0.7245643501409561038 ) ) ;
#2703 = VERTEX_POINT ( 'NONE', #4650 ) ;
#2704 = LINE ( 'NONE', #492, #2991 ) ;
#2705 = ORIENTED_EDGE ( 'NONE', *, *, #2860, .T. ) ;
#2706 = EDGE_CURVE ( 'NONE', #2695, #1458, #363, .T. ) ;
#2707 = PLANE ( 'NONE',  #1016 ) ;
#2708 = EDGE_CURVE ( 'NONE', #3471, #615, #3558, .T. ) ;
#2709 = VECTOR ( 'NONE', #2582, 1000.000000000000000 ) ;
#2710 = PLANE ( 'NONE',  #4308 ) ;
#2712 = ORIENTED_EDGE ( 'NONE', *, *, #2441, .T. ) ;
#2711 = VECTOR ( 'NONE', #3879, 1000.000000000000000 ) ;
#2713 = EDGE_CURVE ( 'NONE', #4321, #298, #2130, .T. ) ;
#2714 = CARTESIAN_POINT ( 'NONE',  ( 3.149999999999999911, 0.000000000000000000, -2.799999999999999822 ) ) ;
#2715 = ADVANCED_FACE ( 'NONE', ( #1386 ), #941, .F. ) ;
#2716 = DIRECTION ( 'NONE',  ( 0.000000000000000000, 1.000000000000000000, 0.000000000000000000 ) ) ;
#2717 = EDGE_CURVE ( 'NONE', #2883, #2581, #4085, .T. ) ;
#2718 = FACE_OUTER_BOUND ( 'NONE', #3784, .T. ) ;
#2719 = CARTESIAN_POINT ( 'NONE',  ( -0.4207286858238360461, 5.850000000000000533, -1.522978157900509943 ) ) ;
#2720 = VERTEX_POINT ( 'NONE', #1564 ) ;
#2721 = CARTESIAN_POINT ( 'NONE',  ( 0.1188728418883974042, 5.850000000000000533, -1.234648280262976128 ) ) ;
#2722 = DIRECTION ( 'NONE',  ( 0.000000000000000000, -1.000000000000000000, 0.000000000000000000 ) ) ;
#2723 = CARTESIAN_POINT ( 'NONE',  ( 0.1253468695951681922, 5.839999999999999858, 0.9767654827290488395 ) ) ;
#2724 = AXIS2_PLACEMENT_3D ( 'NONE', #984, #3210, #4677 ) ;
#2725 = VERTEX_POINT ( 'NONE', #29 ) ;
#2726 = CARTESIAN_POINT ( 'NONE',  ( -3.299999999999999822, 0.000000000000000000, 3.200000000000000178 ) ) ;
#2727 = CARTESIAN_POINT ( 'NONE',  ( -0.2855678545052679485, 5.839999999999999858, 0.2166997471329250025 ) ) ;
#2728 = CARTESIAN_POINT ( 'NONE',  ( 0.08670114098544448589, 5.850000000000000533, -2.350165422134550042 ) ) ;
#2729 = B_SPLINE_CURVE_WITH_KNOTS ( 'NONE', 3,
 ( #490, #4492, #4035, #3351 ),
 .UNSPECIFIED., .F., .F.,
 ( 4, 4 ),
 ( 5.000000000000000000, 6.000000000000000000 ),
 .UNSPECIFIED. ) ;
#2730 = FACE_OUTER_BOUND ( 'NONE', #4581, .T. ) ;
#2731 = ORIENTED_EDGE ( 'NONE', *, *, #4599, .F. ) ;
#2732 = DIRECTION ( 'NONE',  ( 1.000000000000000000, 0.000000000000000000, 1.161645184805897995E-16 ) ) ;
#2733 = LINE ( 'NONE', #3469, #3542 ) ;
#2734 = EDGE_CURVE ( 'NONE', #4494, #4141, #389, .T. ) ;
#2735 = ORIENTED_EDGE ( 'NONE', *, *, #3843, .F. ) ;
#2736 = CARTESIAN_POINT ( 'NONE',  ( 0.4539366193937580118, 5.839999999999999858, 2.110313538958734636 ) ) ;
#2737 = CARTESIAN_POINT ( 'NONE',  ( 0.007625582888919679725, 5.839999999999999858, 1.242148903952390082 ) ) ;
#2738 = CARTESIAN_POINT ( 'NONE',  ( 0.2721659117266639893, 5.839999999999999858, -0.09995710230967760901 ) ) ;
#2739 = EDGE_CURVE ( 'NONE', #2999, #278, #2304, .T. ) ;
#2740 = EDGE_CURVE ( 'NONE', #4141, #2638, #4472, .T. ) ;
#2741 = VECTOR ( 'NONE', #4582, 1000.000000000000000 ) ;
#2742 = CARTESIAN_POINT ( 'NONE',  ( -0.4323372872290615065, 5.850000000000000533, -1.432837864082987966 ) ) ;
#2743 = ORIENTED_EDGE ( 'NONE', *, *, #3818, .T. ) ;
#2744 = CARTESIAN_POINT ( 'NONE',  ( -0.05389008267724040152, 5.839999999999999858, 1.567537009152764949 ) ) ;
#2745 = CARTESIAN_POINT ( 'NONE',  ( 0.007625582888919620744, 5.850000000000000533, 1.242148903952390082 ) ) ;
#2746 = AXIS2_PLACEMENT_3D ( 'NONE', #2938, #3745, #3649 ) ;
#2747 = ORIENTED_EDGE ( 'NONE', *, *, #1359, .F. ) ;
#2748 = CARTESIAN_POINT ( 'NONE',  ( -0.6156918203417740543, 5.839999999999999858, 1.721425391883609990 ) ) ;
#2749 = LINE ( 'NONE', #927, #1329 ) ;
#2750 = B_SPLINE_CURVE_WITH_KNOTS ( 'NONE', 3,
 ( #2092, #1801, #1422, #1444 ),
 .UNSPECIFIED., .F., .F.,
 ( 4, 4 ),
 ( 28.00000000000000000, 29.00000000000000000 ),
 .UNSPECIFIED. ) ;
#2751 = CARTESIAN_POINT ( 'NONE',  ( 0.2567373859274035275, 5.839999999999999858, -0.9820371761799829846 ) ) ;
#2752 = ORIENTED_EDGE ( 'NONE', *, *, #282, .F. ) ;
#2753 = CARTESIAN_POINT ( 'NONE',  ( 0.2721659117266649885, 5.850000000000000533, 0.05321194400929649820 ) ) ;
#2754 = AXIS2_PLACEMENT_3D ( 'NONE', #1644, #4217, #945 ) ;
#2755 = CARTESIAN_POINT ( 'NONE',  ( 0.2712251707807120105, 5.839999999999999858, 2.355011942511235024 ) ) ;
#2756 = VECTOR ( 'NONE', #3821, 1000.000000000000000 ) ;
#2757 = ORIENTED_EDGE ( 'NONE', *, *, #168, .F. ) ;
#2758 = DIRECTION ( 'NONE',  ( 4.953857847517350592E-15, 0.000000000000000000, 1.000000000000000000 ) ) ;
#2759 = EDGE_LOOP ( 'NONE', ( #731, #1503, #3131, #718 ) ) ;
#2760 = LINE ( 'NONE', #4210, #3237 ) ;
#2761 = CARTESIAN_POINT ( 'NONE',  ( -1.449999999999999956, -0.05000000000000000278, 2.799999999999999822 ) ) ;
#2762 = SURFACE_SIDE_STYLE ('',( #2785 ) ) ;
#2763 = EDGE_LOOP ( 'NONE', ( #2775, #3425, #1496, #1475 ) ) ;
#2764 = DIRECTION ( 'NONE',  ( 1.000000000000000000, 0.000000000000000000, -6.601402918572430576E-15 ) ) ;
#2765 = CARTESIAN_POINT ( 'NONE',  ( -0.2517572053471150428, 5.850000000000000533, 1.329932750903455974 ) ) ;
#2766 = FACE_OUTER_BOUND ( 'NONE', #2989, .T. ) ;
#2767 = ORIENTED_EDGE ( 'NONE', *, *, #2003, .T. ) ;
#2768 = CARTESIAN_POINT ( 'NONE',  ( -0.7332661166254909046, 5.850000000000000533, 2.049517209804439855 ) ) ;
#2769 = LINE ( 'NONE', #3862, #3246 ) ;
#2770 = EDGE_CURVE ( 'NONE', #4256, #2703, #3727, .T. ) ;
#2771 = PRESENTATION_LAYER_ASSIGNMENT (  '', '', ( #3388 ) ) ;
#2772 =( NAMED_UNIT ( * ) PLANE_ANGLE_UNIT ( ) SI_UNIT ( $, .RADIAN. ) );
#2773 = VECTOR ( 'NONE', #3543, 1000.000000000000000 ) ;
#2774 = CARTESIAN_POINT ( 'NONE',  ( 0.000000000000000000, 5.850000000000000533, 0.000000000000000000 ) ) ;
#2775 = ORIENTED_EDGE ( 'NONE', *, *, #2734, .T. ) ;
#2776 = DIRECTION ( 'NONE',  ( 6.607640071745660248E-15, 0.000000000000000000, 1.000000000000000000 ) ) ;
#2777 = CARTESIAN_POINT ( 'NONE',  ( 0.2721659117266574945, 5.850000000000000533, -2.184073125105909785 ) ) ;
#2778 = AXIS2_PLACEMENT_3D ( 'NONE', #1572, #2268, #3380 ) ;
#2779 = EDGE_LOOP ( 'NONE', ( #3301, #240, #2058, #1342 ) ) ;
#2780 = LINE ( 'NONE', #288, #3481 ) ;
#2781 = FACE_OUTER_BOUND ( 'NONE', #3217, .T. ) ;
#2782 = CARTESIAN_POINT ( 'NONE',  ( -0.3692322828154014913, 5.839999999999999858, 1.711974799713970041 ) ) ;
#2783 = LINE ( 'NONE', #4287, #1140 ) ;
#2784 = PRESENTATION_LAYER_ASSIGNMENT (  '', '', ( #3697 ) ) ;
#2785 = SURFACE_STYLE_FILL_AREA ( #874 ) ;
#2786 = B_SPLINE_CURVE_WITH_KNOTS ( 'NONE', 3,
 ( #2513, #1051, #30, #1099 ),
 .UNSPECIFIED., .F., .F.,
 ( 4, 4 ),
 ( 4.000000000000000000, 5.000000000000000000 ),
 .UNSPECIFIED. ) ;
#2787 = LINE ( 'NONE', #3240, #1641 ) ;
#2788 = LINE ( 'NONE', #970, #644 ) ;
#2789 = FILL_AREA_STYLE ('',( #1977 ) ) ;
#2790 = UNCERTAINTY_MEASURE_WITH_UNIT (LENGTH_MEASURE( 1.000000000000000082E-05 ), #524, 'distance_accuracy_value', 'NONE');
#2791 = EDGE_CURVE ( 'NONE', #1164, #3171, #791, .T. ) ;
#2792 = EDGE_LOOP ( 'NONE', ( #3769, #2970, #2102, #2166 ) ) ;
#2793 = CARTESIAN_POINT ( 'NONE',  ( -0.1365641606337006098, 5.850000000000000533, 1.194176606692322062 ) ) ;
#2794 = ORIENTED_EDGE ( 'NONE', *, *, #3068, .T. ) ;
#2795 = DIRECTION ( 'NONE',  ( 4.662972564298860082E-15, 0.000000000000000000, 1.000000000000000000 ) ) ;
#2796 = CARTESIAN_POINT ( 'NONE',  ( 0.1413973507914786099, 5.839999999999999858, 2.265590985105584654 ) ) ;
#2797 = LINE ( 'NONE', #169, #1919 ) ;
#2798 = ADVANCED_FACE ( 'NONE', ( #769 ), #1323, .F. ) ;
#2799 = EDGE_CURVE ( 'NONE', #1201, #1804, #2971, .T. ) ;
#2800 = CARTESIAN_POINT ( 'NONE',  ( 0.2712251707807120105, 5.850000000000000533, 2.355011942511235024 ) ) ;
#2801 = EDGE_LOOP ( 'NONE', ( #2208, #131, #4667, #36 ) ) ;
#2802 = LINE ( 'NONE', #238, #2434 ) ;
#2803 = CARTESIAN_POINT ( 'NONE',  ( -0.3872671403203019613, 5.850000000000000533, -1.622147363922090246 ) ) ;
#2804 = ORIENTED_EDGE ( 'NONE', *, *, #141, .F. ) ;
#2805 = B_SPLINE_SURFACE_WITH_KNOTS ( 'NONE', 3, 1, ( 
 ( #2318, #2296 ),
 ( #3765, #1929 ),
 ( #3031, #499 ),
 ( #68, #4481 ) ),
 .UNSPECIFIED., .F., .F., .F.,
 ( 4, 4 ),
 ( 2, 2 ),
 ( 7.000000000000000000, 8.000000000000000000 ),
 ( 0.000000000000000000, 1.000000000000000000 ),
 .UNSPECIFIED. ) ;
#2806 = DIRECTION ( 'NONE',  ( 0.000000000000000000, 1.000000000000000000, 0.000000000000000000 ) ) ;
#2807 = ADVANCED_FACE ( 'NONE', ( #1888 ), #1145, .T. ) ;
#2808 = CARTESIAN_POINT ( 'NONE',  ( 0.007625582888919620744, 5.839999999999999858, 1.242148903952390082 ) ) ;
#2809 = FACE_OUTER_BOUND ( 'NONE', #1841, .T. ) ;
#2810 = FACE_OUTER_BOUND ( 'NONE', #28, .T. ) ;
#2811 = LINE ( 'NONE', #2141, #3013 ) ;
#2812 = B_SPLINE_CURVE_WITH_KNOTS ( 'NONE', 3,
 ( #1324, #2719, #2742, #607 ),
 .UNSPECIFIED., .F., .F.,
 ( 4, 4 ),
 ( 16.00000000000000000, 17.00000000000000000 ),
 .UNSPECIFIED. ) ;
#2813 = B_SPLINE_CURVE_WITH_KNOTS ( 'NONE', 3,
 ( #4083, #816, #1457, #1480 ),
 .UNSPECIFIED., .F., .F.,
 ( 4, 4 ),
 ( 3.000000000000000000, 4.000000000000000000 ),
 .UNSPECIFIED. ) ;
#2814 = CARTESIAN_POINT ( 'NONE',  ( 0.05839897388424299812, 5.850000000000000533, -1.485671883299094054 ) ) ;
#2815 = ORIENTED_EDGE ( 'NONE', *, *, #3145, .F. ) ;
#2816 = CARTESIAN_POINT ( 'NONE',  ( -3.100000000000000089, 0.000000000000000000, -3.399999999999999911 ) ) ;
#2817 = EDGE_LOOP ( 'NONE', ( #150, #1709, #3020, #1301 ) ) ;
#2818 = CARTESIAN_POINT ( 'NONE',  ( -0.5134486688425019540, 5.839999999999999858, 0.6008501957713030528 ) ) ;
#2819 = VECTOR ( 'NONE', #212, 1000.000000000000000 ) ;
#2820 = FACE_OUTER_BOUND ( 'NONE', #3405, .T. ) ;
#2821 = VECTOR ( 'NONE', #192, 1000.000000000000000 ) ;
#2822 = CARTESIAN_POINT ( 'NONE',  ( 0.3889979046952835029, 5.850000000000000533, 2.258521644506245263 ) ) ;
#2823 = ORIENTED_EDGE ( 'NONE', *, *, #1858, .T. ) ;
#2824 = LINE ( 'NONE', #3229, #3656 ) ;
#2825 = CARTESIAN_POINT ( 'NONE',  ( 0.2721659117266574945, 5.839999999999999858, -2.092692596095524937 ) ) ;
#2826 = EDGE_CURVE ( 'NONE', #3093, #2942, #1114, .T. ) ;
#2827 = B_SPLINE_CURVE_WITH_KNOTS ( 'NONE', 3,
 ( #4512, #1238, #3463, #2748, #926, #2389, #2103 ),
 .UNSPECIFIED., .F., .F.,
 ( 4, 3, 4 ),
 ( 2.000000000000000000, 3.000000000000000000, 4.000000000000000000 ),
 .UNSPECIFIED. ) ;
#2828 = ORIENTED_EDGE ( 'NONE', *, *, #2031, .T. ) ;
#2829 = FACE_BOUND ( 'NONE', #4518, .T. ) ;
#2830 = DIRECTION ( 'NONE',  ( 0.000000000000000000, 1.000000000000000000, 0.000000000000000000 ) ) ;
#2831 = CARTESIAN_POINT ( 'NONE',  ( 0.03902650017166944818, 5.839999999999999858, -1.655633714129480127 ) ) ;
#2832 = VECTOR ( 'NONE', #725, 1000.000000000000000 ) ;
#2833 = CARTESIAN_POINT ( 'NONE',  ( -0.3782630328200949910, 5.839999999999999858, -1.064636840024874020 ) ) ;
#2834 = EDGE_CURVE ( 'NONE', #126, #476, #2997, .T. ) ;
#2835 = AXIS2_PLACEMENT_3D ( 'NONE', #3657, #387, #3300 ) ;
#2836 = PLANE ( 'NONE',  #2746 ) ;
#2837 = CARTESIAN_POINT ( 'NONE',  ( 0.1253468695951640011, 5.850000000000000533, -0.06391586760498658981 ) ) ;
#2838 = ORIENTED_EDGE ( 'NONE', *, *, #520, .T. ) ;
#2839 = DIRECTION ( 'NONE',  ( 1.000000000000000000, 0.000000000000000000, -3.353387193516085543E-15 ) ) ;
#2840 = CARTESIAN_POINT ( 'NONE',  ( -0.3087354479080139935, 5.850000000000000533, -2.055287102678689859 ) ) ;
#2841 = LINE ( 'NONE', #1834, #1227 ) ;
#2842 = B_SPLINE_SURFACE_WITH_KNOTS ( 'NONE', 3, 1, ( 
 ( #744, #673 ),
 ( #2207, #286 ),
 ( #3204, #1764 ),
 ( #2490, #2108 ) ),
 .UNSPECIFIED., .F., .F., .F.,
 ( 4, 4 ),
 ( 2, 2 ),
 ( 14.00000000000000000, 15.00000000000000000 ),
 ( 0.000000000000000000, 1.000000000000000000 ),
 .UNSPECIFIED. ) ;
#2843 = CARTESIAN_POINT ( 'NONE',  ( 0.01541425990012834993, 5.850000000000000533, 2.388076612753049943 ) ) ;
#2844 = EDGE_LOOP ( 'NONE', ( #1774, #4476, #4078, #1838 ) ) ;
#2845 = CARTESIAN_POINT ( 'NONE',  ( -0.3782630328200894398, 5.839999999999999858, 0.2751396294207760218 ) ) ;
#2846 = DIRECTION ( 'NONE',  ( 1.000000000000000000, 0.000000000000000000, -4.953857847517550963E-15 ) ) ;
#2847 = B_SPLINE_CURVE_WITH_KNOTS ( 'NONE', 3,
 ( #3395, #457, #2944, #3039 ),
 .UNSPECIFIED., .F., .F.,
 ( 4, 4 ),
 ( 6.000000000000000000, 7.000000000000000000 ),
 .UNSPECIFIED. ) ;
#2848 = ORIENTED_EDGE ( 'NONE', *, *, #757, .F. ) ;
#2849 = EDGE_CURVE ( 'NONE', #1421, #3402, #4491, .T. ) ;
#2850 = CARTESIAN_POINT ( 'NONE',  ( -0.3705239652166004705, 5.850000000000000533, 0.4553954123519520225 ) ) ;
#2851 = FACE_OUTER_BOUND ( 'NONE', #4366, .T. ) ;
#2852 = ORIENTED_EDGE ( 'NONE', *, *, #3087, .F. ) ;
#2854 = FACE_OUTER_BOUND ( 'NONE', #4631, .T. ) ;
#2853 = CIRCLE ( 'NONE', #794, 0.2000000000000000944 ) ;
#2855 = VECTOR ( 'NONE', #3737, 1000.000000000000000 ) ;
#2856 = CARTESIAN_POINT ( 'NONE',  ( -0.07953814646571659430, 5.850000000000000533, 1.329759117976453853 ) ) ;
#2857 = EDGE_CURVE ( 'NONE', #3913, #1625, #3902, .T. ) ;
#2858 = ADVANCED_FACE ( 'NONE', ( #1216 ), #4129, .T. ) ;
#2859 = ORIENTED_EDGE ( 'NONE', *, *, #371, .T. ) ;
#2860 = EDGE_CURVE ( 'NONE', #4392, #1089, #4107, .T. ) ;
#2861 = EDGE_CURVE ( 'NONE', #1057, #3707, #526, .T. ) ;
#2862 = COLOUR_RGB ( '',0.2000000000000000111, 0.2000000000000000111, 0.2000000000000000111 ) ;
#2863 = CARTESIAN_POINT ( 'NONE',  ( -0.1851336085869675074, 5.839999999999999858, -1.295072538859414202 ) ) ;
#2864 = EDGE_LOOP ( 'NONE', ( #2571, #3393, #2115, #932, #2145, #1617 ) ) ;
#2865 = AXIS2_PLACEMENT_3D ( 'NONE', #3257, #4014, #3941 ) ;
#2866 = DIRECTION ( 'NONE',  ( 1.000000000000000000, 0.000000000000000000, 0.000000000000000000 ) ) ;
#2867 = ORIENTED_EDGE ( 'NONE', *, *, #547, .T. ) ;
#2868 = LINE ( 'NONE', #1733, #2899 ) ;
#2869 = CARTESIAN_POINT ( 'NONE',  ( -0.6022991180594449157, 5.850000000000000533, -0.7245643501409529952 ) ) ;
#2870 = CARTESIAN_POINT ( 'NONE',  ( -0.5134486688425019540, 5.839999999999999858, 0.6008501957713030528 ) ) ;
#2871 = LINE ( 'NONE', #2487, #4279 ) ;
#2872 = EDGE_LOOP ( 'NONE', ( #3126, #2286, #2661, #1132 ) ) ;
#2873 = CARTESIAN_POINT ( 'NONE',  ( -0.6447647710631799756, 5.850000000000000533, 0.6047445342769040000 ) ) ;
#2874 = LINE ( 'NONE', #1411, #3323 ) ;
#2875 = ORIENTED_EDGE ( 'NONE', *, *, #2655, .F. ) ;
#2876 = CARTESIAN_POINT ( 'NONE',  ( -0.1156308283787396002, 5.850000000000000533, -1.064636840024874020 ) ) ;
#2877 = PRESENTATION_STYLE_ASSIGNMENT (( #2161 ) ) ;
#2878 = ORIENTED_EDGE ( 'NONE', *, *, #111, .F. ) ;
#2879 = PLANE ( 'NONE',  #3691 ) ;
#2880 = AXIS2_PLACEMENT_3D ( 'NONE', #4692, #4290, #2866 ) ;
#2881 = ORIENTED_EDGE ( 'NONE', *, *, #523, .T. ) ;
#2882 = CARTESIAN_POINT ( 'NONE',  ( -3.299999999999999822, 5.850000000000000533, -3.399999999999999911 ) ) ;
#2883 = VERTEX_POINT ( 'NONE', #146 ) ;
#2884 = CARTESIAN_POINT ( 'NONE',  ( 0.09774107200258949635, 5.839999999999999858, 2.282607011951709897 ) ) ;
#2885 = EDGE_CURVE ( 'NONE', #1719, #4467, #3623, .T. ) ;
#2886 = B_SPLINE_SURFACE_WITH_KNOTS ( 'NONE', 3, 1, ( 
 ( #629, #2856 ),
 ( #2089, #3897 ),
 ( #4637, #2472 ),
 ( #3921, #1155 ) ),
 .UNSPECIFIED., .F., .F., .F.,
 ( 4, 4 ),
 ( 2, 2 ),
 ( 19.00000000000000000, 20.00000000000000000 ),
 ( 0.000000000000000000, 1.000000000000000000 ),
 .UNSPECIFIED. ) ;
#2887 = CARTESIAN_POINT ( 'NONE',  ( -0.4168839567259425283, 5.850000000000000533, -0.05359711080033600222 ) ) ;
#2888 = ADVANCED_FACE ( 'NONE', ( #4224 ), #1613, .F. ) ;
#2889 = ADVANCED_FACE ( 'NONE', ( #950 ), #1601, .F. ) ;
#2890 = EDGE_CURVE ( 'NONE', #2720, #4232, #2345, .T. ) ;
#2891 = VERTEX_POINT ( 'NONE', #3111 ) ;
#2892 = CARTESIAN_POINT ( 'NONE',  ( -0.7335656108724020186, 5.839999999999999858, -0.9048449377759869572 ) ) ;
#2893 = ORIENTED_EDGE ( 'NONE', *, *, #2952, .F. ) ;
#2894 = CARTESIAN_POINT ( 'NONE',  ( -0.4168839567259429724, 5.839999999999999858, -0.2275276942478945130 ) ) ;
#2895 = DIRECTION ( 'NONE',  ( 0.000000000000000000, 0.000000000000000000, 1.000000000000000000 ) ) ;
#2896 = CARTESIAN_POINT ( 'NONE',  ( 0.2567373859274050263, 5.839999999999999858, -0.5712216708949821031 ) ) ;
#2897 = EDGE_CURVE ( 'NONE', #943, #1895, #3006, .T. ) ;
#2898 = EDGE_CURVE ( 'NONE', #1201, #4327, #167, .T. ) ;
#2899 = VECTOR ( 'NONE', #3196, 1000.000000000000227 ) ;
#2900 = DIRECTION ( 'NONE',  ( 1.000000000000000000, 0.000000000000000000, 1.548860246407864815E-16 ) ) ;
#2901 = ORIENTED_EDGE ( 'NONE', *, *, #4280, .T. ) ;
#2902 = FACE_OUTER_BOUND ( 'NONE', #140, .T. ) ;
#2903 = DIRECTION ( 'NONE',  ( 1.000000000000000000, 0.000000000000000000, -6.876623649887300412E-15 ) ) ;
#2904 = ORIENTED_EDGE ( 'NONE', *, *, #4685, .F. ) ;
#2905 = CARTESIAN_POINT ( 'NONE',  ( -0.1851336085869675074, 5.839999999999999858, -1.295072538859414202 ) ) ;
#2906 = ORIENTED_EDGE ( 'NONE', *, *, #4280, .F. ) ;
#2907 = FACE_OUTER_BOUND ( 'NONE', #3202, .T. ) ;
#2908 = ORIENTED_EDGE ( 'NONE', *, *, #2098, .F. ) ;
#2909 = LINE ( 'NONE', #4043, #4640 ) ;
#2910 = VERTEX_POINT ( 'NONE', #2726 ) ;
#2911 = CARTESIAN_POINT ( 'NONE',  ( 0.01685293272385010241, 5.839999999999999858, 2.180684483801964557 ) ) ;
#2912 = CARTESIAN_POINT ( 'NONE',  ( -1.449999999999999956, -0.1499999999999999944, -2.799999999999999822 ) ) ;
#2913 = AXIS2_PLACEMENT_3D ( 'NONE', #267, #1344, #2134 ) ;
#2914 = ORIENTED_EDGE ( 'NONE', *, *, #2505, .F. ) ;
#2915 = LINE ( 'NONE', #3932, #57 ) ;
#2916 = ADVANCED_FACE ( 'NONE', ( #1666, #591 ), #4603, .F. ) ;
#2917 = EDGE_CURVE ( 'NONE', #2053, #1339, #3816, .T. ) ;
#2918 = VERTEX_POINT ( 'NONE', #2048 ) ;
#2919 = CARTESIAN_POINT ( 'NONE',  ( 0.06355835228657069624, 5.850000000000000533, -0.3125086096630849686 ) ) ;
#2920 = CARTESIAN_POINT ( 'NONE',  ( -0.4723454367502979978, 5.839999999999999858, 1.398592171180533805 ) ) ;
#2921 = LINE ( 'NONE', #3983, #1538 ) ;
#2922 = B_SPLINE_CURVE_WITH_KNOTS ( 'NONE', 3,
 ( #4524, #2984, #3188, #1660 ),
 .UNSPECIFIED., .F., .F.,
 ( 4, 4 ),
 ( 0.000000000000000000, 1.000000000000000000 ),
 .UNSPECIFIED. ) ;
#2923 = CARTESIAN_POINT ( 'NONE',  ( 0.09774107200258949635, 5.839999999999999858, 2.282607011951709897 ) ) ;
#2924 = ORIENTED_EDGE ( 'NONE', *, *, #116, .F. ) ;
#2925 = CARTESIAN_POINT ( 'NONE',  ( -0.04349874956164235390, 5.839999999999999858, -0.3125086096630844690 ) ) ;
#2926 = DIRECTION ( 'NONE',  ( -0.9745779011497491817, 0.000000000000000000, 0.2240489111568045588 ) ) ;
#2927 = ORIENTED_EDGE ( 'NONE', *, *, #4338, .T. ) ;
#2928 = CARTESIAN_POINT ( 'NONE',  ( 0.09774107200258949635, 5.850000000000000533, 2.282607011951709897 ) ) ;
#2929 = CARTESIAN_POINT ( 'NONE',  ( -0.6022991180594440275, 5.839999999999999858, -0.6215752197253509026 ) ) ;
#2930 = ORIENTED_EDGE ( 'NONE', *, *, #3119, .F. ) ;
#2931 = LINE ( 'NONE', #750, #251 ) ;
#2932 = CARTESIAN_POINT ( 'NONE',  ( 0.1253468695951620027, 5.850000000000000533, -0.7245643501409561038 ) ) ;
#2933 = CARTESIAN_POINT ( 'NONE',  ( 0.07988168522531040316, 5.839999999999999858, 2.092950246258610036 ) ) ;
#2934 = EDGE_LOOP ( 'NONE', ( #1530, #4367, #2106, #3260 ) ) ;
#2935 = AXIS2_PLACEMENT_3D ( 'NONE', #3746, #2626, #2672 ) ;
#2936 = AXIS2_PLACEMENT_3D ( 'NONE', #3641, #2494, #3997 ) ;
#2937 = LINE ( 'NONE', #4386, #1072 ) ;
#2938 = CARTESIAN_POINT ( 'NONE',  ( 3.299999999999999822, 5.850000000000000533, -3.399999999999999911 ) ) ;
#2939 = ORIENTED_EDGE ( 'NONE', *, *, #4540, .T. ) ;
#2940 = DIRECTION ( 'NONE',  ( 0.000000000000000000, 1.000000000000000000, 0.000000000000000000 ) ) ;
#2941 = CIRCLE ( 'NONE', #1255, 0.09999999999999982514 ) ;
#2942 = VERTEX_POINT ( 'NONE', #549 ) ;
#2943 = EDGE_LOOP ( 'NONE', ( #1280, #2939, #3505 ) ) ;
#2944 = CARTESIAN_POINT ( 'NONE',  ( -0.4323372872290650037, 5.850000000000000533, -2.293461869116715235 ) ) ;
#2945 = FILL_AREA_STYLE ('',( #2125 ) ) ;
#2946 = EDGE_CURVE ( 'NONE', #3029, #61, #3506, .T. ) ;
#2947 = AXIS2_PLACEMENT_3D ( 'NONE', #825, #3335, #2291 ) ;
#2948 = CARTESIAN_POINT ( 'NONE',  ( 0.1407753953944160252, 5.839999999999999858, -1.315660443060991946 ) ) ;
#2949 = ORIENTED_EDGE ( 'NONE', *, *, #2474, .T. ) ;
#2950 = CARTESIAN_POINT ( 'NONE',  ( -0.2379180183953500116, 5.850000000000000533, -1.234648280262974129 ) ) ;
#2951 = CARTESIAN_POINT ( 'NONE',  ( -0.09117339037541841162, 5.839999999999999858, 0.5738378732706770347 ) ) ;
#2952 = EDGE_CURVE ( 'NONE', #3808, #152, #2078, .T. ) ;
#2953 = EDGE_CURVE ( 'NONE', #1082, #2119, #2827, .T. ) ;
#2954 = VERTEX_POINT ( 'NONE', #2433 ) ;
#2955 = LINE ( 'NONE', #107, #160 ) ;
#2956 = ORIENTED_EDGE ( 'NONE', *, *, #1636, .T. ) ;
#2957 = LINE ( 'NONE', #4406, #32 ) ;
#2958 = CARTESIAN_POINT ( 'NONE',  ( 0.09774107200258949635, 5.839999999999999858, 2.282607011951709897 ) ) ;
#2959 = FACE_OUTER_BOUND ( 'NONE', #1615, .T. ) ;
#2960 = ORIENTED_EDGE ( 'NONE', *, *, #4721, .F. ) ;
#2961 = FACE_OUTER_BOUND ( 'NONE', #3358, .T. ) ;
#2962 = CARTESIAN_POINT ( 'NONE',  ( -0.4323372872290650037, 5.839999999999999858, -2.293461869116715235 ) ) ;
#2963 = ORIENTED_EDGE ( 'NONE', *, *, #3097, .F. ) ;
#2964 = CARTESIAN_POINT ( 'NONE',  ( 0.1413973507914786099, 5.850000000000000533, 2.265590985105584654 ) ) ;
#2965 = ORIENTED_EDGE ( 'NONE', *, *, #1357, .F. ) ;
#2966 = ORIENTED_EDGE ( 'NONE', *, *, #2190, .F. ) ;
#2967 = DIRECTION ( 'NONE',  ( 0.000000000000000000, 0.000000000000000000, -1.000000000000000000 ) ) ;
#2968 = CARTESIAN_POINT ( 'NONE',  ( 0.06355835228657069624, 5.850000000000000533, -0.3125086096630849686 ) ) ;
#2969 = DIRECTION ( 'NONE',  ( 1.000000000000000000, 0.000000000000000000, 0.000000000000000000 ) ) ;
#2970 = ORIENTED_EDGE ( 'NONE', *, *, #3410, .F. ) ;
#2971 = LINE ( 'NONE', #3374, #4262 ) ;
#2972 = CARTESIAN_POINT ( 'NONE',  ( -0.01003720405812063947, 5.839999999999999858, -1.383922988076349947 ) ) ;
#2973 = VECTOR ( 'NONE', #575, 1000.000000000000000 ) ;
#2974 = ORIENTED_EDGE ( 'NONE', *, *, #1738, .T. ) ;
#2975 = SURFACE_STYLE_USAGE ( .BOTH. , #4038 ) ;
#2976 = CARTESIAN_POINT ( 'NONE',  ( 0.1253468695951630019, 5.850000000000000533, -0.5712216708949821031 ) ) ;
#2977 = EDGE_LOOP ( 'NONE', ( #207, #4198, #4064, #4022 ) ) ;
#2978 = LINE ( 'NONE', #4430, #4671 ) ;
#2979 = CARTESIAN_POINT ( 'NONE',  ( -0.2057463174924025195, 5.850000000000000533, -1.234648280262976128 ) ) ;
#2980 = FACE_OUTER_BOUND ( 'NONE', #786, .T. ) ;
#2981 = VERTEX_POINT ( 'NONE', #1758 ) ;
#2982 = VECTOR ( 'NONE', #3452, 1000.000000000000000 ) ;
#2983 = CARTESIAN_POINT ( 'NONE',  ( 0.1253468695951640011, 5.850000000000000533, -0.06391586760498658981 ) ) ;
#2984 = CARTESIAN_POINT ( 'NONE',  ( -0.3087354479080119951, 5.850000000000000533, -1.389131975886390036 ) ) ;
#2985 = DIRECTION ( 'NONE',  ( -1.000000000000000000, 0.000000000000000000, 3.399186478811250280E-15 ) ) ;
#2986 = ORIENTED_EDGE ( 'NONE', *, *, #757, .T. ) ;
#2987 = CARTESIAN_POINT ( 'NONE',  ( -0.02494299327574294942, 5.839999999999999858, 1.714852145361415170 ) ) ;
#2988 = VECTOR ( 'NONE', #3322, 1000.000000000000000 ) ;
#2989 = EDGE_LOOP ( 'NONE', ( #971, #3595, #2194, #4026 ) ) ;
#2990 = ORIENTED_EDGE ( 'NONE', *, *, #547, .F. ) ;
#2991 = VECTOR ( 'NONE', #1266, 1000.000000000000000 ) ;
#2992 = DIRECTION ( 'NONE',  ( 1.161645184805897995E-16, 0.000000000000000000, -1.000000000000000000 ) ) ;
#2993 = CARTESIAN_POINT ( 'NONE',  ( 1.449999999999999956, -0.1499999999999999944, -2.799999999999999822 ) ) ;
#2994 = VECTOR ( 'NONE', #1432, 1000.000000000000000 ) ;
#2995 = LINE ( 'NONE', #3706, #3820 ) ;
#2996 = ORIENTED_EDGE ( 'NONE', *, *, #2791, .F. ) ;
#2997 = LINE ( 'NONE', #2635, #3877 ) ;
#2998 = CARTESIAN_POINT ( 'NONE',  ( -0.02494299327574294942, 5.850000000000000533, 1.714852145361415170 ) ) ;
#2999 = VERTEX_POINT ( 'NONE', #2894 ) ;
#3000 = PRESENTATION_STYLE_ASSIGNMENT (( #2975 ) ) ;
#3001 = DIRECTION ( 'NONE',  ( -1.548860246407864815E-16, 0.000000000000000000, 1.000000000000000000 ) ) ;
#3002 = EDGE_LOOP ( 'NONE', ( #1064, #1563, #1880, #2956 ) ) ;
#3003 = CARTESIAN_POINT ( 'NONE',  ( 0.03642200626665854923, 5.839999999999999858, 0.1265842580192653999 ) ) ;
#3004 = CARTESIAN_POINT ( 'NONE',  ( -0.3367877301700215043, 5.839999999999999858, 1.322640167969413971 ) ) ;
#3005 = PLANE ( 'NONE',  #4500 ) ;
#3006 = B_SPLINE_CURVE_WITH_KNOTS ( 'NONE', 3,
 ( #3443, #3483, #2367, #3861 ),
 .UNSPECIFIED., .F., .F.,
 ( 4, 4 ),
 ( 1.000000000000000000, 2.000000000000000000 ),
 .UNSPECIFIED. ) ;
#3007 = ORIENTED_EDGE ( 'NONE', *, *, #1611, .T. ) ;
#3008 =( NAMED_UNIT ( * ) SI_UNIT ( $, .STERADIAN. ) SOLID_ANGLE_UNIT ( ) );
#3009 = DIRECTION ( 'NONE',  ( 0.000000000000000000, -1.000000000000000000, 0.000000000000000000 ) ) ;
#3010 = CARTESIAN_POINT ( 'NONE',  ( 0.2567373859274035275, 5.839999999999999858, -0.9820371761799829846 ) ) ;
#3011 = EDGE_CURVE ( 'NONE', #4460, #3062, #4133, .T. ) ;
#3012 = EDGE_CURVE ( 'NONE', #3966, #2200, #2506, .T. ) ;
#3013 = VECTOR ( 'NONE', #4332, 1000.000000000000000 ) ;
#3014 = EDGE_CURVE ( 'NONE', #1984, #1082, #2025, .T. ) ;
#3015 = CARTESIAN_POINT ( 'NONE',  ( 0.1577188459295950085, 5.839999999999999858, 2.247681988920595231 ) ) ;
#3016 = ORIENTED_EDGE ( 'NONE', *, *, #410, .T. ) ;
#3017 = EDGE_LOOP ( 'NONE', ( #3753, #3379, #4529, #2747 ) ) ;
#3018 = FACE_OUTER_BOUND ( 'NONE', #3077, .T. ) ;
#3019 = FACE_OUTER_BOUND ( 'NONE', #1408, .T. ) ;
#3020 = ORIENTED_EDGE ( 'NONE', *, *, #4378, .F. ) ;
#3021 = CARTESIAN_POINT ( 'NONE',  ( -0.2752739024044825178, 5.850000000000000533, -1.234648280262974129 ) ) ;
#3022 = CARTESIAN_POINT ( 'NONE',  ( -0.07953814646571659430, 5.839999999999999858, 1.329759117976453853 ) ) ;
#3023 = VECTOR ( 'NONE', #1264, 1000.000000000000000 ) ;
#3024 = ORIENTED_EDGE ( 'NONE', *, *, #339, .F. ) ;
#3025 = LINE ( 'NONE', #2929, #3670 ) ;
#3026 = ORIENTED_EDGE ( 'NONE', *, *, #3790, .T. ) ;
#3027 = FACE_BOUND ( 'NONE', #2580, .T. ) ;
#3028 = CARTESIAN_POINT ( 'NONE',  ( -0.2379180183953500116, 5.850000000000000533, -1.234648280262974129 ) ) ;
#3029 = VERTEX_POINT ( 'NONE', #2457 ) ;
#3030 = DIRECTION ( 'NONE',  ( 0.000000000000000000, 1.000000000000000000, 0.000000000000000000 ) ) ;
#3031 = CARTESIAN_POINT ( 'NONE',  ( 0.2245408803206039861, 5.839999999999999858, -0.2905812514532200019 ) ) ;
#3032 = CARTESIAN_POINT ( 'NONE',  ( 0.1407753953944151926, 5.839999999999999858, -1.354355781078413923 ) ) ;
#3033 = DIRECTION ( 'NONE',  ( -1.000000000000000000, 0.000000000000000000, 3.399186478811250280E-15 ) ) ;
#3034 = ORIENTED_EDGE ( 'NONE', *, *, #1511, .T. ) ;
#3035 = EDGE_CURVE ( 'NONE', #1662, #4313, #3959, .T. ) ;
#3036 = ORIENTED_EDGE ( 'NONE', *, *, #2799, .T. ) ;
#3037 = ADVANCED_FACE ( 'NONE', ( #2175 ), #4261, .T. ) ;
#3038 = STYLED_ITEM ( 'NONE', ( #3000 ), #3244 ) ;
#3039 = CARTESIAN_POINT ( 'NONE',  ( -0.4323372872290640045, 5.850000000000000533, -2.061736325681590376 ) ) ;
#3040 = EDGE_CURVE ( 'NONE', #4256, #3888, #3352, .T. ) ;
#3041 = PLANE ( 'NONE',  #305 ) ;
#3042 = ORIENTED_EDGE ( 'NONE', *, *, #2064, .F. ) ;
#3043 = CARTESIAN_POINT ( 'NONE',  ( 0.1253468695951630019, 5.850000000000000533, -0.5712216708949821031 ) ) ;
#3044 = CARTESIAN_POINT ( 'NONE',  ( -0.05475824731224299829, 5.850000000000000533, 2.049690842731434870 ) ) ;
#3045 = EDGE_CURVE ( 'NONE', #1717, #122, #3273, .T. ) ;
#3046 = ORIENTED_EDGE ( 'NONE', *, *, #2127, .T. ) ;
#3047 = PLANE ( 'NONE',  #3590 ) ;
#3048 = ORIENTED_EDGE ( 'NONE', *, *, #3045, .F. ) ;
#3049 = LINE ( 'NONE', #4114, #3394 ) ;
#3050 = CARTESIAN_POINT ( 'NONE',  ( -0.4723454367502979978, 5.839999999999999858, 1.398592171180533805 ) ) ;
#3051 = ORIENTED_EDGE ( 'NONE', *, *, #1364, .F. ) ;
#3052 = CARTESIAN_POINT ( 'NONE',  ( 0.08670114098544448589, 5.839999999999999858, -2.350165422134550042 ) ) ;
#3053 = VECTOR ( 'NONE', #4609, 1000.000000000000000 ) ;
#3054 = CARTESIAN_POINT ( 'NONE',  ( 0.1253468695951681922, 5.839999999999999858, 0.9767654827290488395 ) ) ;
#3055 = VECTOR ( 'NONE', #3592, 1000.000000000000000 ) ;
#3056 = CARTESIAN_POINT ( 'NONE',  ( 0.2721659117266599925, 5.839999999999999858, -1.571843424499439701 ) ) ;
#3057 = ORIENTED_EDGE ( 'NONE', *, *, #1891, .F. ) ;
#3058 = LINE ( 'NONE', #3106, #4678 ) ;
#3059 = CARTESIAN_POINT ( 'NONE',  ( -0.6447647710631819740, 5.839999999999999858, 0.6047445342769040000 ) ) ;
#3060 = EDGE_CURVE ( 'NONE', #4653, #3333, #2868, .T. ) ;
#3061 = EDGE_CURVE ( 'NONE', #2553, #173, #1021, .T. ) ;
#3062 = VERTEX_POINT ( 'NONE', #712 ) ;
#3063 = CARTESIAN_POINT ( 'NONE',  ( 0.1175581925839612046, 5.850000000000000533, -0.3330965138646654888 ) ) ;
#3064 = CARTESIAN_POINT ( 'NONE',  ( -0.08000943583900219092, 5.850000000000000533, 1.329585485049459948 ) ) ;
#3065 = EDGE_CURVE ( 'NONE', #3171, #3192, #3223, .T. ) ;
#3066 = EDGE_CURVE ( 'NONE', #2223, #134, #3176, .T. ) ;
#3067 = ORIENTED_EDGE ( 'NONE', *, *, #467, .T. ) ;
#3068 = EDGE_CURVE ( 'NONE', #4327, #3966, #4622, .T. ) ;
#3069 = LINE ( 'NONE', #2370, #2756 ) ;
#3070 = ORIENTED_EDGE ( 'NONE', *, *, #2857, .T. ) ;
#3071 = CARTESIAN_POINT ( 'NONE',  ( -0.2211996479955165018, 5.839999999999999858, -1.622147363922090246 ) ) ;
#3072 = FACE_OUTER_BOUND ( 'NONE', #2763, .T. ) ;
#3073 = ORIENTED_EDGE ( 'NONE', *, *, #2121, .T. ) ;
#3074 = SURFACE_STYLE_USAGE ( .BOTH. , #3339 ) ;
#3075 = CARTESIAN_POINT ( 'NONE',  ( -0.2517572053471150428, 5.839999999999999858, 1.329932750903455974 ) ) ;
#3076 = CARTESIAN_POINT ( 'NONE',  ( -0.07246880586637581556, 5.850000000000000533, 1.410250381993473967 ) ) ;
#3077 = EDGE_LOOP ( 'NONE', ( #3514, #2515, #860, #394 ) ) ;
#3078 = FACE_OUTER_BOUND ( 'NONE', #1527, .T. ) ;
#3079 = DIRECTION ( 'NONE',  ( 0.000000000000000000, 1.000000000000000000, 0.000000000000000000 ) ) ;
#3080 = CARTESIAN_POINT ( 'NONE',  ( 0.03902650017166944818, 5.839999999999999858, -1.655633714129480127 ) ) ;
#3081 = VECTOR ( 'NONE', #3411, 1000.000000000000000 ) ;
#3082 = VECTOR ( 'NONE', #964, 1000.000000000000000 ) ;
#3083 = SHAPE_DEFINITION_REPRESENTATION ( #3832, #4120 ) ;
#3084 = VERTEX_POINT ( 'NONE', #1354 ) ;
#3085 = CARTESIAN_POINT ( 'NONE',  ( -0.4684510982446959404, 5.850000000000000533, 2.383090867277735114 ) ) ;
#3086 = DIRECTION ( 'NONE',  ( 0.000000000000000000, -1.000000000000000000, 0.000000000000000000 ) ) ;
#3087 = EDGE_CURVE ( 'NONE', #3794, #1794, #1627, .T. ) ;
#3088 = DIRECTION ( 'NONE',  ( 0.000000000000000000, 1.000000000000000000, 0.000000000000000000 ) ) ;
#3089 = B_SPLINE_CURVE_WITH_KNOTS ( 'NONE', 3,
 ( #4457, #2593, #4477, #4497 ),
 .UNSPECIFIED., .F., .F.,
 ( 4, 4 ),
 ( 8.000000000000000000, 9.000000000000000000 ),
 .UNSPECIFIED. ) ;
#3090 = EDGE_CURVE ( 'NONE', #90, #2425, #2484, .T. ) ;
#3091 = EDGE_CURVE ( 'NONE', #2891, #129, #3934, .T. ) ;
#3092 = CARTESIAN_POINT ( 'NONE',  ( 1.449999999999999956, -0.1499999999999999944, 2.799999999999999822 ) ) ;
#3093 = VERTEX_POINT ( 'NONE', #3574 ) ;
#3094 = DIRECTION ( 'NONE',  ( 0.000000000000000000, 1.000000000000000000, 0.000000000000000000 ) ) ;
#3095 = MECHANICAL_DESIGN_GEOMETRIC_PRESENTATION_REPRESENTATION (  '', ( #3697 ), #2403 ) ;
#3096 = FACE_OUTER_BOUND ( 'NONE', #2186, .T. ) ;
#3097 = EDGE_CURVE ( 'NONE', #2910, #2180, #301, .T. ) ;
#3098 = EDGE_CURVE ( 'NONE', #405, #2388, #2780, .T. ) ;
#3100 = ORIENTED_EDGE ( 'NONE', *, *, #25, .F. ) ;
#3099 = AXIS2_PLACEMENT_3D ( 'NONE', #3965, #2926, #3660 ) ;
#3101 = DIRECTION ( 'NONE',  ( -5.222947163506660980E-15, 0.000000000000000000, -1.000000000000000000 ) ) ;
#3102 = DIRECTION ( 'NONE',  ( 0.000000000000000000, -1.000000000000000000, 0.000000000000000000 ) ) ;
#3103 = CARTESIAN_POINT ( 'NONE',  ( 0.04029154006839325008, 5.839999999999999858, -1.072375907628353886 ) ) ;
#3104 = CARTESIAN_POINT ( 'NONE',  ( 3.149999999999999911, -0.1499999999999999944, -2.700000000000000178 ) ) ;
#3105 = VERTEX_POINT ( 'NONE', #1768 ) ;
#3106 = CARTESIAN_POINT ( 'NONE',  ( -0.4168839567259414736, 5.839999999999999858, 0.2166997471329254743 ) ) ;
#3107 = DIRECTION ( 'NONE',  ( 0.000000000000000000, 1.000000000000000000, 0.000000000000000000 ) ) ;
#3108 = LINE ( 'NONE', #4554, #3109 ) ;
#3109 = VECTOR ( 'NONE', #1279, 1000.000000000000000 ) ;
#3110 = EDGE_LOOP ( 'NONE', ( #1052, #2996, #2735, #2475 ) ) ;
#3111 = CARTESIAN_POINT ( 'NONE',  ( -0.1632558597848109971, 5.839999999999999858, -2.191812192709395202 ) ) ;
#3112 = PRESENTATION_STYLE_ASSIGNMENT (( #2390 ) ) ;
#3113 = CARTESIAN_POINT ( 'NONE',  ( 0.1253468695951620027, 5.839999999999999858, -0.6511920361309949667 ) ) ;
#3114 = DIRECTION ( 'NONE',  ( 0.9736530871428409339, 0.000000000000000000, -0.2280343524498344987 ) ) ;
#3115 = ORIENTED_EDGE ( 'NONE', *, *, #1587, .T. ) ;
#3116 = DIRECTION ( 'NONE',  ( 1.000000000000000000, 0.000000000000000000, -6.607640071745660248E-15 ) ) ;
#3117 = CARTESIAN_POINT ( 'NONE',  ( 0.4539366193937550142, 5.850000000000000533, 1.645944678045770049 ) ) ;
#3118 = ORIENTED_EDGE ( 'NONE', *, *, #1295, .T. ) ;
#3119 = EDGE_CURVE ( 'NONE', #4204, #408, #1317, .T. ) ;
#3120 = CARTESIAN_POINT ( 'NONE',  ( 0.2567373859274060255, 5.850000000000000533, -0.3189578326659974761 ) ) ;
#3121 = LINE ( 'NONE', #558, #4295 ) ;
#3122 = CARTESIAN_POINT ( 'NONE',  ( 0.2173989634103145052, 5.850000000000000533, 1.415211322764939883 ) ) ;
#3123 = VECTOR ( 'NONE', #2531, 1000.000000000000000 ) ;
#3124 = EDGE_CURVE ( 'NONE', #3084, #4213, #1568, .T. ) ;
#3125 = CARTESIAN_POINT ( 'NONE',  ( -0.4323372872290615065, 5.839999999999999858, -1.360755394673609953 ) ) ;
#3126 = ORIENTED_EDGE ( 'NONE', *, *, #4599, .T. ) ;
#3127 = CARTESIAN_POINT ( 'NONE',  ( 0.2567373859274045267, 5.839999999999999858, -0.6511920361309959659 ) ) ;
#3128 = CARTESIAN_POINT ( 'NONE',  ( -0.2121707357914525138, 5.850000000000000533, -1.064636840024874020 ) ) ;
#3129 = UNCERTAINTY_MEASURE_WITH_UNIT (LENGTH_MEASURE( 1.000000000000000082E-05 ), #3796, 'distance_accuracy_value', 'NONE');
#3130 = CARTESIAN_POINT ( 'NONE',  ( -0.09117339037541749569, 5.839999999999999858, 0.6999697923851709858 ) ) ;
#3131 = ORIENTED_EDGE ( 'NONE', *, *, #2127, .F. ) ;
#3132 = DIRECTION ( 'NONE',  ( 0.000000000000000000, 0.000000000000000000, -1.000000000000000000 ) ) ;
#3133 = DIRECTION ( 'NONE',  ( 0.000000000000000000, 1.000000000000000000, 0.000000000000000000 ) ) ;
#3134 = LINE ( 'NONE', #1944, #917 ) ;
#3135 = ORIENTED_EDGE ( 'NONE', *, *, #637, .T. ) ;
#3136 = FACE_OUTER_BOUND ( 'NONE', #4228, .T. ) ;
#3137 = VECTOR ( 'NONE', #3079, 1000.000000000000000 ) ;
#3138 = CARTESIAN_POINT ( 'NONE',  ( 0.2606069197291449591, 5.850000000000000533, -2.257395829708159773 ) ) ;
#3139 =( GEOMETRIC_REPRESENTATION_CONTEXT ( 3 ) GLOBAL_UNCERTAINTY_ASSIGNED_CONTEXT ( ( #2654 ) ) GLOBAL_UNIT_ASSIGNED_CONTEXT ( ( #1391, #1721, #3539 ) ) REPRESENTATION_CONTEXT ( 'NONE', 'WORKASPACE' ) );
#3140 = ORIENTED_EDGE ( 'NONE', *, *, #1975, .F. ) ;
#3141 = CARTESIAN_POINT ( 'NONE',  ( 0.03642200626665840352, 5.839999999999999858, 0.1265842580192664268 ) ) ;
#3142 = CARTESIAN_POINT ( 'NONE',  ( -0.1632558597848104975, 5.839999999999999858, -1.917571386862820138 ) ) ;
#3143 = LINE ( 'NONE', #2354, #1566 ) ;
#3144 = PLANE ( 'NONE',  #3363 ) ;
#3145 = EDGE_CURVE ( 'NONE', #237, #1604, #929, .T. ) ;
#3146 = EDGE_CURVE ( 'NONE', #943, #3093, #4325, .T. ) ;
#3147 = CARTESIAN_POINT ( 'NONE',  ( 0.1188728418883974042, 5.839999999999999858, -1.234648280262976128 ) ) ;
#3148 = VERTEX_POINT ( 'NONE', #3585 ) ;
#3149 = DIRECTION ( 'NONE',  ( -4.210938253815000034E-15, 0.000000000000000000, -1.000000000000000000 ) ) ;
#3150 = SURFACE_SIDE_STYLE ('',( #1259 ) ) ;
#3151 = ADVANCED_FACE ( 'NONE', ( #3561 ), #2516, .F. ) ;
#3152 = VERTEX_POINT ( 'NONE', #340 ) ;
#3153 = DIRECTION ( 'NONE',  ( 0.000000000000000000, 1.000000000000000000, 0.000000000000000000 ) ) ;
#3154 = ORIENTED_EDGE ( 'NONE', *, *, #1706, .T. ) ;
#3155 = CARTESIAN_POINT ( 'NONE',  ( -0.7332661166254919038, 5.850000000000000533, 1.705054287337774976 ) ) ;
#3156 = FACE_OUTER_BOUND ( 'NONE', #380, .T. ) ;
#3157 = CARTESIAN_POINT ( 'NONE',  ( -0.1851336085869675074, 5.839999999999999858, -1.295072538859414202 ) ) ;
#3158 = CIRCLE ( 'NONE', #2251, 0.2000000000000000944 ) ;
#3159 = CARTESIAN_POINT ( 'NONE',  ( -3.149999999999999911, -0.1499999999999999944, -2.799999999999999822 ) ) ;
#3160 = ORIENTED_EDGE ( 'NONE', *, *, #3432, .F. ) ;
#3161 = CARTESIAN_POINT ( 'NONE',  ( -0.2224646878922350024, 5.839999999999999858, 0.5982705065701399150 ) ) ;
#3162 = CARTESIAN_POINT ( 'NONE',  ( -0.4126405145657204843, 5.839999999999999858, 1.349726904581607823 ) ) ;
#3163 = ORIENTED_EDGE ( 'NONE', *, *, #2386, .T. ) ;
#3164 = CARTESIAN_POINT ( 'NONE',  ( -3.149999999999999911, 0.000000000000000000, -2.799999999999999822 ) ) ;
#3165 = VECTOR ( 'NONE', #4530, 1000.000000000000114 ) ;
#3166 = FACE_OUTER_BOUND ( 'NONE', #3329, .T. ) ;
#3167 = CARTESIAN_POINT ( 'NONE',  ( -0.3087354479080134939, 5.839999999999999858, -1.972935485872369998 ) ) ;
#3168 = CARTESIAN_POINT ( 'NONE',  ( 0.1175581925839609965, 5.839999999999999858, -0.3356762030658319573 ) ) ;
#3169 = CARTESIAN_POINT ( 'NONE',  ( -0.4323372872290615065, 5.839999999999999858, -1.432837864082987966 ) ) ;
#3170 = CARTESIAN_POINT ( 'NONE',  ( -0.09117339037541830060, 5.850000000000000533, 0.3948223255323665692 ) ) ;
#3171 = VERTEX_POINT ( 'NONE', #3164 ) ;
#3172 = LINE ( 'NONE', #972, #1882 ) ;
#3173 = EDGE_CURVE ( 'NONE', #1067, #4061, #486, .T. ) ;
#3174 = EDGE_CURVE ( 'NONE', #3588, #3584, #2193, .T. ) ;
#3175 = ORIENTED_EDGE ( 'NONE', *, *, #2187, .T. ) ;
#3176 = LINE ( 'NONE', #1782, #3497 ) ;
#3177 = CARTESIAN_POINT ( 'NONE',  ( -0.1632558597848104975, 5.850000000000000533, -1.917571386862820138 ) ) ;
#3178 =( LENGTH_UNIT ( ) NAMED_UNIT ( * ) SI_UNIT ( .MILLI., .METRE. ) );
#3179 = ADVANCED_FACE ( 'NONE', ( #3967 ), #701, .T. ) ;
#3180 = CARTESIAN_POINT ( 'NONE',  ( -0.1427405318941717960, 5.850000000000000533, 2.448649699572639893 ) ) ;
#3181 = VERTEX_POINT ( 'NONE', #3141 ) ;
#3182 = CARTESIAN_POINT ( 'NONE',  ( -0.2057463174924025195, 5.850000000000000533, -1.234648280262976128 ) ) ;
#3183 = CARTESIAN_POINT ( 'NONE',  ( -0.2121707357914525138, 5.839999999999999858, -1.064636840024874020 ) ) ;
#3184 = ORIENTED_EDGE ( 'NONE', *, *, #2770, .T. ) ;
#3185 = B_SPLINE_SURFACE_WITH_KNOTS ( 'NONE', 3, 1, ( 
 ( #4417, #2674 ),
 ( #1913, #1141 ),
 ( #1210, #99 ),
 ( #4125, #1559 ) ),
 .UNSPECIFIED., .F., .F., .F.,
 ( 4, 4 ),
 ( 2, 2 ),
 ( 11.00000000000000000, 12.00000000000000000 ),
 ( 0.000000000000000000, 1.000000000000000000 ),
 .UNSPECIFIED. ) ;
#3186 = FACE_BOUND ( 'NONE', #1361, .T. ) ;
#3187 = LINE ( 'NONE', #4635, #3513 ) ;
#3188 = CARTESIAN_POINT ( 'NONE',  ( -0.3022862249051080363, 5.850000000000000533, -1.423858561286640123 ) ) ;
#3189 = CARTESIAN_POINT ( 'NONE',  ( -0.2025942823018974936, 5.850000000000000533, 1.606405980097195041 ) ) ;
#3190 = DIRECTION ( 'NONE',  ( 0.000000000000000000, 0.000000000000000000, -1.000000000000000000 ) ) ;
#3191 = CARTESIAN_POINT ( 'NONE',  ( -0.4323372872290640045, 5.839999999999999858, -2.061736325681590376 ) ) ;
#3192 = VERTEX_POINT ( 'NONE', #3515 ) ;
#3193 = CARTESIAN_POINT ( 'NONE',  ( 1.449999999999999956, -0.1499999999999999944, -2.700000000000000178 ) ) ;
#3194 = B_SPLINE_CURVE_WITH_KNOTS ( 'NONE', 3,
 ( #4099, #1577, #1231, #93 ),
 .UNSPECIFIED., .F., .F.,
 ( 4, 4 ),
 ( 12.00000000000000000, 13.00000000000000000 ),
 .UNSPECIFIED. ) ;
#3195 = ORIENTED_EDGE ( 'NONE', *, *, #2413, .T. ) ;
#3196 = DIRECTION ( 'NONE',  ( -0.3228746543566889948, 0.000000000000000000, -0.9464417349071460039 ) ) ;
#3197 = CARTESIAN_POINT ( 'NONE',  ( 0.1593063469764655071, 5.850000000000000533, 2.446541299744764864 ) ) ;
#3198 = EDGE_CURVE ( 'NONE', #2036, #1490, #1699, .T. ) ;
#3199 = VECTOR ( 'NONE', #2521, 1000.000000000000000 ) ;
#3200 = EDGE_CURVE ( 'NONE', #4691, #3676, #1720, .T. ) ;
#3201 = CARTESIAN_POINT ( 'NONE',  ( -0.2095910465902824926, 5.850000000000000533, 0.2751396294207755222 ) ) ;
#3202 = EDGE_LOOP ( 'NONE', ( #834, #2547, #356, #2122 ) ) ;
#3203 = DIRECTION ( 'NONE',  ( 0.1509290016105949983, 0.000000000000000000, -0.9885446052014187357 ) ) ;
#3204 = CARTESIAN_POINT ( 'NONE',  ( -0.05123781716512929713, 5.839999999999999858, -1.114891170039816082 ) ) ;
#3205 = ADVANCED_FACE ( 'NONE', ( #3894, #626, #3186, #4634, #1367, #2829, #4283 ), #1005, .F. ) ;
#3206 = EDGE_CURVE ( 'NONE', #3192, #1184, #445, .T. ) ;
#3207 = EDGE_CURVE ( 'NONE', #3993, #1097, #422, .T. ) ;
#3208 = B_SPLINE_CURVE_WITH_KNOTS ( 'NONE', 3,
 ( #3294, #3651, #2101, #2199, #1731, #2529, #1377 ),
 .UNSPECIFIED., .F., .F.,
 ( 4, 3, 4 ),
 ( 2.000000000000000000, 3.000000000000000000, 4.000000000000000000 ),
 .UNSPECIFIED. ) ;
#3209 = VERTEX_POINT ( 'NONE', #1149 ) ;
#3210 = DIRECTION ( 'NONE',  ( 2.551063935260009998E-16, 0.000000000000000000, -1.000000000000000000 ) ) ;
#3211 = AXIS2_PLACEMENT_3D ( 'NONE', #3157, #3655, #1381 ) ;
#3212 = DIRECTION ( 'NONE',  ( 0.000000000000000000, 1.000000000000000000, 0.000000000000000000 ) ) ;
#3213 = DIRECTION ( 'NONE',  ( -4.745234259692869648E-15, 0.000000000000000000, -1.000000000000000000 ) ) ;
#3214 = VECTOR ( 'NONE', #1616, 1000.000000000000000 ) ;
#3215 = CARTESIAN_POINT ( 'NONE',  ( -0.1085348452749209935, 5.850000000000000533, 2.363172690080300065 ) ) ;
#3216 = AXIS2_PLACEMENT_3D ( 'NONE', #2774, #956, #2416 ) ;
#3217 = EDGE_LOOP ( 'NONE', ( #4435, #3652, #1927, #2794 ) ) ;
#3218 = SURFACE_SIDE_STYLE ('',( #3901 ) ) ;
#3219 = CARTESIAN_POINT ( 'NONE',  ( 0.04029154006839325008, 5.850000000000000533, -1.234648280262976128 ) ) ;
#3220 = ORIENTED_EDGE ( 'NONE', *, *, #3238, .T. ) ;
#3221 = CARTESIAN_POINT ( 'NONE',  ( -0.2916679738535495336, 5.850000000000000533, 1.162972289239813994 ) ) ;
#3222 = EDGE_LOOP ( 'NONE', ( #3184, #566, #2132, #3581 ) ) ;
#3223 = LINE ( 'NONE', #328, #837 ) ;
#3224 = PLANE ( 'NONE',  #2555 ) ;
#3225 = DIRECTION ( 'NONE',  ( -2.621654765307950236E-15, 0.000000000000000000, -1.000000000000000000 ) ) ;
#3226 = B_SPLINE_SURFACE_WITH_KNOTS ( 'NONE', 3, 1, ( 
 ( #4388, #44 ),
 ( #480, #1825 ),
 ( #2962, #376 ),
 ( #1877, #1182 ) ),
 .UNSPECIFIED., .F., .F., .F.,
 ( 4, 4 ),
 ( 2, 2 ),
 ( 6.000000000000000000, 7.000000000000000000 ),
 ( 0.000000000000000000, 1.000000000000000000 ),
 .UNSPECIFIED. ) ;
#3227 = CARTESIAN_POINT ( 'NONE',  ( 0.2721659117266639893, 5.839999999999999858, -0.2159190928426724942 ) ) ;
#3228 = ORIENTED_EDGE ( 'NONE', *, *, #1796, .T. ) ;
#3229 = CARTESIAN_POINT ( 'NONE',  ( 0.04029154006839325008, 5.839999999999999858, -1.234648280262976128 ) ) ;
#3230 = CARTESIAN_POINT ( 'NONE',  ( 0.1588084150986889820, 5.850000000000000533, -1.655633714129480127 ) ) ;
#3231 = EDGE_LOOP ( 'NONE', ( #3802, #4586, #4056, #4560, #444, #711 ) ) ;
#3232 = EDGE_CURVE ( 'NONE', #2628, #3794, #1487, .T. ) ;
#3233 = DIRECTION ( 'NONE',  ( 0.000000000000000000, 1.000000000000000000, 0.000000000000000000 ) ) ;
#3234 = SURFACE_SIDE_STYLE ('',( #3615 ) ) ;
#3235 = ORIENTED_EDGE ( 'NONE', *, *, #3759, .T. ) ;
#3236 = CARTESIAN_POINT ( 'NONE',  ( -0.02099904536242460165, 5.839999999999999858, 1.734844736670420051 ) ) ;
#3237 = VECTOR ( 'NONE', #938, 1000.000000000000000 ) ;
#3238 = EDGE_CURVE ( 'NONE', #1583, #1711, #2543, .T. ) ;
#3239 = EDGE_CURVE ( 'NONE', #1850, #882, #83, .T. ) ;
#3240 = CARTESIAN_POINT ( 'NONE',  ( 0.03310001375039699906, 5.839999999999999858, 1.956201913893174993 ) ) ;
#3241 = CARTESIAN_POINT ( 'NONE',  ( -0.07698509976903580854, 5.839999999999999858, -1.723152118029109836 ) ) ;
#3242 = VERTEX_POINT ( 'NONE', #3994 ) ;
#3243 = FACE_OUTER_BOUND ( 'NONE', #3893, .T. ) ;
#3244 = MANIFOLD_SOLID_BREP ( 'NONE', #2100 ) ;
#3245 = EDGE_CURVE ( 'NONE', #707, #3492, #1385, .T. ) ;
#3246 = VECTOR ( 'NONE', #234, 1000.000000000000000 ) ;
#3247 = DIRECTION ( 'NONE',  ( -1.161645184805897995E-16, 0.000000000000000000, 1.000000000000000000 ) ) ;
#3248 = VERTEX_POINT ( 'NONE', #4379 ) ;
#3249 = PLANE ( 'NONE',  #2113 ) ;
#3250 = ORIENTED_EDGE ( 'NONE', *, *, #345, .F. ) ;
#3251 = DIRECTION ( 'NONE',  ( 0.000000000000000000, 1.000000000000000000, 0.000000000000000000 ) ) ;
#3252 = FACE_OUTER_BOUND ( 'NONE', #3419, .T. ) ;
#3253 = CARTESIAN_POINT ( 'NONE',  ( -0.09050182557064970212, 5.839999999999999858, 1.205561965762840027 ) ) ;
#3254 = CARTESIAN_POINT ( 'NONE',  ( 0.2567373859274060255, 5.839999999999999858, -0.3189578326659974761 ) ) ;
#3255 = ORIENTED_EDGE ( 'NONE', *, *, #194, .F. ) ;
#3256 = CARTESIAN_POINT ( 'NONE',  ( -0.03965402046375599704, 5.850000000000000533, -0.05359711080033720265 ) ) ;
#3257 = CARTESIAN_POINT ( 'NONE',  ( -0.02099904536242460165, 5.839999999999999858, 1.734844736670420051 ) ) ;
#3258 = ORIENTED_EDGE ( 'NONE', *, *, #3789, .T. ) ;
#3259 = CARTESIAN_POINT ( 'NONE',  ( 0.03902650017166944818, 5.839999999999999858, -1.655633714129480127 ) ) ;
#3260 = ORIENTED_EDGE ( 'NONE', *, *, #928, .T. ) ;
#3261 = CARTESIAN_POINT ( 'NONE',  ( -0.03965402046375599704, 5.839999999999999858, -0.05359711080033720265 ) ) ;
#3262 =( GEOMETRIC_REPRESENTATION_CONTEXT ( 3 ) GLOBAL_UNCERTAINTY_ASSIGNED_CONTEXT ( ( #2408 ) ) GLOBAL_UNIT_ASSIGNED_CONTEXT ( ( #3734, #1437, #4454 ) ) REPRESENTATION_CONTEXT ( 'NONE', 'WORKASPACE' ) );
#3263 = DIRECTION ( 'NONE',  ( 1.000000000000000000, 0.000000000000000000, 0.000000000000000000 ) ) ;
#3264 = CARTESIAN_POINT ( 'NONE',  ( 0.1253468695951640011, 5.839999999999999858, -0.1721139858306355019 ) ) ;
#3265 = EDGE_CURVE ( 'NONE', #2191, #3946, #2257, .T. ) ;
#3266 = ORIENTED_EDGE ( 'NONE', *, *, #4470, .F. ) ;
#3267 = CARTESIAN_POINT ( 'NONE',  ( 0.3756529740200449941, 5.839999999999999858, 2.077943400424930420 ) ) ;
#3268 = CARTESIAN_POINT ( 'NONE',  ( -0.2057463174924025195, 5.839999999999999858, -1.234648280262976128 ) ) ;
#3269 = EDGE_CURVE ( 'NONE', #1234, #2371, #747, .T. ) ;
#3270 = EDGE_LOOP ( 'NONE', ( #3758, #2757, #1933, #4037 ) ) ;
#3271 = PLANE ( 'NONE',  #2880 ) ;
#3272 = ORIENTED_EDGE ( 'NONE', *, *, #1579, .F. ) ;
#3273 = LINE ( 'NONE', #1712, #1667 ) ;
#3274 = CARTESIAN_POINT ( 'NONE',  ( -0.6156918203417750535, 5.839999999999999858, 1.580633892789439887 ) ) ;
#3275 = CARTESIAN_POINT ( 'NONE',  ( 0.2567373859274045267, 5.839999999999999858, -0.6511920361309959659 ) ) ;
#3276 = VECTOR ( 'NONE', #2155, 1000.000000000000000 ) ;
#3277 = DIRECTION ( 'NONE',  ( -1.548860246407864815E-16, 0.000000000000000000, 1.000000000000000000 ) ) ;
#3278 = ORIENTED_EDGE ( 'NONE', *, *, #4052, .T. ) ;
#3279 = CARTESIAN_POINT ( 'NONE',  ( -0.1851336085869670078, 5.839999999999999858, -1.295072538859414202 ) ) ;
#3280 = LINE ( 'NONE', #720, #432 ) ;
#3281 = ORIENTED_EDGE ( 'NONE', *, *, #1479, .T. ) ;
#3282 = DIRECTION ( 'NONE',  ( -4.210938253815000034E-15, 0.000000000000000000, -1.000000000000000000 ) ) ;
#3283 = VERTEX_POINT ( 'NONE', #1922 ) ;
#3284 = CARTESIAN_POINT ( 'NONE',  ( 0.1099431484997603903, 5.850000000000000533, -1.723152118029109836 ) ) ;
#3285 = ORIENTED_EDGE ( 'NONE', *, *, #3740, .T. ) ;
#3286 = CARTESIAN_POINT ( 'NONE',  ( 0.1331107419024941951, 5.850000000000000533, -2.006372226672040071 ) ) ;
#3287 = ORIENTED_EDGE ( 'NONE', *, *, #1513, .T. ) ;
#3288 = VECTOR ( 'NONE', #289, 1000.000000000000114 ) ;
#3289 = FACE_OUTER_BOUND ( 'NONE', #3462, .T. ) ;
#3290 = DIRECTION ( 'NONE',  ( 1.000000000000000000, 0.000000000000000000, 0.000000000000000000 ) ) ;
#3291 = EDGE_CURVE ( 'NONE', #2198, #3643, #3172, .T. ) ;
#3292 = VERTEX_POINT ( 'NONE', #188 ) ;
#3293 = ADVANCED_FACE ( 'NONE', ( #3480 ), #867, .F. ) ;
#3294 = CARTESIAN_POINT ( 'NONE',  ( -0.1085348452749209935, 5.850000000000000533, 2.363172690080300065 ) ) ;
#3295 = ORIENTED_EDGE ( 'NONE', *, *, #4194, .F. ) ;
#3296 = ORIENTED_EDGE ( 'NONE', *, *, #3207, .T. ) ;
#3297 = CARTESIAN_POINT ( 'NONE',  ( -3.149999999999999911, -0.05000000000000000278, 2.700000000000000178 ) ) ;
#3298 = EDGE_CURVE ( 'NONE', #548, #1097, #1260, .T. ) ;
#3299 = CARTESIAN_POINT ( 'NONE',  ( 0.1331107419024941951, 5.850000000000000533, -2.132528950490395037 ) ) ;
#3300 = DIRECTION ( 'NONE',  ( 1.000000000000000000, 0.000000000000000000, -3.921804129284745332E-15 ) ) ;
#3301 = ORIENTED_EDGE ( 'NONE', *, *, #730, .T. ) ;
#3302 = CARTESIAN_POINT ( 'NONE',  ( -6.887872625202029213E-16, -0.05000000000000000278, 2.700000000000000178 ) ) ;
#3303 = DIRECTION ( 'NONE',  ( 4.953857847517550963E-15, 0.000000000000000000, 1.000000000000000000 ) ) ;
#3304 = EDGE_LOOP ( 'NONE', ( #2468, #611, #1594, #1887 ) ) ;
#3305 = CARTESIAN_POINT ( 'NONE',  ( -0.05123781716512929713, 5.839999999999999858, -1.114891170039816082 ) ) ;
#3306 = ORIENTED_EDGE ( 'NONE', *, *, #4521, .T. ) ;
#3307 = CARTESIAN_POINT ( 'NONE',  ( -0.3087354479080119951, 5.839999999999999858, -1.355645625678995936 ) ) ;
#3308 = VERTEX_POINT ( 'NONE', #4242 ) ;
#3309 = CARTESIAN_POINT ( 'NONE',  ( 0.01935820781344065045, 5.839999999999999858, 1.300787223871104015 ) ) ;
#3310 = ORIENTED_EDGE ( 'NONE', *, *, #4515, .F. ) ;
#3311 = MECHANICAL_DESIGN_GEOMETRIC_PRESENTATION_REPRESENTATION (  '', ( #418 ), #1015 ) ;
#3312 = VECTOR ( 'NONE', #4137, 999.9999999999998863 ) ;
#3313 = FILL_AREA_STYLE_COLOUR ( '', #4647 ) ;
#3314 = CARTESIAN_POINT ( 'NONE',  ( -0.3087354479080119951, 5.839999999999999858, -1.389131975886390036 ) ) ;
#3315 = ORIENTED_EDGE ( 'NONE', *, *, #4276, .F. ) ;
#3316 = CARTESIAN_POINT ( 'NONE',  ( -0.2379180183953500116, 5.850000000000000533, -1.234648280262974129 ) ) ;
#3317 = B_SPLINE_SURFACE_WITH_KNOTS ( 'NONE', 3, 1, ( 
 ( #732, #4362 ),
 ( #3267, #1726 ),
 ( #2498, #323 ),
 ( #3950, #3567 ) ),
 .UNSPECIFIED., .F., .F., .F.,
 ( 4, 4 ),
 ( 2, 2 ),
 ( 0.000000000000000000, 1.000000000000000000 ),
 ( 0.000000000000000000, 1.000000000000000000 ),
 .UNSPECIFIED. ) ;
#3318 = VECTOR ( 'NONE', #1086, 1000.000000000000000 ) ;
#3319 = VERTEX_POINT ( 'NONE', #1664 ) ;
#3320 = ORIENTED_EDGE ( 'NONE', *, *, #603, .T. ) ;
#3321 = DIRECTION ( 'NONE',  ( -1.000000000000000000, 0.000000000000000000, 0.000000000000000000 ) ) ;
#3322 = DIRECTION ( 'NONE',  ( -1.161645184805897995E-16, 0.000000000000000000, 1.000000000000000000 ) ) ;
#3323 = VECTOR ( 'NONE', #4323, 1000.000000000000114 ) ;
#3324 = ADVANCED_FACE ( 'NONE', ( #1999 ), #1352, .F. ) ;
#3325 = CARTESIAN_POINT ( 'NONE',  ( 0.03310001375039699906, 5.839999999999999858, 1.956201913893174993 ) ) ;
#3326 = ORIENTED_EDGE ( 'NONE', *, *, #3291, .T. ) ;
#3327 = CARTESIAN_POINT ( 'NONE',  ( 0.2721659117266579941, 5.850000000000000533, -1.832540862039919949 ) ) ;
#3328 = FACE_OUTER_BOUND ( 'NONE', #3548, .T. ) ;
#3329 = EDGE_LOOP ( 'NONE', ( #2640, #2963, #742, #640 ) ) ;
#3330 = EDGE_CURVE ( 'NONE', #298, #2211, #3859, .T. ) ;
#3331 = CARTESIAN_POINT ( 'NONE',  ( -1.449999999999999956, 0.000000000000000000, -2.799999999999999822 ) ) ;
#3332 = LINE ( 'NONE', #4112, #771 ) ;
#3333 = VERTEX_POINT ( 'NONE', #4172 ) ;
#3334 = PLANE ( 'NONE',  #1476 ) ;
#3335 = DIRECTION ( 'NONE',  ( -3.300701459286225149E-15, 0.000000000000000000, -1.000000000000000000 ) ) ;
#3336 = CARTESIAN_POINT ( 'NONE',  ( -0.2855678545052679485, 5.850000000000000533, 0.1265842580192664268 ) ) ;
#3337 = ORIENTED_EDGE ( 'NONE', *, *, #410, .F. ) ;
#3338 = STYLED_ITEM ( 'NONE', ( #3685 ), #3205 ) ;
#3339 = SURFACE_SIDE_STYLE ('',( #42 ) ) ;
#3340 = CARTESIAN_POINT ( 'NONE',  ( -0.7335656108724020186, 5.839999999999999858, -0.9048449377759869572 ) ) ;
#3341 = DIRECTION ( 'NONE',  ( -1.000000000000000000, 0.000000000000000000, 0.000000000000000000 ) ) ;
#3342 = VERTEX_POINT ( 'NONE', #2816 ) ;
#3343 = CARTESIAN_POINT ( 'NONE',  ( 3.100000000000000089, 5.850000000000000533, -3.399999999999999911 ) ) ;
#3344 = ORIENTED_EDGE ( 'NONE', *, *, #497, .T. ) ;
#3345 = ORIENTED_EDGE ( 'NONE', *, *, #2392, .F. ) ;
#3346 = CARTESIAN_POINT ( 'NONE',  ( 1.449999999999999956, -0.1499999999999999944, -2.799999999999999822 ) ) ;
#3347 = DIRECTION ( 'NONE',  ( -1.000000000000000000, 0.000000000000000000, 6.601402918572450297E-15 ) ) ;
#3348 = CARTESIAN_POINT ( 'NONE',  ( -0.5134486688425019540, 5.850000000000000533, 0.6999697923851720960 ) ) ;
#3349 = ORIENTED_EDGE ( 'NONE', *, *, #2625, .F. ) ;
#3350 = CARTESIAN_POINT ( 'NONE',  ( -0.5134486688425019540, 5.839999999999999858, 0.6999697923851720960 ) ) ;
#3351 = CARTESIAN_POINT ( 'NONE',  ( -0.2025942823018974936, 5.839999999999999858, 1.606405980097195041 ) ) ;
#3352 = CIRCLE ( 'NONE', #3732, 0.2000000000000000944 ) ;
#3353 = ORIENTED_EDGE ( 'NONE', *, *, #4540, .F. ) ;
#3354 = EDGE_CURVE ( 'NONE', #4291, #2538, #4268, .T. ) ;
#3355 = DIRECTION ( 'NONE',  ( 0.000000000000000000, -1.000000000000000000, 0.000000000000000000 ) ) ;
#3356 = EDGE_CURVE ( 'NONE', #1671, #957, #2045, .T. ) ;
#3357 = CARTESIAN_POINT ( 'NONE',  ( -0.2855678545052679485, 5.850000000000000533, 0.2166997471329250025 ) ) ;
#3358 = EDGE_LOOP ( 'NONE', ( #1754, #1080, #2502, #1286 ) ) ;
#3359 = DIRECTION ( 'NONE',  ( 1.000000000000000000, 0.000000000000000000, -3.367193519343370278E-15 ) ) ;
#3360 = DIRECTION ( 'NONE',  ( -1.581387086635190108E-15, 0.000000000000000000, -1.000000000000000000 ) ) ;
#3361 = CARTESIAN_POINT ( 'NONE',  ( 0.2554475413268240125, 5.850000000000000533, -1.144458377037739893 ) ) ;
#3362 = ORIENTED_EDGE ( 'NONE', *, *, #4343, .F. ) ;
#3363 = AXIS2_PLACEMENT_3D ( 'NONE', #3766, #4119, #500 ) ;
#3364 = DIRECTION ( 'NONE',  ( 0.000000000000000000, 1.000000000000000000, 0.000000000000000000 ) ) ;
#3365 = CARTESIAN_POINT ( 'NONE',  ( 0.1253468695951620027, 5.839999999999999858, -0.6511920361309949667 ) ) ;
#3366 = LINE ( 'NONE', #1499, #1214 ) ;
#3367 = CARTESIAN_POINT ( 'NONE',  ( -0.2752739024044825178, 5.850000000000000533, -1.234648280262974129 ) ) ;
#3368 = ORIENTED_EDGE ( 'NONE', *, *, #4250, .F. ) ;
#3369 = EDGE_LOOP ( 'NONE', ( #3073, #461, #4425, #521 ) ) ;
#3370 = STYLED_ITEM ( 'NONE', ( #4183 ), #3984 ) ;
#3371 = CARTESIAN_POINT ( 'NONE',  ( -0.07953814646571659430, 5.850000000000000533, 1.329759117976453853 ) ) ;
#3372 = LINE ( 'NONE', #1884, #2373 ) ;
#3373 = ORIENTED_EDGE ( 'NONE', *, *, #1486, .T. ) ;
#3374 = CARTESIAN_POINT ( 'NONE',  ( -0.6447647710631819740, 5.839999999999999858, 0.6047445342769040000 ) ) ;
#3375 = CARTESIAN_POINT ( 'NONE',  ( -3.149999999999999911, -0.05000000000000000278, -2.700000000000000178 ) ) ;
#3376 = EDGE_LOOP ( 'NONE', ( #2848, #58, #1461, #1623, #3665, #2283, #4534, #4089 ) ) ;
#3377 = CARTESIAN_POINT ( 'NONE',  ( 0.2296754540190624749, 5.839999999999999858, -2.341136509930489940 ) ) ;
#3378 = DIRECTION ( 'NONE',  ( 0.000000000000000000, 1.000000000000000000, 0.000000000000000000 ) ) ;
#3379 = ORIENTED_EDGE ( 'NONE', *, *, #51, .F. ) ;
#3380 = DIRECTION ( 'NONE',  ( -5.345098021962330533E-15, 0.000000000000000000, -1.000000000000000000 ) ) ;
#3381 = CARTESIAN_POINT ( 'NONE',  ( -0.08000943583900219092, 5.850000000000000533, 1.329585485049459948 ) ) ;
#3382 = EDGE_CURVE ( 'NONE', #3712, #476, #613, .T. ) ;
#3383 = ORIENTED_EDGE ( 'NONE', *, *, #1729, .F. ) ;
#3384 = EDGE_CURVE ( 'NONE', #3402, #845, #995, .T. ) ;
#3385 = EDGE_CURVE ( 'NONE', #700, #129, #3504, .T. ) ;
#3386 = CARTESIAN_POINT ( 'NONE',  ( -0.07698509976903580854, 5.850000000000000533, -1.723152118029109836 ) ) ;
#3387 = DIRECTION ( 'NONE',  ( -1.000000000000000000, 0.000000000000000000, 3.305232110454095437E-15 ) ) ;
#3388 = STYLED_ITEM ( 'NONE', ( #1278 ), #1981 ) ;
#3389 = DIRECTION ( 'NONE',  ( 0.000000000000000000, 1.000000000000000000, 0.000000000000000000 ) ) ;
#3390 = VECTOR ( 'NONE', #1373, 1000.000000000000000 ) ;
#3391 = LINE ( 'NONE', #1162, #1634 ) ;
#3392 = VERTEX_POINT ( 'NONE', #3377 ) ;
#3393 = ORIENTED_EDGE ( 'NONE', *, *, #1187, .T. ) ;
#3394 = VECTOR ( 'NONE', #3713, 1000.000000000000000 ) ;
#3395 = CARTESIAN_POINT ( 'NONE',  ( -0.03965402046376444861, 5.850000000000000533, -2.387422087328255227 ) ) ;
#3396 = CARTESIAN_POINT ( 'NONE',  ( -0.04349874956164235390, 5.839999999999999858, -0.3125086096630844690 ) ) ;
#3397 = ORIENTED_EDGE ( 'NONE', *, *, #888, .F. ) ;
#3398 = CARTESIAN_POINT ( 'NONE',  ( 0.05839897388424299812, 5.839999999999999858, -1.485671883299094054 ) ) ;
#3399 = AXIS2_PLACEMENT_3D ( 'NONE', #2341, #563, #3792 ) ;
#3400 = ORIENTED_EDGE ( 'NONE', *, *, #4188, .F. ) ;
#3401 = CARTESIAN_POINT ( 'NONE',  ( -0.4168839567259425283, 5.839999999999999858, -0.05359711080033600222 ) ) ;
#3402 = VERTEX_POINT ( 'NONE', #1689 ) ;
#3403 = CARTESIAN_POINT ( 'NONE',  ( 0.08670114098544448589, 5.839999999999999858, -2.350165422134550042 ) ) ;
#3404 = DIRECTION ( 'NONE',  ( 0.000000000000000000, -1.000000000000000000, 0.000000000000000000 ) ) ;
#3405 = EDGE_LOOP ( 'NONE', ( #3353, #1417, #2328, #3026 ) ) ;
#3406 = FACE_OUTER_BOUND ( 'NONE', #2073, .T. ) ;
#3407 = LINE ( 'NONE', #1524, #4072 ) ;
#3408 = CARTESIAN_POINT ( 'NONE',  ( 0.3756529740200434953, 5.850000000000000533, 1.705128701449345030 ) ) ;
#3409 = EDGE_CURVE ( 'NONE', #1620, #1428, #3835, .T. ) ;
#3410 = EDGE_CURVE ( 'NONE', #1940, #373, #3108, .T. ) ;
#3411 = DIRECTION ( 'NONE',  ( 4.662972564298860082E-15, 0.000000000000000000, 1.000000000000000000 ) ) ;
#3412 = ORIENTED_EDGE ( 'NONE', *, *, #754, .T. ) ;
#3413 = CARTESIAN_POINT ( 'NONE',  ( 0.2721659117266574945, 5.839999999999999858, -2.092692596095524937 ) ) ;
#3414 = LINE ( 'NONE', #4448, #4045 ) ;
#3415 = EDGE_CURVE ( 'NONE', #3619, #61, #3437, .T. ) ;
#3416 = VERTEX_POINT ( 'NONE', #2745 ) ;
#3417 = CARTESIAN_POINT ( 'NONE',  ( -0.1056823043313342009, 5.839999999999999858, 1.201245947291665894 ) ) ;
#3418 = CARTESIAN_POINT ( 'NONE',  ( -0.1851336085869675074, 5.850000000000000533, -1.295072538859414202 ) ) ;
#3419 = EDGE_LOOP ( 'NONE', ( #1186, #1770, #585, #4415 ) ) ;
#3420 = DIRECTION ( 'NONE',  ( -3.505175547281160426E-15, 0.000000000000000000, -1.000000000000000000 ) ) ;
#3421 = ORIENTED_EDGE ( 'NONE', *, *, #1652, .T. ) ;
#3422 = CARTESIAN_POINT ( 'NONE',  ( -0.5776494436012250544, 5.839999999999999858, 0.3583377067462275578 ) ) ;
#3423 = DIRECTION ( 'NONE',  ( -1.548860246407864815E-16, 0.000000000000000000, 1.000000000000000000 ) ) ;
#3424 = B_SPLINE_SURFACE_WITH_KNOTS ( 'NONE', 3, 1, ( 
 ( #1602, #3316 ),
 ( #853, #3367 ),
 ( #1909, #1581 ),
 ( #1879, #3675 ) ),
 .UNSPECIFIED., .F., .F., .F.,
 ( 4, 4 ),
 ( 2, 2 ),
 ( 1.000000000000000000, 2.000000000000000000 ),
 ( 0.000000000000000000, 1.000000000000000000 ),
 .UNSPECIFIED. ) ;
#3425 = ORIENTED_EDGE ( 'NONE', *, *, #4433, .F. ) ;
#3426 = B_SPLINE_CURVE_WITH_KNOTS ( 'NONE', 3,
 ( #3711, #4455, #3305, #3735 ),
 .UNSPECIFIED., .F., .F.,
 ( 4, 4 ),
 ( 14.00000000000000000, 15.00000000000000000 ),
 .UNSPECIFIED. ) ;
#3427 = CARTESIAN_POINT ( 'NONE',  ( 0.2189864644571859753, 5.839999999999999858, 2.290966197151629746 ) ) ;
#3428 = CARTESIAN_POINT ( 'NONE',  ( -1.449999999999999956, -0.1499999999999999944, -2.799999999999999822 ) ) ;
#3429 = VECTOR ( 'NONE', #270, 1000.000000000000000 ) ;
#3430 = B_SPLINE_CURVE_WITH_KNOTS ( 'NONE', 3,
 ( #3508, #4320, #2843, #2105 ),
 .UNSPECIFIED., .F., .F.,
 ( 4, 4 ),
 ( 1.000000000000000000, 2.000000000000000000 ),
 .UNSPECIFIED. ) ;
#3431 = CARTESIAN_POINT ( 'NONE',  ( -0.05475824731224299829, 5.839999999999999858, 2.049690842731434870 ) ) ;
#3432 = EDGE_CURVE ( 'NONE', #3209, #1740, #210, .T. ) ;
#3433 = VERTEX_POINT ( 'NONE', #4579 ) ;
#3434 = CARTESIAN_POINT ( 'NONE',  ( 0.1407753953944160252, 5.850000000000000533, -1.315660443060991946 ) ) ;
#3435 = CARTESIAN_POINT ( 'NONE',  ( 0.1253468695951615863, 5.850000000000000533, -0.9048449377759899548 ) ) ;
#3436 = ADVANCED_FACE ( 'NONE', ( #2766 ), #144, .F. ) ;
#3437 = B_SPLINE_CURVE_WITH_KNOTS ( 'NONE', 3,
 ( #4196, #565, #1330, #2020 ),
 .UNSPECIFIED., .F., .F.,
 ( 4, 4 ),
 ( 4.000000000000000000, 5.000000000000000000 ),
 .UNSPECIFIED. ) ;
#3438 = ADVANCED_FACE ( 'NONE', ( #1065 ), #3271, .T. ) ;
#3439 = AXIS2_PLACEMENT_3D ( 'NONE', #1650, #3114, #1285 ) ;
#3440 = EDGE_CURVE ( 'NONE', #53, #3613, #3208, .T. ) ;
#3441 =( NAMED_UNIT ( * ) PLANE_ANGLE_UNIT ( ) SI_UNIT ( $, .RADIAN. ) );
#3442 = ORIENTED_EDGE ( 'NONE', *, *, #4711, .F. ) ;
#3443 = CARTESIAN_POINT ( 'NONE',  ( -0.2379180183953500116, 5.839999999999999858, -1.234648280262974129 ) ) ;
#3444 = CARTESIAN_POINT ( 'NONE',  ( 3.100000000000000089, 5.850000000000000533, -3.200000000000000178 ) ) ;
#3445 = CARTESIAN_POINT ( 'NONE',  ( -0.2211996479955155026, 5.839999999999999858, -1.459874991287479995 ) ) ;
#3446 = DIRECTION ( 'NONE',  ( 1.000000000000000000, 0.000000000000000000, 0.000000000000000000 ) ) ;
#3447 = VERTEX_POINT ( 'NONE', #3193 ) ;
#3448 = DIRECTION ( 'NONE',  ( -5.345098021962330533E-15, 0.000000000000000000, -1.000000000000000000 ) ) ;
#3449 = CARTESIAN_POINT ( 'NONE',  ( 0.4539366193937580118, 5.850000000000000533, 2.110313538958734636 ) ) ;
#3450 = ORIENTED_EDGE ( 'NONE', *, *, #746, .T. ) ;
#3451 = CARTESIAN_POINT ( 'NONE',  ( -0.3227978771944879921, 5.850000000000000533, 1.910238797645559927 ) ) ;
#3452 = DIRECTION ( 'NONE',  ( 1.000000000000000000, 0.000000000000000000, -3.564246187110340362E-15 ) ) ;
#3453 = CARTESIAN_POINT ( 'NONE',  ( -0.7335656108724010194, 5.839999999999999858, -0.6215752197253500144 ) ) ;
#3454 = ORIENTED_EDGE ( 'NONE', *, *, #3673, .T. ) ;
#3455 = LINE ( 'NONE', #1276, #259 ) ;
#3456 = CARTESIAN_POINT ( 'NONE',  ( -0.3087354479080119951, 5.839999999999999858, -1.355645625678995936 ) ) ;
#3457 = UNCERTAINTY_MEASURE_WITH_UNIT (LENGTH_MEASURE( 1.000000000000000082E-05 ), #3178, 'distance_accuracy_value', 'NONE');
#3458 = CARTESIAN_POINT ( 'NONE',  ( 0.1253468695951681922, 5.839999999999999858, 0.8879894476236869227 ) ) ;
#3459 = VECTOR ( 'NONE', #4550, 1000.000000000000000 ) ;
#3460 = VECTOR ( 'NONE', #628, 1000.000000000000000 ) ;
#3461 =( NAMED_UNIT ( * ) SI_UNIT ( $, .STERADIAN. ) SOLID_ANGLE_UNIT ( ) );
#3462 = EDGE_LOOP ( 'NONE', ( #4173, #3669, #3383, #3560 ) ) ;
#3463 = CARTESIAN_POINT ( 'NONE',  ( -0.6156918203417730551, 5.839999999999999858, 2.019032228763784964 ) ) ;
#3464 = PLANE ( 'NONE',  #297 ) ;
#3465 = CARTESIAN_POINT ( 'NONE',  ( -0.2559510380996314893, 5.850000000000000533, -2.191812192709395202 ) ) ;
#3466 = ORIENTED_EDGE ( 'NONE', *, *, #4188, .T. ) ;
#3467 = CARTESIAN_POINT ( 'NONE',  ( -0.2224646878922350024, 5.839999999999999858, 0.5043350930624500572 ) ) ;
#3468 = VECTOR ( 'NONE', #2652, 1000.000000000000000 ) ;
#3469 = CARTESIAN_POINT ( 'NONE',  ( -0.2025942823018974936, 5.850000000000000533, 1.606405980097195041 ) ) ;
#3471 = VERTEX_POINT ( 'NONE', #1780 ) ;
#3470 = VECTOR ( 'NONE', #1590, 1000.000000000000000 ) ;
#3472 =( NAMED_UNIT ( * ) SI_UNIT ( $, .STERADIAN. ) SOLID_ANGLE_UNIT ( ) );
#3473 = B_SPLINE_CURVE_WITH_KNOTS ( 'NONE', 3,
 ( #4170, #3434, #877, #2721 ),
 .UNSPECIFIED., .F., .F.,
 ( 4, 4 ),
 ( 10.00000000000000000, 11.00000000000000000 ),
 .UNSPECIFIED. ) ;
#3474 = CARTESIAN_POINT ( 'NONE',  ( -0.4323372872290640045, 5.839999999999999858, -2.061736325681590376 ) ) ;
#3475 = DIRECTION ( 'NONE',  ( -1.000000000000000000, 0.000000000000000000, 9.770223878087371750E-15 ) ) ;
#3476 =( LENGTH_UNIT ( ) NAMED_UNIT ( * ) SI_UNIT ( .MILLI., .METRE. ) );
#3477 = ORIENTED_EDGE ( 'NONE', *, *, #2713, .T. ) ;
#3478 = DIRECTION ( 'NONE',  ( 0.000000000000000000, 1.000000000000000000, 0.000000000000000000 ) ) ;
#3479 = DIRECTION ( 'NONE',  ( 0.000000000000000000, -1.000000000000000000, 0.000000000000000000 ) ) ;
#3480 = FACE_OUTER_BOUND ( 'NONE', #2759, .T. ) ;
#3481 = VECTOR ( 'NONE', #1744, 1000.000000000000000 ) ;
#3482 = VERTEX_POINT ( 'NONE', #3979 ) ;
#3483 = CARTESIAN_POINT ( 'NONE',  ( -0.2752739024044825178, 5.839999999999999858, -1.234648280262974129 ) ) ;
#3484 = CARTESIAN_POINT ( 'NONE',  ( 0.1188728418883974042, 5.850000000000000533, -1.234648280262976128 ) ) ;
#3485 = FACE_OUTER_BOUND ( 'NONE', #763, .T. ) ;
#3486 = CARTESIAN_POINT ( 'NONE',  ( 0.02985059754508555263, 5.839999999999999858, 1.946676907611969876 ) ) ;
#3487 = ORIENTED_EDGE ( 'NONE', *, *, #1852, .F. ) ;
#3488 = EDGE_CURVE ( 'NONE', #2289, #3588, #2554, .T. ) ;
#3489 = CARTESIAN_POINT ( 'NONE',  ( 1.449999999999999956, -0.05000000000000000278, 2.799999999999999822 ) ) ;
#3490 = CARTESIAN_POINT ( 'NONE',  ( 0.2637341502157964923, 5.850000000000000533, 1.361955623583261943 ) ) ;
#3491 = EDGE_CURVE ( 'NONE', #1193, #1057, #4006, .T. ) ;
#3492 = VERTEX_POINT ( 'NONE', #4314 ) ;
#3493 = EDGE_CURVE ( 'NONE', #1794, #2700, #1778, .T. ) ;
#3494 = LINE ( 'NONE', #2014, #4358 ) ;
#3495 = PLANE ( 'NONE',  #4461 ) ;
#3496 = CARTESIAN_POINT ( 'NONE',  ( -0.02494299327574280023, 5.839999999999999858, 1.714852145361415170 ) ) ;
#3497 = VECTOR ( 'NONE', #3251, 1000.000000000000000 ) ;
#3498 = DIRECTION ( 'NONE',  ( 0.000000000000000000, 1.000000000000000000, 0.000000000000000000 ) ) ;
#3499 = ORIENTED_EDGE ( 'NONE', *, *, #3245, .F. ) ;
#3500 = ADVANCED_FACE ( 'NONE', ( #2482 ), #3249, .F. ) ;
#3501 = CARTESIAN_POINT ( 'NONE',  ( 0.1175581925839609965, 5.850000000000000533, -0.3356762030658319573 ) ) ;
#3502 = FACE_BOUND ( 'NONE', #3270, .T. ) ;
#3503 = UNCERTAINTY_MEASURE_WITH_UNIT (LENGTH_MEASURE( 1.000000000000000082E-05 ), #3638, 'distance_accuracy_value', 'NONE');
#3504 = LINE ( 'NONE', #230, #3642 ) ;
#3505 = ORIENTED_EDGE ( 'NONE', *, *, #3385, .T. ) ;
#3506 = LINE ( 'NONE', #4245, #2741 ) ;
#3507 = CARTESIAN_POINT ( 'NONE',  ( -3.299999999999999822, 5.850000000000000533, -3.399999999999999911 ) ) ;
#3508 = CARTESIAN_POINT ( 'NONE',  ( 0.2189864644571859753, 5.850000000000000533, 2.290966197151629746 ) ) ;
#3509 = ORIENTED_EDGE ( 'NONE', *, *, #2834, .T. ) ;
#3510 = DIRECTION ( 'NONE',  ( 1.000000000000000000, 0.000000000000000000, -6.601402918572430576E-15 ) ) ;
#3511 = VECTOR ( 'NONE', #1760, 1000.000000000000000 ) ;
#3512 = CARTESIAN_POINT ( 'NONE',  ( 0.007625582888919620744, 5.850000000000000533, 1.242148903952390082 ) ) ;
#3513 = VECTOR ( 'NONE', #2830, 1000.000000000000000 ) ;
#3514 = ORIENTED_EDGE ( 'NONE', *, *, #3298, .T. ) ;
#3515 = CARTESIAN_POINT ( 'NONE',  ( -1.449999999999999956, 0.000000000000000000, -2.799999999999999822 ) ) ;
#3516 = CARTESIAN_POINT ( 'NONE',  ( 0.1175581925839612046, 5.850000000000000533, -0.3356762030658319573 ) ) ;
#3517 = CARTESIAN_POINT ( 'NONE',  ( -0.3692322828154014913, 5.839999999999999858, 1.711974799713970041 ) ) ;
#3518 = EDGE_CURVE ( 'NONE', #1383, #2053, #1830, .T. ) ;
#3519 = EDGE_CURVE ( 'NONE', #488, #2036, #2915, .T. ) ;
#3520 = DIRECTION ( 'NONE',  ( 0.000000000000000000, 0.000000000000000000, -1.000000000000000000 ) ) ;
#3521 = B_SPLINE_SURFACE_WITH_KNOTS ( 'NONE', 3, 1, ( 
 ( #2642, #3381 ),
 ( #2351, #426 ),
 ( #800, #3714 ),
 ( #449, #110 ) ),
 .UNSPECIFIED., .F., .F., .F.,
 ( 4, 4 ),
 ( 2, 2 ),
 ( 18.00000000000000000, 19.00000000000000000 ),
 ( 0.000000000000000000, 1.000000000000000000 ),
 .UNSPECIFIED. ) ;
#3522 = CARTESIAN_POINT ( 'NONE',  ( -0.09117339037541830060, 5.850000000000000533, 0.5738378732706770347 ) ) ;
#3523 = ADVANCED_FACE ( 'NONE', ( #1042 ), #4390, .F. ) ;
#3524 = ORIENTED_EDGE ( 'NONE', *, *, #3066, .F. ) ;
#3525 = CARTESIAN_POINT ( 'NONE',  ( -0.1426431508793720160, 5.839999999999999858, -1.591240702915870164 ) ) ;
#3526 = ORIENTED_EDGE ( 'NONE', *, *, #2097, .T. ) ;
#3527 = CARTESIAN_POINT ( 'NONE',  ( -0.4632191435314189643, 5.850000000000000533, 0.4553954123519530217 ) ) ;
#3528 = LINE ( 'NONE', #1692, #3023 ) ;
#3529 = B_SPLINE_CURVE_WITH_KNOTS ( 'NONE', 3,
 ( #3307, #2136, #319, #704 ),
 .UNSPECIFIED., .F., .F.,
 ( 4, 4 ),
 ( 0.000000000000000000, 1.000000000000000000 ),
 .UNSPECIFIED. ) ;
#3530 = VECTOR ( 'NONE', #3030, 1000.000000000000000 ) ;
#3531 = VECTOR ( 'NONE', #115, 1000.000000000000000 ) ;
#3532 = DIRECTION ( 'NONE',  ( 0.000000000000000000, 1.000000000000000000, 0.000000000000000000 ) ) ;
#3533 = EDGE_LOOP ( 'NONE', ( #3228, #2617, #3042, #1911 ) ) ;
#3534 = CARTESIAN_POINT ( 'NONE',  ( 0.2567373859274095227, 5.839999999999999858, 0.6111937572797999652 ) ) ;
#3535 = CARTESIAN_POINT ( 'NONE',  ( -0.4723454367502979978, 5.839999999999999858, 1.398592171180533805 ) ) ;
#3536 = ORIENTED_EDGE ( 'NONE', *, *, #401, .T. ) ;
#3537 = DIRECTION ( 'NONE',  ( -0.000000000000000000, 1.000000000000000000, 0.000000000000000000 ) ) ;
#3538 = VECTOR ( 'NONE', #2149, 1000.000000000000000 ) ;
#3539 =( NAMED_UNIT ( * ) SI_UNIT ( $, .STERADIAN. ) SOLID_ANGLE_UNIT ( ) );
#3540 = LINE ( 'NONE', #2401, #3911 ) ;
#3541 = CARTESIAN_POINT ( 'NONE',  ( 0.1316739068794033907, 5.839999999999999858, 2.362453353668440226 ) ) ;
#3542 = VECTOR ( 'NONE', #3850, 1000.000000000000114 ) ;
#3543 = DIRECTION ( 'NONE',  ( 0.000000000000000000, 1.000000000000000000, 0.000000000000000000 ) ) ;
#3544 = EDGE_CURVE ( 'NONE', #4467, #3105, #4572, .T. ) ;
#3545 = EDGE_CURVE ( 'NONE', #1234, #3953, #4666, .T. ) ;
#3546 = CARTESIAN_POINT ( 'NONE',  ( 0.1407753953944151926, 5.839999999999999858, -1.391711665087546068 ) ) ;
#3547 = EDGE_CURVE ( 'NONE', #4046, #396, #2146, .T. ) ;
#3548 = EDGE_LOOP ( 'NONE', ( #1862, #4269, #1257, #166 ) ) ;
#3549 = EDGE_CURVE ( 'NONE', #994, #1620, #299, .T. ) ;
#3550 = CARTESIAN_POINT ( 'NONE',  ( -0.4386358442081949582, 5.850000000000000533, 1.196235397112484167 ) ) ;
#3551 = ORIENTED_EDGE ( 'NONE', *, *, #4436, .F. ) ;
#3552 = CARTESIAN_POINT ( 'NONE',  ( -0.5134486688425019540, 5.839999999999999858, 0.5107099019537899576 ) ) ;
#3553 = CARTESIAN_POINT ( 'NONE',  ( -0.6156918203417740543, 5.839999999999999858, 1.721425391883609990 ) ) ;
#3554 = ADVANCED_FACE ( 'NONE', ( #3600 ), #4146, .F. ) ;
#3555 = COLOUR_RGB ( '',0.7921568627450980005, 0.8196078431372548767, 0.9333333333333333481 ) ;
#3556 = CARTESIAN_POINT ( 'NONE',  ( 0.01228886721410831981, 5.850000000000000533, 2.479829212321299714 ) ) ;
#3557 = VERTEX_POINT ( 'NONE', #4075 ) ;
#3558 = LINE ( 'NONE', #285, #598 ) ;
#3559 = FACE_OUTER_BOUND ( 'NONE', #1353, .T. ) ;
#3560 = ORIENTED_EDGE ( 'NONE', *, *, #2039, .T. ) ;
#3561 = FACE_OUTER_BOUND ( 'NONE', #66, .T. ) ;
#3562 = DIRECTION ( 'NONE',  ( 0.000000000000000000, 1.000000000000000000, 0.000000000000000000 ) ) ;
#3563 = VERTEX_POINT ( 'NONE', #2987 ) ;
#3564 = DIRECTION ( 'NONE',  ( 1.000000000000000000, 0.000000000000000000, -4.745234259692869648E-15 ) ) ;
#3565 = FACE_OUTER_BOUND ( 'NONE', #2021, .T. ) ;
#3566 = ORIENTED_EDGE ( 'NONE', *, *, #2890, .T. ) ;
#3567 = CARTESIAN_POINT ( 'NONE',  ( 0.2189864644571859753, 5.850000000000000533, 2.290966197151629746 ) ) ;
#3568 = CARTESIAN_POINT ( 'NONE',  ( 3.149999999999999911, 0.000000000000000000, 2.799999999999999822 ) ) ;
#3569 = AXIS2_PLACEMENT_3D ( 'NONE', #4179, #2776, #3116 ) ;
#3570 = EDGE_CURVE ( 'NONE', #309, #3643, #761, .T. ) ;
#3571 = ORIENTED_EDGE ( 'NONE', *, *, #1094, .T. ) ;
#3572 = CARTESIAN_POINT ( 'NONE',  ( -0.2916679738535495336, 5.839999999999999858, 1.162972289239813994 ) ) ;
#3573 = EDGE_LOOP ( 'NONE', ( #3674, #4682, #4410, #45 ) ) ;
#3574 = CARTESIAN_POINT ( 'NONE',  ( -0.2379180183953500116, 5.850000000000000533, -1.234648280262974129 ) ) ;
#3575 = CARTESIAN_POINT ( 'NONE',  ( 0.2712251707807120105, 5.850000000000000533, 2.355011942511235024 ) ) ;
#3576 = SURFACE_STYLE_FILL_AREA ( #2945 ) ;
#3577 = EDGE_CURVE ( 'NONE', #1804, #3966, #2224, .T. ) ;
#3578 = ADVANCED_FACE ( 'NONE', ( #407 ), #3424, .F. ) ;
#3579 = ADVANCED_FACE ( 'NONE', ( #3720 ), #1956, .F. ) ;
#3580 = CARTESIAN_POINT ( 'NONE',  ( -0.04349874956164310330, 5.839999999999999858, -0.3125086096630849686 ) ) ;
#3581 = ORIENTED_EDGE ( 'NONE', *, *, #1975, .T. ) ;
#3582 = CARTESIAN_POINT ( 'NONE',  ( -0.5546244772456609962, 5.839999999999999858, 0.2751396294207770210 ) ) ;
#3583 = FACE_OUTER_BOUND ( 'NONE', #588, .T. ) ;
#3584 = VERTEX_POINT ( 'NONE', #2320 ) ;
#3585 = CARTESIAN_POINT ( 'NONE',  ( 0.03310001375039699906, 5.850000000000000533, 1.956201913893174993 ) ) ;
#3586 = VECTOR ( 'NONE', #1914, 1000.000000000000000 ) ;
#3587 = CARTESIAN_POINT ( 'NONE',  ( -0.3872671403203019613, 5.839999999999999858, -1.622147363922090246 ) ) ;
#3588 = VERTEX_POINT ( 'NONE', #2603 ) ;
#3589 = CARTESIAN_POINT ( 'NONE',  ( -0.2224646878922340310, 5.839999999999999858, 0.6999697923851709858 ) ) ;
#3590 = AXIS2_PLACEMENT_3D ( 'NONE', #1630, #2348, #1983 ) ;
#3591 = ORIENTED_EDGE ( 'NONE', *, *, #4285, .F. ) ;
#3592 = DIRECTION ( 'NONE',  ( 0.000000000000000000, 0.000000000000000000, 1.000000000000000000 ) ) ;
#3593 = B_SPLINE_CURVE_WITH_KNOTS ( 'NONE', 3,
 ( #446, #60, #1815, #2570 ),
 .UNSPECIFIED., .F., .F.,
 ( 4, 4 ),
 ( 16.00000000000000000, 17.00000000000000000 ),
 .UNSPECIFIED. ) ;
#3594 = VECTOR ( 'NONE', #1048, 1000.000000000000000 ) ;
#3595 = ORIENTED_EDGE ( 'NONE', *, *, #4659, .F. ) ;
#3596 = LINE ( 'NONE', #4638, #937 ) ;
#3597 = CARTESIAN_POINT ( 'NONE',  ( 0.1407753953944151926, 5.850000000000000533, -1.354355781078413923 ) ) ;
#3598 = B_SPLINE_CURVE_WITH_KNOTS ( 'NONE', 3,
 ( #1407, #3887, #3201, #3912 ),
 .UNSPECIFIED., .F., .F.,
 ( 4, 4 ),
 ( 4.000000000000000000, 5.000000000000000000 ),
 .UNSPECIFIED. ) ;
#3599 = ORIENTED_EDGE ( 'NONE', *, *, #3060, .T. ) ;
#3600 = FACE_OUTER_BOUND ( 'NONE', #2556, .T. ) ;
#3601 = EDGE_LOOP ( 'NONE', ( #4377, #4136, #2930, #2557 ) ) ;
#3602 = CARTESIAN_POINT ( 'NONE',  ( -0.5134486688425019540, 5.850000000000000533, 0.5107099019537899576 ) ) ;
#3603 = CARTESIAN_POINT ( 'NONE',  ( -0.3087354479080119951, 5.839999999999999858, -1.355645625678995936 ) ) ;
#3604 = CARTESIAN_POINT ( 'NONE',  ( 0.06737827668058860020, 5.850000000000000533, -1.924020609865725095 ) ) ;
#3605 = B_SPLINE_SURFACE_WITH_KNOTS ( 'NONE', 3, 1, ( 
 ( #633, #3522 ),
 ( #2070, #3170 ),
 ( #249, #1062 ),
 ( #2452, #4690 ) ),
 .UNSPECIFIED., .F., .F., .F.,
 ( 4, 4 ),
 ( 2, 2 ),
 ( 4.000000000000000000, 5.000000000000000000 ),
 ( 0.000000000000000000, 1.000000000000000000 ),
 .UNSPECIFIED. ) ;
#3606 = LINE ( 'NONE', #4672, #4508 ) ;
#3607 = ORIENTED_EDGE ( 'NONE', *, *, #4711, .T. ) ;
#3608 = CARTESIAN_POINT ( 'NONE',  ( 3.299999999999999822, 5.850000000000000533, 3.200000000000000178 ) ) ;
#3609 = COLOUR_RGB ( '',0.2000000000000000111, 0.2000000000000000111, 0.2000000000000000111 ) ;
#3610 = PLANE ( 'NONE',  #2865 ) ;
#3611 = ADVANCED_FACE ( 'NONE', ( #2579 ), #4444, .F. ) ;
#3612 = AXIS2_PLACEMENT_3D ( 'NONE', #1683, #1973, #3520 ) ;
#3613 = VERTEX_POINT ( 'NONE', #4414 ) ;
#3614 = CARTESIAN_POINT ( 'NONE',  ( 0.000000000000000000, 5.839999999999999858, 0.000000000000000000 ) ) ;
#3615 = SURFACE_STYLE_FILL_AREA ( #2467 ) ;
#3616 = ORIENTED_EDGE ( 'NONE', *, *, #3493, .T. ) ;
#3617 = DIRECTION ( 'NONE',  ( 1.000000000000000000, 0.000000000000000000, 0.000000000000000000 ) ) ;
#3618 = VECTOR ( 'NONE', #1599, 1000.000000000000000 ) ;
#3619 = VERTEX_POINT ( 'NONE', #1137 ) ;
#3620 = CARTESIAN_POINT ( 'NONE',  ( -0.3782630328200949910, 5.850000000000000533, -1.064636840024874020 ) ) ;
#3621 = EDGE_LOOP ( 'NONE', ( #1517, #2164, #3154, #779 ) ) ;
#3622 = CARTESIAN_POINT ( 'NONE',  ( -0.08000943583900219092, 5.850000000000000533, 1.329585485049459948 ) ) ;
#3623 = B_SPLINE_CURVE_WITH_KNOTS ( 'NONE', 3,
 ( #4556, #3417, #1626, #2022 ),
 .UNSPECIFIED., .F., .F.,
 ( 4, 4 ),
 ( 20.00000000000000000, 21.00000000000000000 ),
 .UNSPECIFIED. ) ;
#3624 = AXIS2_PLACEMENT_3D ( 'NONE', #2285, #104, #1169 ) ;
#3625 = DIRECTION ( 'NONE',  ( -1.000000000000000000, 0.000000000000000000, 0.000000000000000000 ) ) ;
#3626 = ORIENTED_EDGE ( 'NONE', *, *, #3232, .T. ) ;
#3627 = CARTESIAN_POINT ( 'NONE',  ( -0.5505546680124420167, 5.839999999999999858, 1.287839168457580064 ) ) ;
#3628 = EDGE_LOOP ( 'NONE', ( #3607, #935, #493, #3296 ) ) ;
#3629 = CARTESIAN_POINT ( 'NONE',  ( -0.5134486688425019540, 5.850000000000000533, 0.6008501957713030528 ) ) ;
#3630 = DIRECTION ( 'NONE',  ( -6.601402918572450297E-15, 0.000000000000000000, -1.000000000000000000 ) ) ;
#3631 = LINE ( 'NONE', #2896, #2679 ) ;
#3632 = FACE_OUTER_BOUND ( 'NONE', #3822, .T. ) ;
#3633 = ORIENTED_EDGE ( 'NONE', *, *, #2216, .F. ) ;
#3634 = DIRECTION ( 'NONE',  ( 0.000000000000000000, 1.000000000000000000, 0.000000000000000000 ) ) ;
#3635 = CARTESIAN_POINT ( 'NONE',  ( -0.08000943583900219092, 5.839999999999999858, 1.329585485049459948 ) ) ;
#3636 = VERTEX_POINT ( 'NONE', #46 ) ;
#3637 = ADVANCED_FACE ( 'NONE', ( #2298 ), #435, .F. ) ;
#3638 =( LENGTH_UNIT ( ) NAMED_UNIT ( * ) SI_UNIT ( .MILLI., .METRE. ) );
#3639 = PLANE ( 'NONE',  #2227 ) ;
#3640 = EDGE_LOOP ( 'NONE', ( #3526, #4633, #2606, #574 ) ) ;
#3641 = CARTESIAN_POINT ( 'NONE',  ( -6.887872625202029213E-16, -0.05000000000000000278, -2.700000000000000178 ) ) ;
#3642 = VECTOR ( 'NONE', #1646, 1000.000000000000000 ) ;
#3643 = VERTEX_POINT ( 'NONE', #454 ) ;
#3644 = CARTESIAN_POINT ( 'NONE',  ( 0.2296754540190664995, 5.850000000000000533, -1.072375907628356106 ) ) ;
#3645 = B_SPLINE_CURVE_WITH_KNOTS ( 'NONE', 3,
 ( #3683, #859, #4108, #128 ),
 .UNSPECIFIED., .F., .F.,
 ( 4, 4 ),
 ( 6.000000000000000000, 7.000000000000000000 ),
 .UNSPECIFIED. ) ;
#3646 = ORIENTED_EDGE ( 'NONE', *, *, #1034, .T. ) ;
#3647 = ADVANCED_FACE ( 'NONE', ( #3768 ), #4300, .F. ) ;
#3648 = LINE ( 'NONE', #1348, #4144 ) ;
#3649 = DIRECTION ( 'NONE',  ( 0.000000000000000000, 0.000000000000000000, 1.000000000000000000 ) ) ;
#3650 = VERTEX_POINT ( 'NONE', #3343 ) ;
#3651 = CARTESIAN_POINT ( 'NONE',  ( -0.3882326859701095145, 5.850000000000000533, 2.306866012324174875 ) ) ;
#3652 = ORIENTED_EDGE ( 'NONE', *, *, #1800, .F. ) ;
#3653 = ORIENTED_EDGE ( 'NONE', *, *, #1196, .T. ) ;
#3654 = CARTESIAN_POINT ( 'NONE',  ( -0.6022991180594440275, 5.839999999999999858, -0.6215752197253509026 ) ) ;
#3655 = DIRECTION ( 'NONE',  ( -0.9895999002803032019, 0.000000000000000000, -0.1438472709689482543 ) ) ;
#3656 = VECTOR ( 'NONE', #4374, 1000.000000000000000 ) ;
#3657 = CARTESIAN_POINT ( 'NONE',  ( -0.2855678545052679485, 5.839999999999999858, 0.2166997471329250025 ) ) ;
#3658 = VERTEX_POINT ( 'NONE', #4464 ) ;
#3659 = DIRECTION ( 'NONE',  ( 1.000000000000000000, 0.000000000000000000, -3.353387193516085543E-15 ) ) ;
#3660 = DIRECTION ( 'NONE',  ( 0.000000000000000000, 1.000000000000000000, 0.000000000000000000 ) ) ;
#3661 = VECTOR ( 'NONE', #4707, 1000.000000000000000 ) ;
#3662 = VERTEX_POINT ( 'NONE', #71 ) ;
#3663 = CARTESIAN_POINT ( 'NONE',  ( -0.1056823043313342009, 5.850000000000000533, 1.201245947291665894 ) ) ;
#3664 = CARTESIAN_POINT ( 'NONE',  ( -0.2391564157875940011, 5.850000000000000533, 1.412458000636779731 ) ) ;
#3665 = ORIENTED_EDGE ( 'NONE', *, *, #4687, .F. ) ;
#3666 = CARTESIAN_POINT ( 'NONE',  ( 0.2296754540190664995, 5.839999999999999858, -1.072375907628356106 ) ) ;
#3667 = ORIENTED_EDGE ( 'NONE', *, *, #3731, .T. ) ;
#3668 = DIRECTION ( 'NONE',  ( 0.000000000000000000, 1.000000000000000000, 0.000000000000000000 ) ) ;
#3669 = ORIENTED_EDGE ( 'NONE', *, *, #1551, .F. ) ;
#3670 = VECTOR ( 'NONE', #1542, 1000.000000000000000 ) ;
#3671 = CARTESIAN_POINT ( 'NONE',  ( 0.05576967527536609570, 5.839999999999999858, -0.05359711080033690428 ) ) ;
#3672 = DIRECTION ( 'NONE',  ( -1.000000000000000000, 0.000000000000000000, 0.000000000000000000 ) ) ;
#3673 = EDGE_CURVE ( 'NONE', #4691, #382, #3391, .T. ) ;
#3674 = ORIENTED_EDGE ( 'NONE', *, *, #2314, .T. ) ;
#3675 = CARTESIAN_POINT ( 'NONE',  ( -0.3087354479080119951, 5.850000000000000533, -1.355645625678995936 ) ) ;
#3676 = VERTEX_POINT ( 'NONE', #4100 ) ;
#3677 = ORIENTED_EDGE ( 'NONE', *, *, #1388, .F. ) ;
#3678 = CARTESIAN_POINT ( 'NONE',  ( -0.3782630328200894398, 5.839999999999999858, 0.2751396294207760218 ) ) ;
#3679 = DIRECTION ( 'NONE',  ( 0.000000000000000000, 1.000000000000000000, 0.000000000000000000 ) ) ;
#3680 = ADVANCED_FACE ( 'NONE', ( #1556 ), #3957, .T. ) ;
#3681 = CARTESIAN_POINT ( 'NONE',  ( 3.149999999999999911, -0.05000000000000000278, 2.799999999999999822 ) ) ;
#3682 = ORIENTED_EDGE ( 'NONE', *, *, #2287, .T. ) ;
#3683 = CARTESIAN_POINT ( 'NONE',  ( 0.2296754540190664995, 5.850000000000000533, -1.072375907628356106 ) ) ;
#3684 = ORIENTED_EDGE ( 'NONE', *, *, #3761, .F. ) ;
#3685 = PRESENTATION_STYLE_ASSIGNMENT (( #2264 ) ) ;
#3686 = CARTESIAN_POINT ( 'NONE',  ( 0.1292164033969036008, 5.839999999999999858, -1.264165877853192121 ) ) ;
#3687 = VERTEX_POINT ( 'NONE', #3147 ) ;
#3688 = DIRECTION ( 'NONE',  ( 0.9885446052014188467, 0.000000000000000000, 0.1509290016105950261 ) ) ;
#3689 = CARTESIAN_POINT ( 'NONE',  ( -1.449999999999999956, -0.05000000000000000278, 2.799999999999999822 ) ) ;
#3690 = CARTESIAN_POINT ( 'NONE',  ( 0.2554475413268240125, 5.839999999999999858, -1.144458377037739893 ) ) ;
#3691 = AXIS2_PLACEMENT_3D ( 'NONE', #4328, #3617, #1793 ) ;
#3692 = PLANE ( 'NONE',  #610 ) ;
#3693 = CARTESIAN_POINT ( 'NONE',  ( -0.2224646878922350024, 5.839999999999999858, 0.5043350930624500572 ) ) ;
#3694 = DIRECTION ( 'NONE',  ( 0.000000000000000000, 0.000000000000000000, -1.000000000000000000 ) ) ;
#3695 = ORIENTED_EDGE ( 'NONE', *, *, #1034, .F. ) ;
#3696 = CARTESIAN_POINT ( 'NONE',  ( 0.1155508493721486007, 5.839999999999999858, 2.276083374837235329 ) ) ;
#3697 = STYLED_ITEM ( 'NONE', ( #3112 ), #544 ) ;
#3698 = ORIENTED_EDGE ( 'NONE', *, *, #4629, .F. ) ;
#3699 = ORIENTED_EDGE ( 'NONE', *, *, #2649, .T. ) ;
#3700 = CARTESIAN_POINT ( 'NONE',  ( -0.7332661166254919038, 5.839999999999999858, 1.705054287337774976 ) ) ;
#3701 = LINE ( 'NONE', #2323, #2450 ) ;
#3702 = EDGE_CURVE ( 'NONE', #255, #4232, #2812, .T. ) ;
#3703 = VECTOR ( 'NONE', #1325, 1000.000000000000000 ) ;
#3704 = ADVANCED_FACE ( 'NONE', ( #583 ), #2380, .T. ) ;
#3705 = EDGE_CURVE ( 'NONE', #2425, #2910, #3158, .T. ) ;
#3706 = CARTESIAN_POINT ( 'NONE',  ( -0.1851336085869675074, 5.839999999999999858, -1.295072538859414202 ) ) ;
#3707 = VERTEX_POINT ( 'NONE', #4594 ) ;
#3708 = CARTESIAN_POINT ( 'NONE',  ( -0.3087354479080119951, 5.850000000000000533, -1.355645625678995936 ) ) ;
#3709 = CARTESIAN_POINT ( 'NONE',  ( 0.2712251707807120105, 5.839999999999999858, 2.355011942511235024 ) ) ;
#3710 = ORIENTED_EDGE ( 'NONE', *, *, #3239, .T. ) ;
#3711 = CARTESIAN_POINT ( 'NONE',  ( -0.2121707357914525138, 5.839999999999999858, -1.064636840024874020 ) ) ;
#3712 = VERTEX_POINT ( 'NONE', #3431 ) ;
#3713 = DIRECTION ( 'NONE',  ( 4.375329236696260174E-15, 0.000000000000000000, 1.000000000000000000 ) ) ;
#3714 = CARTESIAN_POINT ( 'NONE',  ( -0.07971177939271549551, 5.850000000000000533, 1.329759117976453853 ) ) ;
#3715 = CARTESIAN_POINT ( 'NONE',  ( -0.2224646878922340310, 5.839999999999999858, 0.6999697923851709858 ) ) ;
#3716 = ORIENTED_EDGE ( 'NONE', *, *, #3570, .F. ) ;
#3717 = COLOUR_RGB ( '',0.2000000000000000111, 0.2000000000000000111, 0.2000000000000000111 ) ;
#3718 = DIRECTION ( 'NONE',  ( 0.000000000000000000, 1.000000000000000000, 0.000000000000000000 ) ) ;
#3719 = LINE ( 'NONE', #2623, #716 ) ;
#3720 = FACE_OUTER_BOUND ( 'NONE', #2410, .T. ) ;
#3721 = ORIENTED_EDGE ( 'NONE', *, *, #3238, .F. ) ;
#3722 = ORIENTED_EDGE ( 'NONE', *, *, #2189, .F. ) ;
#3723 = CARTESIAN_POINT ( 'NONE',  ( -0.5026567848639430514, 5.850000000000000533, 1.594251675207104979 ) ) ;
#3724 = CARTESIAN_POINT ( 'NONE',  ( 0.1253468695951640011, 5.839999999999999858, -0.1721139858306355019 ) ) ;
#3725 = LINE ( 'NONE', #1507, #1545 ) ;
#3726 = VERTEX_POINT ( 'NONE', #4528 ) ;
#3727 = LINE ( 'NONE', #1509, #1525 ) ;
#3728 = CARTESIAN_POINT ( 'NONE',  ( -0.2211996479955155026, 5.839999999999999858, -1.459874991287479995 ) ) ;
#3729 = ADVANCED_FACE ( 'NONE', ( #247 ), #1821, .F. ) ;
#3730 = EDGE_CURVE ( 'NONE', #1251, #98, #161, .T. ) ;
#3731 = EDGE_CURVE ( 'NONE', #3658, #1588, #2853, .T. ) ;
#3732 = AXIS2_PLACEMENT_3D ( 'NONE', #997, #1044, #1807 ) ;
#3733 = VERTEX_POINT ( 'NONE', #539 ) ;
#3734 =( LENGTH_UNIT ( ) NAMED_UNIT ( * ) SI_UNIT ( .MILLI., .METRE. ) );
#3735 = CARTESIAN_POINT ( 'NONE',  ( -0.03322960216471715356, 5.839999999999999858, -1.232018981654100065 ) ) ;
#3736 = VERTEX_POINT ( 'NONE', #1994 ) ;
#3737 = DIRECTION ( 'NONE',  ( 0.000000000000000000, 1.000000000000000000, 0.000000000000000000 ) ) ;
#3738 = LINE ( 'NONE', #1619, #1104 ) ;
#3739 = CARTESIAN_POINT ( 'NONE',  ( 0.06737827668058860020, 5.850000000000000533, -1.924020609865725095 ) ) ;
#3740 = EDGE_CURVE ( 'NONE', #1339, #4267, #224, .T. ) ;
#3741 = EDGE_LOOP ( 'NONE', ( #189, #671, #3337, #2429 ) ) ;
#3742 = VECTOR ( 'NONE', #1135, 1000.000000000000000 ) ;
#3743 = DIRECTION ( 'NONE',  ( 0.000000000000000000, 0.000000000000000000, -1.000000000000000000 ) ) ;
#3744 = CARTESIAN_POINT ( 'NONE',  ( 0.000000000000000000, 0.000000000000000000, 0.000000000000000000 ) ) ;
#3745 = DIRECTION ( 'NONE',  ( -1.000000000000000000, 0.000000000000000000, 0.000000000000000000 ) ) ;
#3746 = CARTESIAN_POINT ( 'NONE',  ( -0.7335656108724020186, 5.839999999999999858, -0.9048449377759869572 ) ) ;
#3747 = VECTOR ( 'NONE', #3107, 1000.000000000000000 ) ;
#3748 = ORIENTED_EDGE ( 'NONE', *, *, #1955, .F. ) ;
#3749 = ORIENTED_EDGE ( 'NONE', *, *, #4218, .F. ) ;
#3750 =( GEOMETRIC_REPRESENTATION_CONTEXT ( 3 ) GLOBAL_UNCERTAINTY_ASSIGNED_CONTEXT ( ( #4598 ) ) GLOBAL_UNIT_ASSIGNED_CONTEXT ( ( #913, #136, #3472 ) ) REPRESENTATION_CONTEXT ( 'NONE', 'WORKASPACE' ) );
#3751 = DIRECTION ( 'NONE',  ( -1.000000000000000000, 0.000000000000000000, 5.518881196287350827E-15 ) ) ;
#3752 = DIRECTION ( 'NONE',  ( 0.000000000000000000, 1.000000000000000000, 0.000000000000000000 ) ) ;
#3753 = ORIENTED_EDGE ( 'NONE', *, *, #248, .F. ) ;
#3754 = CARTESIAN_POINT ( 'NONE',  ( -0.1365641606337006098, 5.839999999999999858, 1.194176606692322062 ) ) ;
#3755 = CARTESIAN_POINT ( 'NONE',  ( -0.4168839567259429724, 5.850000000000000533, -0.2275276942478945130 ) ) ;
#3756 = ORIENTED_EDGE ( 'NONE', *, *, #2090, .F. ) ;
#3757 = CARTESIAN_POINT ( 'NONE',  ( -0.4632191435314189643, 5.850000000000000533, 0.4553954123519530217 ) ) ;
#3758 = ORIENTED_EDGE ( 'NONE', *, *, #2152, .F. ) ;
#3759 = EDGE_CURVE ( 'NONE', #3447, #3557, #183, .T. ) ;
#3760 = PLANE ( 'NONE',  #2778 ) ;
#3761 = EDGE_CURVE ( 'NONE', #4321, #3584, #561, .T. ) ;
#3762 = CARTESIAN_POINT ( 'NONE',  ( -0.2517572053471150428, 5.839999999999999858, 1.329932750903455974 ) ) ;
#3763 = EDGE_CURVE ( 'NONE', #3636, #4445, #2750, .T. ) ;
#3764 = EDGE_LOOP ( 'NONE', ( #102, #4352, #3722, #3633 ) ) ;
#3765 = CARTESIAN_POINT ( 'NONE',  ( 0.2721659117266639893, 5.839999999999999858, -0.2159190928426724942 ) ) ;
#3766 = CARTESIAN_POINT ( 'NONE',  ( -1.449999999999999956, -0.1499999999999999944, -2.799999999999999822 ) ) ;
#3767 = VECTOR ( 'NONE', #4462, 1000.000000000000000 ) ;
#3768 = FACE_OUTER_BOUND ( 'NONE', #399, .T. ) ;
#3769 = ORIENTED_EDGE ( 'NONE', *, *, #26, .T. ) ;
#3770 = DIRECTION ( 'NONE',  ( 1.000000000000000000, 0.000000000000000000, 0.000000000000000000 ) ) ;
#3771 = B_SPLINE_CURVE_WITH_KNOTS ( 'NONE', 3,
 ( #2393, #3757, #195, #3780 ),
 .UNSPECIFIED., .F., .F.,
 ( 4, 4 ),
 ( 1.000000000000000000, 2.000000000000000000 ),
 .UNSPECIFIED. ) ;
#3772 = B_SPLINE_CURVE_WITH_KNOTS ( 'NONE', 3,
 ( #179, #4236, #2037, #4566 ),
 .UNSPECIFIED., .F., .F.,
 ( 4, 4 ),
 ( 5.000000000000000000, 6.000000000000000000 ),
 .UNSPECIFIED. ) ;
#3773 = DIRECTION ( 'NONE',  ( 0.000000000000000000, 1.000000000000000000, 0.000000000000000000 ) ) ;
#3774 = AXIS2_PLACEMENT_3D ( 'NONE', #2702, #1628, #881 ) ;
#3775 = ORIENTED_EDGE ( 'NONE', *, *, #3488, .F. ) ;
#3776 = CARTESIAN_POINT ( 'NONE',  ( -0.6683522066308750231, 5.850000000000000533, 1.384304661758716026 ) ) ;
#3777 = FACE_OUTER_BOUND ( 'NONE', #3533, .T. ) ;
#3778 = VECTOR ( 'NONE', #4478, 1000.000000000000000 ) ;
#3779 = ORIENTED_EDGE ( 'NONE', *, *, #3702, .F. ) ;
#3780 = CARTESIAN_POINT ( 'NONE',  ( -0.5134486688425019540, 5.850000000000000533, 0.6008501957713030528 ) ) ;
#3781 = ORIENTED_EDGE ( 'NONE', *, *, #1009, .T. ) ;
#3782 = CARTESIAN_POINT ( 'NONE',  ( -0.3039016312438165279, 5.839999999999999858, -1.406811528560696134 ) ) ;
#3783 = CARTESIAN_POINT ( 'NONE',  ( 0.09774107200258949635, 5.839999999999999858, 2.282607011951709897 ) ) ;
#3784 = EDGE_LOOP ( 'NONE', ( #1943, #4656, #656, #1910 ) ) ;
#3785 = CARTESIAN_POINT ( 'NONE',  ( -0.3872671403203019613, 5.839999999999999858, -1.622147363922090246 ) ) ;
#3786 = CARTESIAN_POINT ( 'NONE',  ( 0.2296754540190624749, 5.839999999999999858, -2.341136509930489940 ) ) ;
#3787 = DIRECTION ( 'NONE',  ( 1.000000000000000000, 0.000000000000000000, -3.300701459286205427E-15 ) ) ;
#3788 = ADVANCED_FACE ( 'NONE', ( #3243 ), #3317, .F. ) ;
#3789 = EDGE_CURVE ( 'NONE', #2954, #2388, #580, .T. ) ;
#3790 = EDGE_CURVE ( 'NONE', #3726, #700, #708, .T. ) ;
#3791 = ORIENTED_EDGE ( 'NONE', *, *, #2091, .F. ) ;
#3792 = DIRECTION ( 'NONE',  ( 0.000000000000000000, -1.000000000000000000, 0.000000000000000000 ) ) ;
#3793 =( LENGTH_UNIT ( ) NAMED_UNIT ( * ) SI_UNIT ( .MILLI., .METRE. ) );
#3794 = VERTEX_POINT ( 'NONE', #4003 ) ;
#3795 = CARTESIAN_POINT ( 'NONE',  ( -0.7332661166254919038, 5.850000000000000533, 1.532562376713939800 ) ) ;
#3796 =( LENGTH_UNIT ( ) NAMED_UNIT ( * ) SI_UNIT ( .MILLI., .METRE. ) );
#3797 = ORIENTED_EDGE ( 'NONE', *, *, #1796, .F. ) ;
#3798 = DIRECTION ( 'NONE',  ( 0.9938058266147891118, 0.000000000000000000, 0.1111304593101984095 ) ) ;
#3799 = ORIENTED_EDGE ( 'NONE', *, *, #4019, .T. ) ;
#3800 = CARTESIAN_POINT ( 'NONE',  ( -0.2211996479955165018, 5.839999999999999858, -1.622147363922090246 ) ) ;
#3801 = CARTESIAN_POINT ( 'NONE',  ( 0.3889979046952835029, 5.850000000000000533, 2.258521644506245263 ) ) ;
#3802 = ORIENTED_EDGE ( 'NONE', *, *, #946, .F. ) ;
#3803 = CARTESIAN_POINT ( 'NONE',  ( -0.5134486688425010659, 5.839999999999999858, 0.9767654827290508379 ) ) ;
#3804 = CARTESIAN_POINT ( 'NONE',  ( -0.1632558597848104975, 5.839999999999999858, -1.917571386862820138 ) ) ;
#3805 = CARTESIAN_POINT ( 'NONE',  ( 0.02985059754508555263, 5.850000000000000533, 1.946676907611969876 ) ) ;
#3806 = VECTOR ( 'NONE', #3389, 1000.000000000000000 ) ;
#3807 = DIRECTION ( 'NONE',  ( 0.000000000000000000, 1.000000000000000000, 0.000000000000000000 ) ) ;
#3808 = VERTEX_POINT ( 'NONE', #683 ) ;
#3809 = EDGE_CURVE ( 'NONE', #1270, #3808, #2476, .T. ) ;
#3810 = CARTESIAN_POINT ( 'NONE',  ( 0.2116424343147910170, 5.850000000000000533, -0.3189578326659974761 ) ) ;
#3811 = DIRECTION ( 'NONE',  ( 0.000000000000000000, 0.000000000000000000, -1.000000000000000000 ) ) ;
#3812 = VECTOR ( 'NONE', #3679, 1000.000000000000000 ) ;
#3813 = DIRECTION ( 'NONE',  ( -1.000000000000000000, 0.000000000000000000, 0.000000000000000000 ) ) ;
#3814 = AXIS2_PLACEMENT_3D ( 'NONE', #3803, #2758, #4208 ) ;
#3815 = ORIENTED_EDGE ( 'NONE', *, *, #1550, .T. ) ;
#3816 = LINE ( 'NONE', #4199, #4563 ) ;
#3817 = PLANE ( 'NONE',  #3774 ) ;
#3818 = EDGE_CURVE ( 'NONE', #827, #2883, #295, .T. ) ;
#3819 = CARTESIAN_POINT ( 'NONE',  ( 0.1407753953944151926, 5.839999999999999858, -1.391711665087546068 ) ) ;
#3820 = VECTOR ( 'NONE', #1120, 1000.000000000000000 ) ;
#3821 = DIRECTION ( 'NONE',  ( 0.000000000000000000, 1.000000000000000000, 0.000000000000000000 ) ) ;
#3822 = EDGE_LOOP ( 'NONE', ( #342, #70, #751, #1291, #362, #3067 ) ) ;
#3823 = CARTESIAN_POINT ( 'NONE',  ( 0.2721659117266649885, 5.839999999999999858, 0.05321194400929649820 ) ) ;
#3824 = LINE ( 'NONE', #198, #4154 ) ;
#3825 = ORIENTED_EDGE ( 'NONE', *, *, #1949, .F. ) ;
#3826 = CARTESIAN_POINT ( 'NONE',  ( -0.4323372872290630609, 5.850000000000000533, -1.850598686448040153 ) ) ;
#3827 = CARTESIAN_POINT ( 'NONE',  ( -0.01003720405812071927, 5.850000000000000533, -1.383922988076349947 ) ) ;
#3828 = FACE_OUTER_BOUND ( 'NONE', #4084, .T. ) ;
#3829 = DIRECTION ( 'NONE',  ( 0.000000000000000000, 0.000000000000000000, -1.000000000000000000 ) ) ;
#3830 = ORIENTED_EDGE ( 'NONE', *, *, #4221, .T. ) ;
#3831 = DIRECTION ( 'NONE',  ( 0.000000000000000000, 1.000000000000000000, 0.000000000000000000 ) ) ;
#3832 = PRODUCT_DEFINITION_SHAPE ( 'NONE', 'NONE',  #4350 ) ;
#3833 = CARTESIAN_POINT ( 'NONE',  ( -0.09050182557064970212, 5.839999999999999858, 1.205561965762840027 ) ) ;
#3834 = ADVANCED_FACE ( 'NONE', ( #1085 ), #1219, .F. ) ;
#3835 = LINE ( 'NONE', #106, #4319 ) ;
#3836 = VECTOR ( 'NONE', #1906, 1000.000000000000000 ) ;
#3837 = B_SPLINE_SURFACE_WITH_KNOTS ( 'NONE', 3, 1, ( 
 ( #3279, #1050 ),
 ( #4322, #3988 ),
 ( #4298, #3182 ),
 ( #1362, #4013 ) ),
 .UNSPECIFIED., .F., .F., .F.,
 ( 4, 4 ),
 ( 2, 2 ),
 ( 2.000000000000000000, 3.000000000000000000 ),
 ( 0.000000000000000000, 1.000000000000000000 ),
 .UNSPECIFIED. ) ;
#3838 = VERTEX_POINT ( 'NONE', #4662 ) ;
#3839 = CARTESIAN_POINT ( 'NONE',  ( -0.7332661166254919038, 5.839999999999999858, 1.532562376713939800 ) ) ;
#3840 = DIRECTION ( 'NONE',  ( 0.000000000000000000, 0.000000000000000000, -1.000000000000000000 ) ) ;
#3841 = EDGE_CURVE ( 'NONE', #4002, #3209, #3648, .T. ) ;
#3842 = LINE ( 'NONE', #976, #1296 ) ;
#3843 = EDGE_CURVE ( 'NONE', #1184, #1164, #2811, .T. ) ;
#3844 = EDGE_CURVE ( 'NONE', #3433, #2530, #351, .T. ) ;
#3845 = EDGE_CURVE ( 'NONE', #4686, #255, #3596, .T. ) ;
#3846 = DIRECTION ( 'NONE',  ( 1.000000000000000000, 0.000000000000000000, -2.289956205610775292E-15 ) ) ;
#3847 = ORIENTED_EDGE ( 'NONE', *, *, #2946, .T. ) ;
#3848 = LINE ( 'NONE', #4587, #2973 ) ;
#3849 = VECTOR ( 'NONE', #2485, 1000.000000000000000 ) ;
#3850 = DIRECTION ( 'NONE',  ( -0.9991806437233322624, 0.000000000000000000, -0.04047272178427456513 ) ) ;
#3851 = ORIENTED_EDGE ( 'NONE', *, *, #26, .F. ) ;
#3852 = DIRECTION ( 'NONE',  ( 0.000000000000000000, -1.000000000000000000, 0.000000000000000000 ) ) ;
#3853 = FACE_OUTER_BOUND ( 'NONE', #4699, .T. ) ;
#3854 = CARTESIAN_POINT ( 'NONE',  ( 0.1331107419024941951, 5.839999999999999858, -2.132528950490389708 ) ) ;
#3855 = CARTESIAN_POINT ( 'NONE',  ( -0.2559510380996314893, 5.850000000000000533, -2.191812192709395202 ) ) ;
#3856 = EDGE_LOOP ( 'NONE', ( #4381, #434, #2263, #2325 ) ) ;
#3857 = LINE ( 'NONE', #586, #2332 ) ;
#3858 = CARTESIAN_POINT ( 'NONE',  ( -0.03965402046376444861, 5.839999999999999858, -2.387422087328255227 ) ) ;
#3859 = LINE ( 'NONE', #2431, #4399 ) ;
#3860 = ORIENTED_EDGE ( 'NONE', *, *, #1300, .T. ) ;
#3861 = CARTESIAN_POINT ( 'NONE',  ( -0.3087354479080119951, 5.839999999999999858, -1.355645625678995936 ) ) ;
#3862 = CARTESIAN_POINT ( 'NONE',  ( -0.09117339037541749569, 5.839999999999999858, 0.6999697923851709858 ) ) ;
#3863 = CARTESIAN_POINT ( 'NONE',  ( 0.2296754540190664995, 5.839999999999999858, -1.072375907628356106 ) ) ;
#3864 = B_SPLINE_CURVE_WITH_KNOTS ( 'NONE', 3,
 ( #1963, #2305, #1217, #819 ),
 .UNSPECIFIED., .F., .F.,
 ( 4, 4 ),
 ( 5.000000000000000000, 6.000000000000000000 ),
 .UNSPECIFIED. ) ;
#3865 = LINE ( 'NONE', #3159, #3594 ) ;
#3866 = EDGE_LOOP ( 'NONE', ( #441, #1440, #772, #1647 ) ) ;
#3867 = CARTESIAN_POINT ( 'NONE',  ( 0.2567373859274045267, 5.839999999999999858, -0.6511920361309959659 ) ) ;
#3868 = FACE_OUTER_BOUND ( 'NONE', #1485, .T. ) ;
#3869 = ADVANCED_FACE ( 'NONE', ( #991 ), #2451, .F. ) ;
#3870 = EDGE_CURVE ( 'NONE', #237, #4213, #4411, .T. ) ;
#3871 = ORIENTED_EDGE ( 'NONE', *, *, #4218, .T. ) ;
#3872 = CARTESIAN_POINT ( 'NONE',  ( -0.2224646878922350024, 5.850000000000000533, 0.5043350930624500572 ) ) ;
#3873 = DIRECTION ( 'NONE',  ( 0.000000000000000000, 1.000000000000000000, 0.000000000000000000 ) ) ;
#3874 = CARTESIAN_POINT ( 'NONE',  ( -0.1426431508793720160, 5.839999999999999858, -1.591240702915870164 ) ) ;
#3875 = DIRECTION ( 'NONE',  ( 0.000000000000000000, 0.000000000000000000, 1.000000000000000000 ) ) ;
#3876 = EDGE_CURVE ( 'NONE', #4467, #3946, #92, .T. ) ;
#3877 = VECTOR ( 'NONE', #4451, 1000.000000000000114 ) ;
#3878 = SURFACE_STYLE_USAGE ( .BOTH. , #2762 ) ;
#3879 = DIRECTION ( 'NONE',  ( 1.000000000000000000, 0.000000000000000000, -3.576031831567450365E-15 ) ) ;
#3880 = CARTESIAN_POINT ( 'NONE',  ( -0.1928726761904565046, 5.839999999999999858, -1.243577973651605939 ) ) ;
#3881 = VECTOR ( 'NONE', #4567, 1000.000000000000000 ) ;
#3882 = VERTEX_POINT ( 'NONE', #1928 ) ;
#3883 = CARTESIAN_POINT ( 'NONE',  ( -0.5026567848639430514, 5.839999999999999858, 1.594251675207104979 ) ) ;
#3884 = ORIENTED_EDGE ( 'NONE', *, *, #2680, .F. ) ;
#3885 = CARTESIAN_POINT ( 'NONE',  ( 0.1316739068794033907, 5.839999999999999858, 2.362453353668440226 ) ) ;
#3886 = DIRECTION ( 'NONE',  ( 0.000000000000000000, 0.000000000000000000, 1.000000000000000000 ) ) ;
#3887 = CARTESIAN_POINT ( 'NONE',  ( -0.09117339037541830060, 5.850000000000000533, 0.3948223255323665692 ) ) ;
#3888 = VERTEX_POINT ( 'NONE', #850 ) ;
#3889 = CARTESIAN_POINT ( 'NONE',  ( -0.03965402046376270001, 5.839999999999999858, -1.918861231463404815 ) ) ;
#3890 =( GEOMETRIC_REPRESENTATION_CONTEXT ( 3 ) GLOBAL_UNCERTAINTY_ASSIGNED_CONTEXT ( ( #1017 ) ) GLOBAL_UNIT_ASSIGNED_CONTEXT ( ( #643, #1070, #4645 ) ) REPRESENTATION_CONTEXT ( 'NONE', 'WORKASPACE' ) );
#3891 = CARTESIAN_POINT ( 'NONE',  ( -0.4323372872290610625, 5.839999999999999858, -1.221749834257153999 ) ) ;
#3892 =( GEOMETRIC_REPRESENTATION_CONTEXT ( 3 ) GLOBAL_UNCERTAINTY_ASSIGNED_CONTEXT ( ( #2790 ) ) GLOBAL_UNIT_ASSIGNED_CONTEXT ( ( #524, #3441, #3461 ) ) REPRESENTATION_CONTEXT ( 'NONE', 'WORKASPACE' ) );
#3893 = EDGE_LOOP ( 'NONE', ( #509, #1378, #4222, #4191 ) ) ;
#3894 = FACE_BOUND ( 'NONE', #1464, .T. ) ;
#3895 = CARTESIAN_POINT ( 'NONE',  ( 0.05839897388424299812, 5.839999999999999858, -1.485671883299094054 ) ) ;
#3896 = CARTESIAN_POINT ( 'NONE',  ( -0.4168839567259414736, 5.850000000000000533, 0.2166997471329254743 ) ) ;
#3897 = CARTESIAN_POINT ( 'NONE',  ( -0.08477193897960780267, 5.850000000000000533, 1.271790525061891719 ) ) ;
#3898 = EDGE_CURVE ( 'NONE', #4291, #3882, #1111, .T. ) ;
#3899 = ADVANCED_FACE ( 'NONE', ( #2961 ), #2295, .F. ) ;
#3900 = ADVANCED_FACE ( 'NONE', ( #4048 ), #1290, .F. ) ;
#3901 = SURFACE_STYLE_FILL_AREA ( #1061 ) ;
#3902 = B_SPLINE_CURVE_WITH_KNOTS ( 'NONE', 3,
 ( #1194, #1839, #3327, #2659 ),
 .UNSPECIFIED., .F., .F.,
 ( 4, 4 ),
 ( 4.000000000000000000, 5.000000000000000000 ),
 .UNSPECIFIED. ) ;
#3903 = B_SPLINE_SURFACE_WITH_KNOTS ( 'NONE', 3, 1, ( 
 ( #2825, #218 ),
 ( #1673, #2777 ),
 ( #175, #3138 ),
 ( #1269, #1718 ) ),
 .UNSPECIFIED., .F., .F., .F.,
 ( 4, 4 ),
 ( 2, 2 ),
 ( 3.000000000000000000, 4.000000000000000000 ),
 ( 0.000000000000000000, 1.000000000000000000 ),
 .UNSPECIFIED. ) ;
#3904 = FACE_OUTER_BOUND ( 'NONE', #4160, .T. ) ;
#3905 = ORIENTED_EDGE ( 'NONE', *, *, #1337, .T. ) ;
#3906 = CARTESIAN_POINT ( 'NONE',  ( -3.149999999999999911, -0.05000000000000000278, -2.799999999999999822 ) ) ;
#3907 = VERTEX_POINT ( 'NONE', #1552 ) ;
#3908 = CARTESIAN_POINT ( 'NONE',  ( 0.2567373859274035275, 5.839999999999999858, -0.9820371761799829846 ) ) ;
#3909 = CARTESIAN_POINT ( 'NONE',  ( -0.3087354479080134939, 5.850000000000000533, -1.972935485872369998 ) ) ;
#3910 = AXIS2_PLACEMENT_3D ( 'NONE', #1851, #1208, #3033 ) ;
#3911 = VECTOR ( 'NONE', #203, 1000.000000000000000 ) ;
#3912 = CARTESIAN_POINT ( 'NONE',  ( -0.3782630328200894398, 5.850000000000000533, 0.2751396294207760218 ) ) ;
#3913 = VERTEX_POINT ( 'NONE', #3386 ) ;
#3914 = LINE ( 'NONE', #647, #3276 ) ;
#3915 = PLANE ( 'NONE',  #4537 ) ;
#3916 = ORIENTED_EDGE ( 'NONE', *, *, #2413, .F. ) ;
#3917 = FILL_AREA_STYLE ('',( #2466 ) ) ;
#3918 = VECTOR ( 'NONE', #2382, 1000.000000000000000 ) ;
#3919 = LINE ( 'NONE', #652, #1456 ) ;
#3920 = DIRECTION ( 'NONE',  ( 3.564246187110340362E-15, 0.000000000000000000, 1.000000000000000000 ) ) ;
#3921 = CARTESIAN_POINT ( 'NONE',  ( -0.09050182557064970212, 5.839999999999999858, 1.205561965762840027 ) ) ;
#3922 = EDGE_CURVE ( 'NONE', #6, #3650, #4376, .T. ) ;
#3923 = VECTOR ( 'NONE', #2029, 1000.000000000000000 ) ;
#3924 = APPLICATION_CONTEXT ( 'automotive_design' ) ;
#3925 = ORIENTED_EDGE ( 'NONE', *, *, #119, .T. ) ;
#3926 = CARTESIAN_POINT ( 'NONE',  ( 0.2567373859274045267, 5.850000000000000533, -0.6511920361309959659 ) ) ;
#3927 = EDGE_CURVE ( 'NONE', #1345, #3913, #2272, .T. ) ;
#3928 = CARTESIAN_POINT ( 'NONE',  ( -0.7335656108724020186, 5.850000000000000533, -0.9048449377759869572 ) ) ;
#3929 = EDGE_CURVE ( 'NONE', #3308, #2497, #353, .T. ) ;
#3930 = UNCERTAINTY_MEASURE_WITH_UNIT (LENGTH_MEASURE( 1.000000000000000082E-05 ), #657, 'distance_accuracy_value', 'NONE');
#3931 = ORIENTED_EDGE ( 'NONE', *, *, #1445, .F. ) ;
#3932 = CARTESIAN_POINT ( 'NONE',  ( -0.2855678545052690032, 5.850000000000000533, -0.2275276942478950126 ) ) ;
#3933 = EDGE_LOOP ( 'NONE', ( #2349, #274, #2924, #1730 ) ) ;
#3934 = LINE ( 'NONE', #666, #1211 ) ;
#3935 = LINE ( 'NONE', #3603, #1785 ) ;
#3936 = CARTESIAN_POINT ( 'NONE',  ( -3.299999999999999822, 0.000000000000000000, -3.399999999999999911 ) ) ;
#3937 =( GEOMETRIC_REPRESENTATION_CONTEXT ( 3 ) GLOBAL_UNCERTAINTY_ASSIGNED_CONTEXT ( ( #3503 ) ) GLOBAL_UNIT_ASSIGNED_CONTEXT ( ( #3638, #4090, #1462 ) ) REPRESENTATION_CONTEXT ( 'NONE', 'WORKASPACE' ) );
#3938 = DIRECTION ( 'NONE',  ( 0.000000000000000000, -1.000000000000000000, 0.000000000000000000 ) ) ;
#3939 = ORIENTED_EDGE ( 'NONE', *, *, #345, .T. ) ;
#3940 = CARTESIAN_POINT ( 'NONE',  ( -0.3782630328200894398, 5.850000000000000533, 0.2751396294207760218 ) ) ;
#3941 = DIRECTION ( 'NONE',  ( 0.000000000000000000, -1.000000000000000000, 0.000000000000000000 ) ) ;
#3942 = ORIENTED_EDGE ( 'NONE', *, *, #2535, .F. ) ;
#3943 = B_SPLINE_SURFACE_WITH_KNOTS ( 'NONE', 3, 1, ( 
 ( #1399, #2814 ),
 ( #4264, #2500 ),
 ( #3546, #3951 ),
 ( #272, #3597 ) ),
 .UNSPECIFIED., .F., .F., .F.,
 ( 4, 4 ),
 ( 2, 2 ),
 ( 11.00000000000000000, 12.00000000000000000 ),
 ( 0.000000000000000000, 1.000000000000000000 ),
 .UNSPECIFIED. ) ;
#3944 = CARTESIAN_POINT ( 'NONE',  ( -0.7332661166254919038, 5.850000000000000533, 1.705054287337774976 ) ) ;
#3945 = CARTESIAN_POINT ( 'NONE',  ( 0.02985059754508555263, 5.839999999999999858, 1.946676907611969876 ) ) ;
#3946 = VERTEX_POINT ( 'NONE', #498 ) ;
#3947 = CARTESIAN_POINT ( 'NONE',  ( 0.2721659117266574945, 5.850000000000000533, -2.092692596095524937 ) ) ;
#3948 = CARTESIAN_POINT ( 'NONE',  ( -0.1085348452749209935, 5.839999999999999858, 2.363172690080300065 ) ) ;
#3949 = ORIENTED_EDGE ( 'NONE', *, *, #2534, .F. ) ;
#3950 = CARTESIAN_POINT ( 'NONE',  ( 0.2189864644571859753, 5.839999999999999858, 2.290966197151629746 ) ) ;
#3951 = CARTESIAN_POINT ( 'NONE',  ( 0.1407753953944151926, 5.850000000000000533, -1.391711665087546068 ) ) ;
#3952 = VECTOR ( 'NONE', #54, 1000.000000000000000 ) ;
#3953 = VERTEX_POINT ( 'NONE', #67 ) ;
#3954 = DIRECTION ( 'NONE',  ( 1.000000000000000000, 0.000000000000000000, -2.289956205610775292E-15 ) ) ;
#3955 = ADVANCED_FACE ( 'NONE', ( #3289 ), #3692, .F. ) ;
#3956 = EDGE_CURVE ( 'NONE', #350, #4494, #2937, .T. ) ;
#3957 = B_SPLINE_SURFACE_WITH_KNOTS ( 'NONE', 3, 1, ( 
 ( #1183, #2648 ),
 ( #120, #3855 ),
 ( #967, #4238 ),
 ( #2339, #4147 ) ),
 .UNSPECIFIED., .F., .F., .F.,
 ( 4, 4 ),
 ( 2, 2 ),
 ( 0.000000000000000000, 1.000000000000000000 ),
 ( 0.000000000000000000, 1.000000000000000000 ),
 .UNSPECIFIED. ) ;
#3958 = ORIENTED_EDGE ( 'NONE', *, *, #497, .F. ) ;
#3959 = LINE ( 'NONE', #3908, #3123 ) ;
#3960 = CARTESIAN_POINT ( 'NONE',  ( -0.2546363887951930138, 5.850000000000000533, -1.925310454466309995 ) ) ;
#3961 = VECTOR ( 'NONE', #2379, 1000.000000000000000 ) ;
#3962 = CARTESIAN_POINT ( 'NONE',  ( 0.007625582888919620744, 5.850000000000000533, 1.242148903952390082 ) ) ;
#3963 = VERTEX_POINT ( 'NONE', #758 ) ;
#3964 = CARTESIAN_POINT ( 'NONE',  ( 0.1331107419024941951, 5.850000000000000533, -2.132528950490389708 ) ) ;
#3965 = CARTESIAN_POINT ( 'NONE',  ( -0.5026567848639430514, 5.839999999999999858, 1.594251675207104979 ) ) ;
#3966 = VERTEX_POINT ( 'NONE', #2219 ) ;
#3967 = FACE_OUTER_BOUND ( 'NONE', #4071, .T. ) ;
#3968 = VECTOR ( 'NONE', #2722, 1000.000000000000000 ) ;
#3969 = CARTESIAN_POINT ( 'NONE',  ( 0.4539366193937550142, 5.839999999999999858, 1.645944678045770049 ) ) ;
#3970 = ORIENTED_EDGE ( 'NONE', *, *, #3239, .F. ) ;
#3971 = CARTESIAN_POINT ( 'NONE',  ( -0.07698509976903580854, 5.839999999999999858, -1.723152118029109836 ) ) ;
#3972 = VECTOR ( 'NONE', #985, 1000.000000000000000 ) ;
#3973 = ORIENTED_EDGE ( 'NONE', *, *, #4409, .T. ) ;
#3974 = CARTESIAN_POINT ( 'NONE',  ( 0.2189864644571859753, 5.839999999999999858, 2.290966197151629746 ) ) ;
#3975 = VERTEX_POINT ( 'NONE', #400 ) ;
#3976 = SURFACE_STYLE_USAGE ( .BOTH. , #3218 ) ;
#3977 = DIRECTION ( 'NONE',  ( 0.000000000000000000, 0.000000000000000000, 1.000000000000000000 ) ) ;
#3978 = ORIENTED_EDGE ( 'NONE', *, *, #571, .T. ) ;
#3979 = CARTESIAN_POINT ( 'NONE',  ( 0.01935820781344065045, 5.839999999999999858, 1.300787223871104015 ) ) ;
#3980 = ORIENTED_EDGE ( 'NONE', *, *, #4109, .T. ) ;
#3981 = CARTESIAN_POINT ( 'NONE',  ( 0.2567373859274095227, 5.839999999999999858, 0.6111937572797999652 ) ) ;
#3982 = DIRECTION ( 'NONE',  ( 1.000000000000000000, 0.000000000000000000, -6.607640071745660248E-15 ) ) ;
#3983 = CARTESIAN_POINT ( 'NONE',  ( 0.2567373859274110215, 5.850000000000000533, 0.9767654827290478403 ) ) ;
#3984 = ADVANCED_FACE ( 'NONE', ( #780 ), #1848, .T. ) ;
#3985 = ADVANCED_FACE ( 'NONE', ( #2781 ), #4565, .F. ) ;
#3986 = CARTESIAN_POINT ( 'NONE',  ( 0.2721659117266574945, 5.839999999999999858, -2.092692596095524937 ) ) ;
#3987 = ORIENTED_EDGE ( 'NONE', *, *, #4052, .F. ) ;
#3988 = CARTESIAN_POINT ( 'NONE',  ( -0.1928726761904565046, 5.850000000000000533, -1.243577973651605939 ) ) ;
#3989 = FACE_OUTER_BOUND ( 'NONE', #156, .T. ) ;
#3990 = ADVANCED_FACE ( 'NONE', ( #178 ), #2006, .F. ) ;
#3991 = EDGE_CURVE ( 'NONE', #3687, #548, #2353, .T. ) ;
#3992 = EDGE_CURVE ( 'NONE', #408, #2638, #3494, .T. ) ;
#3993 = VERTEX_POINT ( 'NONE', #2400 ) ;
#3994 = CARTESIAN_POINT ( 'NONE',  ( 0.2189864644571859753, 5.850000000000000533, 2.290966197151629746 ) ) ;
#3995 = LINE ( 'NONE', #3357, #5 ) ;
#3996 = ORIENTED_EDGE ( 'NONE', *, *, #3929, .T. ) ;
#3997 = DIRECTION ( 'NONE',  ( 2.551063935260015421E-16, 0.000000000000000000, 1.000000000000000000 ) ) ;
#3998 = ORIENTED_EDGE ( 'NONE', *, *, #282, .T. ) ;
#3999 = CARTESIAN_POINT ( 'NONE',  ( -0.4168839567259439716, 5.839999999999999858, -0.4927891972981219282 ) ) ;
#4000 = ADVANCED_FACE ( 'NONE', ( #578 ), #1676, .T. ) ;
#4002 = VERTEX_POINT ( 'NONE', #1252 ) ;
#4001 = VECTOR ( 'NONE', #1532, 1000.000000000000000 ) ;
#4003 = CARTESIAN_POINT ( 'NONE',  ( -0.04349874956164235390, 5.850000000000000533, -0.3125086096630844690 ) ) ;
#4004 = VECTOR ( 'NONE', #1614, 1000.000000000000000 ) ;
#4005 = ORIENTED_EDGE ( 'NONE', *, *, #921, .F. ) ;
#4006 = LINE ( 'NONE', #1450, #135 ) ;
#4007 = EDGE_LOOP ( 'NONE', ( #1151, #2663, #2644, #4029 ) ) ;
#4008 = ORIENTED_EDGE ( 'NONE', *, *, #2157, .F. ) ;
#4009 = CARTESIAN_POINT ( 'NONE',  ( -0.1632558597848104975, 5.850000000000000533, -1.917571386862820138 ) ) ;
#4010 = CARTESIAN_POINT ( 'NONE',  ( -0.03965402046376354656, 5.850000000000000533, -1.918861231463404815 ) ) ;
#4011 = DIRECTION ( 'NONE',  ( 0.000000000000000000, 0.000000000000000000, 1.000000000000000000 ) ) ;
#4012 = ORIENTED_EDGE ( 'NONE', *, *, #1729, .T. ) ;
#4013 = CARTESIAN_POINT ( 'NONE',  ( -0.2379180183953500116, 5.850000000000000533, -1.234648280262974129 ) ) ;
#4014 = DIRECTION ( 'NONE',  ( 0.9810922794148412285, 0.000000000000000000, -0.1935405365100325292 ) ) ;
#4015 = VERTEX_POINT ( 'NONE', #4234 ) ;
#4016 = DIRECTION ( 'NONE',  ( 0.000000000000000000, 0.000000000000000000, -1.000000000000000000 ) ) ;
#4017 = ORIENTED_EDGE ( 'NONE', *, *, #3035, .T. ) ;
#4018 = DIRECTION ( 'NONE',  ( 1.000000000000000000, 0.000000000000000000, -3.564246187110340362E-15 ) ) ;
#4019 = EDGE_CURVE ( 'NONE', #2581, #350, #812, .T. ) ;
#4020 = ORIENTED_EDGE ( 'NONE', *, *, #554, .F. ) ;
#4021 = CARTESIAN_POINT ( 'NONE',  ( 0.1331107419024941951, 5.850000000000000533, -2.132528950490389708 ) ) ;
#4022 = ORIENTED_EDGE ( 'NONE', *, *, #3200, .T. ) ;
#4023 = DIRECTION ( 'NONE',  ( -4.885111939044140259E-15, 0.000000000000000000, -1.000000000000000000 ) ) ;
#4024 = ADVANCED_FACE ( 'NONE', ( #3406 ), #1598, .F. ) ;
#4025 =( NAMED_UNIT ( * ) PLANE_ANGLE_UNIT ( ) SI_UNIT ( $, .RADIAN. ) );
#4026 = ORIENTED_EDGE ( 'NONE', *, *, #3876, .T. ) ;
#4027 = CARTESIAN_POINT ( 'NONE',  ( 0.1588084150986889820, 5.839999999999999858, -1.655633714129480127 ) ) ;
#4028 = VERTEX_POINT ( 'NONE', #2714 ) ;
#4029 = ORIENTED_EDGE ( 'NONE', *, *, #3146, .T. ) ;
#4030 = CARTESIAN_POINT ( 'NONE',  ( 0.000000000000000000, -0.05000000000000000278, 2.700000000000000178 ) ) ;
#4031 = LINE ( 'NONE', #4082, #3586 ) ;
#4032 = LINE ( 'NONE', #3681, #2377 ) ;
#4033 = ORIENTED_EDGE ( 'NONE', *, *, #2096, .F. ) ;
#4034 = DIRECTION ( 'NONE',  ( 0.000000000000000000, 1.000000000000000000, 0.000000000000000000 ) ) ;
#4035 = CARTESIAN_POINT ( 'NONE',  ( -0.2245464452156260005, 5.839999999999999858, 1.500093019364709956 ) ) ;
#4036 = VECTOR ( 'NONE', #2985, 1000.000000000000000 ) ;
#4037 = ORIENTED_EDGE ( 'NONE', *, *, #2861, .F. ) ;
#4038 = SURFACE_SIDE_STYLE ('',( #59 ) ) ;
#4039 = DIRECTION ( 'NONE',  ( 0.000000000000000000, -1.000000000000000000, 0.000000000000000000 ) ) ;
#4040 = VERTEX_POINT ( 'NONE', #1970 ) ;
#4041 = PLANE ( 'NONE',  #866 ) ;
#4042 = CARTESIAN_POINT ( 'NONE',  ( -0.6022991180594449157, 5.839999999999999858, -0.7245643501409529952 ) ) ;
#4043 = CARTESIAN_POINT ( 'NONE',  ( -0.2211996479955165018, 5.839999999999999858, -1.622147363922090246 ) ) ;
#4044 = EDGE_CURVE ( 'NONE', #3248, #4015, #157, .T. ) ;
#4045 = VECTOR ( 'NONE', #2256, 1000.000000000000114 ) ;
#4046 = VERTEX_POINT ( 'NONE', #1991 ) ;
#4047 = AXIS2_PLACEMENT_3D ( 'NONE', #4495, #931, #3446 ) ;
#4048 = FACE_OUTER_BOUND ( 'NONE', #697, .T. ) ;
#4049 = EDGE_CURVE ( 'NONE', #1604, #3283, #4223, .T. ) ;
#4050 = B_SPLINE_CURVE_WITH_KNOTS ( 'NONE', 3,
 ( #1952, #3693, #452, #4463 ),
 .UNSPECIFIED., .F., .F.,
 ( 4, 4 ),
 ( 0.000000000000000000, 1.000000000000000000 ),
 .UNSPECIFIED. ) ;
#4051 = VECTOR ( 'NONE', #645, 1000.000000000000000 ) ;
#4052 = EDGE_CURVE ( 'NONE', #447, #2999, #1414, .T. ) ;
#4053 = EDGE_CURVE ( 'NONE', #3482, #3636, #1054, .T. ) ;
#4054 = EDGE_LOOP ( 'NONE', ( #1148, #1500, #2965, #1448 ) ) ;
#4055 = CARTESIAN_POINT ( 'NONE',  ( 0.2721659117266599925, 5.839999999999999858, -1.337587801270869958 ) ) ;
#4056 = ORIENTED_EDGE ( 'NONE', *, *, #1799, .F. ) ;
#4057 = ORIENTED_EDGE ( 'NONE', *, *, #2247, .F. ) ;
#4058 = CARTESIAN_POINT ( 'NONE',  ( -0.3872671403203019613, 5.839999999999999858, -1.622147363922090246 ) ) ;
#4059 = CARTESIAN_POINT ( 'NONE',  ( -1.449999999999999956, -0.1499999999999999944, -2.799999999999999822 ) ) ;
#4060 = CARTESIAN_POINT ( 'NONE',  ( 0.1188728418883974042, 5.839999999999999858, -1.234648280262976128 ) ) ;
#4061 = VERTEX_POINT ( 'NONE', #4258 ) ;
#4062 = DIRECTION ( 'NONE',  ( 0.000000000000000000, 0.000000000000000000, -1.000000000000000000 ) ) ;
#4063 = CARTESIAN_POINT ( 'NONE',  ( -0.4168839567259439716, 5.839999999999999858, -0.4927891972981219282 ) ) ;
#4064 = ORIENTED_EDGE ( 'NONE', *, *, #3673, .F. ) ;
#4065 = CARTESIAN_POINT ( 'NONE',  ( 0.1253468695951615863, 5.839999999999999858, -0.9820371761799829846 ) ) ;
#4066 = CARTESIAN_POINT ( 'NONE',  ( 0.1407753953944151926, 5.850000000000000533, -1.354355781078413923 ) ) ;
#4067 = VERTEX_POINT ( 'NONE', #2905 ) ;
#4068 = CARTESIAN_POINT ( 'NONE',  ( 0.08670114098544448589, 5.850000000000000533, -2.350165422134550042 ) ) ;
#4069 = DIRECTION ( 'NONE',  ( 0.000000000000000000, 1.000000000000000000, 0.000000000000000000 ) ) ;
#4070 = DIRECTION ( 'NONE',  ( 0.000000000000000000, 1.000000000000000000, 0.000000000000000000 ) ) ;
#4071 = EDGE_LOOP ( 'NONE', ( #1237, #4391, #983, #4017, #2138, #1651, #268, #4244, #1228, #4501 ) ) ;
#4072 = VECTOR ( 'NONE', #3387, 1000.000000000000000 ) ;
#4073 = DIRECTION ( 'NONE',  ( 0.000000000000000000, 0.000000000000000000, -1.000000000000000000 ) ) ;
#4074 = CARTESIAN_POINT ( 'NONE',  ( 0.2721659117266574945, 5.839999999999999858, -2.184073125105909785 ) ) ;
#4075 = CARTESIAN_POINT ( 'NONE',  ( 3.149999999999999911, -0.1499999999999999944, -2.700000000000000178 ) ) ;
#4076 = STYLED_ITEM ( 'NONE', ( #759 ), #1129 ) ;
#4077 = VERTEX_POINT ( 'NONE', #3259 ) ;
#4078 = ORIENTED_EDGE ( 'NONE', *, *, #19, .F. ) ;
#4079 = ADVANCED_FACE ( 'NONE', ( #2851 ), #341, .T. ) ;
#4080 = CARTESIAN_POINT ( 'NONE',  ( 0.1253468695951615863, 5.850000000000000533, -0.9820371761799829846 ) ) ;
#4081 = EDGE_CURVE ( 'NONE', #455, #2918, #702, .T. ) ;
#4082 = CARTESIAN_POINT ( 'NONE',  ( 0.1175581925839612046, 5.839999999999999858, -0.3330965138646654888 ) ) ;
#4083 = CARTESIAN_POINT ( 'NONE',  ( 0.2721659117266574945, 5.850000000000000533, -2.092692596095524937 ) ) ;
#4084 = EDGE_LOOP ( 'NONE', ( #3220, #1847, #1481, #514 ) ) ;
#4085 = LINE ( 'NONE', #818, #458 ) ;
#4086 = CARTESIAN_POINT ( 'NONE',  ( 0.2567373859274095227, 5.839999999999999858, 0.6111937572797999652 ) ) ;
#4087 = EDGE_CURVE ( 'NONE', #2223, #3563, #627, .T. ) ;
#4088 = ADVANCED_FACE ( 'NONE', ( #2544 ), #1745, .F. ) ;
#4089 = ORIENTED_EDGE ( 'NONE', *, *, #814, .F. ) ;
#4090 =( NAMED_UNIT ( * ) PLANE_ANGLE_UNIT ( ) SI_UNIT ( $, .RADIAN. ) );
#4091 = CARTESIAN_POINT ( 'NONE',  ( 0.1253468695951630019, 5.839999999999999858, -0.5712216708949821031 ) ) ;
#4092 = ORIENTED_EDGE ( 'NONE', *, *, #2387, .T. ) ;
#4093 = CARTESIAN_POINT ( 'NONE',  ( 0.000000000000000000, -0.1499999999999999944, 0.000000000000000000 ) ) ;
#4094 = CARTESIAN_POINT ( 'NONE',  ( -0.4070098467901084871, 5.850000000000000533, 2.010300973006009961 ) ) ;
#4095 = LINE ( 'NONE', #826, #4266 ) ;
#4096 = EDGE_LOOP ( 'NONE', ( #1179, #734, #4507, #3140 ) ) ;
#4097 = VECTOR ( 'NONE', #3233, 1000.000000000000000 ) ;
#4098 = CARTESIAN_POINT ( 'NONE',  ( -0.03965402046376270001, 5.839999999999999858, -1.918861231463404815 ) ) ;
#4099 = CARTESIAN_POINT ( 'NONE',  ( -0.01003720405812071927, 5.839999999999999858, -1.383922988076349947 ) ) ;
#4100 = CARTESIAN_POINT ( 'NONE',  ( -0.2855678545052679485, 5.850000000000000533, 0.2166997471329250025 ) ) ;
#4101 = ORIENTED_EDGE ( 'NONE', *, *, #3040, .T. ) ;
#4102 = EDGE_LOOP ( 'NONE', ( #2213, #3100, #624, #4485 ) ) ;
#4103 = DIRECTION ( 'NONE',  ( -5.518881196287350827E-15, 0.000000000000000000, -1.000000000000000000 ) ) ;
#4104 = CARTESIAN_POINT ( 'NONE',  ( 0.2296754540190624749, 5.850000000000000533, -2.341136509930489940 ) ) ;
#4105 = ADVANCED_FACE ( 'NONE', ( #3166 ), #4613, .T. ) ;
#4106 = ORIENTED_EDGE ( 'NONE', *, *, #1515, .F. ) ;
#4107 = LINE ( 'NONE', #103, #1058 ) ;
#4108 = CARTESIAN_POINT ( 'NONE',  ( 0.2721659117266604921, 5.850000000000000533, -1.256476419657420074 ) ) ;
#4109 = EDGE_CURVE ( 'NONE', #1662, #2530, #3187, .T. ) ;
#4110 = AXIS2_PLACEMENT_3D ( 'NONE', #3350, #1589, #3659 ) ;
#4111 = ORIENTED_EDGE ( 'NONE', *, *, #2443, .T. ) ;
#4112 = CARTESIAN_POINT ( 'NONE',  ( -0.2224646878922350024, 5.839999999999999858, 0.5982705065701399150 ) ) ;
#4113 = ORIENTED_EDGE ( 'NONE', *, *, #346, .T. ) ;
#4114 = CARTESIAN_POINT ( 'NONE',  ( -0.5134486688425019540, 5.839999999999999858, 0.6008501957713030528 ) ) ;
#4115 = CARTESIAN_POINT ( 'NONE',  ( -0.7335656108724010194, 5.850000000000000533, -0.6215752197253500144 ) ) ;
#4116 = EDGE_LOOP ( 'NONE', ( #4340, #4539, #2562, #2417 ) ) ;
#4117 = CARTESIAN_POINT ( 'NONE',  ( -0.5026567848639430514, 5.839999999999999858, 1.594251675207104979 ) ) ;
#4118 = DIRECTION ( 'NONE',  ( 0.000000000000000000, 1.000000000000000000, 0.000000000000000000 ) ) ;
#4119 = DIRECTION ( 'NONE',  ( 2.551063935260009998E-16, 0.000000000000000000, 1.000000000000000000 ) ) ;
#4120 = ADVANCED_BREP_SHAPE_REPRESENTATION ( 'PM5432.223NLT', ( #3244, #614 ), #3892 ) ;
#4121 = CARTESIAN_POINT ( 'NONE',  ( -0.6447647710631799756, 5.850000000000000533, 0.9767654827290519481 ) ) ;
#4122 = PRESENTATION_LAYER_ASSIGNMENT (  '', '', ( #1455 ) ) ;
#4123 = ORIENTED_EDGE ( 'NONE', *, *, #2739, .F. ) ;
#4124 = VECTOR ( 'NONE', #676, 1000.000000000000114 ) ;
#4125 = CARTESIAN_POINT ( 'NONE',  ( 0.03310001375039699906, 5.839999999999999858, 1.956201913893174993 ) ) ;
#4126 = CARTESIAN_POINT ( 'NONE',  ( 0.001546592643255075136, 5.850000000000000533, -1.462454680488640024 ) ) ;
#4127 = UNCERTAINTY_MEASURE_WITH_UNIT (LENGTH_MEASURE( 1.000000000000000082E-05 ), #433, 'distance_accuracy_value', 'NONE');
#4128 = ORIENTED_EDGE ( 'NONE', *, *, #1827, .F. ) ;
#4129 = CYLINDRICAL_SURFACE ( 'NONE', #2214, 0.09999999999999982514 ) ;
#4130 = CARTESIAN_POINT ( 'NONE',  ( 0.02089426165196279703, 5.850000000000000533, -1.485671883299094054 ) ) ;
#4131 = ORIENTED_EDGE ( 'NONE', *, *, #2536, .T. ) ;
#4132 = EDGE_CURVE ( 'NONE', #949, #2910, #3919, .T. ) ;
#4133 = B_SPLINE_CURVE_WITH_KNOTS ( 'NONE', 3,
 ( #2074, #4341, #4694, #2818 ),
 .UNSPECIFIED., .F., .F.,
 ( 4, 4 ),
 ( 1.000000000000000000, 2.000000000000000000 ),
 .UNSPECIFIED. ) ;
#4134 = EDGE_CURVE ( 'NONE', #3333, #682, #1030, .T. ) ;
#4135 = CARTESIAN_POINT ( 'NONE',  ( -0.4070098467901084871, 5.839999999999999858, 2.010300973006009961 ) ) ;
#4136 = ORIENTED_EDGE ( 'NONE', *, *, #3992, .F. ) ;
#4137 = DIRECTION ( 'NONE',  ( -0.9980119457931039273, 0.000000000000000000, -0.06302504307227978220 ) ) ;
#4138 = FACE_OUTER_BOUND ( 'NONE', #1789, .T. ) ;
#4139 = EDGE_CURVE ( 'NONE', #290, #255, #4679, .T. ) ;
#4140 = ADVANCED_FACE ( 'NONE', ( #1769 ), #3639, .F. ) ;
#4141 = VERTEX_POINT ( 'NONE', #2976 ) ;
#4142 = DIRECTION ( 'NONE',  ( 0.000000000000000000, 0.000000000000000000, -1.000000000000000000 ) ) ;
#4143 = CARTESIAN_POINT ( 'NONE',  ( 0.2567373859274110215, 5.839999999999999858, 0.9767654827290478403 ) ) ;
#4144 = VECTOR ( 'NONE', #1398, 1000.000000000000000 ) ;
#4145 = AXIS2_PLACEMENT_3D ( 'NONE', #4382, #654, #37 ) ;
#4146 = B_SPLINE_SURFACE_WITH_KNOTS ( 'NONE', 3, 1, ( 
 ( #326, #1805 ),
 ( #3696, #808 ),
 ( #1528, #2964 ),
 ( #3015, #4483 ) ),
 .UNSPECIFIED., .F., .F., .F.,
 ( 4, 4 ),
 ( 2, 2 ),
 ( 10.00000000000000000, 11.00000000000000000 ),
 ( 0.000000000000000000, 1.000000000000000000 ),
 .UNSPECIFIED. ) ;
#4147 = CARTESIAN_POINT ( 'NONE',  ( -0.3087354479080139935, 5.850000000000000533, -2.055287102678689859 ) ) ;
#4148 = ORIENTED_EDGE ( 'NONE', *, *, #1160, .T. ) ;
#4149 = CARTESIAN_POINT ( 'NONE',  ( -0.4168839567259429724, 5.839999999999999858, -0.2275276942478945130 ) ) ;
#4150 = AXIS2_PLACEMENT_3D ( 'NONE', #3444, #3086, #2075 ) ;
#4151 = ORIENTED_EDGE ( 'NONE', *, *, #3432, .T. ) ;
#4152 = CARTESIAN_POINT ( 'NONE',  ( -0.5505546680124420167, 5.839999999999999858, 1.287839168457580064 ) ) ;
#4153 = CARTESIAN_POINT ( 'NONE',  ( -0.4323372872290640045, 5.839999999999999858, -2.061736325681590376 ) ) ;
#4154 = VECTOR ( 'NONE', #555, 1000.000000000000000 ) ;
#4155 = ORIENTED_EDGE ( 'NONE', *, *, #3356, .T. ) ;
#4156 = CARTESIAN_POINT ( 'NONE',  ( -0.03322960216471715356, 5.839999999999999858, -1.232018981654100065 ) ) ;
#4157 = ORIENTED_EDGE ( 'NONE', *, *, #1388, .T. ) ;
#4158 = CARTESIAN_POINT ( 'NONE',  ( -0.2791186315023629905, 5.839999999999999858, 0.4553954123519520225 ) ) ;
#4159 = CARTESIAN_POINT ( 'NONE',  ( -0.3227978771944879921, 5.839999999999999858, 1.910238797645559927 ) ) ;
#4160 = EDGE_LOOP ( 'NONE', ( #1468, #1814, #2246, #3326 ) ) ;
#4161 = EDGE_CURVE ( 'NONE', #3662, #1940, #8, .T. ) ;
#4162 = CARTESIAN_POINT ( 'NONE',  ( 1.449999999999999956, -0.1499999999999999944, 2.700000000000000178 ) ) ;
#4163 = B_SPLINE_CURVE_WITH_KNOTS ( 'NONE', 3,
 ( #2282, #2258, #1, #52 ),
 .UNSPECIFIED., .F., .F.,
 ( 4, 4 ),
 ( 0.000000000000000000, 1.000000000000000000 ),
 .UNSPECIFIED. ) ;
#4164 = LINE ( 'NONE', #2242, #1777 ) ;
#4165 = CARTESIAN_POINT ( 'NONE',  ( 0.2173989634103145052, 5.839999999999999858, 1.415211322764939883 ) ) ;
#4166 = VECTOR ( 'NONE', #468, 1000.000000000000000 ) ;
#4167 = EDGE_CURVE ( 'NONE', #949, #3342, #11, .T. ) ;
#4168 = DIRECTION ( 'NONE',  ( 0.000000000000000000, 0.000000000000000000, -1.000000000000000000 ) ) ;
#4169 = ORIENTED_EDGE ( 'NONE', *, *, #4543, .F. ) ;
#4170 = CARTESIAN_POINT ( 'NONE',  ( 0.1407753953944151926, 5.850000000000000533, -1.354355781078413923 ) ) ;
#4171 = CARTESIAN_POINT ( 'NONE',  ( -0.3782630328200949910, 5.850000000000000533, -1.064636840024874020 ) ) ;
#4172 = CARTESIAN_POINT ( 'NONE',  ( 0.02985059754508555263, 5.839999999999999858, 1.946676907611969876 ) ) ;
#4173 = ORIENTED_EDGE ( 'NONE', *, *, #3198, .T. ) ;
#4174 = CARTESIAN_POINT ( 'NONE',  ( 0.08686547214849750509, 5.839999999999999858, -1.980321086445884893 ) ) ;
#4175 = CARTESIAN_POINT ( 'NONE',  ( 1.449999999999999956, -0.05000000000000000278, 2.700000000000000178 ) ) ;
#4176 = LINE ( 'NONE', #4201, #2821 ) ;
#4177 = PLANE ( 'NONE',  #2144 ) ;
#4178 = ORIENTED_EDGE ( 'NONE', *, *, #2222, .T. ) ;
#4179 = CARTESIAN_POINT ( 'NONE',  ( -0.6022991180594440275, 5.839999999999999858, -0.6215752197253509026 ) ) ;
#4180 = CARTESIAN_POINT ( 'NONE',  ( 0.03642200626665840352, 5.850000000000000533, 0.1265842580192664268 ) ) ;
#4181 = VECTOR ( 'NONE', #3094, 1000.000000000000000 ) ;
#4182 = VERTEX_POINT ( 'NONE', #366 ) ;
#4183 = PRESENTATION_STYLE_ASSIGNMENT (( #3074 ) ) ;
#4184 = EDGE_LOOP ( 'NONE', ( #796, #2960, #4020, #47 ) ) ;
#4185 = DIRECTION ( 'NONE',  ( 0.000000000000000000, -1.000000000000000000, 0.000000000000000000 ) ) ;
#4186 = FACE_OUTER_BOUND ( 'NONE', #2277, .T. ) ;
#4187 = VECTOR ( 'NONE', #3668, 1000.000000000000000 ) ;
#4188 = EDGE_CURVE ( 'NONE', #1316, #2954, #1463, .T. ) ;
#4189 = CARTESIAN_POINT ( 'NONE',  ( -0.4207286858238360461, 5.850000000000000533, -1.522978157900509943 ) ) ;
#4190 = EDGE_CURVE ( 'NONE', #3557, #3248, #4404, .T. ) ;
#4191 = ORIENTED_EDGE ( 'NONE', *, *, #2681, .T. ) ;
#4192 = DIRECTION ( 'NONE',  ( 0.000000000000000000, 1.000000000000000000, 0.000000000000000000 ) ) ;
#4193 = EDGE_CURVE ( 'NONE', #290, #2720, #3593, .T. ) ;
#4194 = EDGE_CURVE ( 'NONE', #3963, #3676, #3995, .T. ) ;
#4195 = AXIS2_PLACEMENT_3D ( 'NONE', #1478, #1212, #2675 ) ;
#4196 = CARTESIAN_POINT ( 'NONE',  ( 0.03902650017166944818, 5.850000000000000533, -1.655633714129480127 ) ) ;
#4197 = VECTOR ( 'NONE', #3378, 1000.000000000000000 ) ;
#4198 = ORIENTED_EDGE ( 'NONE', *, *, #2222, .F. ) ;
#4199 = CARTESIAN_POINT ( 'NONE',  ( -0.7335656108724010194, 5.839999999999999858, -0.6215752197253500144 ) ) ;
#4200 = FILL_AREA_STYLE ('',( #2002 ) ) ;
#4201 = CARTESIAN_POINT ( 'NONE',  ( 0.1253468695951681922, 5.839999999999999858, 0.9767654827290488395 ) ) ;
#4202 = VECTOR ( 'NONE', #2079, 1000.000000000000227 ) ;
#4203 = FACE_OUTER_BOUND ( 'NONE', #1743, .T. ) ;
#4204 = VERTEX_POINT ( 'NONE', #4091 ) ;
#4205 = CARTESIAN_POINT ( 'NONE',  ( 3.149999999999999911, -0.05000000000000000278, -2.700000000000000178 ) ) ;
#4206 = CARTESIAN_POINT ( 'NONE',  ( 0.4539366193937570682, 5.850000000000000533, 1.937821628334900126 ) ) ;
#4207 = ORIENTED_EDGE ( 'NONE', *, *, #119, .F. ) ;
#4208 = DIRECTION ( 'NONE',  ( 1.000000000000000000, 0.000000000000000000, -4.953857847517350592E-15 ) ) ;
#4209 = ORIENTED_EDGE ( 'NONE', *, *, #2473, .F. ) ;
#4210 = CARTESIAN_POINT ( 'NONE',  ( 3.100000000000000089, 5.850000000000000533, -3.399999999999999911 ) ) ;
#4211 = CARTESIAN_POINT ( 'NONE',  ( -0.4723454367502979978, 5.839999999999999858, 1.398592171180533805 ) ) ;
#4212 = AXIS2_PLACEMENT_3D ( 'NONE', #3744, #3009, #4142 ) ;
#4213 = VERTEX_POINT ( 'NONE', #1923 ) ;
#4214 = B_SPLINE_CURVE_WITH_KNOTS ( 'NONE', 3,
 ( #4469, #485, #1936, #2765 ),
 .UNSPECIFIED., .F., .F.,
 ( 4, 4 ),
 ( 4.000000000000000000, 5.000000000000000000 ),
 .UNSPECIFIED. ) ;
#4215 = CARTESIAN_POINT ( 'NONE',  ( 0.1175581925839609965, 5.839999999999999858, -0.3356762030658319573 ) ) ;
#4216 = PRESENTATION_LAYER_ASSIGNMENT (  '', '', ( #1320 ) ) ;
#4217 = DIRECTION ( 'NONE',  ( 3.367193519343370278E-15, 0.000000000000000000, 1.000000000000000000 ) ) ;
#4218 = EDGE_CURVE ( 'NONE', #1711, #309, #84, .T. ) ;
#4219 = CARTESIAN_POINT ( 'NONE',  ( -0.1365641606337006098, 5.839999999999999858, 1.194176606692322062 ) ) ;
#4220 = VECTOR ( 'NONE', #2691, 1000.000000000000227 ) ;
#4221 = EDGE_CURVE ( 'NONE', #2289, #4321, #3426, .T. ) ;
#4222 = ORIENTED_EDGE ( 'NONE', *, *, #2030, .F. ) ;
#4223 = B_SPLINE_CURVE_WITH_KNOTS ( 'NONE', 3,
 ( #4546, #1271, #2736, #1658, #3969, #1079, #2808 ),
 .UNSPECIFIED., .F., .F.,
 ( 4, 3, 4 ),
 ( 25.00000000000000000, 26.00000000000000000, 27.00000000000000000 ),
 .UNSPECIFIED. ) ;
#4224 = FACE_OUTER_BOUND ( 'NONE', #3628, .T. ) ;
#4225 = CARTESIAN_POINT ( 'NONE',  ( -0.07698509976903580854, 5.839999999999999858, -1.723152118029109836 ) ) ;
#4226 = SURFACE_STYLE_USAGE ( .BOTH. , #1336 ) ;
#4227 = CARTESIAN_POINT ( 'NONE',  ( 3.100000000000000089, 5.850000000000000533, 3.200000000000000178 ) ) ;
#4228 = EDGE_LOOP ( 'NONE', ( #1966, #1397, #471, #20 ) ) ;
#4229 = DIRECTION ( 'NONE',  ( 3.269836474628460065E-15, 0.000000000000000000, 1.000000000000000000 ) ) ;
#4230 = AXIS2_PLACEMENT_3D ( 'NONE', #3297, #3321, #2967 ) ;
#4231 = CARTESIAN_POINT ( 'NONE',  ( -3.149999999999999911, -0.05000000000000000278, 2.799999999999999822 ) ) ;
#4232 = VERTEX_POINT ( 'NONE', #4428 ) ;
#4233 = DIRECTION ( 'NONE',  ( 0.000000000000000000, 0.000000000000000000, 1.000000000000000000 ) ) ;
#4234 = CARTESIAN_POINT ( 'NONE',  ( 1.449999999999999956, -0.1499999999999999944, 2.700000000000000178 ) ) ;
#4235 = EDGE_LOOP ( 'NONE', ( #3860, #662, #196, #4092 ) ) ;
#4236 = CARTESIAN_POINT ( 'NONE',  ( 0.2721659117266599925, 5.839999999999999858, -1.571843424499439701 ) ) ;
#4237 = CARTESIAN_POINT ( 'NONE',  ( 0.1253468695951615863, 5.839999999999999858, -0.9048449377759899548 ) ) ;
#4238 = CARTESIAN_POINT ( 'NONE',  ( -0.3087354479080144931, 5.850000000000000533, -2.138978173493295110 ) ) ;
#4239 = EDGE_LOOP ( 'NONE', ( #721, #1333, #821, #4148 ) ) ;
#4240 = CARTESIAN_POINT ( 'NONE',  ( -1.449999999999999956, -0.1499999999999999944, -2.700000000000000178 ) ) ;
#4241 = VERTEX_POINT ( 'NONE', #797 ) ;
#4242 = CARTESIAN_POINT ( 'NONE',  ( 0.1331107419024941951, 5.839999999999999858, -2.132528950490389708 ) ) ;
#4243 = VECTOR ( 'NONE', #4716, 1000.000000000000000 ) ;
#4244 = ORIENTED_EDGE ( 'NONE', *, *, #2917, .T. ) ;
#4245 = CARTESIAN_POINT ( 'NONE',  ( -0.1645457043853875145, 5.839999999999999858, -1.436707397884734005 ) ) ;
#4246 = SURFACE_STYLE_FILL_AREA ( #4200 ) ;
#4247 = CARTESIAN_POINT ( 'NONE',  ( 0.1407753953944151926, 5.839999999999999858, -1.354355781078413923 ) ) ;
#4248 = B_SPLINE_SURFACE_WITH_KNOTS ( 'NONE', 3, 1, ( 
 ( #1380, #1430 ),
 ( #1092, #667 ),
 ( #1045, #4317 ),
 ( #4719, #4644 ) ),
 .UNSPECIFIED., .F., .F., .F.,
 ( 4, 4 ),
 ( 2, 2 ),
 ( 5.000000000000000000, 6.000000000000000000 ),
 ( 0.000000000000000000, 1.000000000000000000 ),
 .UNSPECIFIED. ) ;
#4249 = EDGE_CURVE ( 'NONE', #3152, #3471, #3025, .T. ) ;
#4250 = EDGE_CURVE ( 'NONE', #4182, #2201, #1150, .T. ) ;
#4251 = PLANE ( 'NONE',  #3216 ) ;
#4252 = ORIENTED_EDGE ( 'NONE', *, *, #3354, .F. ) ;
#4253 = DIRECTION ( 'NONE',  ( 1.000000000000000000, 0.000000000000000000, 0.000000000000000000 ) ) ;
#4254 = CARTESIAN_POINT ( 'NONE',  ( -1.449999999999999956, -0.05000000000000000278, 2.700000000000000178 ) ) ;
#4255 = EDGE_CURVE ( 'NONE', #2083, #1157, #2955, .T. ) ;
#4256 = VERTEX_POINT ( 'NONE', #4475 ) ;
#4257 = CARTESIAN_POINT ( 'NONE',  ( -0.2855678545052690032, 5.850000000000000533, -0.3125086096630839694 ) ) ;
#4258 = CARTESIAN_POINT ( 'NONE',  ( -0.3705239652166004705, 5.850000000000000533, 0.4553954123519520225 ) ) ;
#4259 = DIRECTION ( 'NONE',  ( -0.1935405365100325292, 0.000000000000000000, -0.9810922794148411175 ) ) ;
#4260 = CARTESIAN_POINT ( 'NONE',  ( 0.01541425990012834993, 5.850000000000000533, 2.388076612753049943 ) ) ;
#4261 = B_SPLINE_SURFACE_WITH_KNOTS ( 'NONE', 3, 1, ( 
 ( #2148, #4292 ),
 ( #689, #3527 ),
 ( #3552, #3602 ),
 ( #1379, #3629 ) ),
 .UNSPECIFIED., .F., .F., .F.,
 ( 4, 4 ),
 ( 2, 2 ),
 ( 1.000000000000000000, 2.000000000000000000 ),
 ( 0.000000000000000000, 1.000000000000000000 ),
 .UNSPECIFIED. ) ;
#4262 = VECTOR ( 'NONE', #1941, 1000.000000000000000 ) ;
#4263 = DIRECTION ( 'NONE',  ( -1.000000000000000000, 0.000000000000000000, 5.222947163506660980E-15 ) ) ;
#4264 = CARTESIAN_POINT ( 'NONE',  ( 0.1292164033969030179, 5.839999999999999858, -1.485671883299094054 ) ) ;
#4265 = B_SPLINE_CURVE_WITH_KNOTS ( 'NONE', 3,
 ( #4293, #1405, #3197, #3575 ),
 .UNSPECIFIED., .F., .F.,
 ( 4, 4 ),
 ( 24.00000000000000000, 25.00000000000000000 ),
 .UNSPECIFIED. ) ;
#4266 = VECTOR ( 'NONE', #4070, 1000.000000000000000 ) ;
#4267 = VERTEX_POINT ( 'NONE', #1516 ) ;
#4268 = LINE ( 'NONE', #3883, #4549 ) ;
#4269 = ORIENTED_EDGE ( 'NONE', *, *, #1603, .F. ) ;
#4270 = CARTESIAN_POINT ( 'NONE',  ( 0.01541425990012834993, 5.839999999999999858, 2.388076612753049943 ) ) ;
#4271 = CARTESIAN_POINT ( 'NONE',  ( -0.3882326859701095145, 5.839999999999999858, 2.306866012324174875 ) ) ;
#4272 = FILL_AREA_STYLE ('',( #1715 ) ) ;
#4273 = VECTOR ( 'NONE', #557, 1000.000000000000000 ) ;
#4274 = CARTESIAN_POINT ( 'NONE',  ( 0.2637341502157964923, 5.850000000000000533, 1.361955623583261943 ) ) ;
#4275 = ORIENTED_EDGE ( 'NONE', *, *, #4371, .F. ) ;
#4276 = EDGE_CURVE ( 'NONE', #2425, #3888, #4380, .T. ) ;
#4277 = CARTESIAN_POINT ( 'NONE',  ( -0.5505546680124420167, 5.850000000000000533, 1.287839168457580064 ) ) ;
#4278 = CARTESIAN_POINT ( 'NONE',  ( -0.3367877301700215043, 5.839999999999999858, 1.322640167969413971 ) ) ;
#4279 = VECTOR ( 'NONE', #3938, 1000.000000000000000 ) ;
#4280 = EDGE_CURVE ( 'NONE', #3838, #1415, #636, .T. ) ;
#4281 = ORIENTED_EDGE ( 'NONE', *, *, #277, .F. ) ;
#4282 = ADVANCED_FACE ( 'NONE', ( #748 ), #1470, .F. ) ;
#4283 = FACE_OUTER_BOUND ( 'NONE', #2000, .T. ) ;
#4284 = PLANE ( 'NONE',  #113 ) ;
#4285 = EDGE_CURVE ( 'NONE', #129, #1567, #1492, .T. ) ;
#4286 = EDGE_CURVE ( 'NONE', #3907, #1067, #3332, .T. ) ;
#4287 = CARTESIAN_POINT ( 'NONE',  ( 0.1253468695951620027, 5.839999999999999858, -0.6511920361309949667 ) ) ;
#4288 = B_SPLINE_SURFACE_WITH_KNOTS ( 'NONE', 3, 1, ( 
 ( #1355, #2458 ),
 ( #4271, #1808 ),
 ( #280, #2532 ),
 ( #3553, #2124 ),
 ( #3274, #2507 ),
 ( #998, #4368 ),
 ( #2920, #4623 ) ),
 .UNSPECIFIED., .F., .F., .F.,
 ( 4, 3, 4 ),
 ( 2, 2 ),
 ( 2.000000000000000000, 3.000000000000000000, 4.000000000000000000 ),
 ( 0.000000000000000000, 1.000000000000000000 ),
 .UNSPECIFIED. ) ;
#4289 = FILL_AREA_STYLE_COLOUR ( '', #2862 ) ;
#4290 = DIRECTION ( 'NONE',  ( -0.000000000000000000, 1.000000000000000000, 0.000000000000000000 ) ) ;
#4291 = VERTEX_POINT ( 'NONE', #4559 ) ;
#4292 = CARTESIAN_POINT ( 'NONE',  ( -0.3705239652166004705, 5.850000000000000533, 0.4553954123519520225 ) ) ;
#4293 = CARTESIAN_POINT ( 'NONE',  ( -0.1427405318941717960, 5.850000000000000533, 2.448649699572639893 ) ) ;
#4294 = VECTOR ( 'NONE', #502, 1000.000000000000000 ) ;
#4295 = VECTOR ( 'NONE', #4259, 1000.000000000000114 ) ;
#4296 = CARTESIAN_POINT ( 'NONE',  ( 0.1593063469764655071, 5.850000000000000533, 2.446541299744764864 ) ) ;
#4297 = ORIENTED_EDGE ( 'NONE', *, *, #4255, .F. ) ;
#4298 = CARTESIAN_POINT ( 'NONE',  ( -0.2057463174924025195, 5.839999999999999858, -1.234648280262976128 ) ) ;
#4299 = PLANE ( 'NONE',  #2560 ) ;
#4300 = B_SPLINE_SURFACE_WITH_KNOTS ( 'NONE', 3, 1, ( 
 ( #4055, #139 ),
 ( #3056, #4506 ),
 ( #4027, #2248 ),
 ( #833, #1932 ) ),
 .UNSPECIFIED., .F., .F., .F.,
 ( 4, 4 ),
 ( 2, 2 ),
 ( 5.000000000000000000, 6.000000000000000000 ),
 ( 0.000000000000000000, 1.000000000000000000 ),
 .UNSPECIFIED. ) ;
#4301 = ORIENTED_EDGE ( 'NONE', *, *, #3265, .T. ) ;
#4302 = CARTESIAN_POINT ( 'NONE',  ( 0.2712251707807120105, 5.839999999999999858, 2.355011942511235024 ) ) ;
#4303 = AXIS2_PLACEMENT_3D ( 'NONE', #2023, #213, #1668 ) ;
#4304 = DIRECTION ( 'NONE',  ( 0.000000000000000000, 0.000000000000000000, 1.000000000000000000 ) ) ;
#4305 = ORIENTED_EDGE ( 'NONE', *, *, #412, .T. ) ;
#4306 = DIRECTION ( 'NONE',  ( -6.396517913355420291E-15, 0.000000000000000000, -1.000000000000000000 ) ) ;
#4307 = CARTESIAN_POINT ( 'NONE',  ( 0.2116424343147910170, 5.839999999999999858, -0.3189578326659974761 ) ) ;
#4308 = AXIS2_PLACEMENT_3D ( 'NONE', #1176, #3404, #133 ) ;
#4309 = ADVANCED_FACE ( 'NONE', ( #907 ), #861, .F. ) ;
#4310 = ORIENTED_EDGE ( 'NONE', *, *, #379, .T. ) ;
#4311 =( NAMED_UNIT ( * ) PLANE_ANGLE_UNIT ( ) SI_UNIT ( $, .RADIAN. ) );
#4312 = CARTESIAN_POINT ( 'NONE',  ( 0.03642200626665854923, 5.850000000000000533, 0.1265842580192653999 ) ) ;
#4313 = VERTEX_POINT ( 'NONE', #2751 ) ;
#4314 = CARTESIAN_POINT ( 'NONE',  ( 0.1577188459295950085, 5.850000000000000533, 2.247681988920595231 ) ) ;
#4315 = ORIENTED_EDGE ( 'NONE', *, *, #1681, .T. ) ;
#4316 = CARTESIAN_POINT ( 'NONE',  ( -3.299999999999999822, 5.850000000000000533, 3.200000000000000178 ) ) ;
#4317 = CARTESIAN_POINT ( 'NONE',  ( -0.2245464452156260005, 5.850000000000000533, 1.500093019364709956 ) ) ;
#4318 = LINE ( 'NONE', #3936, #537 ) ;
#4319 = VECTOR ( 'NONE', #4601, 1000.000000000000000 ) ;
#4320 = CARTESIAN_POINT ( 'NONE',  ( 0.1316739068794033907, 5.850000000000000533, 2.362453353668440226 ) ) ;
#4321 = VERTEX_POINT ( 'NONE', #4156 ) ;
#4322 = CARTESIAN_POINT ( 'NONE',  ( -0.1928726761904565046, 5.839999999999999858, -1.243577973651605939 ) ) ;
#4323 = DIRECTION ( 'NONE',  ( -0.1438472709689483930, 0.000000000000000000, 0.9895999002803030908 ) ) ;
#4324 = ORIENTED_EDGE ( 'NONE', *, *, #1636, .F. ) ;
#4325 = LINE ( 'NONE', #2423, #4097 ) ;
#4326 = CARTESIAN_POINT ( 'NONE',  ( 0.01935820781344065045, 5.839999999999999858, 1.300787223871104015 ) ) ;
#4327 = VERTEX_POINT ( 'NONE', #844 ) ;
#4328 = CARTESIAN_POINT ( 'NONE',  ( -0.2855678545052679485, 5.839999999999999858, 0.1265842580192664268 ) ) ;
#4329 = CARTESIAN_POINT ( 'NONE',  ( 3.299999999999999822, 5.850000000000000533, -3.200000000000000178 ) ) ;
#4330 = CARTESIAN_POINT ( 'NONE',  ( -0.4168839567259425283, 5.839999999999999858, -0.05359711080033600222 ) ) ;
#4331 = ORIENTED_EDGE ( 'NONE', *, *, #1949, .T. ) ;
#4332 = DIRECTION ( 'NONE',  ( -1.000000000000000000, 0.000000000000000000, -2.551063935260009998E-16 ) ) ;
#4333 = EDGE_CURVE ( 'NONE', #4061, #2545, #3771, .T. ) ;
#4334 = CARTESIAN_POINT ( 'NONE',  ( -0.3692322828154014913, 5.839999999999999858, 1.711974799713970041 ) ) ;
#4335 = VECTOR ( 'NONE', #2563, 1000.000000000000000 ) ;
#4336 = ADVANCED_FACE ( 'NONE', ( #4203 ), #4517, .T. ) ;
#4337 = ORIENTED_EDGE ( 'NONE', *, *, #2309, .T. ) ;
#4338 = EDGE_CURVE ( 'NONE', #48, #1428, #2662, .T. ) ;
#4339 = CARTESIAN_POINT ( 'NONE',  ( -0.2025942823018974936, 5.839999999999999858, 1.606405980097195041 ) ) ;
#4340 = ORIENTED_EDGE ( 'NONE', *, *, #3570, .T. ) ;
#4341 = CARTESIAN_POINT ( 'NONE',  ( -0.4632191435314189643, 5.839999999999999858, 0.4553954123519530217 ) ) ;
#4342 = PLANE ( 'NONE',  #40 ) ;
#4343 = EDGE_CURVE ( 'NONE', #4002, #1583, #883, .T. ) ;
#4344 = SURFACE_STYLE_USAGE ( .BOTH. , #1784 ) ;
#4345 = AXIS2_PLACEMENT_3D ( 'NONE', #321, #1795, #2114 ) ;
#4346 = DIRECTION ( 'NONE',  ( -5.102127870520019996E-16, 0.000000000000000000, 1.000000000000000000 ) ) ;
#4347 = ORIENTED_EDGE ( 'NONE', *, *, #2952, .T. ) ;
#4348 = CARTESIAN_POINT ( 'NONE',  ( 0.08670114098544459691, 5.839999999999999858, -2.350165422134550042 ) ) ;
#4349 = CARTESIAN_POINT ( 'NONE',  ( 0.1253468695951620027, 5.850000000000000533, -0.7245643501409561038 ) ) ;
#4350 = PRODUCT_DEFINITION ( 'UNKNOWN', '', #1836, #2501 ) ;
#4351 = B_SPLINE_CURVE_WITH_KNOTS ( 'NONE', 2,
 ( #1143, #414, #1861 ),
 .UNSPECIFIED., .F., .F.,
 ( 3, 3 ),
 ( 9.000000000000000000, 10.00000000000000000 ),
 .UNSPECIFIED. ) ;
#4352 = ORIENTED_EDGE ( 'NONE', *, *, #343, .F. ) ;
#4353 = DIRECTION ( 'NONE',  ( 0.000000000000000000, 1.000000000000000000, 0.000000000000000000 ) ) ;
#4354 = AXIS2_PLACEMENT_3D ( 'NONE', #715, #1093, #3225 ) ;
#4355 = CARTESIAN_POINT ( 'NONE',  ( -0.4168839567259429724, 5.839999999999999858, -0.2275276942478945130 ) ) ;
#4356 = ORIENTED_EDGE ( 'NONE', *, *, #3845, .F. ) ;
#4357 = CARTESIAN_POINT ( 'NONE',  ( 0.1253468695951681922, 5.839999999999999858, 0.8879894476236869227 ) ) ;
#4358 = VECTOR ( 'NONE', #3873, 1000.000000000000000 ) ;
#4359 = ORIENTED_EDGE ( 'NONE', *, *, #4409, .F. ) ;
#4360 = DIRECTION ( 'NONE',  ( 0.000000000000000000, 1.000000000000000000, 0.000000000000000000 ) ) ;
#4361 = ORIENTED_EDGE ( 'NONE', *, *, #4721, .T. ) ;
#4362 = CARTESIAN_POINT ( 'NONE',  ( 0.3756529740200439949, 5.850000000000000533, 1.937151901330754988 ) ) ;
#4363 = DIRECTION ( 'NONE',  ( -1.000000000000000000, 0.000000000000000000, -1.161645184805897995E-16 ) ) ;
#4364 = ORIENTED_EDGE ( 'NONE', *, *, #1893, .T. ) ;
#4365 = DIRECTION ( 'NONE',  ( 0.000000000000000000, 1.000000000000000000, 0.000000000000000000 ) ) ;
#4366 = EDGE_LOOP ( 'NONE', ( #1028, #2399, #3942, #2612 ) ) ;
#4367 = ORIENTED_EDGE ( 'NONE', *, *, #3200, .F. ) ;
#4368 = CARTESIAN_POINT ( 'NONE',  ( -0.5656607326615509246, 5.850000000000000533, 1.475040268468813975 ) ) ;
#4369 = CARTESIAN_POINT ( 'NONE',  ( -0.2855678545052690032, 5.839999999999999858, -0.3125086096630839694 ) ) ;
#4370 = ADVANCED_FACE ( 'NONE', ( #2026 ), #2310, .F. ) ;
#4371 = EDGE_CURVE ( 'NONE', #122, #3907, #2704, .T. ) ;
#4372 = CARTESIAN_POINT ( 'NONE',  ( 0.1407753953944151926, 5.839999999999999858, -1.354355781078413923 ) ) ;
#4373 = ORIENTED_EDGE ( 'NONE', *, *, #276, .F. ) ;
#4374 = DIRECTION ( 'NONE',  ( -1.000000000000000000, 0.000000000000000000, 5.518881196287350827E-15 ) ) ;
#4375 = DIRECTION ( 'NONE',  ( -6.876623649887300412E-15, 0.000000000000000000, -1.000000000000000000 ) ) ;
#4376 = CIRCLE ( 'NONE', #250, 0.2000000000000000944 ) ;
#4377 = ORIENTED_EDGE ( 'NONE', *, *, #2740, .T. ) ;
#4378 = EDGE_CURVE ( 'NONE', #1549, #2628, #3134, .T. ) ;
#4379 = CARTESIAN_POINT ( 'NONE',  ( 3.149999999999999911, -0.1499999999999999944, 2.700000000000000178 ) ) ;
#4380 = LINE ( 'NONE', #1200, #2832 ) ;
#4381 = ORIENTED_EDGE ( 'NONE', *, *, #467, .F. ) ;
#4382 = CARTESIAN_POINT ( 'NONE',  ( 3.149999999999999911, -0.05000000000000000278, 2.700000000000000178 ) ) ;
#4383 = ORIENTED_EDGE ( 'NONE', *, *, #2152, .T. ) ;
#4384 = DIRECTION ( 'NONE',  ( 0.000000000000000000, 1.000000000000000000, 0.000000000000000000 ) ) ;
#4385 = ORIENTED_EDGE ( 'NONE', *, *, #1998, .F. ) ;
#4386 = CARTESIAN_POINT ( 'NONE',  ( 0.2567373859274050263, 5.850000000000000533, -0.5712216708949821031 ) ) ;
#4387 = CIRCLE ( 'NONE', #648, 0.09999999999999982514 ) ;
#4388 = CARTESIAN_POINT ( 'NONE',  ( -0.03965402046376434453, 5.839999999999999858, -2.387422087328255227 ) ) ;
#4389 = ORIENTED_EDGE ( 'NONE', *, *, #3547, .T. ) ;
#4390 = PLANE ( 'NONE',  #887 ) ;
#4391 = ORIENTED_EDGE ( 'NONE', *, *, #1364, .T. ) ;
#4392 = VERTEX_POINT ( 'NONE', #3401 ) ;
#4393 = LINE ( 'NONE', #2301, #2709 ) ;
#4394 = CARTESIAN_POINT ( 'NONE',  ( 0.1331107419024941951, 5.850000000000000533, -2.006372226672040071 ) ) ;
#4395 = CARTESIAN_POINT ( 'NONE',  ( 0.2567373859274050263, 5.839999999999999858, -0.5712216708949821031 ) ) ;
#4396 = ORIENTED_EDGE ( 'NONE', *, *, #899, .F. ) ;
#4397 = DIRECTION ( 'NONE',  ( 1.000000000000000000, 0.000000000000000000, 2.551063935260014928E-16 ) ) ;
#4398 = CARTESIAN_POINT ( 'NONE',  ( 0.03642200626665840352, 5.850000000000000533, 0.1265842580192664268 ) ) ;
#4399 = VECTOR ( 'NONE', #924, 1000.000000000000000 ) ;
#4400 = VERTEX_POINT ( 'NONE', #130 ) ;
#4401 = ADVANCED_FACE ( 'NONE', ( #1593 ), #3047, .F. ) ;
#4402 = CARTESIAN_POINT ( 'NONE',  ( 0.1155508493721486007, 5.850000000000000533, 2.276083374837235329 ) ) ;
#4403 = EDGE_CURVE ( 'NONE', #2602, #3707, #1222, .T. ) ;
#4404 = LINE ( 'NONE', #2235, #538 ) ;
#4405 = EDGE_LOOP ( 'NONE', ( #2480, #4389, #1204, #2071 ) ) ;
#4406 = CARTESIAN_POINT ( 'NONE',  ( -0.6022991180594440275, 5.850000000000000533, -0.6215752197253509026 ) ) ;
#4407 = ORIENTED_EDGE ( 'NONE', *, *, #695, .T. ) ;
#4408 = CARTESIAN_POINT ( 'NONE',  ( 0.1558832978441540007, 5.839999999999999858, 2.244085306861280049 ) ) ;
#4409 = EDGE_CURVE ( 'NONE', #3882, #3712, #510, .T. ) ;
#4410 = ORIENTED_EDGE ( 'NONE', *, *, #2713, .F. ) ;
#4411 = LINE ( 'NONE', #114, #2550 ) ;
#4412 = PLANE ( 'NONE',  #911 ) ;
#4413 = ORIENTED_EDGE ( 'NONE', *, *, #4190, .F. ) ;
#4414 = CARTESIAN_POINT ( 'NONE',  ( -0.4723454367502979978, 5.850000000000000533, 1.398592171180533805 ) ) ;
#4415 = ORIENTED_EDGE ( 'NONE', *, *, #1826, .T. ) ;
#4416 = ORIENTED_EDGE ( 'NONE', *, *, #1066, .F. ) ;
#4417 = CARTESIAN_POINT ( 'NONE',  ( 0.1577188459295950085, 5.839999999999999858, 2.247681988920595231 ) ) ;
#4418 = VECTOR ( 'NONE', #1482, 1000.000000000000000 ) ;
#4419 = CARTESIAN_POINT ( 'NONE',  ( -0.6447647710631819740, 5.850000000000000533, 0.6047445342769040000 ) ) ;
#4420 = CARTESIAN_POINT ( 'NONE',  ( 0.1331107419024941951, 5.850000000000000533, -2.132528950490389708 ) ) ;
#4421 = VERTEX_POINT ( 'NONE', #2329 ) ;
#4422 = CARTESIAN_POINT ( 'NONE',  ( -0.09050182557064970212, 5.850000000000000533, 1.205561965762840027 ) ) ;
#4423 = CARTESIAN_POINT ( 'NONE',  ( 0.1253468695951663880, 5.839999999999999858, 0.6111937572798010754 ) ) ;
#4424 = CIRCLE ( 'NONE', #384, 0.09999999999999982514 ) ;
#4425 = ORIENTED_EDGE ( 'NONE', *, *, #170, .F. ) ;
#4426 = ADVANCED_FACE ( 'NONE', ( #2730 ), #4177, .F. ) ;
#4427 = DIRECTION ( 'NONE',  ( 9.770223878087371750E-15, 0.000000000000000000, 1.000000000000000000 ) ) ;
#4428 = CARTESIAN_POINT ( 'NONE',  ( -0.4323372872290615065, 5.850000000000000533, -1.360755394673609953 ) ) ;
#4429 = EDGE_LOOP ( 'NONE', ( #556, #3235, #1690, #176 ) ) ;
#4430 = CARTESIAN_POINT ( 'NONE',  ( -3.149999999999999911, -0.1499999999999999944, -2.799999999999999822 ) ) ;
#4431 = CARTESIAN_POINT ( 'NONE',  ( -0.2224646878922340310, 5.839999999999999858, 0.6999697923851709858 ) ) ;
#4432 = CARTESIAN_POINT ( 'NONE',  ( 1.449999999999999956, -0.05000000000000000278, -2.799999999999999822 ) ) ;
#4433 = EDGE_CURVE ( 'NONE', #4204, #4141, #3069, .T. ) ;
#4434 = COLOUR_RGB ( '',0.2000000000000000111, 0.2000000000000000111, 0.2000000000000000111 ) ;
#4435 = ORIENTED_EDGE ( 'NONE', *, *, #3012, .T. ) ;
#4436 = EDGE_CURVE ( 'NONE', #3242, #53, #3430, .T. ) ;
#4437 = STYLED_ITEM ( 'NONE', ( #2877 ), #4105 ) ;
#4438 = EDGE_CURVE ( 'NONE', #1270, #827, #1498, .T. ) ;
#4439 = CARTESIAN_POINT ( 'NONE',  ( 0.05576967527536609570, 5.850000000000000533, -0.05359711080033690428 ) ) ;
#4440 = LINE ( 'NONE', #1206, #4220 ) ;
#4441 = FACE_OUTER_BOUND ( 'NONE', #2405, .T. ) ;
#4442 = AXIS2_PLACEMENT_3D ( 'NONE', #361, #2900, #3277 ) ;
#4443 = ORIENTED_EDGE ( 'NONE', *, *, #3518, .F. ) ;
#4444 = PLANE ( 'NONE',  #634 ) ;
#4445 = VERTEX_POINT ( 'NONE', #551 ) ;
#4446 = VERTEX_POINT ( 'NONE', #3254 ) ;
#4447 = CARTESIAN_POINT ( 'NONE',  ( -0.08821979281577879695, 5.850000000000000533, 1.232078194186319919 ) ) ;
#4448 = CARTESIAN_POINT ( 'NONE',  ( -0.1851336085869675074, 5.850000000000000533, -1.295072538859414202 ) ) ;
#4449 = CARTESIAN_POINT ( 'NONE',  ( 0.1558832978441540007, 5.850000000000000533, 2.244085306861280049 ) ) ;
#4450 = ORIENTED_EDGE ( 'NONE', *, *, #4109, .F. ) ;
#4451 = DIRECTION ( 'NONE',  ( 0.9938058266147891118, 0.000000000000000000, 0.1111304593101984095 ) ) ;
#4452 = CARTESIAN_POINT ( 'NONE',  ( -0.07246880586637581556, 5.850000000000000533, 1.410250381993473967 ) ) ;
#4453 = ORIENTED_EDGE ( 'NONE', *, *, #1603, .T. ) ;
#4454 =( NAMED_UNIT ( * ) SI_UNIT ( $, .STERADIAN. ) SOLID_ANGLE_UNIT ( ) );
#4455 = CARTESIAN_POINT ( 'NONE',  ( -0.1156308283787396002, 5.839999999999999858, -1.064636840024874020 ) ) ;
#4456 = ORIENTED_EDGE ( 'NONE', *, *, #603, .F. ) ;
#4457 = CARTESIAN_POINT ( 'NONE',  ( 0.03642200626665840352, 5.839999999999999858, 0.1265842580192664268 ) ) ;
#4458 = DIRECTION ( 'NONE',  ( -1.000000000000000000, 0.000000000000000000, -1.548860246407864815E-16 ) ) ;
#4459 = CARTESIAN_POINT ( 'NONE',  ( -0.03965402046376270001, 5.850000000000000533, -1.918861231463404815 ) ) ;
#4460 = VERTEX_POINT ( 'NONE', #1786 ) ;
#4461 = AXIS2_PLACEMENT_3D ( 'NONE', #1817, #1465, #1844 ) ;
#4462 = DIRECTION ( 'NONE',  ( 0.2240489111568045588, 0.000000000000000000, 0.9745779011497491817 ) ) ;
#4463 = CARTESIAN_POINT ( 'NONE',  ( -0.3705239652166004705, 5.839999999999999858, 0.4553954123519520225 ) ) ;
#4464 = CARTESIAN_POINT ( 'NONE',  ( -3.100000000000000089, 5.850000000000000533, -3.399999999999999911 ) ) ;
#4465 = CIRCLE ( 'NONE', #4230, 0.09999999999999982514 ) ;
#4466 = ORIENTED_EDGE ( 'NONE', *, *, #375, .T. ) ;
#4467 = VERTEX_POINT ( 'NONE', #977 ) ;
#4468 = CARTESIAN_POINT ( 'NONE',  ( 0.2721659117266599925, 5.839999999999999858, -1.337587801270869958 ) ) ;
#4469 = CARTESIAN_POINT ( 'NONE',  ( -0.4723454367502979978, 5.850000000000000533, 1.398592171180533805 ) ) ;
#4470 = EDGE_CURVE ( 'NONE', #436, #3416, #420, .T. ) ;
#4471 = EDGE_LOOP ( 'NONE', ( #3258, #843, #925, #3466 ) ) ;
#4472 = LINE ( 'NONE', #2613, #4418 ) ;
#4473 = DIRECTION ( 'NONE',  ( -1.000000000000000000, 0.000000000000000000, 3.305232110454095437E-15 ) ) ;
#4474 = EDGE_LOOP ( 'NONE', ( #653, #1757, #2462, #835 ) ) ;
#4475 = CARTESIAN_POINT ( 'NONE',  ( 3.299999999999999822, 0.000000000000000000, 3.200000000000000178 ) ) ;
#4476 = ORIENTED_EDGE ( 'NONE', *, *, #199, .T. ) ;
#4477 = CARTESIAN_POINT ( 'NONE',  ( 0.2721659117266649885, 5.839999999999999858, 0.05321194400929649820 ) ) ;
#4478 = DIRECTION ( 'NONE',  ( -0.2280343524498344987, 0.000000000000000000, -0.9736530871428409339 ) ) ;
#4479 = ORIENTED_EDGE ( 'NONE', *, *, #168, .T. ) ;
#4480 = CARTESIAN_POINT ( 'NONE',  ( -0.03965402046375604561, 5.850000000000000533, -0.05359711080033600222 ) ) ;
#4481 = CARTESIAN_POINT ( 'NONE',  ( 0.1175581925839609965, 5.850000000000000533, -0.3330965138646654888 ) ) ;
#4482 = LINE ( 'NONE', #1526, #4036 ) ;
#4483 = CARTESIAN_POINT ( 'NONE',  ( 0.1577188459295950085, 5.850000000000000533, 2.247681988920595231 ) ) ;
#4484 = ORIENTED_EDGE ( 'NONE', *, *, #1714, .T. ) ;
#4485 = ORIENTED_EDGE ( 'NONE', *, *, #4249, .T. ) ;
#4486 = CARTESIAN_POINT ( 'NONE',  ( 0.2567373859274095227, 5.850000000000000533, 0.6111937572797999652 ) ) ;
#4487 = CARTESIAN_POINT ( 'NONE',  ( 0.1253468695951640011, 5.839999999999999858, -0.2494054430500554920 ) ) ;
#4488 = EDGE_CURVE ( 'NONE', #3209, #1711, #3606, .T. ) ;
#4489 = EDGE_CURVE ( 'NONE', #2311, #1671, #3865, .T. ) ;
#4490 = ORIENTED_EDGE ( 'NONE', *, *, #981, .F. ) ;
#4491 = LINE ( 'NONE', #2677, #149 ) ;
#4492 = CARTESIAN_POINT ( 'NONE',  ( -0.2391564157875940011, 5.839999999999999858, 1.412458000636779731 ) ) ;
#4493 = VECTOR ( 'NONE', #1026, 1000.000000000000000 ) ;
#4494 = VERTEX_POINT ( 'NONE', #999 ) ;
#4495 = CARTESIAN_POINT ( 'NONE',  ( 0.1823201737674524925, 5.839999999999999858, -0.3210476289659764948 ) ) ;
#4496 = ORIENTED_EDGE ( 'NONE', *, *, #2860, .F. ) ;
#4497 = CARTESIAN_POINT ( 'NONE',  ( 0.2721659117266639893, 5.839999999999999858, -0.09995710230967760901 ) ) ;
#4498 = EDGE_CURVE ( 'NONE', #466, #2627, #1229, .T. ) ;
#4499 = CARTESIAN_POINT ( 'NONE',  ( 0.1331107419024941951, 5.839999999999999858, -2.218799710506170086 ) ) ;
#4500 = AXIS2_PLACEMENT_3D ( 'NONE', #1547, #778, #4360 ) ;
#4501 = ORIENTED_EDGE ( 'NONE', *, *, #952, .T. ) ;
#4502 = CARTESIAN_POINT ( 'NONE',  ( 0.1497795028946265761, 5.850000000000000533, -0.3189578326659969765 ) ) ;
#4503 = FACE_OUTER_BOUND ( 'NONE', #2154, .T. ) ;
#4504 = LINE ( 'NONE', #4548, #155 ) ;
#4505 = VECTOR ( 'NONE', #1791, 1000.000000000000000 ) ;
#4506 = CARTESIAN_POINT ( 'NONE',  ( 0.2721659117266599925, 5.850000000000000533, -1.571843424499439701 ) ) ;
#4507 = ORIENTED_EDGE ( 'NONE', *, *, #3040, .F. ) ;
#4508 = VECTOR ( 'NONE', #3532, 1000.000000000000000 ) ;
#4509 = CARTESIAN_POINT ( 'NONE',  ( 0.04029154006839325008, 5.839999999999999858, -1.072375907628353886 ) ) ;
#4510 = CARTESIAN_POINT ( 'NONE',  ( -0.03965402046376270001, 5.850000000000000533, -1.918861231463404815 ) ) ;
#4511 = ORIENTED_EDGE ( 'NONE', *, *, #4081, .T. ) ;
#4512 = CARTESIAN_POINT ( 'NONE',  ( -0.1085348452749209935, 5.839999999999999858, 2.363172690080300065 ) ) ;
#4513 = CARTESIAN_POINT ( 'NONE',  ( 0.1292164033969030179, 5.850000000000000533, -1.485671883299094054 ) ) ;
#4514 = ADVANCED_FACE ( 'NONE', ( #1360 ), #4251, .F. ) ;
#4515 = EDGE_CURVE ( 'NONE', #3643, #4421, #3598, .T. ) ;
#4516 = ORIENTED_EDGE ( 'NONE', *, *, #1311, .T. ) ;
#4517 = PLANE ( 'NONE',  #4047 ) ;
#4518 = EDGE_LOOP ( 'NONE', ( #1392, #1951, #4385, #3266, #1041, #1675, #2875, #1934, #2027, #1106, #2009, #1084, #1412, #2578, #1223, #3949, #2904, #3499, #1136, #1831, #4642, #225, #2906, #3057, #884, #3551 ) ) ;
#4519 = CARTESIAN_POINT ( 'NONE',  ( 0.1175581925839609965, 5.850000000000000533, -0.3356762030658319573 ) ) ;
#4520 = DIRECTION ( 'NONE',  ( 1.000000000000000000, 0.000000000000000000, 5.102127870520019996E-16 ) ) ;
#4521 = EDGE_CURVE ( 'NONE', #3993, #994, #333, .T. ) ;
#4522 = ORIENTED_EDGE ( 'NONE', *, *, #3410, .T. ) ;
#4523 = DIRECTION ( 'NONE',  ( -1.581387086635190108E-15, 0.000000000000000000, -1.000000000000000000 ) ) ;
#4524 = CARTESIAN_POINT ( 'NONE',  ( -0.3087354479080119951, 5.850000000000000533, -1.355645625678995936 ) ) ;
#4525 = CARTESIAN_POINT ( 'NONE',  ( 0.1253468695951671930, 5.839999999999999858, 0.6999697923851699866 ) ) ;
#4526 = VECTOR ( 'NONE', #2169, 1000.000000000000000 ) ;
#4527 = VECTOR ( 'NONE', #86, 1000.000000000000000 ) ;
#4528 = CARTESIAN_POINT ( 'NONE',  ( -0.1632558597848104975, 5.839999999999999858, -1.917571386862820138 ) ) ;
#4529 = ORIENTED_EDGE ( 'NONE', *, *, #815, .F. ) ;
#4530 = DIRECTION ( 'NONE',  ( -0.9991806437233322624, 0.000000000000000000, -0.04047272178427456513 ) ) ;
#4531 = CARTESIAN_POINT ( 'NONE',  ( -0.4323372872290610625, 5.850000000000000533, -1.221749834257153999 ) ) ;
#4532 = VECTOR ( 'NONE', #684, 1000.000000000000000 ) ;
#4533 = CARTESIAN_POINT ( 'NONE',  ( 0.03902650017166944818, 5.850000000000000533, -1.655633714129480127 ) ) ;
#4534 = ORIENTED_EDGE ( 'NONE', *, *, #469, .F. ) ;
#4535 = CARTESIAN_POINT ( 'NONE',  ( -0.6447647710631799756, 5.839999999999999858, 0.9767654827290519481 ) ) ;
#4536 = DIRECTION ( 'NONE',  ( 1.000000000000000000, 0.000000000000000000, 0.000000000000000000 ) ) ;
#4537 = AXIS2_PLACEMENT_3D ( 'NONE', #649, #1435, #1813 ) ;
#4538 = CARTESIAN_POINT ( 'NONE',  ( -0.3087354479080139935, 5.850000000000000533, -2.055287102678689859 ) ) ;
#4539 = ORIENTED_EDGE ( 'NONE', *, *, #3291, .F. ) ;
#4540 = EDGE_CURVE ( 'NONE', #1567, #700, #1894, .T. ) ;
#4541 = DIRECTION ( 'NONE',  ( 0.000000000000000000, 0.000000000000000000, 1.000000000000000000 ) ) ;
#4542 = CARTESIAN_POINT ( 'NONE',  ( 0.4539366193937580118, 5.839999999999999858, 2.110313538958734636 ) ) ;
#4543 = EDGE_CURVE ( 'NONE', #1401, #2223, #2461, .T. ) ;
#4544 = ORIENTED_EDGE ( 'NONE', *, *, #377, .T. ) ;
#4545 = ADVANCED_FACE ( 'NONE', ( #260 ), #1277, .F. ) ;
#4546 = CARTESIAN_POINT ( 'NONE',  ( 0.2712251707807120105, 5.839999999999999858, 2.355011942511235024 ) ) ;
#4547 = DIRECTION ( 'NONE',  ( 0.000000000000000000, 0.000000000000000000, -1.000000000000000000 ) ) ;
#4548 = CARTESIAN_POINT ( 'NONE',  ( 0.1253468695951620027, 5.839999999999999858, -0.6511920361309949667 ) ) ;
#4549 = VECTOR ( 'NONE', #900, 1000.000000000000000 ) ;
#4550 = DIRECTION ( 'NONE',  ( 1.000000000000000000, 0.000000000000000000, 5.102127870520019996E-16 ) ) ;
#4551 = ORIENTED_EDGE ( 'NONE', *, *, #2849, .T. ) ;
#4552 = CARTESIAN_POINT ( 'NONE',  ( 0.2567373859274060255, 5.850000000000000533, -0.3189578326659974761 ) ) ;
#4553 = FACE_BOUND ( 'NONE', #3110, .T. ) ;
#4554 = CARTESIAN_POINT ( 'NONE',  ( 0.1253468695951620027, 5.839999999999999858, -0.7245643501409561038 ) ) ;
#4555 = ORIENTED_EDGE ( 'NONE', *, *, #1681, .F. ) ;
#4556 = CARTESIAN_POINT ( 'NONE',  ( -0.09050182557064970212, 5.839999999999999858, 1.205561965762840027 ) ) ;
#4557 = CARTESIAN_POINT ( 'NONE',  ( 0.1407753953944151926, 5.850000000000000533, -1.354355781078413923 ) ) ;
#4558 = DIRECTION ( 'NONE',  ( 0.000000000000000000, 0.000000000000000000, 1.000000000000000000 ) ) ;
#4559 = CARTESIAN_POINT ( 'NONE',  ( -0.5026567848639430514, 5.839999999999999858, 1.594251675207104979 ) ) ;
#4560 = ORIENTED_EDGE ( 'NONE', *, *, #1038, .T. ) ;
#4561 = LINE ( 'NONE', #885, #1819 ) ;
#4562 = CARTESIAN_POINT ( 'NONE',  ( -0.01003720405812071927, 5.839999999999999858, -1.383922988076349947 ) ) ;
#4563 = VECTOR ( 'NONE', #1281, 1000.000000000000000 ) ;
#4564 = EDGE_LOOP ( 'NONE', ( #876, #2511, #1018, #4101, #3315, #2573, #1240, #1843 ) ) ;
#4565 = PLANE ( 'NONE',  #3814 ) ;
#4566 = CARTESIAN_POINT ( 'NONE',  ( 0.03902650017166944818, 5.839999999999999858, -1.655633714129480127 ) ) ;
#4567 = DIRECTION ( 'NONE',  ( -6.396517913355420291E-15, 0.000000000000000000, -1.000000000000000000 ) ) ;
#4568 = EDGE_CURVE ( 'NONE', #1588, #949, #2871, .T. ) ;
#4569 = VECTOR ( 'NONE', #64, 1000.000000000000000 ) ;
#4570 = ADVANCED_FACE ( 'NONE', ( #670 ), #2128, .F. ) ;
#4571 =( NAMED_UNIT ( * ) PLANE_ANGLE_UNIT ( ) SI_UNIT ( $, .RADIAN. ) );
#4572 = B_SPLINE_CURVE_WITH_KNOTS ( 'NONE', 3,
 ( #2503, #3572, #1115, #2173 ),
 .UNSPECIFIED., .F., .F.,
 ( 4, 4 ),
 ( 21.00000000000000000, 22.00000000000000000 ),
 .UNSPECIFIED. ) ;
#4573 = ORIENTED_EDGE ( 'NONE', *, *, #2474, .F. ) ;
#4574 = CARTESIAN_POINT ( 'NONE',  ( -0.7332661166254909046, 5.839999999999999858, 2.049517209804439855 ) ) ;
#4575 = CARTESIAN_POINT ( 'NONE',  ( -3.149999999999999911, -0.1499999999999999944, 2.799999999999999822 ) ) ;
#4576 = EDGE_CURVE ( 'NONE', #4400, #3687, #2456, .T. ) ;
#4577 = EDGE_CURVE ( 'NONE', #3650, #3658, #1886, .T. ) ;
#4578 = MECHANICAL_DESIGN_GEOMETRIC_PRESENTATION_REPRESENTATION (  '', ( #2604 ), #4646 ) ;
#4579 = CARTESIAN_POINT ( 'NONE',  ( 0.1253468695951620027, 5.850000000000000533, -0.6511920361309949667 ) ) ;
#4580 = PRESENTATION_LAYER_ASSIGNMENT (  '', '', ( #3370 ) ) ;
#4581 = EDGE_LOOP ( 'NONE', ( #3871, #2172, #3160, #9 ) ) ;
#4582 = DIRECTION ( 'NONE',  ( 0.000000000000000000, 1.000000000000000000, 0.000000000000000000 ) ) ;
#4583 = FACE_OUTER_BOUND ( 'NONE', #1035, .T. ) ;
#4584 = CARTESIAN_POINT ( 'NONE',  ( 0.3756529740200449941, 5.850000000000000533, 2.077943400424930420 ) ) ;
#4585 = CARTESIAN_POINT ( 'NONE',  ( -0.1632558597848109971, 5.850000000000000533, -2.191812192709395202 ) ) ;
#4586 = ORIENTED_EDGE ( 'NONE', *, *, #248, .T. ) ;
#4587 = CARTESIAN_POINT ( 'NONE',  ( -0.5134486688425019540, 5.850000000000000533, 0.6008501957713030528 ) ) ;
#4588 = CARTESIAN_POINT ( 'NONE',  ( 0.007625582888919620744, 5.839999999999999858, 1.242148903952390082 ) ) ;
#4589 = VERTEX_POINT ( 'NONE', #3986 ) ;
#4590 = CARTESIAN_POINT ( 'NONE',  ( -0.05123781716512929713, 5.850000000000000533, -1.114891170039816082 ) ) ;
#4591 = DIRECTION ( 'NONE',  ( 1.000000000000000000, 0.000000000000000000, -1.581387086635190108E-15 ) ) ;
#4592 = DIRECTION ( 'NONE',  ( -1.548860246407864815E-16, 0.000000000000000000, 1.000000000000000000 ) ) ;
#4593 = CARTESIAN_POINT ( 'NONE',  ( 0.2567373859274035275, 5.850000000000000533, -0.9820371761799829846 ) ) ;
#4594 = CARTESIAN_POINT ( 'NONE',  ( 1.449999999999999956, 0.000000000000000000, 2.799999999999999822 ) ) ;
#4595 = CARTESIAN_POINT ( 'NONE',  ( 0.04029154006839325008, 5.850000000000000533, -1.072375907628353886 ) ) ;
#4596 = CARTESIAN_POINT ( 'NONE',  ( 0.2567373859274035275, 5.850000000000000533, -0.9820371761799829846 ) ) ;
#4597 = AXIS2_PLACEMENT_3D ( 'NONE', #1576, #4073, #430 ) ;
#4598 = UNCERTAINTY_MEASURE_WITH_UNIT (LENGTH_MEASURE( 1.000000000000000082E-05 ), #913, 'distance_accuracy_value', 'NONE');
#4599 = EDGE_CURVE ( 'NONE', #4421, #1804, #1372, .T. ) ;
#4600 = VERTEX_POINT ( 'NONE', #4420 ) ;
#4601 = DIRECTION ( 'NONE',  ( 0.000000000000000000, 1.000000000000000000, 0.000000000000000000 ) ) ;
#4602 = ORIENTED_EDGE ( 'NONE', *, *, #3577, .F. ) ;
#4603 = PLANE ( 'NONE',  #75 ) ;
#4604 = CARTESIAN_POINT ( 'NONE',  ( 0.09774107200258949635, 5.839999999999999858, 2.282607011951709897 ) ) ;
#4605 = CARTESIAN_POINT ( 'NONE',  ( 0.2189864644571859753, 5.850000000000000533, 2.290966197151629746 ) ) ;
#4606 = VECTOR ( 'NONE', #2992, 1000.000000000000000 ) ;
#4607 = DIRECTION ( 'NONE',  ( 0.000000000000000000, 0.000000000000000000, -1.000000000000000000 ) ) ;
#4608 = VERTEX_POINT ( 'NONE', #3348 ) ;
#4609 = DIRECTION ( 'NONE',  ( 0.000000000000000000, 1.000000000000000000, 0.000000000000000000 ) ) ;
#4610 = VECTOR ( 'NONE', #4675, 1000.000000000000000 ) ;
#4611 = CARTESIAN_POINT ( 'NONE',  ( -0.4126405145657204843, 5.850000000000000533, 1.349726904581607823 ) ) ;
#4612 = ORIENTED_EDGE ( 'NONE', *, *, #1513, .F. ) ;
#4613 = CYLINDRICAL_SURFACE ( 'NONE', #2913, 0.2000000000000000944 ) ;
#4614 = EDGE_LOOP ( 'NONE', ( #3925, #228, #3695, #2567 ) ) ;
#4615 = DIRECTION ( 'NONE',  ( 0.06302504307227969893, 0.000000000000000000, -0.9980119457931039273 ) ) ;
#4616 = CARTESIAN_POINT ( 'NONE',  ( -0.2121707357914525138, 5.850000000000000533, -1.064636840024874020 ) ) ;
#4617 = CARTESIAN_POINT ( 'NONE',  ( -0.05475824731224289421, 5.850000000000000533, 2.049690842731434870 ) ) ;
#4618 = CARTESIAN_POINT ( 'NONE',  ( -0.3782630328200894398, 5.839999999999999858, 0.2751396294207760218 ) ) ;
#4619 = ORIENTED_EDGE ( 'NONE', *, *, #1548, .F. ) ;
#4620 = DIRECTION ( 'NONE',  ( -1.000000000000000000, 0.000000000000000000, 5.518881196287350827E-15 ) ) ;
#4621 = VERTEX_POINT ( 'NONE', #789 ) ;
#4622 = LINE ( 'NONE', #4718, #1441 ) ;
#4623 = CARTESIAN_POINT ( 'NONE',  ( -0.4723454367502979978, 5.850000000000000533, 1.398592171180533805 ) ) ;
#4624 = EDGE_CURVE ( 'NONE', #2891, #1832, #4163, .T. ) ;
#4625 = CARTESIAN_POINT ( 'NONE',  ( 0.3122521509607245060, 5.850000000000000533, 2.214542904567210257 ) ) ;
#4626 = ADVANCED_FACE ( 'NONE', ( #717 ), #1837, .F. ) ;
#4627 = B_SPLINE_SURFACE_WITH_KNOTS ( 'NONE', 3, 1, ( 
 ( #3535, #1697 ),
 ( #3162, #4611 ),
 ( #4278, #4632 ),
 ( #2397, #1341 ) ),
 .UNSPECIFIED., .F., .F., .F.,
 ( 4, 4 ),
 ( 2, 2 ),
 ( 4.000000000000000000, 5.000000000000000000 ),
 ( 0.000000000000000000, 1.000000000000000000 ),
 .UNSPECIFIED. ) ;
#4628 = EDGE_CURVE ( 'NONE', #476, #707, #4351, .T. ) ;
#4629 = EDGE_CURVE ( 'NONE', #4067, #506, #2995, .T. ) ;
#4630 = CARTESIAN_POINT ( 'NONE',  ( 0.01228886721410831981, 5.839999999999999858, 2.479829212321299714 ) ) ;
#4631 = EDGE_LOOP ( 'NONE', ( #3070, #424, #3250, #391 ) ) ;
#4632 = CARTESIAN_POINT ( 'NONE',  ( -0.3367877301700215043, 5.850000000000000533, 1.322640167969413971 ) ) ;
#4633 = ORIENTED_EDGE ( 'NONE', *, *, #2565, .F. ) ;
#4634 = FACE_BOUND ( 'NONE', #1209, .T. ) ;
#4635 = CARTESIAN_POINT ( 'NONE',  ( 0.2567373859274045267, 5.839999999999999858, -0.6511920361309959659 ) ) ;
#4636 = DIRECTION ( 'NONE',  ( -0.9805647189660805507, 0.000000000000000000, 0.1961959018913788932 ) ) ;
#4637 = CARTESIAN_POINT ( 'NONE',  ( -0.08821979281577879695, 5.839999999999999858, 1.232078194186319919 ) ) ;
#4638 = CARTESIAN_POINT ( 'NONE',  ( -0.3872671403203019613, 5.850000000000000533, -1.622147363922090246 ) ) ;
#4639 = LINE ( 'NONE', #3928, #3318 ) ;
#4640 = VECTOR ( 'NONE', #1083, 1000.000000000000000 ) ;
#4641 = CARTESIAN_POINT ( 'NONE',  ( -0.2916679738535495336, 5.839999999999999858, 1.162972289239813994 ) ) ;
#4642 = ORIENTED_EDGE ( 'NONE', *, *, #730, .F. ) ;
#4643 = DIRECTION ( 'NONE',  ( 0.000000000000000000, -1.000000000000000000, 0.000000000000000000 ) ) ;
#4644 = CARTESIAN_POINT ( 'NONE',  ( -0.2025942823018974936, 5.850000000000000533, 1.606405980097195041 ) ) ;
#4645 =( NAMED_UNIT ( * ) SI_UNIT ( $, .STERADIAN. ) SOLID_ANGLE_UNIT ( ) );
#4646 =( GEOMETRIC_REPRESENTATION_CONTEXT ( 3 ) GLOBAL_UNCERTAINTY_ASSIGNED_CONTEXT ( ( #3457 ) ) GLOBAL_UNIT_ASSIGNED_CONTEXT ( ( #3178, #2772, #2459 ) ) REPRESENTATION_CONTEXT ( 'NONE', 'WORKASPACE' ) );
#4647 = COLOUR_RGB ( '',0.2000000000000000111, 0.2000000000000000111, 0.2000000000000000111 ) ;
#4648 = CARTESIAN_POINT ( 'NONE',  ( -0.3087354479080134939, 5.850000000000000533, -1.972935485872369998 ) ) ;
#4649 = ORIENTED_EDGE ( 'NONE', *, *, #4333, .T. ) ;
#4650 = CARTESIAN_POINT ( 'NONE',  ( 3.299999999999999822, 0.000000000000000000, -3.200000000000000178 ) ) ;
#4651 = CARTESIAN_POINT ( 'NONE',  ( -0.2855678545052679485, 5.839999999999999858, 0.1265842580192664268 ) ) ;
#4652 = B_SPLINE_CURVE_WITH_KNOTS ( 'NONE', 3,
 ( #3022, #1918, #2678, #417 ),
 .UNSPECIFIED., .F., .F.,
 ( 4, 4 ),
 ( 19.00000000000000000, 20.00000000000000000 ),
 .UNSPECIFIED. ) ;
#4653 = VERTEX_POINT ( 'NONE', #3325 ) ;
#4654 = CARTESIAN_POINT ( 'NONE',  ( 0.1593063469764655071, 5.839999999999999858, 2.446541299744764864 ) ) ;
#4655 = FILL_AREA_STYLE_COLOUR ( '', #1682 ) ;
#4656 = ORIENTED_EDGE ( 'NONE', *, *, #2681, .F. ) ;
#4657 = CARTESIAN_POINT ( 'NONE',  ( 0.2567373859274095227, 5.839999999999999858, 0.6111937572797999652 ) ) ;
#4658 = CARTESIAN_POINT ( 'NONE',  ( 0.2189864644571859753, 5.850000000000000533, 2.290966197151629746 ) ) ;
#4659 = EDGE_CURVE ( 'NONE', #3105, #3084, #2230, .T. ) ;
#4660 = EDGE_LOOP ( 'NONE', ( #1631, #1313, #2488, #4155 ) ) ;
#4661 = B_SPLINE_CURVE_WITH_KNOTS ( 'NONE', 3,
 ( #906, #1284, #3819, #4247 ),
 .UNSPECIFIED., .F., .F.,
 ( 4, 4 ),
 ( 11.00000000000000000, 12.00000000000000000 ),
 .UNSPECIFIED. ) ;
#4662 = CARTESIAN_POINT ( 'NONE',  ( -0.2517572053471150428, 5.850000000000000533, 1.329932750903455974 ) ) ;
#4663 = B_SPLINE_SURFACE_WITH_KNOTS ( 'NONE', 3, 1, ( 
 ( #2755, #2011 ),
 ( #1288, #3801 ),
 ( #4542, #3449 ),
 ( #531, #4206 ),
 ( #597, #3117 ),
 ( #2419, #3490 ),
 ( #4588, #3512 ) ),
 .UNSPECIFIED., .F., .F., .F.,
 ( 4, 3, 4 ),
 ( 2, 2 ),
 ( 25.00000000000000000, 26.00000000000000000, 27.00000000000000000 ),
 ( 0.000000000000000000, 1.000000000000000000 ),
 .UNSPECIFIED. ) ;
#4664 = LINE ( 'NONE', #4618, #2477 ) ;
#4665 = EDGE_LOOP ( 'NONE', ( #665, #2651, #736, #4453 ) ) ;
#4666 = LINE ( 'NONE', #1402, #2168 ) ;
#4667 = ORIENTED_EDGE ( 'NONE', *, *, #4193, .F. ) ;
#4668 = CARTESIAN_POINT ( 'NONE',  ( -3.100000000000000089, 5.850000000000000533, 3.399999999999999911 ) ) ;
#4669 = CARTESIAN_POINT ( 'NONE',  ( -0.3227978771944879921, 5.839999999999999858, 1.910238797645559927 ) ) ;
#4670 = PRESENTATION_STYLE_ASSIGNMENT (( #4344 ) ) ;
#4671 = VECTOR ( 'NONE', #1152, 1000.000000000000000 ) ;
#4672 = CARTESIAN_POINT ( 'NONE',  ( 0.1253468695951671930, 5.839999999999999858, 0.6999697923851699866 ) ) ;
#4673 = ORIENTED_EDGE ( 'NONE', *, *, #1189, .F. ) ;
#4674 = CARTESIAN_POINT ( 'NONE',  ( -0.6447647710631819740, 5.850000000000000533, 0.3871328673366029594 ) ) ;
#4675 = DIRECTION ( 'NONE',  ( 0.000000000000000000, 1.000000000000000000, 0.000000000000000000 ) ) ;
#4676 = ORIENTED_EDGE ( 'NONE', *, *, #1066, .T. ) ;
#4677 = DIRECTION ( 'NONE',  ( 0.000000000000000000, -1.000000000000000000, 0.000000000000000000 ) ) ;
#4678 = VECTOR ( 'NONE', #3831, 1000.000000000000000 ) ;
#4679 = LINE ( 'NONE', #3587, #2375 ) ;
#4680 = VERTEX_POINT ( 'NONE', #460 ) ;
#4681 = CARTESIAN_POINT ( 'NONE',  ( 0.2721659117266574945, 5.839999999999999858, -2.092692596095524937 ) ) ;
#4682 = ORIENTED_EDGE ( 'NONE', *, *, #3330, .F. ) ;
#4683 = FACE_OUTER_BOUND ( 'NONE', #703, .T. ) ;
#4684 = B_SPLINE_CURVE_WITH_KNOTS ( 'NONE', 3,
 ( #3168, #655, #4307, #245 ),
 .UNSPECIFIED., .F., .F.,
 ( 4, 4 ),
 ( 5.000000000000000000, 6.000000000000000000 ),
 .UNSPECIFIED. ) ;
#4685 = EDGE_CURVE ( 'NONE', #3492, #3148, #487, .T. ) ;
#4686 = VERTEX_POINT ( 'NONE', #1534 ) ;
#4687 = EDGE_CURVE ( 'NONE', #1625, #1866, #2813, .T. ) ;
#4688 = ADVANCED_FACE ( 'NONE', ( #3632 ), #4698, .F. ) ;
#4689 = CARTESIAN_POINT ( 'NONE',  ( 0.1175581925839612046, 5.839999999999999858, -0.3356762030658319573 ) ) ;
#4690 = CARTESIAN_POINT ( 'NONE',  ( -0.3782630328200894398, 5.850000000000000533, 0.2751396294207760218 ) ) ;
#4691 = VERTEX_POINT ( 'NONE', #767 ) ;
#4692 = CARTESIAN_POINT ( 'NONE',  ( 0.2717708742655695064, 5.839999999999999858, 1.574869899730590106 ) ) ;
#4693 = VERTEX_POINT ( 'NONE', #2923 ) ;
#4694 = CARTESIAN_POINT ( 'NONE',  ( -0.5134486688425019540, 5.839999999999999858, 0.5107099019537899576 ) ) ;
#4695 = FACE_OUTER_BOUND ( 'NONE', #327, .T. ) ;
#4696 = PLANE ( 'NONE',  #4195 ) ;
#4697 = MECHANICAL_DESIGN_GEOMETRIC_PRESENTATION_REPRESENTATION (  '', ( #3038 ), #3937 ) ;
#4698 = PLANE ( 'NONE',  #4442 ) ;
#4699 = EDGE_LOOP ( 'NONE', ( #3509, #817, #4359, #2231 ) ) ;
#4700 = CARTESIAN_POINT ( 'NONE',  ( -0.2025942823018974936, 5.839999999999999858, 1.606405980097195041 ) ) ;
#4701 = CARTESIAN_POINT ( 'NONE',  ( 0.1253468695951640011, 5.839999999999999858, -0.2494054430500554920 ) ) ;
#4702 = VERTEX_POINT ( 'NONE', #4395 ) ;
#4703 = CARTESIAN_POINT ( 'NONE',  ( 0.1413973507914786099, 5.850000000000000533, 2.265590985105584654 ) ) ;
#4704 = ORIENTED_EDGE ( 'NONE', *, *, #1555, .T. ) ;
#4705 = LINE ( 'NONE', #2546, #1170 ) ;
#4706 = LINE ( 'NONE', #3689, #3703 ) ;
#4707 = DIRECTION ( 'NONE',  ( 0.000000000000000000, 0.000000000000000000, -1.000000000000000000 ) ) ;
#4708 = ORIENTED_EDGE ( 'NONE', *, *, #2599, .T. ) ;
#4709 = CARTESIAN_POINT ( 'NONE',  ( -0.07971177939271549551, 5.850000000000000533, 1.329759117976453853 ) ) ;
#4710 = DIRECTION ( 'NONE',  ( -0.06553302015456261009, 0.000000000000000000, 0.9978504012473120577 ) ) ;
#4711 = EDGE_CURVE ( 'NONE', #1097, #48, #3725, .T. ) ;
#4712 = ADVANCED_FACE ( 'NONE', ( #741 ), #2204, .F. ) ;
#4713 = VECTOR ( 'NONE', #4229, 1000.000000000000000 ) ;
#4714 = ORIENTED_EDGE ( 'NONE', *, *, #1738, .F. ) ;
#4715 = B_SPLINE_CURVE_WITH_KNOTS ( 'NONE', 3,
 ( #4180, #1002, #910, #2374 ),
 .UNSPECIFIED., .F., .F.,
 ( 4, 4 ),
 ( 8.000000000000000000, 9.000000000000000000 ),
 .UNSPECIFIED. ) ;
#4716 = DIRECTION ( 'NONE',  ( 0.000000000000000000, 1.000000000000000000, 0.000000000000000000 ) ) ;
#4717 = VERTEX_POINT ( 'NONE', #2584 ) ;
#4718 = CARTESIAN_POINT ( 'NONE',  ( -0.6447647710631799756, 5.839999999999999858, 0.9767654827290519481 ) ) ;
#4719 = CARTESIAN_POINT ( 'NONE',  ( -0.2025942823018974936, 5.839999999999999858, 1.606405980097195041 ) ) ;
#4720 = CARTESIAN_POINT ( 'NONE',  ( 0.06737827668058860020, 5.839999999999999858, -1.924020609865725095 ) ) ;
#4721 = EDGE_CURVE ( 'NONE', #2602, #1193, #4032, .T. ) ;
ENDSEC;
END-ISO-10303-21;
