ISO-10303-21;
HEADER;
FILE_DESCRIPTION((''),'2;1');
FILE_NAME('878331220','2018-12-13T',('gga'),(''),
'PRO/ENGINEER BY PARAMETRIC TECHNOLOGY CORPORATION, 2016010',
'PRO/ENGINEER BY PARAMETRIC TECHNOLOGY CORPORATION, 2016010','');
FILE_SCHEMA(('CONFIG_CONTROL_DESIGN'));
ENDSEC;
DATA;
#1=DIRECTION('',(0.E0,-1.E0,0.E0));
#2=VECTOR('',#1,4.7E0);
#3=CARTESIAN_POINT('',(-7.325E0,3.2E0,-3.15E0));
#4=LINE('',#3,#2);
#5=DIRECTION('',(1.E0,0.E0,0.E0));
#6=VECTOR('',#5,1.465E1);
#7=CARTESIAN_POINT('',(-7.325E0,-1.5E0,-3.15E0));
#8=LINE('',#7,#6);
#9=DIRECTION('',(0.E0,1.E0,0.E0));
#10=VECTOR('',#9,4.7E0);
#11=CARTESIAN_POINT('',(7.325E0,-1.5E0,-3.15E0));
#12=LINE('',#11,#10);
#13=DIRECTION('',(-1.E0,0.E0,0.E0));
#14=VECTOR('',#13,1.465E1);
#15=CARTESIAN_POINT('',(7.325E0,3.2E0,-3.15E0));
#16=LINE('',#15,#14);
#17=DIRECTION('',(0.E0,7.071067811865E-1,-7.071067811865E-1));
#18=VECTOR('',#17,8.485281374239E-1);
#19=CARTESIAN_POINT('',(-7.325E0,2.6E0,-1.5E-1));
#20=LINE('',#19,#18);
#21=DIRECTION('',(0.E0,-1.E0,0.E0));
#22=VECTOR('',#21,3.3E0);
#23=CARTESIAN_POINT('',(-7.325E0,2.6E0,-1.5E-1));
#24=LINE('',#23,#22);
#25=DIRECTION('',(0.E0,0.E0,-1.E0));
#26=VECTOR('',#25,1.3E0);
#27=CARTESIAN_POINT('',(-7.325E0,-7.E-1,1.15E0));
#28=LINE('',#27,#26);
#29=DIRECTION('',(0.E0,-1.E0,0.E0));
#30=VECTOR('',#29,3.3E0);
#31=CARTESIAN_POINT('',(-7.325E0,2.6E0,1.15E0));
#32=LINE('',#31,#30);
#33=DIRECTION('',(0.E0,-7.071067811865E-1,-7.071067811865E-1));
#34=VECTOR('',#33,8.485281374239E-1);
#35=CARTESIAN_POINT('',(-7.325E0,3.2E0,1.75E0));
#36=LINE('',#35,#34);
#37=DIRECTION('',(0.E0,0.E0,1.E0));
#38=VECTOR('',#37,1.4E0);
#39=CARTESIAN_POINT('',(-7.325E0,3.2E0,1.75E0));
#40=LINE('',#39,#38);
#41=DIRECTION('',(0.E0,0.E0,1.E0));
#42=VECTOR('',#41,6.3E0);
#43=CARTESIAN_POINT('',(-7.325E0,-1.5E0,-3.15E0));
#44=LINE('',#43,#42);
#45=DIRECTION('',(0.E0,0.E0,1.E0));
#46=VECTOR('',#45,2.4E0);
#47=CARTESIAN_POINT('',(-7.325E0,3.2E0,-3.15E0));
#48=LINE('',#47,#46);
#49=DIRECTION('',(-5.773502691896E-1,5.773502691896E-1,-5.773502691896E-1));
#50=VECTOR('',#49,1.039230484541E0);
#51=CARTESIAN_POINT('',(-6.425E0,2.6E0,-1.5E-1));
#52=LINE('',#51,#50);
#53=DIRECTION('',(1.E0,0.E0,0.E0));
#54=VECTOR('',#53,3.E-1);
#55=CARTESIAN_POINT('',(-7.325E0,3.2E0,-7.5E-1));
#56=LINE('',#55,#54);
#57=DIRECTION('',(0.E0,0.E0,1.E0));
#58=VECTOR('',#57,1.4E0);
#59=CARTESIAN_POINT('',(7.325E0,3.2E0,-3.15E0));
#60=LINE('',#59,#58);
#61=DIRECTION('',(1.E0,0.E0,0.E0));
#62=VECTOR('',#61,3.E-1);
#63=CARTESIAN_POINT('',(7.025E0,3.2E0,-1.75E0));
#64=LINE('',#63,#62);
#65=DIRECTION('',(0.E0,0.E0,1.E0));
#66=VECTOR('',#65,1.1E0);
#67=CARTESIAN_POINT('',(7.025E0,3.2E0,-2.85E0));
#68=LINE('',#67,#66);
#69=DIRECTION('',(1.E0,0.E0,0.E0));
#70=VECTOR('',#69,1.405E1);
#71=CARTESIAN_POINT('',(-7.025E0,3.2E0,-2.85E0));
#72=LINE('',#71,#70);
#73=DIRECTION('',(0.E0,0.E0,-1.E0));
#74=VECTOR('',#73,2.1E0);
#75=CARTESIAN_POINT('',(-7.025E0,3.2E0,-7.5E-1));
#76=LINE('',#75,#74);
#77=DIRECTION('',(-1.184237892934E-14,0.E0,1.E0));
#78=VECTOR('',#77,3.E-1);
#79=CARTESIAN_POINT('',(2.E0,3.2E0,2.85E0));
#80=LINE('',#79,#78);
#81=DIRECTION('',(-1.E0,0.E0,0.E0));
#82=VECTOR('',#81,5.025E0);
#83=CARTESIAN_POINT('',(7.025E0,3.2E0,2.85E0));
#84=LINE('',#83,#82);
#85=DIRECTION('',(0.E0,0.E0,1.E0));
#86=VECTOR('',#85,2.1E0);
#87=CARTESIAN_POINT('',(7.025E0,3.2E0,7.5E-1));
#88=LINE('',#87,#86);
#89=DIRECTION('',(-1.E0,0.E0,0.E0));
#90=VECTOR('',#89,3.E-1);
#91=CARTESIAN_POINT('',(7.325E0,3.2E0,7.5E-1));
#92=LINE('',#91,#90);
#93=DIRECTION('',(0.E0,0.E0,1.E0));
#94=VECTOR('',#93,2.4E0);
#95=CARTESIAN_POINT('',(7.325E0,3.2E0,7.5E-1));
#96=LINE('',#95,#94);
#97=DIRECTION('',(0.E0,0.E0,-1.E0));
#98=VECTOR('',#97,2.E-2);
#99=CARTESIAN_POINT('',(-5.325E0,3.2E0,3.15E0));
#100=LINE('',#99,#98);
#101=DIRECTION('',(-1.E0,0.E0,0.E0));
#102=VECTOR('',#101,3.E-1);
#103=CARTESIAN_POINT('',(-7.025E0,3.2E0,1.75E0));
#104=LINE('',#103,#102);
#105=DIRECTION('',(0.E0,0.E0,-1.E0));
#106=VECTOR('',#105,1.1E0);
#107=CARTESIAN_POINT('',(-7.025E0,3.2E0,2.85E0));
#108=LINE('',#107,#106);
#109=DIRECTION('',(-1.E0,0.E0,0.E0));
#110=VECTOR('',#109,5.025E0);
#111=CARTESIAN_POINT('',(-2.E0,3.2E0,2.85E0));
#112=LINE('',#111,#110);
#113=DIRECTION('',(1.036208156317E-14,0.E0,1.E0));
#114=VECTOR('',#113,3.E-1);
#115=CARTESIAN_POINT('',(-2.E0,3.2E0,2.85E0));
#116=LINE('',#115,#114);
#117=DIRECTION('',(0.E0,0.E0,-1.E0));
#118=VECTOR('',#117,2.E-2);
#119=CARTESIAN_POINT('',(-4.325E0,3.2E0,3.15E0));
#120=LINE('',#119,#118);
#121=DIRECTION('',(1.E0,0.E0,0.E0));
#122=VECTOR('',#121,1.E0);
#123=CARTESIAN_POINT('',(-5.325E0,3.2E0,3.13E0));
#124=LINE('',#123,#122);
#125=DIRECTION('',(0.E0,-7.071067811865E-1,7.071067811865E-1));
#126=VECTOR('',#125,8.485281374239E-1);
#127=CARTESIAN_POINT('',(7.325E0,3.2E0,-1.75E0));
#128=LINE('',#127,#126);
#129=DIRECTION('',(0.E0,0.E0,1.E0));
#130=VECTOR('',#129,6.3E0);
#131=CARTESIAN_POINT('',(7.325E0,-1.5E0,-3.15E0));
#132=LINE('',#131,#130);
#133=DIRECTION('',(0.E0,7.071067811865E-1,7.071067811865E-1));
#134=VECTOR('',#133,8.485281374239E-1);
#135=CARTESIAN_POINT('',(7.325E0,2.6E0,1.5E-1));
#136=LINE('',#135,#134);
#137=DIRECTION('',(0.E0,-1.E0,0.E0));
#138=VECTOR('',#137,3.3E0);
#139=CARTESIAN_POINT('',(7.325E0,2.6E0,1.5E-1));
#140=LINE('',#139,#138);
#141=DIRECTION('',(0.E0,0.E0,-1.E0));
#142=VECTOR('',#141,1.3E0);
#143=CARTESIAN_POINT('',(7.325E0,-7.E-1,1.5E-1));
#144=LINE('',#143,#142);
#145=DIRECTION('',(0.E0,-1.E0,0.E0));
#146=VECTOR('',#145,3.3E0);
#147=CARTESIAN_POINT('',(7.325E0,2.6E0,-1.15E0));
#148=LINE('',#147,#146);
#149=DIRECTION('',(1.E0,0.E0,0.E0));
#150=VECTOR('',#149,9.E-1);
#151=CARTESIAN_POINT('',(6.425E0,2.6E0,-1.15E0));
#152=LINE('',#151,#150);
#153=DIRECTION('',(0.E0,0.E0,-1.E0));
#154=VECTOR('',#153,5.E-1);
#155=CARTESIAN_POINT('',(-5.25E0,-7.E-1,-7.5E-1));
#156=LINE('',#155,#154);
#157=DIRECTION('',(1.E0,0.E0,0.E0));
#158=VECTOR('',#157,5.E-1);
#159=CARTESIAN_POINT('',(-5.25E0,-7.E-1,-7.5E-1));
#160=LINE('',#159,#158);
#161=DIRECTION('',(0.E0,0.E0,-1.E0));
#162=VECTOR('',#161,5.E-1);
#163=CARTESIAN_POINT('',(-4.75E0,-7.E-1,-7.5E-1));
#164=LINE('',#163,#162);
#165=DIRECTION('',(1.E0,0.E0,0.E0));
#166=VECTOR('',#165,5.E-1);
#167=CARTESIAN_POINT('',(-5.25E0,-7.E-1,-1.25E0));
#168=LINE('',#167,#166);
#169=DIRECTION('',(0.E0,0.E0,-1.E0));
#170=VECTOR('',#169,5.E-1);
#171=CARTESIAN_POINT('',(-5.25E0,-7.E-1,1.25E0));
#172=LINE('',#171,#170);
#173=DIRECTION('',(1.E0,0.E0,0.E0));
#174=VECTOR('',#173,5.E-1);
#175=CARTESIAN_POINT('',(-5.25E0,-7.E-1,1.25E0));
#176=LINE('',#175,#174);
#177=DIRECTION('',(0.E0,0.E0,-1.E0));
#178=VECTOR('',#177,5.E-1);
#179=CARTESIAN_POINT('',(-4.75E0,-7.E-1,1.25E0));
#180=LINE('',#179,#178);
#181=DIRECTION('',(1.E0,0.E0,0.E0));
#182=VECTOR('',#181,5.E-1);
#183=CARTESIAN_POINT('',(-5.25E0,-7.E-1,7.5E-1));
#184=LINE('',#183,#182);
#185=DIRECTION('',(0.E0,0.E0,-1.E0));
#186=VECTOR('',#185,5.E-1);
#187=CARTESIAN_POINT('',(-3.25E0,-7.E-1,-7.5E-1));
#188=LINE('',#187,#186);
#189=DIRECTION('',(1.E0,0.E0,0.E0));
#190=VECTOR('',#189,5.E-1);
#191=CARTESIAN_POINT('',(-3.25E0,-7.E-1,-7.5E-1));
#192=LINE('',#191,#190);
#193=DIRECTION('',(0.E0,0.E0,-1.E0));
#194=VECTOR('',#193,5.E-1);
#195=CARTESIAN_POINT('',(-2.75E0,-7.E-1,-7.5E-1));
#196=LINE('',#195,#194);
#197=DIRECTION('',(1.E0,0.E0,0.E0));
#198=VECTOR('',#197,5.E-1);
#199=CARTESIAN_POINT('',(-3.25E0,-7.E-1,-1.25E0));
#200=LINE('',#199,#198);
#201=DIRECTION('',(0.E0,0.E0,-1.E0));
#202=VECTOR('',#201,5.E-1);
#203=CARTESIAN_POINT('',(-3.25E0,-7.E-1,1.25E0));
#204=LINE('',#203,#202);
#205=DIRECTION('',(1.E0,0.E0,0.E0));
#206=VECTOR('',#205,5.E-1);
#207=CARTESIAN_POINT('',(-3.25E0,-7.E-1,1.25E0));
#208=LINE('',#207,#206);
#209=DIRECTION('',(0.E0,0.E0,-1.E0));
#210=VECTOR('',#209,5.E-1);
#211=CARTESIAN_POINT('',(-2.75E0,-7.E-1,1.25E0));
#212=LINE('',#211,#210);
#213=DIRECTION('',(1.E0,0.E0,0.E0));
#214=VECTOR('',#213,5.E-1);
#215=CARTESIAN_POINT('',(-3.25E0,-7.E-1,7.5E-1));
#216=LINE('',#215,#214);
#217=DIRECTION('',(0.E0,0.E0,-1.E0));
#218=VECTOR('',#217,5.E-1);
#219=CARTESIAN_POINT('',(-1.25E0,-7.E-1,-7.5E-1));
#220=LINE('',#219,#218);
#221=DIRECTION('',(1.E0,0.E0,0.E0));
#222=VECTOR('',#221,5.E-1);
#223=CARTESIAN_POINT('',(-1.25E0,-7.E-1,-7.5E-1));
#224=LINE('',#223,#222);
#225=DIRECTION('',(0.E0,0.E0,-1.E0));
#226=VECTOR('',#225,5.E-1);
#227=CARTESIAN_POINT('',(-7.5E-1,-7.E-1,-7.5E-1));
#228=LINE('',#227,#226);
#229=DIRECTION('',(1.E0,0.E0,0.E0));
#230=VECTOR('',#229,5.E-1);
#231=CARTESIAN_POINT('',(-1.25E0,-7.E-1,-1.25E0));
#232=LINE('',#231,#230);
#233=DIRECTION('',(0.E0,0.E0,-1.E0));
#234=VECTOR('',#233,5.E-1);
#235=CARTESIAN_POINT('',(-1.25E0,-7.E-1,1.25E0));
#236=LINE('',#235,#234);
#237=DIRECTION('',(1.E0,0.E0,0.E0));
#238=VECTOR('',#237,5.E-1);
#239=CARTESIAN_POINT('',(-1.25E0,-7.E-1,1.25E0));
#240=LINE('',#239,#238);
#241=DIRECTION('',(0.E0,0.E0,-1.E0));
#242=VECTOR('',#241,5.E-1);
#243=CARTESIAN_POINT('',(-7.5E-1,-7.E-1,1.25E0));
#244=LINE('',#243,#242);
#245=DIRECTION('',(1.E0,0.E0,0.E0));
#246=VECTOR('',#245,5.E-1);
#247=CARTESIAN_POINT('',(-1.25E0,-7.E-1,7.5E-1));
#248=LINE('',#247,#246);
#249=DIRECTION('',(0.E0,0.E0,-1.E0));
#250=VECTOR('',#249,5.E-1);
#251=CARTESIAN_POINT('',(7.5E-1,-7.E-1,-7.5E-1));
#252=LINE('',#251,#250);
#253=DIRECTION('',(1.E0,0.E0,0.E0));
#254=VECTOR('',#253,5.E-1);
#255=CARTESIAN_POINT('',(7.5E-1,-7.E-1,-7.5E-1));
#256=LINE('',#255,#254);
#257=DIRECTION('',(0.E0,0.E0,-1.E0));
#258=VECTOR('',#257,5.E-1);
#259=CARTESIAN_POINT('',(1.25E0,-7.E-1,-7.5E-1));
#260=LINE('',#259,#258);
#261=DIRECTION('',(1.E0,0.E0,0.E0));
#262=VECTOR('',#261,5.E-1);
#263=CARTESIAN_POINT('',(7.5E-1,-7.E-1,-1.25E0));
#264=LINE('',#263,#262);
#265=DIRECTION('',(0.E0,0.E0,-1.E0));
#266=VECTOR('',#265,5.E-1);
#267=CARTESIAN_POINT('',(7.5E-1,-7.E-1,1.25E0));
#268=LINE('',#267,#266);
#269=DIRECTION('',(1.E0,0.E0,0.E0));
#270=VECTOR('',#269,5.E-1);
#271=CARTESIAN_POINT('',(7.5E-1,-7.E-1,1.25E0));
#272=LINE('',#271,#270);
#273=DIRECTION('',(0.E0,0.E0,-1.E0));
#274=VECTOR('',#273,5.E-1);
#275=CARTESIAN_POINT('',(1.25E0,-7.E-1,1.25E0));
#276=LINE('',#275,#274);
#277=DIRECTION('',(1.E0,0.E0,0.E0));
#278=VECTOR('',#277,5.E-1);
#279=CARTESIAN_POINT('',(7.5E-1,-7.E-1,7.5E-1));
#280=LINE('',#279,#278);
#281=DIRECTION('',(0.E0,0.E0,-1.E0));
#282=VECTOR('',#281,5.E-1);
#283=CARTESIAN_POINT('',(2.75E0,-7.E-1,-7.5E-1));
#284=LINE('',#283,#282);
#285=DIRECTION('',(1.E0,0.E0,0.E0));
#286=VECTOR('',#285,5.E-1);
#287=CARTESIAN_POINT('',(2.75E0,-7.E-1,-7.5E-1));
#288=LINE('',#287,#286);
#289=DIRECTION('',(0.E0,0.E0,-1.E0));
#290=VECTOR('',#289,5.E-1);
#291=CARTESIAN_POINT('',(3.25E0,-7.E-1,-7.5E-1));
#292=LINE('',#291,#290);
#293=DIRECTION('',(1.E0,0.E0,0.E0));
#294=VECTOR('',#293,5.E-1);
#295=CARTESIAN_POINT('',(2.75E0,-7.E-1,-1.25E0));
#296=LINE('',#295,#294);
#297=DIRECTION('',(0.E0,0.E0,-1.E0));
#298=VECTOR('',#297,5.E-1);
#299=CARTESIAN_POINT('',(2.75E0,-7.E-1,1.25E0));
#300=LINE('',#299,#298);
#301=DIRECTION('',(1.E0,0.E0,0.E0));
#302=VECTOR('',#301,5.E-1);
#303=CARTESIAN_POINT('',(2.75E0,-7.E-1,1.25E0));
#304=LINE('',#303,#302);
#305=DIRECTION('',(0.E0,0.E0,-1.E0));
#306=VECTOR('',#305,5.E-1);
#307=CARTESIAN_POINT('',(3.25E0,-7.E-1,1.25E0));
#308=LINE('',#307,#306);
#309=DIRECTION('',(1.E0,0.E0,0.E0));
#310=VECTOR('',#309,5.E-1);
#311=CARTESIAN_POINT('',(2.75E0,-7.E-1,7.5E-1));
#312=LINE('',#311,#310);
#313=DIRECTION('',(0.E0,0.E0,-1.E0));
#314=VECTOR('',#313,5.E-1);
#315=CARTESIAN_POINT('',(4.75E0,-7.E-1,-7.5E-1));
#316=LINE('',#315,#314);
#317=DIRECTION('',(1.E0,0.E0,0.E0));
#318=VECTOR('',#317,5.E-1);
#319=CARTESIAN_POINT('',(4.75E0,-7.E-1,-7.5E-1));
#320=LINE('',#319,#318);
#321=DIRECTION('',(0.E0,0.E0,-1.E0));
#322=VECTOR('',#321,5.E-1);
#323=CARTESIAN_POINT('',(5.25E0,-7.E-1,-7.5E-1));
#324=LINE('',#323,#322);
#325=DIRECTION('',(1.E0,0.E0,0.E0));
#326=VECTOR('',#325,5.E-1);
#327=CARTESIAN_POINT('',(4.75E0,-7.E-1,-1.25E0));
#328=LINE('',#327,#326);
#329=DIRECTION('',(0.E0,0.E0,-1.E0));
#330=VECTOR('',#329,5.E-1);
#331=CARTESIAN_POINT('',(4.75E0,-7.E-1,1.25E0));
#332=LINE('',#331,#330);
#333=DIRECTION('',(1.E0,0.E0,0.E0));
#334=VECTOR('',#333,5.E-1);
#335=CARTESIAN_POINT('',(4.75E0,-7.E-1,1.25E0));
#336=LINE('',#335,#334);
#337=DIRECTION('',(0.E0,0.E0,-1.E0));
#338=VECTOR('',#337,5.E-1);
#339=CARTESIAN_POINT('',(5.25E0,-7.E-1,1.25E0));
#340=LINE('',#339,#338);
#341=DIRECTION('',(1.E0,0.E0,0.E0));
#342=VECTOR('',#341,5.E-1);
#343=CARTESIAN_POINT('',(4.75E0,-7.E-1,7.5E-1));
#344=LINE('',#343,#342);
#345=DIRECTION('',(1.E0,0.E0,0.E0));
#346=VECTOR('',#345,1.4E0);
#347=CARTESIAN_POINT('',(1.2E0,-7.E-1,2.5E0));
#348=LINE('',#347,#346);
#349=DIRECTION('',(0.E0,0.E0,-1.E0));
#350=VECTOR('',#349,6.5E-1);
#351=CARTESIAN_POINT('',(-1.2E0,-7.E-1,3.15E0));
#352=LINE('',#351,#350);
#353=DIRECTION('',(1.E0,0.E0,0.E0));
#354=VECTOR('',#353,1.4E0);
#355=CARTESIAN_POINT('',(-2.6E0,-7.E-1,2.5E0));
#356=LINE('',#355,#354);
#357=DIRECTION('',(0.E0,0.E0,-1.E0));
#358=VECTOR('',#357,2.5E-1);
#359=CARTESIAN_POINT('',(-2.6E0,-7.E-1,2.5E0));
#360=LINE('',#359,#358);
#361=DIRECTION('',(-1.E0,0.E0,0.E0));
#362=VECTOR('',#361,8.E-1);
#363=CARTESIAN_POINT('',(-2.6E0,-7.E-1,2.25E0));
#364=LINE('',#363,#362);
#365=DIRECTION('',(0.E0,0.E0,-1.E0));
#366=VECTOR('',#365,2.5E-1);
#367=CARTESIAN_POINT('',(-3.4E0,-7.E-1,2.5E0));
#368=LINE('',#367,#366);
#369=DIRECTION('',(1.E0,0.E0,0.E0));
#370=VECTOR('',#369,1.2E0);
#371=CARTESIAN_POINT('',(-4.6E0,-7.E-1,2.5E0));
#372=LINE('',#371,#370);
#373=DIRECTION('',(0.E0,0.E0,1.E0));
#374=VECTOR('',#373,2.5E-1);
#375=CARTESIAN_POINT('',(-4.6E0,-7.E-1,2.25E0));
#376=LINE('',#375,#374);
#377=DIRECTION('',(-1.E0,0.E0,0.E0));
#378=VECTOR('',#377,8.E-1);
#379=CARTESIAN_POINT('',(-4.6E0,-7.E-1,2.25E0));
#380=LINE('',#379,#378);
#381=DIRECTION('',(0.E0,0.E0,-1.E0));
#382=VECTOR('',#381,2.5E-1);
#383=CARTESIAN_POINT('',(-5.4E0,-7.E-1,2.5E0));
#384=LINE('',#383,#382);
#385=DIRECTION('',(1.E0,0.E0,0.E0));
#386=VECTOR('',#385,6.25E-1);
#387=CARTESIAN_POINT('',(-6.025E0,-7.E-1,2.5E0));
#388=LINE('',#387,#386);
#389=DIRECTION('',(0.E0,0.E0,1.E0));
#390=VECTOR('',#389,2.5E-1);
#391=CARTESIAN_POINT('',(-6.025E0,-7.E-1,2.25E0));
#392=LINE('',#391,#390);
#393=DIRECTION('',(-1.E0,0.E0,0.E0));
#394=VECTOR('',#393,4.E-1);
#395=CARTESIAN_POINT('',(-6.025E0,-7.E-1,2.25E0));
#396=LINE('',#395,#394);
#397=DIRECTION('',(1.E0,0.E0,0.E0));
#398=VECTOR('',#397,9.E-1);
#399=CARTESIAN_POINT('',(-7.325E0,-7.E-1,1.15E0));
#400=LINE('',#399,#398);
#401=DIRECTION('',(-1.E0,0.E0,0.E0));
#402=VECTOR('',#401,9.E-1);
#403=CARTESIAN_POINT('',(-6.425E0,-7.E-1,-1.5E-1));
#404=LINE('',#403,#402);
#405=DIRECTION('',(0.E0,0.E0,1.E0));
#406=VECTOR('',#405,2.5E-1);
#407=CARTESIAN_POINT('',(-6.025E0,-7.E-1,-2.5E0));
#408=LINE('',#407,#406);
#409=DIRECTION('',(-1.E0,0.E0,0.E0));
#410=VECTOR('',#409,6.25E-1);
#411=CARTESIAN_POINT('',(-5.4E0,-7.E-1,-2.5E0));
#412=LINE('',#411,#410);
#413=DIRECTION('',(0.E0,0.E0,-1.E0));
#414=VECTOR('',#413,2.5E-1);
#415=CARTESIAN_POINT('',(-5.4E0,-7.E-1,-2.25E0));
#416=LINE('',#415,#414);
#417=DIRECTION('',(0.E0,0.E0,1.E0));
#418=VECTOR('',#417,2.5E-1);
#419=CARTESIAN_POINT('',(-4.6E0,-7.E-1,-2.5E0));
#420=LINE('',#419,#418);
#421=DIRECTION('',(-1.E0,0.E0,0.E0));
#422=VECTOR('',#421,3.2E0);
#423=CARTESIAN_POINT('',(-1.4E0,-7.E-1,-2.5E0));
#424=LINE('',#423,#422);
#425=DIRECTION('',(0.E0,0.E0,1.E0));
#426=VECTOR('',#425,2.5E-1);
#427=CARTESIAN_POINT('',(-1.4E0,-7.E-1,-2.5E0));
#428=LINE('',#427,#426);
#429=DIRECTION('',(1.E0,0.E0,0.E0));
#430=VECTOR('',#429,8.E-1);
#431=CARTESIAN_POINT('',(-1.4E0,-7.E-1,-2.25E0));
#432=LINE('',#431,#430);
#433=DIRECTION('',(0.E0,0.E0,1.E0));
#434=VECTOR('',#433,2.5E-1);
#435=CARTESIAN_POINT('',(-6.E-1,-7.E-1,-2.5E0));
#436=LINE('',#435,#434);
#437=DIRECTION('',(-1.E0,0.E0,0.E0));
#438=VECTOR('',#437,1.2E0);
#439=CARTESIAN_POINT('',(6.E-1,-7.E-1,-2.5E0));
#440=LINE('',#439,#438);
#441=DIRECTION('',(0.E0,0.E0,1.E0));
#442=VECTOR('',#441,2.5E-1);
#443=CARTESIAN_POINT('',(6.E-1,-7.E-1,-2.5E0));
#444=LINE('',#443,#442);
#445=DIRECTION('',(1.E0,0.E0,0.E0));
#446=VECTOR('',#445,8.E-1);
#447=CARTESIAN_POINT('',(6.E-1,-7.E-1,-2.25E0));
#448=LINE('',#447,#446);
#449=DIRECTION('',(0.E0,0.E0,1.E0));
#450=VECTOR('',#449,2.5E-1);
#451=CARTESIAN_POINT('',(1.4E0,-7.E-1,-2.5E0));
#452=LINE('',#451,#450);
#453=DIRECTION('',(-1.E0,0.E0,0.E0));
#454=VECTOR('',#453,3.2E0);
#455=CARTESIAN_POINT('',(4.6E0,-7.E-1,-2.5E0));
#456=LINE('',#455,#454);
#457=DIRECTION('',(0.E0,0.E0,-1.E0));
#458=VECTOR('',#457,2.5E-1);
#459=CARTESIAN_POINT('',(4.6E0,-7.E-1,-2.25E0));
#460=LINE('',#459,#458);
#461=DIRECTION('',(0.E0,0.E0,1.E0));
#462=VECTOR('',#461,2.5E-1);
#463=CARTESIAN_POINT('',(5.4E0,-7.E-1,-2.5E0));
#464=LINE('',#463,#462);
#465=DIRECTION('',(-1.E0,0.E0,0.E0));
#466=VECTOR('',#465,6.25E-1);
#467=CARTESIAN_POINT('',(6.025E0,-7.E-1,-2.5E0));
#468=LINE('',#467,#466);
#469=DIRECTION('',(0.E0,0.E0,-1.E0));
#470=VECTOR('',#469,2.5E-1);
#471=CARTESIAN_POINT('',(6.025E0,-7.E-1,-2.25E0));
#472=LINE('',#471,#470);
#473=DIRECTION('',(-1.E0,0.E0,0.E0));
#474=VECTOR('',#473,9.E-1);
#475=CARTESIAN_POINT('',(7.325E0,-7.E-1,-1.15E0));
#476=LINE('',#475,#474);
#477=DIRECTION('',(1.E0,0.E0,0.E0));
#478=VECTOR('',#477,9.E-1);
#479=CARTESIAN_POINT('',(6.425E0,-7.E-1,1.5E-1));
#480=LINE('',#479,#478);
#481=DIRECTION('',(-1.E0,0.E0,0.E0));
#482=VECTOR('',#481,4.E-1);
#483=CARTESIAN_POINT('',(6.425E0,-7.E-1,2.25E0));
#484=LINE('',#483,#482);
#485=DIRECTION('',(0.E0,0.E0,-1.E0));
#486=VECTOR('',#485,2.5E-1);
#487=CARTESIAN_POINT('',(6.025E0,-7.E-1,2.5E0));
#488=LINE('',#487,#486);
#489=DIRECTION('',(1.E0,0.E0,0.E0));
#490=VECTOR('',#489,6.25E-1);
#491=CARTESIAN_POINT('',(5.4E0,-7.E-1,2.5E0));
#492=LINE('',#491,#490);
#493=DIRECTION('',(0.E0,0.E0,1.E0));
#494=VECTOR('',#493,2.5E-1);
#495=CARTESIAN_POINT('',(5.4E0,-7.E-1,2.25E0));
#496=LINE('',#495,#494);
#497=DIRECTION('',(-1.E0,0.E0,0.E0));
#498=VECTOR('',#497,8.E-1);
#499=CARTESIAN_POINT('',(5.4E0,-7.E-1,2.25E0));
#500=LINE('',#499,#498);
#501=DIRECTION('',(0.E0,0.E0,-1.E0));
#502=VECTOR('',#501,2.5E-1);
#503=CARTESIAN_POINT('',(4.6E0,-7.E-1,2.5E0));
#504=LINE('',#503,#502);
#505=DIRECTION('',(1.E0,0.E0,0.E0));
#506=VECTOR('',#505,1.2E0);
#507=CARTESIAN_POINT('',(3.4E0,-7.E-1,2.5E0));
#508=LINE('',#507,#506);
#509=DIRECTION('',(0.E0,0.E0,-1.E0));
#510=VECTOR('',#509,2.5E-1);
#511=CARTESIAN_POINT('',(3.4E0,-7.E-1,2.5E0));
#512=LINE('',#511,#510);
#513=DIRECTION('',(-1.E0,0.E0,0.E0));
#514=VECTOR('',#513,8.E-1);
#515=CARTESIAN_POINT('',(3.4E0,-7.E-1,2.25E0));
#516=LINE('',#515,#514);
#517=DIRECTION('',(0.E0,0.E0,-1.E0));
#518=VECTOR('',#517,2.5E-1);
#519=CARTESIAN_POINT('',(2.6E0,-7.E-1,2.5E0));
#520=LINE('',#519,#518);
#521=DIRECTION('',(0.E0,0.E0,-1.E0));
#522=VECTOR('',#521,5.E-1);
#523=CARTESIAN_POINT('',(-5.25E0,2.3E0,-7.5E-1));
#524=LINE('',#523,#522);
#525=DIRECTION('',(0.E0,-1.E0,0.E0));
#526=VECTOR('',#525,3.E0);
#527=CARTESIAN_POINT('',(-5.25E0,2.3E0,-7.5E-1));
#528=LINE('',#527,#526);
#529=DIRECTION('',(0.E0,1.E0,0.E0));
#530=VECTOR('',#529,3.E0);
#531=CARTESIAN_POINT('',(-5.25E0,-7.E-1,-1.25E0));
#532=LINE('',#531,#530);
#533=DIRECTION('',(0.E0,0.E0,-1.E0));
#534=VECTOR('',#533,5.E-1);
#535=CARTESIAN_POINT('',(-5.25E0,2.3E0,1.25E0));
#536=LINE('',#535,#534);
#537=DIRECTION('',(0.E0,-1.E0,0.E0));
#538=VECTOR('',#537,3.E0);
#539=CARTESIAN_POINT('',(-5.25E0,2.3E0,1.25E0));
#540=LINE('',#539,#538);
#541=DIRECTION('',(0.E0,1.E0,0.E0));
#542=VECTOR('',#541,3.E0);
#543=CARTESIAN_POINT('',(-5.25E0,-7.E-1,7.5E-1));
#544=LINE('',#543,#542);
#545=DIRECTION('',(0.E0,-1.E0,0.E0));
#546=VECTOR('',#545,5.E-1);
#547=CARTESIAN_POINT('',(-5.25E0,-2.95E0,-4.71E0));
#548=LINE('',#547,#546);
#549=DIRECTION('',(0.E0,0.E0,1.E0));
#550=VECTOR('',#549,3.26E0);
#551=CARTESIAN_POINT('',(-5.25E0,-2.95E0,-4.71E0));
#552=LINE('',#551,#550);
#553=CARTESIAN_POINT('',(-5.25E0,-2.75E0,-1.45E0));
#554=DIRECTION('',(-1.E0,0.E0,0.E0));
#555=DIRECTION('',(0.E0,-1.E0,2.453592884422E-13));
#556=AXIS2_PLACEMENT_3D('',#553,#554,#555);
#558=CARTESIAN_POINT('',(-5.25E0,-2.75E0,-1.45E0));
#559=DIRECTION('',(1.E0,0.E0,0.E0));
#560=DIRECTION('',(0.E0,-2.857142857143E-1,9.583148474999E-1));
#561=AXIS2_PLACEMENT_3D('',#558,#559,#560);
#563=DIRECTION('',(0.E0,0.E0,-1.E0));
#564=VECTOR('',#563,3.26E0);
#565=CARTESIAN_POINT('',(-5.25E0,-3.45E0,-1.45E0));
#566=LINE('',#565,#564);
#567=DIRECTION('',(0.E0,-1.E0,0.E0));
#568=VECTOR('',#567,5.E-1);
#569=CARTESIAN_POINT('',(-5.25E0,-4.95E0,-4.71E0));
#570=LINE('',#569,#568);
#571=DIRECTION('',(0.E0,0.E0,1.E0));
#572=VECTOR('',#571,5.26E0);
#573=CARTESIAN_POINT('',(-5.25E0,-4.95E0,-4.71E0));
#574=LINE('',#573,#572);
#575=CARTESIAN_POINT('',(-5.25E0,-4.75E0,5.5E-1));
#576=DIRECTION('',(-1.E0,0.E0,0.E0));
#577=DIRECTION('',(0.E0,-1.E0,0.E0));
#578=AXIS2_PLACEMENT_3D('',#575,#576,#577);
#580=DIRECTION('',(0.E0,1.E0,0.E0));
#581=VECTOR('',#580,1.8E0);
#582=CARTESIAN_POINT('',(-5.25E0,-4.75E0,7.5E-1));
#583=LINE('',#582,#581);
#584=DIRECTION('',(0.E0,-1.E0,0.E0));
#585=VECTOR('',#584,1.8E0);
#586=CARTESIAN_POINT('',(-5.25E0,-2.95E0,1.25E0));
#587=LINE('',#586,#585);
#588=CARTESIAN_POINT('',(-5.25E0,-4.75E0,5.5E-1));
#589=DIRECTION('',(1.E0,0.E0,0.E0));
#590=DIRECTION('',(0.E0,0.E0,1.E0));
#591=AXIS2_PLACEMENT_3D('',#588,#589,#590);
#593=DIRECTION('',(0.E0,0.E0,-1.E0));
#594=VECTOR('',#593,5.26E0);
#595=CARTESIAN_POINT('',(-5.25E0,-5.45E0,5.5E-1));
#596=LINE('',#595,#594);
#597=DIRECTION('',(-2.357022603955E-1,-9.428090415821E-1,-2.357022603955E-1));
#598=VECTOR('',#597,6.363961030679E-1);
#599=CARTESIAN_POINT('',(-5.1E0,2.9E0,-1.1E0));
#600=LINE('',#599,#598);
#601=DIRECTION('',(2.357022603955E-1,-9.428090415821E-1,-2.357022603955E-1));
#602=VECTOR('',#601,6.363961030679E-1);
#603=CARTESIAN_POINT('',(-4.9E0,2.9E0,-1.1E0));
#604=LINE('',#603,#602);
#605=DIRECTION('',(-1.E0,0.E0,0.E0));
#606=VECTOR('',#605,5.E-1);
#607=CARTESIAN_POINT('',(-4.75E0,2.3E0,-1.25E0));
#608=LINE('',#607,#606);
#609=DIRECTION('',(0.E0,0.E0,1.E0));
#610=VECTOR('',#609,5.E-1);
#611=CARTESIAN_POINT('',(-4.75E0,2.3E0,-1.25E0));
#612=LINE('',#611,#610);
#613=DIRECTION('',(0.E0,1.E0,0.E0));
#614=VECTOR('',#613,3.E0);
#615=CARTESIAN_POINT('',(-4.75E0,-7.E-1,-1.25E0));
#616=LINE('',#615,#614);
#617=DIRECTION('',(0.E0,-1.E0,0.E0));
#618=VECTOR('',#617,3.E0);
#619=CARTESIAN_POINT('',(-4.75E0,2.3E0,-7.5E-1));
#620=LINE('',#619,#618);
#621=DIRECTION('',(0.E0,0.E0,1.E0));
#622=VECTOR('',#621,5.E-1);
#623=CARTESIAN_POINT('',(-4.75E0,2.3E0,7.5E-1));
#624=LINE('',#623,#622);
#625=DIRECTION('',(0.E0,1.E0,0.E0));
#626=VECTOR('',#625,3.E0);
#627=CARTESIAN_POINT('',(-4.75E0,-7.E-1,7.5E-1));
#628=LINE('',#627,#626);
#629=DIRECTION('',(0.E0,-1.E0,0.E0));
#630=VECTOR('',#629,3.E0);
#631=CARTESIAN_POINT('',(-4.75E0,2.3E0,1.25E0));
#632=LINE('',#631,#630);
#633=DIRECTION('',(0.E0,1.E0,0.E0));
#634=VECTOR('',#633,5.E-1);
#635=CARTESIAN_POINT('',(-4.75E0,-3.45E0,-4.71E0));
#636=LINE('',#635,#634);
#637=DIRECTION('',(0.E0,0.E0,-1.E0));
#638=VECTOR('',#637,3.26E0);
#639=CARTESIAN_POINT('',(-4.75E0,-3.45E0,-1.45E0));
#640=LINE('',#639,#638);
#641=CARTESIAN_POINT('',(-4.75E0,-2.75E0,-1.45E0));
#642=DIRECTION('',(1.E0,0.E0,0.E0));
#643=DIRECTION('',(0.E0,-2.857142857143E-1,9.583148474999E-1));
#644=AXIS2_PLACEMENT_3D('',#641,#642,#643);
#646=CARTESIAN_POINT('',(-4.75E0,-2.75E0,-1.45E0));
#647=DIRECTION('',(-1.E0,0.E0,0.E0));
#648=DIRECTION('',(0.E0,-1.E0,2.453592884422E-13));
#649=AXIS2_PLACEMENT_3D('',#646,#647,#648);
#651=DIRECTION('',(0.E0,0.E0,1.E0));
#652=VECTOR('',#651,3.26E0);
#653=CARTESIAN_POINT('',(-4.75E0,-2.95E0,-4.71E0));
#654=LINE('',#653,#652);
#655=DIRECTION('',(0.E0,1.E0,0.E0));
#656=VECTOR('',#655,5.E-1);
#657=CARTESIAN_POINT('',(-4.75E0,-5.45E0,-4.71E0));
#658=LINE('',#657,#656);
#659=DIRECTION('',(0.E0,0.E0,-1.E0));
#660=VECTOR('',#659,5.26E0);
#661=CARTESIAN_POINT('',(-4.75E0,-5.45E0,5.5E-1));
#662=LINE('',#661,#660);
#663=CARTESIAN_POINT('',(-4.75E0,-4.75E0,5.5E-1));
#664=DIRECTION('',(1.E0,0.E0,0.E0));
#665=DIRECTION('',(0.E0,0.E0,1.E0));
#666=AXIS2_PLACEMENT_3D('',#663,#664,#665);
#668=DIRECTION('',(0.E0,-1.E0,0.E0));
#669=VECTOR('',#668,1.8E0);
#670=CARTESIAN_POINT('',(-4.75E0,-2.95E0,1.25E0));
#671=LINE('',#670,#669);
#672=DIRECTION('',(0.E0,1.E0,0.E0));
#673=VECTOR('',#672,1.8E0);
#674=CARTESIAN_POINT('',(-4.75E0,-4.75E0,7.5E-1));
#675=LINE('',#674,#673);
#676=CARTESIAN_POINT('',(-4.75E0,-4.75E0,5.5E-1));
#677=DIRECTION('',(-1.E0,0.E0,0.E0));
#678=DIRECTION('',(0.E0,-1.E0,0.E0));
#679=AXIS2_PLACEMENT_3D('',#676,#677,#678);
#681=DIRECTION('',(0.E0,0.E0,1.E0));
#682=VECTOR('',#681,5.26E0);
#683=CARTESIAN_POINT('',(-4.75E0,-4.95E0,-4.71E0));
#684=LINE('',#683,#682);
#685=DIRECTION('',(-1.E0,0.E0,0.E0));
#686=VECTOR('',#685,2.E-1);
#687=CARTESIAN_POINT('',(-4.9E0,2.9E0,-9.E-1));
#688=LINE('',#687,#686);
#689=DIRECTION('',(0.E0,0.E0,-1.E0));
#690=VECTOR('',#689,2.E-1);
#691=CARTESIAN_POINT('',(-5.1E0,2.9E0,-9.E-1));
#692=LINE('',#691,#690);
#693=DIRECTION('',(-1.E0,0.E0,0.E0));
#694=VECTOR('',#693,2.E-1);
#695=CARTESIAN_POINT('',(-4.9E0,2.9E0,-1.1E0));
#696=LINE('',#695,#694);
#697=DIRECTION('',(0.E0,0.E0,1.E0));
#698=VECTOR('',#697,2.E-1);
#699=CARTESIAN_POINT('',(-4.9E0,2.9E0,-1.1E0));
#700=LINE('',#699,#698);
#701=DIRECTION('',(-2.357022603955E-1,-9.428090415821E-1,2.357022603955E-1));
#702=VECTOR('',#701,6.363961030679E-1);
#703=CARTESIAN_POINT('',(-5.1E0,2.9E0,-9.E-1));
#704=LINE('',#703,#702);
#705=DIRECTION('',(-2.357022603955E-1,9.428090415821E-1,-2.357022603955E-1));
#706=VECTOR('',#705,6.363961030679E-1);
#707=CARTESIAN_POINT('',(-4.75E0,2.3E0,-7.5E-1));
#708=LINE('',#707,#706);
#709=DIRECTION('',(-1.E0,0.E0,0.E0));
#710=VECTOR('',#709,5.E-1);
#711=CARTESIAN_POINT('',(-4.75E0,2.3E0,-7.5E-1));
#712=LINE('',#711,#710);
#713=DIRECTION('',(2.357022603955E-1,-9.428090415821E-1,2.357022603955E-1));
#714=VECTOR('',#713,6.363961030679E-1);
#715=CARTESIAN_POINT('',(-4.9E0,2.9E0,1.1E0));
#716=LINE('',#715,#714);
#717=DIRECTION('',(-1.E0,0.E0,0.E0));
#718=VECTOR('',#717,2.E-1);
#719=CARTESIAN_POINT('',(-4.9E0,2.9E0,1.1E0));
#720=LINE('',#719,#718);
#721=DIRECTION('',(0.E0,0.E0,-1.E0));
#722=VECTOR('',#721,2.E-1);
#723=CARTESIAN_POINT('',(-5.1E0,2.9E0,1.1E0));
#724=LINE('',#723,#722);
#725=DIRECTION('',(-1.E0,0.E0,0.E0));
#726=VECTOR('',#725,2.E-1);
#727=CARTESIAN_POINT('',(-4.9E0,2.9E0,9.E-1));
#728=LINE('',#727,#726);
#729=DIRECTION('',(0.E0,0.E0,1.E0));
#730=VECTOR('',#729,2.E-1);
#731=CARTESIAN_POINT('',(-4.9E0,2.9E0,9.E-1));
#732=LINE('',#731,#730);
#733=DIRECTION('',(-2.357022603955E-1,-9.428090415821E-1,2.357022603955E-1));
#734=VECTOR('',#733,6.363961030679E-1);
#735=CARTESIAN_POINT('',(-5.1E0,2.9E0,1.1E0));
#736=LINE('',#735,#734);
#737=DIRECTION('',(-1.E0,0.E0,0.E0));
#738=VECTOR('',#737,5.E-1);
#739=CARTESIAN_POINT('',(-4.75E0,2.3E0,1.25E0));
#740=LINE('',#739,#738);
#741=DIRECTION('',(0.E0,0.E0,-1.E0));
#742=VECTOR('',#741,5.E-1);
#743=CARTESIAN_POINT('',(-5.25E0,-2.95E0,1.25E0));
#744=LINE('',#743,#742);
#745=DIRECTION('',(1.E0,0.E0,0.E0));
#746=VECTOR('',#745,5.E-1);
#747=CARTESIAN_POINT('',(-5.25E0,-2.95E0,7.5E-1));
#748=LINE('',#747,#746);
#749=DIRECTION('',(0.E0,0.E0,-1.E0));
#750=VECTOR('',#749,5.E-1);
#751=CARTESIAN_POINT('',(-4.75E0,-2.95E0,1.25E0));
#752=LINE('',#751,#750);
#753=DIRECTION('',(1.E0,0.E0,0.E0));
#754=VECTOR('',#753,5.E-1);
#755=CARTESIAN_POINT('',(-5.25E0,-2.95E0,1.25E0));
#756=LINE('',#755,#754);
#757=DIRECTION('',(-1.E0,0.E0,0.E0));
#758=VECTOR('',#757,1.3E0);
#759=CARTESIAN_POINT('',(-4.35E0,-2.95E0,-2.5E-1));
#760=LINE('',#759,#758);
#761=DIRECTION('',(-1.E0,0.E0,0.E0));
#762=VECTOR('',#761,4.E-1);
#763=CARTESIAN_POINT('',(-4.35E0,-2.95E0,-1.3E0));
#764=LINE('',#763,#762);
#765=DIRECTION('',(0.E0,0.E0,-1.E0));
#766=VECTOR('',#765,5.208203932499E-1);
#767=CARTESIAN_POINT('',(-4.75E0,-2.95E0,-7.791796067501E-1));
#768=LINE('',#767,#766);
#769=DIRECTION('',(1.E0,0.E0,0.E0));
#770=VECTOR('',#769,5.E-1);
#771=CARTESIAN_POINT('',(-5.25E0,-2.95E0,-7.791796067501E-1));
#772=LINE('',#771,#770);
#773=DIRECTION('',(0.E0,0.E0,-1.E0));
#774=VECTOR('',#773,5.208203932499E-1);
#775=CARTESIAN_POINT('',(-5.25E0,-2.95E0,-7.791796067501E-1));
#776=LINE('',#775,#774);
#777=DIRECTION('',(-1.E0,0.E0,0.E0));
#778=VECTOR('',#777,4.E-1);
#779=CARTESIAN_POINT('',(-5.25E0,-2.95E0,-1.3E0));
#780=LINE('',#779,#778);
#781=DIRECTION('',(-1.E0,0.E0,0.E0));
#782=VECTOR('',#781,1.3E0);
#783=CARTESIAN_POINT('',(-4.35E0,-2.95E0,2.5E-1));
#784=LINE('',#783,#782);
#785=DIRECTION('',(1.E0,0.E0,0.E0));
#786=VECTOR('',#785,5.E-1);
#787=CARTESIAN_POINT('',(-5.25E0,-4.75E0,7.5E-1));
#788=LINE('',#787,#786);
#789=DIRECTION('',(-1.E0,0.E0,0.E0));
#790=VECTOR('',#789,5.E-1);
#791=CARTESIAN_POINT('',(-4.75E0,2.3E0,7.5E-1));
#792=LINE('',#791,#790);
#793=DIRECTION('',(1.E0,0.E0,0.E0));
#794=VECTOR('',#793,5.E-1);
#795=CARTESIAN_POINT('',(-5.25E0,-4.95E0,5.5E-1));
#796=LINE('',#795,#794);
#797=DIRECTION('',(-1.E0,0.E0,0.E0));
#798=VECTOR('',#797,5.E-1);
#799=CARTESIAN_POINT('',(-4.75E0,-4.95E0,-4.71E0));
#800=LINE('',#799,#798);
#801=DIRECTION('',(-2.357022603955E-1,2.357022603955E-1,9.428090415821E-1));
#802=VECTOR('',#801,6.363961030679E-1);
#803=CARTESIAN_POINT('',(-5.1E0,-5.1E0,-5.31E0));
#804=LINE('',#803,#802);
#805=DIRECTION('',(-2.357022603955E-1,-2.357022603955E-1,-9.428090415821E-1));
#806=VECTOR('',#805,6.363961030679E-1);
#807=CARTESIAN_POINT('',(-4.75E0,-4.95E0,-4.71E0));
#808=LINE('',#807,#806);
#809=DIRECTION('',(-2.357022603955E-1,-2.357022603955E-1,9.428090415821E-1));
#810=VECTOR('',#809,6.363961030679E-1);
#811=CARTESIAN_POINT('',(-5.1E0,-5.3E0,-5.31E0));
#812=LINE('',#811,#810);
#813=DIRECTION('',(2.357022603955E-1,-2.357022603955E-1,9.428090415821E-1));
#814=VECTOR('',#813,6.363961030679E-1);
#815=CARTESIAN_POINT('',(-4.9E0,-5.3E0,-5.31E0));
#816=LINE('',#815,#814);
#817=DIRECTION('',(-1.E0,0.E0,0.E0));
#818=VECTOR('',#817,5.E-1);
#819=CARTESIAN_POINT('',(-4.75E0,-5.45E0,-4.71E0));
#820=LINE('',#819,#818);
#821=DIRECTION('',(1.E0,0.E0,0.E0));
#822=VECTOR('',#821,5.E-1);
#823=CARTESIAN_POINT('',(-5.25E0,-5.45E0,5.5E-1));
#824=LINE('',#823,#822);
#825=DIRECTION('',(1.E0,0.E0,0.E0));
#826=VECTOR('',#825,5.E-1);
#827=CARTESIAN_POINT('',(-5.25E0,-4.75E0,1.25E0));
#828=LINE('',#827,#826);
#829=DIRECTION('',(-1.E0,0.E0,0.E0));
#830=VECTOR('',#829,2.E-1);
#831=CARTESIAN_POINT('',(-4.9E0,-5.1E0,-5.31E0));
#832=LINE('',#831,#830);
#833=DIRECTION('',(0.E0,-1.E0,0.E0));
#834=VECTOR('',#833,2.E-1);
#835=CARTESIAN_POINT('',(-5.1E0,-5.1E0,-5.31E0));
#836=LINE('',#835,#834);
#837=DIRECTION('',(-1.E0,0.E0,0.E0));
#838=VECTOR('',#837,2.E-1);
#839=CARTESIAN_POINT('',(-4.9E0,-5.3E0,-5.31E0));
#840=LINE('',#839,#838);
#841=DIRECTION('',(0.E0,1.E0,0.E0));
#842=VECTOR('',#841,2.E-1);
#843=CARTESIAN_POINT('',(-4.9E0,-5.3E0,-5.31E0));
#844=LINE('',#843,#842);
#845=DIRECTION('',(2.357022603955E-1,-9.428090415821E-1,-2.357022603955E-1));
#846=VECTOR('',#845,6.363961030679E-1);
#847=CARTESIAN_POINT('',(-4.9E0,2.9E0,9.E-1));
#848=LINE('',#847,#846);
#849=DIRECTION('',(-2.357022603955E-1,-9.428090415821E-1,-2.357022603955E-1));
#850=VECTOR('',#849,6.363961030679E-1);
#851=CARTESIAN_POINT('',(-5.1E0,2.9E0,9.E-1));
#852=LINE('',#851,#850);
#853=DIRECTION('',(0.E0,1.E0,0.E0));
#854=VECTOR('',#853,2.5E-1);
#855=CARTESIAN_POINT('',(-5.65E0,-2.95E0,-2.5E-1));
#856=LINE('',#855,#854);
#857=DIRECTION('',(0.E0,0.E0,1.E0));
#858=VECTOR('',#857,1.05E0);
#859=CARTESIAN_POINT('',(-5.65E0,-2.95E0,2.5E-1));
#860=LINE('',#859,#858);
#861=DIRECTION('',(0.E0,1.E0,0.E0));
#862=VECTOR('',#861,2.5E-1);
#863=CARTESIAN_POINT('',(-5.65E0,-2.95E0,2.5E-1));
#864=LINE('',#863,#862);
#865=DIRECTION('',(0.E0,0.E0,1.E0));
#866=VECTOR('',#865,1.05E0);
#867=CARTESIAN_POINT('',(-5.65E0,-2.95E0,-1.3E0));
#868=LINE('',#867,#866);
#869=DIRECTION('',(0.E0,-5.E-1,8.660254037844E-1));
#870=VECTOR('',#869,8.082903768655E-1);
#871=CARTESIAN_POINT('',(-5.65E0,-2.545854811567E0,-2.E0));
#872=LINE('',#871,#870);
#873=DIRECTION('',(0.E0,5.E-1,8.660254037844E-1));
#874=VECTOR('',#873,8.082903768655E-1);
#875=CARTESIAN_POINT('',(-5.65E0,-2.95E0,1.3E0));
#876=LINE('',#875,#874);
#877=DIRECTION('',(0.E0,1.E0,0.E0));
#878=VECTOR('',#877,2.5E-1);
#879=CARTESIAN_POINT('',(-4.35E0,-2.95E0,2.5E-1));
#880=LINE('',#879,#878);
#881=DIRECTION('',(0.E0,0.E0,1.E0));
#882=VECTOR('',#881,1.05E0);
#883=CARTESIAN_POINT('',(-4.35E0,-2.95E0,-1.3E0));
#884=LINE('',#883,#882);
#885=DIRECTION('',(0.E0,1.E0,0.E0));
#886=VECTOR('',#885,2.5E-1);
#887=CARTESIAN_POINT('',(-4.35E0,-2.95E0,-2.5E-1));
#888=LINE('',#887,#886);
#889=DIRECTION('',(0.E0,0.E0,1.E0));
#890=VECTOR('',#889,1.05E0);
#891=CARTESIAN_POINT('',(-4.35E0,-2.95E0,2.5E-1));
#892=LINE('',#891,#890);
#893=DIRECTION('',(0.E0,5.E-1,8.660254037844E-1));
#894=VECTOR('',#893,8.082903768655E-1);
#895=CARTESIAN_POINT('',(-4.35E0,-2.95E0,1.3E0));
#896=LINE('',#895,#894);
#897=DIRECTION('',(0.E0,-5.E-1,8.660254037844E-1));
#898=VECTOR('',#897,8.082903768655E-1);
#899=CARTESIAN_POINT('',(-4.35E0,-2.545854811567E0,-2.E0));
#900=LINE('',#899,#898);
#901=DIRECTION('',(0.E0,0.E0,-1.E0));
#902=VECTOR('',#901,5.E-1);
#903=CARTESIAN_POINT('',(-5.65E0,-2.7E0,2.5E-1));
#904=LINE('',#903,#902);
#905=DIRECTION('',(-1.E0,0.E0,0.E0));
#906=VECTOR('',#905,1.3E0);
#907=CARTESIAN_POINT('',(-4.35E0,-2.7E0,2.5E-1));
#908=LINE('',#907,#906);
#909=DIRECTION('',(0.E0,0.E0,1.E0));
#910=VECTOR('',#909,5.E-1);
#911=CARTESIAN_POINT('',(-4.35E0,-2.7E0,-2.5E-1));
#912=LINE('',#911,#910);
#913=DIRECTION('',(1.E0,0.E0,0.E0));
#914=VECTOR('',#913,1.3E0);
#915=CARTESIAN_POINT('',(-5.65E0,-2.7E0,-2.5E-1));
#916=LINE('',#915,#914);
#917=DIRECTION('',(-1.E0,0.E0,0.E0));
#918=VECTOR('',#917,1.3E0);
#919=CARTESIAN_POINT('',(5.65E0,-2.7E0,2.5E-1));
#920=LINE('',#919,#918);
#921=DIRECTION('',(0.E0,0.E0,1.E0));
#922=VECTOR('',#921,5.E-1);
#923=CARTESIAN_POINT('',(5.65E0,-2.7E0,-2.5E-1));
#924=LINE('',#923,#922);
#925=DIRECTION('',(1.E0,0.E0,0.E0));
#926=VECTOR('',#925,1.3E0);
#927=CARTESIAN_POINT('',(4.35E0,-2.7E0,-2.5E-1));
#928=LINE('',#927,#926);
#929=DIRECTION('',(0.E0,0.E0,-1.E0));
#930=VECTOR('',#929,5.E-1);
#931=CARTESIAN_POINT('',(4.35E0,-2.7E0,2.5E-1));
#932=LINE('',#931,#930);
#933=DIRECTION('',(0.E0,1.E0,0.E0));
#934=VECTOR('',#933,2.5E-1);
#935=CARTESIAN_POINT('',(5.65E0,-2.95E0,2.5E-1));
#936=LINE('',#935,#934);
#937=DIRECTION('',(0.E0,0.E0,1.E0));
#938=VECTOR('',#937,1.05E0);
#939=CARTESIAN_POINT('',(5.65E0,-2.95E0,2.5E-1));
#940=LINE('',#939,#938);
#941=DIRECTION('',(0.E0,5.E-1,8.660254037844E-1));
#942=VECTOR('',#941,8.082903768655E-1);
#943=CARTESIAN_POINT('',(5.65E0,-2.95E0,1.3E0));
#944=LINE('',#943,#942);
#945=DIRECTION('',(0.E0,-5.E-1,8.660254037844E-1));
#946=VECTOR('',#945,8.082903768655E-1);
#947=CARTESIAN_POINT('',(5.65E0,-2.545854811567E0,-2.E0));
#948=LINE('',#947,#946);
#949=DIRECTION('',(0.E0,0.E0,1.E0));
#950=VECTOR('',#949,1.05E0);
#951=CARTESIAN_POINT('',(5.65E0,-2.95E0,-1.3E0));
#952=LINE('',#951,#950);
#953=DIRECTION('',(0.E0,1.E0,0.E0));
#954=VECTOR('',#953,2.5E-1);
#955=CARTESIAN_POINT('',(5.65E0,-2.95E0,-2.5E-1));
#956=LINE('',#955,#954);
#957=DIRECTION('',(0.E0,0.E0,1.E0));
#958=VECTOR('',#957,5.E-1);
#959=CARTESIAN_POINT('',(4.75E0,-2.95E0,7.5E-1));
#960=LINE('',#959,#958);
#961=DIRECTION('',(1.E0,0.E0,0.E0));
#962=VECTOR('',#961,5.E-1);
#963=CARTESIAN_POINT('',(4.75E0,-2.95E0,7.5E-1));
#964=LINE('',#963,#962);
#965=DIRECTION('',(0.E0,0.E0,1.E0));
#966=VECTOR('',#965,5.E-1);
#967=CARTESIAN_POINT('',(5.25E0,-2.95E0,7.5E-1));
#968=LINE('',#967,#966);
#969=DIRECTION('',(1.E0,0.E0,0.E0));
#970=VECTOR('',#969,5.E-1);
#971=CARTESIAN_POINT('',(4.75E0,-2.95E0,1.25E0));
#972=LINE('',#971,#970);
#973=DIRECTION('',(1.E0,0.E0,0.E0));
#974=VECTOR('',#973,1.3E0);
#975=CARTESIAN_POINT('',(4.35E0,-2.95E0,2.5E-1));
#976=LINE('',#975,#974);
#977=DIRECTION('',(1.E0,0.E0,0.E0));
#978=VECTOR('',#977,1.3E0);
#979=CARTESIAN_POINT('',(4.35E0,-2.95E0,-2.5E-1));
#980=LINE('',#979,#978);
#981=DIRECTION('',(-1.E0,0.E0,0.E0));
#982=VECTOR('',#981,4.E-1);
#983=CARTESIAN_POINT('',(5.65E0,-2.95E0,-1.3E0));
#984=LINE('',#983,#982);
#985=DIRECTION('',(0.E0,0.E0,1.E0));
#986=VECTOR('',#985,5.208203932499E-1);
#987=CARTESIAN_POINT('',(5.25E0,-2.95E0,-1.3E0));
#988=LINE('',#987,#986);
#989=DIRECTION('',(1.E0,0.E0,0.E0));
#990=VECTOR('',#989,5.E-1);
#991=CARTESIAN_POINT('',(4.75E0,-2.95E0,-7.791796067501E-1));
#992=LINE('',#991,#990);
#993=DIRECTION('',(0.E0,0.E0,1.E0));
#994=VECTOR('',#993,5.208203932499E-1);
#995=CARTESIAN_POINT('',(4.75E0,-2.95E0,-1.3E0));
#996=LINE('',#995,#994);
#997=DIRECTION('',(-1.E0,0.E0,0.E0));
#998=VECTOR('',#997,4.E-1);
#999=CARTESIAN_POINT('',(4.75E0,-2.95E0,-1.3E0));
#1000=LINE('',#999,#998);
#1001=DIRECTION('',(0.E0,0.E0,-1.E0));
#1002=VECTOR('',#1001,5.E-1);
#1003=CARTESIAN_POINT('',(4.75E0,2.3E0,-7.5E-1));
#1004=LINE('',#1003,#1002);
#1005=DIRECTION('',(0.E0,-1.E0,0.E0));
#1006=VECTOR('',#1005,3.E0);
#1007=CARTESIAN_POINT('',(4.75E0,2.3E0,-7.5E-1));
#1008=LINE('',#1007,#1006);
#1009=DIRECTION('',(0.E0,1.E0,0.E0));
#1010=VECTOR('',#1009,3.E0);
#1011=CARTESIAN_POINT('',(4.75E0,-7.E-1,-1.25E0));
#1012=LINE('',#1011,#1010);
#1013=DIRECTION('',(0.E0,0.E0,-1.E0));
#1014=VECTOR('',#1013,5.E-1);
#1015=CARTESIAN_POINT('',(4.75E0,2.3E0,1.25E0));
#1016=LINE('',#1015,#1014);
#1017=DIRECTION('',(0.E0,-1.E0,0.E0));
#1018=VECTOR('',#1017,3.E0);
#1019=CARTESIAN_POINT('',(4.75E0,2.3E0,1.25E0));
#1020=LINE('',#1019,#1018);
#1021=DIRECTION('',(0.E0,1.E0,0.E0));
#1022=VECTOR('',#1021,3.E0);
#1023=CARTESIAN_POINT('',(4.75E0,-7.E-1,7.5E-1));
#1024=LINE('',#1023,#1022);
#1025=DIRECTION('',(0.E0,-1.E0,0.E0));
#1026=VECTOR('',#1025,5.E-1);
#1027=CARTESIAN_POINT('',(4.75E0,-2.95E0,-4.71E0));
#1028=LINE('',#1027,#1026);
#1029=DIRECTION('',(0.E0,0.E0,1.E0));
#1030=VECTOR('',#1029,3.26E0);
#1031=CARTESIAN_POINT('',(4.75E0,-2.95E0,-4.71E0));
#1032=LINE('',#1031,#1030);
#1033=CARTESIAN_POINT('',(4.75E0,-2.75E0,-1.45E0));
#1034=DIRECTION('',(-1.E0,0.E0,0.E0));
#1035=DIRECTION('',(0.E0,-1.E0,2.453592884422E-13));
#1036=AXIS2_PLACEMENT_3D('',#1033,#1034,#1035);
#1038=CARTESIAN_POINT('',(4.75E0,-2.75E0,-1.45E0));
#1039=DIRECTION('',(1.E0,0.E0,0.E0));
#1040=DIRECTION('',(0.E0,-2.857142857143E-1,9.583148474999E-1));
#1041=AXIS2_PLACEMENT_3D('',#1038,#1039,#1040);
#1043=DIRECTION('',(0.E0,0.E0,-1.E0));
#1044=VECTOR('',#1043,3.26E0);
#1045=CARTESIAN_POINT('',(4.75E0,-3.45E0,-1.45E0));
#1046=LINE('',#1045,#1044);
#1047=DIRECTION('',(0.E0,-1.E0,0.E0));
#1048=VECTOR('',#1047,5.E-1);
#1049=CARTESIAN_POINT('',(4.75E0,-4.95E0,-4.71E0));
#1050=LINE('',#1049,#1048);
#1051=DIRECTION('',(0.E0,0.E0,1.E0));
#1052=VECTOR('',#1051,5.26E0);
#1053=CARTESIAN_POINT('',(4.75E0,-4.95E0,-4.71E0));
#1054=LINE('',#1053,#1052);
#1055=CARTESIAN_POINT('',(4.75E0,-4.75E0,5.5E-1));
#1056=DIRECTION('',(-1.E0,0.E0,0.E0));
#1057=DIRECTION('',(0.E0,-1.E0,0.E0));
#1058=AXIS2_PLACEMENT_3D('',#1055,#1056,#1057);
#1060=DIRECTION('',(0.E0,1.E0,0.E0));
#1061=VECTOR('',#1060,1.8E0);
#1062=CARTESIAN_POINT('',(4.75E0,-4.75E0,7.5E-1));
#1063=LINE('',#1062,#1061);
#1064=DIRECTION('',(0.E0,-1.E0,0.E0));
#1065=VECTOR('',#1064,1.8E0);
#1066=CARTESIAN_POINT('',(4.75E0,-2.95E0,1.25E0));
#1067=LINE('',#1066,#1065);
#1068=CARTESIAN_POINT('',(4.75E0,-4.75E0,5.5E-1));
#1069=DIRECTION('',(1.E0,0.E0,0.E0));
#1070=DIRECTION('',(0.E0,0.E0,1.E0));
#1071=AXIS2_PLACEMENT_3D('',#1068,#1069,#1070);
#1073=DIRECTION('',(0.E0,0.E0,-1.E0));
#1074=VECTOR('',#1073,5.26E0);
#1075=CARTESIAN_POINT('',(4.75E0,-5.45E0,5.5E-1));
#1076=LINE('',#1075,#1074);
#1077=DIRECTION('',(-2.357022603955E-1,-9.428090415821E-1,-2.357022603955E-1));
#1078=VECTOR('',#1077,6.363961030679E-1);
#1079=CARTESIAN_POINT('',(4.9E0,2.9E0,-1.1E0));
#1080=LINE('',#1079,#1078);
#1081=DIRECTION('',(2.357022603955E-1,-9.428090415821E-1,-2.357022603955E-1));
#1082=VECTOR('',#1081,6.363961030679E-1);
#1083=CARTESIAN_POINT('',(5.1E0,2.9E0,-1.1E0));
#1084=LINE('',#1083,#1082);
#1085=DIRECTION('',(-1.E0,0.E0,0.E0));
#1086=VECTOR('',#1085,5.E-1);
#1087=CARTESIAN_POINT('',(5.25E0,2.3E0,-1.25E0));
#1088=LINE('',#1087,#1086);
#1089=DIRECTION('',(0.E0,0.E0,1.E0));
#1090=VECTOR('',#1089,5.E-1);
#1091=CARTESIAN_POINT('',(5.25E0,2.3E0,-1.25E0));
#1092=LINE('',#1091,#1090);
#1093=DIRECTION('',(0.E0,1.E0,0.E0));
#1094=VECTOR('',#1093,3.E0);
#1095=CARTESIAN_POINT('',(5.25E0,-7.E-1,-1.25E0));
#1096=LINE('',#1095,#1094);
#1097=DIRECTION('',(0.E0,-1.E0,0.E0));
#1098=VECTOR('',#1097,3.E0);
#1099=CARTESIAN_POINT('',(5.25E0,2.3E0,-7.5E-1));
#1100=LINE('',#1099,#1098);
#1101=DIRECTION('',(0.E0,0.E0,1.E0));
#1102=VECTOR('',#1101,5.E-1);
#1103=CARTESIAN_POINT('',(5.25E0,2.3E0,7.5E-1));
#1104=LINE('',#1103,#1102);
#1105=DIRECTION('',(0.E0,1.E0,0.E0));
#1106=VECTOR('',#1105,3.E0);
#1107=CARTESIAN_POINT('',(5.25E0,-7.E-1,7.5E-1));
#1108=LINE('',#1107,#1106);
#1109=DIRECTION('',(0.E0,-1.E0,0.E0));
#1110=VECTOR('',#1109,3.E0);
#1111=CARTESIAN_POINT('',(5.25E0,2.3E0,1.25E0));
#1112=LINE('',#1111,#1110);
#1113=DIRECTION('',(0.E0,1.E0,0.E0));
#1114=VECTOR('',#1113,5.E-1);
#1115=CARTESIAN_POINT('',(5.25E0,-3.45E0,-4.71E0));
#1116=LINE('',#1115,#1114);
#1117=DIRECTION('',(0.E0,0.E0,-1.E0));
#1118=VECTOR('',#1117,3.26E0);
#1119=CARTESIAN_POINT('',(5.25E0,-3.45E0,-1.45E0));
#1120=LINE('',#1119,#1118);
#1121=CARTESIAN_POINT('',(5.25E0,-2.75E0,-1.45E0));
#1122=DIRECTION('',(1.E0,0.E0,0.E0));
#1123=DIRECTION('',(0.E0,-2.857142857143E-1,9.583148474999E-1));
#1124=AXIS2_PLACEMENT_3D('',#1121,#1122,#1123);
#1126=CARTESIAN_POINT('',(5.25E0,-2.75E0,-1.45E0));
#1127=DIRECTION('',(-1.E0,0.E0,0.E0));
#1128=DIRECTION('',(0.E0,-1.E0,2.453592884422E-13));
#1129=AXIS2_PLACEMENT_3D('',#1126,#1127,#1128);
#1131=DIRECTION('',(0.E0,0.E0,1.E0));
#1132=VECTOR('',#1131,3.26E0);
#1133=CARTESIAN_POINT('',(5.25E0,-2.95E0,-4.71E0));
#1134=LINE('',#1133,#1132);
#1135=DIRECTION('',(0.E0,1.E0,0.E0));
#1136=VECTOR('',#1135,5.E-1);
#1137=CARTESIAN_POINT('',(5.25E0,-5.45E0,-4.71E0));
#1138=LINE('',#1137,#1136);
#1139=DIRECTION('',(0.E0,0.E0,-1.E0));
#1140=VECTOR('',#1139,5.26E0);
#1141=CARTESIAN_POINT('',(5.25E0,-5.45E0,5.5E-1));
#1142=LINE('',#1141,#1140);
#1143=CARTESIAN_POINT('',(5.25E0,-4.75E0,5.5E-1));
#1144=DIRECTION('',(1.E0,0.E0,0.E0));
#1145=DIRECTION('',(0.E0,0.E0,1.E0));
#1146=AXIS2_PLACEMENT_3D('',#1143,#1144,#1145);
#1148=DIRECTION('',(0.E0,-1.E0,0.E0));
#1149=VECTOR('',#1148,1.8E0);
#1150=CARTESIAN_POINT('',(5.25E0,-2.95E0,1.25E0));
#1151=LINE('',#1150,#1149);
#1152=DIRECTION('',(0.E0,1.E0,0.E0));
#1153=VECTOR('',#1152,1.8E0);
#1154=CARTESIAN_POINT('',(5.25E0,-4.75E0,7.5E-1));
#1155=LINE('',#1154,#1153);
#1156=CARTESIAN_POINT('',(5.25E0,-4.75E0,5.5E-1));
#1157=DIRECTION('',(-1.E0,0.E0,0.E0));
#1158=DIRECTION('',(0.E0,-1.E0,0.E0));
#1159=AXIS2_PLACEMENT_3D('',#1156,#1157,#1158);
#1161=DIRECTION('',(0.E0,0.E0,1.E0));
#1162=VECTOR('',#1161,5.26E0);
#1163=CARTESIAN_POINT('',(5.25E0,-4.95E0,-4.71E0));
#1164=LINE('',#1163,#1162);
#1165=DIRECTION('',(-1.E0,0.E0,0.E0));
#1166=VECTOR('',#1165,2.E-1);
#1167=CARTESIAN_POINT('',(5.1E0,2.9E0,-9.E-1));
#1168=LINE('',#1167,#1166);
#1169=DIRECTION('',(0.E0,0.E0,-1.E0));
#1170=VECTOR('',#1169,2.E-1);
#1171=CARTESIAN_POINT('',(4.9E0,2.9E0,-9.E-1));
#1172=LINE('',#1171,#1170);
#1173=DIRECTION('',(-1.E0,0.E0,0.E0));
#1174=VECTOR('',#1173,2.E-1);
#1175=CARTESIAN_POINT('',(5.1E0,2.9E0,-1.1E0));
#1176=LINE('',#1175,#1174);
#1177=DIRECTION('',(0.E0,0.E0,1.E0));
#1178=VECTOR('',#1177,2.E-1);
#1179=CARTESIAN_POINT('',(5.1E0,2.9E0,-1.1E0));
#1180=LINE('',#1179,#1178);
#1181=DIRECTION('',(-2.357022603955E-1,-9.428090415821E-1,2.357022603955E-1));
#1182=VECTOR('',#1181,6.363961030679E-1);
#1183=CARTESIAN_POINT('',(4.9E0,2.9E0,-9.E-1));
#1184=LINE('',#1183,#1182);
#1185=DIRECTION('',(-2.357022603955E-1,9.428090415821E-1,-2.357022603955E-1));
#1186=VECTOR('',#1185,6.363961030679E-1);
#1187=CARTESIAN_POINT('',(5.25E0,2.3E0,-7.5E-1));
#1188=LINE('',#1187,#1186);
#1189=DIRECTION('',(-1.E0,0.E0,0.E0));
#1190=VECTOR('',#1189,5.E-1);
#1191=CARTESIAN_POINT('',(5.25E0,2.3E0,-7.5E-1));
#1192=LINE('',#1191,#1190);
#1193=DIRECTION('',(2.357022603955E-1,-9.428090415821E-1,2.357022603955E-1));
#1194=VECTOR('',#1193,6.363961030679E-1);
#1195=CARTESIAN_POINT('',(5.1E0,2.9E0,1.1E0));
#1196=LINE('',#1195,#1194);
#1197=DIRECTION('',(-1.E0,0.E0,0.E0));
#1198=VECTOR('',#1197,2.E-1);
#1199=CARTESIAN_POINT('',(5.1E0,2.9E0,1.1E0));
#1200=LINE('',#1199,#1198);
#1201=DIRECTION('',(0.E0,0.E0,-1.E0));
#1202=VECTOR('',#1201,2.E-1);
#1203=CARTESIAN_POINT('',(4.9E0,2.9E0,1.1E0));
#1204=LINE('',#1203,#1202);
#1205=DIRECTION('',(-1.E0,0.E0,0.E0));
#1206=VECTOR('',#1205,2.E-1);
#1207=CARTESIAN_POINT('',(5.1E0,2.9E0,9.E-1));
#1208=LINE('',#1207,#1206);
#1209=DIRECTION('',(0.E0,0.E0,1.E0));
#1210=VECTOR('',#1209,2.E-1);
#1211=CARTESIAN_POINT('',(5.1E0,2.9E0,9.E-1));
#1212=LINE('',#1211,#1210);
#1213=DIRECTION('',(-2.357022603955E-1,-9.428090415821E-1,2.357022603955E-1));
#1214=VECTOR('',#1213,6.363961030679E-1);
#1215=CARTESIAN_POINT('',(4.9E0,2.9E0,1.1E0));
#1216=LINE('',#1215,#1214);
#1217=DIRECTION('',(-1.E0,0.E0,0.E0));
#1218=VECTOR('',#1217,5.E-1);
#1219=CARTESIAN_POINT('',(5.25E0,2.3E0,1.25E0));
#1220=LINE('',#1219,#1218);
#1221=DIRECTION('',(1.E0,0.E0,0.E0));
#1222=VECTOR('',#1221,5.E-1);
#1223=CARTESIAN_POINT('',(4.75E0,-4.75E0,1.25E0));
#1224=LINE('',#1223,#1222);
#1225=DIRECTION('',(-1.E0,0.E0,0.E0));
#1226=VECTOR('',#1225,5.E-1);
#1227=CARTESIAN_POINT('',(5.25E0,-5.45E0,-4.71E0));
#1228=LINE('',#1227,#1226);
#1229=DIRECTION('',(1.E0,0.E0,0.E0));
#1230=VECTOR('',#1229,5.E-1);
#1231=CARTESIAN_POINT('',(4.75E0,-5.45E0,5.5E-1));
#1232=LINE('',#1231,#1230);
#1233=DIRECTION('',(2.357022603955E-1,-2.357022603955E-1,9.428090415821E-1));
#1234=VECTOR('',#1233,6.363961030679E-1);
#1235=CARTESIAN_POINT('',(5.1E0,-5.3E0,-5.31E0));
#1236=LINE('',#1235,#1234);
#1237=DIRECTION('',(-2.357022603955E-1,-2.357022603955E-1,9.428090415821E-1));
#1238=VECTOR('',#1237,6.363961030679E-1);
#1239=CARTESIAN_POINT('',(4.9E0,-5.3E0,-5.31E0));
#1240=LINE('',#1239,#1238);
#1241=DIRECTION('',(-1.E0,0.E0,0.E0));
#1242=VECTOR('',#1241,2.E-1);
#1243=CARTESIAN_POINT('',(5.1E0,-5.1E0,-5.31E0));
#1244=LINE('',#1243,#1242);
#1245=DIRECTION('',(0.E0,-1.E0,0.E0));
#1246=VECTOR('',#1245,2.E-1);
#1247=CARTESIAN_POINT('',(4.9E0,-5.1E0,-5.31E0));
#1248=LINE('',#1247,#1246);
#1249=DIRECTION('',(-1.E0,0.E0,0.E0));
#1250=VECTOR('',#1249,2.E-1);
#1251=CARTESIAN_POINT('',(5.1E0,-5.3E0,-5.31E0));
#1252=LINE('',#1251,#1250);
#1253=DIRECTION('',(0.E0,1.E0,0.E0));
#1254=VECTOR('',#1253,2.E-1);
#1255=CARTESIAN_POINT('',(5.1E0,-5.3E0,-5.31E0));
#1256=LINE('',#1255,#1254);
#1257=DIRECTION('',(-2.357022603955E-1,2.357022603955E-1,9.428090415821E-1));
#1258=VECTOR('',#1257,6.363961030679E-1);
#1259=CARTESIAN_POINT('',(4.9E0,-5.1E0,-5.31E0));
#1260=LINE('',#1259,#1258);
#1261=DIRECTION('',(-2.357022603955E-1,-2.357022603955E-1,-9.428090415821E-1));
#1262=VECTOR('',#1261,6.363961030679E-1);
#1263=CARTESIAN_POINT('',(5.25E0,-4.95E0,-4.71E0));
#1264=LINE('',#1263,#1262);
#1265=DIRECTION('',(-1.E0,0.E0,0.E0));
#1266=VECTOR('',#1265,5.E-1);
#1267=CARTESIAN_POINT('',(5.25E0,-4.95E0,-4.71E0));
#1268=LINE('',#1267,#1266);
#1269=DIRECTION('',(1.E0,0.E0,0.E0));
#1270=VECTOR('',#1269,5.E-1);
#1271=CARTESIAN_POINT('',(4.75E0,-4.95E0,5.5E-1));
#1272=LINE('',#1271,#1270);
#1273=DIRECTION('',(1.E0,0.E0,0.E0));
#1274=VECTOR('',#1273,5.E-1);
#1275=CARTESIAN_POINT('',(4.75E0,-4.75E0,7.5E-1));
#1276=LINE('',#1275,#1274);
#1277=DIRECTION('',(-1.E0,0.E0,0.E0));
#1278=VECTOR('',#1277,5.E-1);
#1279=CARTESIAN_POINT('',(5.25E0,2.3E0,7.5E-1));
#1280=LINE('',#1279,#1278);
#1281=DIRECTION('',(2.357022603955E-1,-9.428090415821E-1,-2.357022603955E-1));
#1282=VECTOR('',#1281,6.363961030679E-1);
#1283=CARTESIAN_POINT('',(5.1E0,2.9E0,9.E-1));
#1284=LINE('',#1283,#1282);
#1285=DIRECTION('',(-2.357022603955E-1,-9.428090415821E-1,-2.357022603955E-1));
#1286=VECTOR('',#1285,6.363961030679E-1);
#1287=CARTESIAN_POINT('',(4.9E0,2.9E0,9.E-1));
#1288=LINE('',#1287,#1286);
#1289=DIRECTION('',(-1.E0,0.E0,0.E0));
#1290=VECTOR('',#1289,2.E-1);
#1291=CARTESIAN_POINT('',(5.1E0,-3.1E0,-5.31E0));
#1292=LINE('',#1291,#1290);
#1293=DIRECTION('',(0.E0,-1.E0,0.E0));
#1294=VECTOR('',#1293,2.E-1);
#1295=CARTESIAN_POINT('',(4.9E0,-3.1E0,-5.31E0));
#1296=LINE('',#1295,#1294);
#1297=DIRECTION('',(-1.E0,0.E0,0.E0));
#1298=VECTOR('',#1297,2.E-1);
#1299=CARTESIAN_POINT('',(5.1E0,-3.3E0,-5.31E0));
#1300=LINE('',#1299,#1298);
#1301=DIRECTION('',(0.E0,1.E0,0.E0));
#1302=VECTOR('',#1301,2.E-1);
#1303=CARTESIAN_POINT('',(5.1E0,-3.3E0,-5.31E0));
#1304=LINE('',#1303,#1302);
#1305=DIRECTION('',(-2.357022603955E-1,2.357022603955E-1,9.428090415821E-1));
#1306=VECTOR('',#1305,6.363961030679E-1);
#1307=CARTESIAN_POINT('',(4.9E0,-3.1E0,-5.31E0));
#1308=LINE('',#1307,#1306);
#1309=DIRECTION('',(-2.357022603955E-1,-2.357022603955E-1,-9.428090415821E-1));
#1310=VECTOR('',#1309,6.363961030679E-1);
#1311=CARTESIAN_POINT('',(5.25E0,-2.95E0,-4.71E0));
#1312=LINE('',#1311,#1310);
#1313=DIRECTION('',(-1.E0,0.E0,0.E0));
#1314=VECTOR('',#1313,5.E-1);
#1315=CARTESIAN_POINT('',(5.25E0,-2.95E0,-4.71E0));
#1316=LINE('',#1315,#1314);
#1317=DIRECTION('',(1.E0,0.E0,0.E0));
#1318=VECTOR('',#1317,5.E-1);
#1319=CARTESIAN_POINT('',(4.75E0,-2.95E0,-1.45E0));
#1320=LINE('',#1319,#1318);
#1321=DIRECTION('',(0.E0,-5.E-1,8.660254037844E-1));
#1322=VECTOR('',#1321,5.567475985127E-2);
#1323=CARTESIAN_POINT('',(4.75E0,-2.922162620074E0,-1.348215756381E0));
#1324=LINE('',#1323,#1322);
#1325=DIRECTION('',(1.E0,0.E0,0.E0));
#1326=VECTOR('',#1325,5.E-1);
#1327=CARTESIAN_POINT('',(4.75E0,-2.922162620074E0,-1.348215756381E0));
#1328=LINE('',#1327,#1326);
#1329=DIRECTION('',(0.E0,-5.E-1,8.660254037844E-1));
#1330=VECTOR('',#1329,5.567475985127E-2);
#1331=CARTESIAN_POINT('',(5.25E0,-2.922162620074E0,-1.348215756381E0));
#1332=LINE('',#1331,#1330);
#1333=DIRECTION('',(0.E0,1.E0,0.E0));
#1334=VECTOR('',#1333,6.541451884327E-1);
#1335=CARTESIAN_POINT('',(5.65E0,-3.2E0,-2.E0));
#1336=LINE('',#1335,#1334);
#1337=DIRECTION('',(0.E0,1.E0,0.E0));
#1338=VECTOR('',#1337,1.7E0);
#1339=CARTESIAN_POINT('',(6.5E0,-3.2E0,-2.E0));
#1340=LINE('',#1339,#1338);
#1341=DIRECTION('',(0.E0,1.E0,0.E0));
#1342=VECTOR('',#1341,6.541451884327E-1);
#1343=CARTESIAN_POINT('',(-5.65E0,-3.2E0,-2.E0));
#1344=LINE('',#1343,#1342);
#1345=DIRECTION('',(1.E0,0.E0,0.E0));
#1346=VECTOR('',#1345,1.3E0);
#1347=CARTESIAN_POINT('',(-5.65E0,-2.545854811567E0,-2.E0));
#1348=LINE('',#1347,#1346);
#1349=DIRECTION('',(0.E0,1.E0,0.E0));
#1350=VECTOR('',#1349,6.541451884327E-1);
#1351=CARTESIAN_POINT('',(-4.35E0,-3.2E0,-2.E0));
#1352=LINE('',#1351,#1350);
#1353=DIRECTION('',(0.E0,1.E0,0.E0));
#1354=VECTOR('',#1353,6.541451884327E-1);
#1355=CARTESIAN_POINT('',(-3.65E0,-3.2E0,-2.E0));
#1356=LINE('',#1355,#1354);
#1357=DIRECTION('',(1.E0,0.E0,0.E0));
#1358=VECTOR('',#1357,1.3E0);
#1359=CARTESIAN_POINT('',(-3.65E0,-2.545854811567E0,-2.E0));
#1360=LINE('',#1359,#1358);
#1361=DIRECTION('',(0.E0,1.E0,0.E0));
#1362=VECTOR('',#1361,6.541451884327E-1);
#1363=CARTESIAN_POINT('',(-2.35E0,-3.2E0,-2.E0));
#1364=LINE('',#1363,#1362);
#1365=DIRECTION('',(0.E0,1.E0,0.E0));
#1366=VECTOR('',#1365,6.541451884327E-1);
#1367=CARTESIAN_POINT('',(-1.65E0,-3.2E0,-2.E0));
#1368=LINE('',#1367,#1366);
#1369=DIRECTION('',(1.E0,0.E0,0.E0));
#1370=VECTOR('',#1369,1.3E0);
#1371=CARTESIAN_POINT('',(-1.65E0,-2.545854811567E0,-2.E0));
#1372=LINE('',#1371,#1370);
#1373=DIRECTION('',(0.E0,1.E0,0.E0));
#1374=VECTOR('',#1373,6.541451884327E-1);
#1375=CARTESIAN_POINT('',(-3.5E-1,-3.2E0,-2.E0));
#1376=LINE('',#1375,#1374);
#1377=DIRECTION('',(0.E0,1.E0,0.E0));
#1378=VECTOR('',#1377,6.541451884327E-1);
#1379=CARTESIAN_POINT('',(3.5E-1,-3.2E0,-2.E0));
#1380=LINE('',#1379,#1378);
#1381=DIRECTION('',(1.E0,0.E0,0.E0));
#1382=VECTOR('',#1381,1.3E0);
#1383=CARTESIAN_POINT('',(3.5E-1,-2.545854811567E0,-2.E0));
#1384=LINE('',#1383,#1382);
#1385=DIRECTION('',(0.E0,1.E0,0.E0));
#1386=VECTOR('',#1385,6.541451884327E-1);
#1387=CARTESIAN_POINT('',(1.65E0,-3.2E0,-2.E0));
#1388=LINE('',#1387,#1386);
#1389=DIRECTION('',(0.E0,1.E0,0.E0));
#1390=VECTOR('',#1389,6.541451884327E-1);
#1391=CARTESIAN_POINT('',(2.35E0,-3.2E0,-2.E0));
#1392=LINE('',#1391,#1390);
#1393=DIRECTION('',(1.E0,0.E0,0.E0));
#1394=VECTOR('',#1393,1.3E0);
#1395=CARTESIAN_POINT('',(2.35E0,-2.545854811567E0,-2.E0));
#1396=LINE('',#1395,#1394);
#1397=DIRECTION('',(0.E0,1.E0,0.E0));
#1398=VECTOR('',#1397,6.541451884327E-1);
#1399=CARTESIAN_POINT('',(3.65E0,-3.2E0,-2.E0));
#1400=LINE('',#1399,#1398);
#1401=DIRECTION('',(0.E0,1.E0,0.E0));
#1402=VECTOR('',#1401,6.541451884327E-1);
#1403=CARTESIAN_POINT('',(4.35E0,-3.2E0,-2.E0));
#1404=LINE('',#1403,#1402);
#1405=DIRECTION('',(1.E0,0.E0,0.E0));
#1406=VECTOR('',#1405,1.3E0);
#1407=CARTESIAN_POINT('',(4.35E0,-2.545854811567E0,-2.E0));
#1408=LINE('',#1407,#1406);
#1409=DIRECTION('',(1.E0,0.E0,0.E0));
#1410=VECTOR('',#1409,8.5E-1);
#1411=CARTESIAN_POINT('',(-6.5E0,-3.2E0,2.E0));
#1412=LINE('',#1411,#1410);
#1413=DIRECTION('',(0.E0,0.E0,1.E0));
#1414=VECTOR('',#1413,4.E0);
#1415=CARTESIAN_POINT('',(-5.65E0,-3.2E0,-2.E0));
#1416=LINE('',#1415,#1414);
#1417=DIRECTION('',(-1.E0,0.E0,0.E0));
#1418=VECTOR('',#1417,8.5E-1);
#1419=CARTESIAN_POINT('',(-5.65E0,-3.2E0,-2.E0));
#1420=LINE('',#1419,#1418);
#1421=DIRECTION('',(0.E0,0.E0,1.E0));
#1422=VECTOR('',#1421,4.E0);
#1423=CARTESIAN_POINT('',(-6.5E0,-3.2E0,-2.E0));
#1424=LINE('',#1423,#1422);
#1425=DIRECTION('',(0.E0,0.E0,1.E0));
#1426=VECTOR('',#1425,4.E0);
#1427=CARTESIAN_POINT('',(-3.65E0,-3.2E0,-2.E0));
#1428=LINE('',#1427,#1426);
#1429=DIRECTION('',(-1.E0,0.E0,0.E0));
#1430=VECTOR('',#1429,7.E-1);
#1431=CARTESIAN_POINT('',(-3.65E0,-3.2E0,-2.E0));
#1432=LINE('',#1431,#1430);
#1433=DIRECTION('',(0.E0,0.E0,1.E0));
#1434=VECTOR('',#1433,4.E0);
#1435=CARTESIAN_POINT('',(-4.35E0,-3.2E0,-2.E0));
#1436=LINE('',#1435,#1434);
#1437=DIRECTION('',(1.E0,0.E0,0.E0));
#1438=VECTOR('',#1437,7.E-1);
#1439=CARTESIAN_POINT('',(-4.35E0,-3.2E0,2.E0));
#1440=LINE('',#1439,#1438);
#1441=DIRECTION('',(0.E0,0.E0,1.E0));
#1442=VECTOR('',#1441,4.E0);
#1443=CARTESIAN_POINT('',(5.65E0,-3.2E0,-2.E0));
#1444=LINE('',#1443,#1442);
#1445=DIRECTION('',(1.E0,0.E0,0.E0));
#1446=VECTOR('',#1445,8.5E-1);
#1447=CARTESIAN_POINT('',(5.65E0,-3.2E0,2.E0));
#1448=LINE('',#1447,#1446);
#1449=DIRECTION('',(0.E0,0.E0,-1.E0));
#1450=VECTOR('',#1449,4.E0);
#1451=CARTESIAN_POINT('',(6.5E0,-3.2E0,2.E0));
#1452=LINE('',#1451,#1450);
#1453=DIRECTION('',(-1.E0,0.E0,0.E0));
#1454=VECTOR('',#1453,8.5E-1);
#1455=CARTESIAN_POINT('',(6.5E0,-3.2E0,-2.E0));
#1456=LINE('',#1455,#1454);
#1457=DIRECTION('',(0.E0,0.E0,1.E0));
#1458=VECTOR('',#1457,4.E0);
#1459=CARTESIAN_POINT('',(4.35E0,-3.2E0,-2.E0));
#1460=LINE('',#1459,#1458);
#1461=DIRECTION('',(-1.E0,0.E0,0.E0));
#1462=VECTOR('',#1461,7.E-1);
#1463=CARTESIAN_POINT('',(4.35E0,-3.2E0,-2.E0));
#1464=LINE('',#1463,#1462);
#1465=DIRECTION('',(0.E0,0.E0,1.E0));
#1466=VECTOR('',#1465,4.E0);
#1467=CARTESIAN_POINT('',(3.65E0,-3.2E0,-2.E0));
#1468=LINE('',#1467,#1466);
#1469=DIRECTION('',(1.E0,0.E0,0.E0));
#1470=VECTOR('',#1469,7.E-1);
#1471=CARTESIAN_POINT('',(3.65E0,-3.2E0,2.E0));
#1472=LINE('',#1471,#1470);
#1473=DIRECTION('',(1.E0,0.E0,0.E0));
#1474=VECTOR('',#1473,7.E-1);
#1475=CARTESIAN_POINT('',(-2.35E0,-3.2E0,-2.5E-1));
#1476=LINE('',#1475,#1474);
#1477=DIRECTION('',(0.E0,0.E0,1.E0));
#1478=VECTOR('',#1477,1.75E0);
#1479=CARTESIAN_POINT('',(-1.65E0,-3.2E0,-2.E0));
#1480=LINE('',#1479,#1478);
#1481=DIRECTION('',(-1.E0,0.E0,0.E0));
#1482=VECTOR('',#1481,7.E-1);
#1483=CARTESIAN_POINT('',(-1.65E0,-3.2E0,-2.E0));
#1484=LINE('',#1483,#1482);
#1485=DIRECTION('',(0.E0,0.E0,1.E0));
#1486=VECTOR('',#1485,1.75E0);
#1487=CARTESIAN_POINT('',(-2.35E0,-3.2E0,-2.E0));
#1488=LINE('',#1487,#1486);
#1489=DIRECTION('',(1.E0,0.E0,0.E0));
#1490=VECTOR('',#1489,7.E-1);
#1491=CARTESIAN_POINT('',(-3.5E-1,-3.2E0,-2.5E-1));
#1492=LINE('',#1491,#1490);
#1493=DIRECTION('',(0.E0,0.E0,1.E0));
#1494=VECTOR('',#1493,1.75E0);
#1495=CARTESIAN_POINT('',(3.5E-1,-3.2E0,-2.E0));
#1496=LINE('',#1495,#1494);
#1497=DIRECTION('',(-1.E0,0.E0,0.E0));
#1498=VECTOR('',#1497,7.E-1);
#1499=CARTESIAN_POINT('',(3.5E-1,-3.2E0,-2.E0));
#1500=LINE('',#1499,#1498);
#1501=DIRECTION('',(0.E0,0.E0,1.E0));
#1502=VECTOR('',#1501,1.75E0);
#1503=CARTESIAN_POINT('',(-3.5E-1,-3.2E0,-2.E0));
#1504=LINE('',#1503,#1502);
#1505=DIRECTION('',(1.E0,0.E0,0.E0));
#1506=VECTOR('',#1505,7.E-1);
#1507=CARTESIAN_POINT('',(1.65E0,-3.2E0,-2.5E-1));
#1508=LINE('',#1507,#1506);
#1509=DIRECTION('',(0.E0,0.E0,1.E0));
#1510=VECTOR('',#1509,1.75E0);
#1511=CARTESIAN_POINT('',(2.35E0,-3.2E0,-2.E0));
#1512=LINE('',#1511,#1510);
#1513=DIRECTION('',(-1.E0,0.E0,0.E0));
#1514=VECTOR('',#1513,7.E-1);
#1515=CARTESIAN_POINT('',(2.35E0,-3.2E0,-2.E0));
#1516=LINE('',#1515,#1514);
#1517=DIRECTION('',(0.E0,0.E0,1.E0));
#1518=VECTOR('',#1517,1.75E0);
#1519=CARTESIAN_POINT('',(1.65E0,-3.2E0,-2.E0));
#1520=LINE('',#1519,#1518);
#1521=DIRECTION('',(-1.E0,0.E0,0.E0));
#1522=VECTOR('',#1521,7.E-1);
#1523=CARTESIAN_POINT('',(2.35E0,-3.2E0,2.5E-1));
#1524=LINE('',#1523,#1522);
#1525=DIRECTION('',(0.E0,0.E0,1.E0));
#1526=VECTOR('',#1525,1.75E0);
#1527=CARTESIAN_POINT('',(1.65E0,-3.2E0,2.5E-1));
#1528=LINE('',#1527,#1526);
#1529=DIRECTION('',(1.E0,0.E0,0.E0));
#1530=VECTOR('',#1529,7.E-1);
#1531=CARTESIAN_POINT('',(1.65E0,-3.2E0,2.E0));
#1532=LINE('',#1531,#1530);
#1533=DIRECTION('',(0.E0,0.E0,1.E0));
#1534=VECTOR('',#1533,1.75E0);
#1535=CARTESIAN_POINT('',(2.35E0,-3.2E0,2.5E-1));
#1536=LINE('',#1535,#1534);
#1537=DIRECTION('',(-1.E0,0.E0,0.E0));
#1538=VECTOR('',#1537,7.E-1);
#1539=CARTESIAN_POINT('',(3.5E-1,-3.2E0,2.5E-1));
#1540=LINE('',#1539,#1538);
#1541=DIRECTION('',(0.E0,0.E0,1.E0));
#1542=VECTOR('',#1541,1.75E0);
#1543=CARTESIAN_POINT('',(-3.5E-1,-3.2E0,2.5E-1));
#1544=LINE('',#1543,#1542);
#1545=DIRECTION('',(1.E0,0.E0,0.E0));
#1546=VECTOR('',#1545,7.E-1);
#1547=CARTESIAN_POINT('',(-3.5E-1,-3.2E0,2.E0));
#1548=LINE('',#1547,#1546);
#1549=DIRECTION('',(0.E0,0.E0,1.E0));
#1550=VECTOR('',#1549,1.75E0);
#1551=CARTESIAN_POINT('',(3.5E-1,-3.2E0,2.5E-1));
#1552=LINE('',#1551,#1550);
#1553=DIRECTION('',(-1.E0,0.E0,0.E0));
#1554=VECTOR('',#1553,7.E-1);
#1555=CARTESIAN_POINT('',(-1.65E0,-3.2E0,2.5E-1));
#1556=LINE('',#1555,#1554);
#1557=DIRECTION('',(0.E0,0.E0,1.E0));
#1558=VECTOR('',#1557,1.75E0);
#1559=CARTESIAN_POINT('',(-2.35E0,-3.2E0,2.5E-1));
#1560=LINE('',#1559,#1558);
#1561=DIRECTION('',(1.E0,0.E0,0.E0));
#1562=VECTOR('',#1561,7.E-1);
#1563=CARTESIAN_POINT('',(-2.35E0,-3.2E0,2.E0));
#1564=LINE('',#1563,#1562);
#1565=DIRECTION('',(0.E0,0.E0,1.E0));
#1566=VECTOR('',#1565,1.75E0);
#1567=CARTESIAN_POINT('',(-1.65E0,-3.2E0,2.5E-1));
#1568=LINE('',#1567,#1566);
#1569=DIRECTION('',(0.E0,1.E0,0.E0));
#1570=VECTOR('',#1569,6.541451884327E-1);
#1571=CARTESIAN_POINT('',(5.65E0,-3.2E0,2.E0));
#1572=LINE('',#1571,#1570);
#1573=DIRECTION('',(1.E0,0.E0,0.E0));
#1574=VECTOR('',#1573,1.3E0);
#1575=CARTESIAN_POINT('',(4.35E0,-2.545854811567E0,2.E0));
#1576=LINE('',#1575,#1574);
#1577=DIRECTION('',(0.E0,1.E0,0.E0));
#1578=VECTOR('',#1577,6.541451884327E-1);
#1579=CARTESIAN_POINT('',(4.35E0,-3.2E0,2.E0));
#1580=LINE('',#1579,#1578);
#1581=DIRECTION('',(0.E0,1.E0,0.E0));
#1582=VECTOR('',#1581,6.541451884327E-1);
#1583=CARTESIAN_POINT('',(3.65E0,-3.2E0,2.E0));
#1584=LINE('',#1583,#1582);
#1585=DIRECTION('',(1.E0,0.E0,0.E0));
#1586=VECTOR('',#1585,1.3E0);
#1587=CARTESIAN_POINT('',(2.35E0,-2.545854811567E0,2.E0));
#1588=LINE('',#1587,#1586);
#1589=DIRECTION('',(0.E0,1.E0,0.E0));
#1590=VECTOR('',#1589,6.541451884327E-1);
#1591=CARTESIAN_POINT('',(2.35E0,-3.2E0,2.E0));
#1592=LINE('',#1591,#1590);
#1593=DIRECTION('',(0.E0,1.E0,0.E0));
#1594=VECTOR('',#1593,6.541451884327E-1);
#1595=CARTESIAN_POINT('',(1.65E0,-3.2E0,2.E0));
#1596=LINE('',#1595,#1594);
#1597=DIRECTION('',(1.E0,0.E0,0.E0));
#1598=VECTOR('',#1597,1.3E0);
#1599=CARTESIAN_POINT('',(3.5E-1,-2.545854811567E0,2.E0));
#1600=LINE('',#1599,#1598);
#1601=DIRECTION('',(0.E0,1.E0,0.E0));
#1602=VECTOR('',#1601,6.541451884327E-1);
#1603=CARTESIAN_POINT('',(3.5E-1,-3.2E0,2.E0));
#1604=LINE('',#1603,#1602);
#1605=DIRECTION('',(0.E0,1.E0,0.E0));
#1606=VECTOR('',#1605,6.541451884327E-1);
#1607=CARTESIAN_POINT('',(-3.5E-1,-3.2E0,2.E0));
#1608=LINE('',#1607,#1606);
#1609=DIRECTION('',(1.E0,0.E0,0.E0));
#1610=VECTOR('',#1609,1.3E0);
#1611=CARTESIAN_POINT('',(-1.65E0,-2.545854811567E0,2.E0));
#1612=LINE('',#1611,#1610);
#1613=DIRECTION('',(0.E0,1.E0,0.E0));
#1614=VECTOR('',#1613,6.541451884327E-1);
#1615=CARTESIAN_POINT('',(-1.65E0,-3.2E0,2.E0));
#1616=LINE('',#1615,#1614);
#1617=DIRECTION('',(0.E0,1.E0,0.E0));
#1618=VECTOR('',#1617,6.541451884327E-1);
#1619=CARTESIAN_POINT('',(-2.35E0,-3.2E0,2.E0));
#1620=LINE('',#1619,#1618);
#1621=DIRECTION('',(1.E0,0.E0,0.E0));
#1622=VECTOR('',#1621,1.3E0);
#1623=CARTESIAN_POINT('',(-3.65E0,-2.545854811567E0,2.E0));
#1624=LINE('',#1623,#1622);
#1625=DIRECTION('',(0.E0,1.E0,0.E0));
#1626=VECTOR('',#1625,6.541451884327E-1);
#1627=CARTESIAN_POINT('',(-3.65E0,-3.2E0,2.E0));
#1628=LINE('',#1627,#1626);
#1629=DIRECTION('',(0.E0,1.E0,0.E0));
#1630=VECTOR('',#1629,6.541451884327E-1);
#1631=CARTESIAN_POINT('',(-4.35E0,-3.2E0,2.E0));
#1632=LINE('',#1631,#1630);
#1633=DIRECTION('',(1.E0,0.E0,0.E0));
#1634=VECTOR('',#1633,1.3E0);
#1635=CARTESIAN_POINT('',(-5.65E0,-2.545854811567E0,2.E0));
#1636=LINE('',#1635,#1634);
#1637=DIRECTION('',(0.E0,1.E0,0.E0));
#1638=VECTOR('',#1637,6.541451884327E-1);
#1639=CARTESIAN_POINT('',(-5.65E0,-3.2E0,2.E0));
#1640=LINE('',#1639,#1638);
#1641=DIRECTION('',(0.E0,1.E0,0.E0));
#1642=VECTOR('',#1641,1.7E0);
#1643=CARTESIAN_POINT('',(-6.5E0,-3.2E0,2.E0));
#1644=LINE('',#1643,#1642);
#1645=DIRECTION('',(-1.E0,0.E0,0.E0));
#1646=VECTOR('',#1645,1.3E0);
#1647=CARTESIAN_POINT('',(5.65E0,-2.95E0,1.3E0));
#1648=LINE('',#1647,#1646);
#1649=DIRECTION('',(0.E0,0.E0,1.E0));
#1650=VECTOR('',#1649,1.05E0);
#1651=CARTESIAN_POINT('',(4.35E0,-2.95E0,-1.3E0));
#1652=LINE('',#1651,#1650);
#1653=DIRECTION('',(0.E0,-5.E-1,8.660254037844E-1));
#1654=VECTOR('',#1653,8.082903768655E-1);
#1655=CARTESIAN_POINT('',(4.35E0,-2.545854811567E0,-2.E0));
#1656=LINE('',#1655,#1654);
#1657=DIRECTION('',(0.E0,5.E-1,8.660254037844E-1));
#1658=VECTOR('',#1657,8.082903768655E-1);
#1659=CARTESIAN_POINT('',(4.35E0,-2.95E0,1.3E0));
#1660=LINE('',#1659,#1658);
#1661=DIRECTION('',(0.E0,0.E0,1.E0));
#1662=VECTOR('',#1661,1.05E0);
#1663=CARTESIAN_POINT('',(4.35E0,-2.95E0,2.5E-1));
#1664=LINE('',#1663,#1662);
#1665=DIRECTION('',(0.E0,1.E0,0.E0));
#1666=VECTOR('',#1665,2.5E-1);
#1667=CARTESIAN_POINT('',(4.35E0,-2.95E0,2.5E-1));
#1668=LINE('',#1667,#1666);
#1669=DIRECTION('',(0.E0,1.E0,0.E0));
#1670=VECTOR('',#1669,2.5E-1);
#1671=CARTESIAN_POINT('',(4.35E0,-2.95E0,-2.5E-1));
#1672=LINE('',#1671,#1670);
#1673=DIRECTION('',(0.E0,0.E0,1.E0));
#1674=VECTOR('',#1673,1.05E0);
#1675=CARTESIAN_POINT('',(3.65E0,-2.95E0,2.5E-1));
#1676=LINE('',#1675,#1674);
#1677=DIRECTION('',(0.E0,5.E-1,8.660254037844E-1));
#1678=VECTOR('',#1677,8.082903768655E-1);
#1679=CARTESIAN_POINT('',(3.65E0,-2.95E0,1.3E0));
#1680=LINE('',#1679,#1678);
#1681=DIRECTION('',(0.E0,-5.E-1,8.660254037844E-1));
#1682=VECTOR('',#1681,8.082903768655E-1);
#1683=CARTESIAN_POINT('',(3.65E0,-2.545854811567E0,-2.E0));
#1684=LINE('',#1683,#1682);
#1685=DIRECTION('',(0.E0,0.E0,1.E0));
#1686=VECTOR('',#1685,1.05E0);
#1687=CARTESIAN_POINT('',(3.65E0,-2.95E0,-1.3E0));
#1688=LINE('',#1687,#1686);
#1689=DIRECTION('',(0.E0,1.E0,0.E0));
#1690=VECTOR('',#1689,2.5E-1);
#1691=CARTESIAN_POINT('',(3.65E0,-2.95E0,-2.5E-1));
#1692=LINE('',#1691,#1690);
#1693=DIRECTION('',(0.E0,1.E0,0.E0));
#1694=VECTOR('',#1693,2.5E-1);
#1695=CARTESIAN_POINT('',(3.65E0,-2.95E0,2.5E-1));
#1696=LINE('',#1695,#1694);
#1697=DIRECTION('',(0.E0,1.E0,0.E0));
#1698=VECTOR('',#1697,2.5E-1);
#1699=CARTESIAN_POINT('',(2.35E0,-3.2E0,-2.5E-1));
#1700=LINE('',#1699,#1698);
#1701=DIRECTION('',(0.E0,0.E0,1.E0));
#1702=VECTOR('',#1701,1.05E0);
#1703=CARTESIAN_POINT('',(2.35E0,-2.95E0,-1.3E0));
#1704=LINE('',#1703,#1702);
#1705=DIRECTION('',(0.E0,-5.E-1,8.660254037844E-1));
#1706=VECTOR('',#1705,8.082903768655E-1);
#1707=CARTESIAN_POINT('',(2.35E0,-2.545854811567E0,-2.E0));
#1708=LINE('',#1707,#1706);
#1709=DIRECTION('',(0.E0,1.E0,0.E0));
#1710=VECTOR('',#1709,2.5E-1);
#1711=CARTESIAN_POINT('',(2.35E0,-3.2E0,2.5E-1));
#1712=LINE('',#1711,#1710);
#1713=DIRECTION('',(0.E0,5.E-1,8.660254037844E-1));
#1714=VECTOR('',#1713,8.082903768655E-1);
#1715=CARTESIAN_POINT('',(2.35E0,-2.95E0,1.3E0));
#1716=LINE('',#1715,#1714);
#1717=DIRECTION('',(0.E0,0.E0,1.E0));
#1718=VECTOR('',#1717,1.05E0);
#1719=CARTESIAN_POINT('',(2.35E0,-2.95E0,2.5E-1));
#1720=LINE('',#1719,#1718);
#1721=DIRECTION('',(0.E0,1.E0,0.E0));
#1722=VECTOR('',#1721,2.5E-1);
#1723=CARTESIAN_POINT('',(-3.65E0,-2.95E0,-2.5E-1));
#1724=LINE('',#1723,#1722);
#1725=DIRECTION('',(0.E0,1.E0,0.E0));
#1726=VECTOR('',#1725,2.5E-1);
#1727=CARTESIAN_POINT('',(-2.35E0,-3.2E0,-2.5E-1));
#1728=LINE('',#1727,#1726);
#1729=DIRECTION('',(0.E0,-5.E-1,8.660254037844E-1));
#1730=VECTOR('',#1729,8.082903768655E-1);
#1731=CARTESIAN_POINT('',(-2.35E0,-2.545854811567E0,-2.E0));
#1732=LINE('',#1731,#1730);
#1733=DIRECTION('',(0.E0,0.E0,1.E0));
#1734=VECTOR('',#1733,1.05E0);
#1735=CARTESIAN_POINT('',(-2.35E0,-2.95E0,-1.3E0));
#1736=LINE('',#1735,#1734);
#1737=DIRECTION('',(0.E0,1.E0,0.E0));
#1738=VECTOR('',#1737,2.5E-1);
#1739=CARTESIAN_POINT('',(-2.35E0,-3.2E0,2.5E-1));
#1740=LINE('',#1739,#1738);
#1741=DIRECTION('',(0.E0,0.E0,1.E0));
#1742=VECTOR('',#1741,1.05E0);
#1743=CARTESIAN_POINT('',(-2.35E0,-2.95E0,2.5E-1));
#1744=LINE('',#1743,#1742);
#1745=DIRECTION('',(0.E0,5.E-1,8.660254037844E-1));
#1746=VECTOR('',#1745,8.082903768655E-1);
#1747=CARTESIAN_POINT('',(-2.35E0,-2.95E0,1.3E0));
#1748=LINE('',#1747,#1746);
#1749=DIRECTION('',(0.E0,-5.E-1,8.660254037844E-1));
#1750=VECTOR('',#1749,5.567475985127E-2);
#1751=CARTESIAN_POINT('',(-3.25E0,-2.922162620074E0,-1.348215756381E0));
#1752=LINE('',#1751,#1750);
#1753=DIRECTION('',(1.E0,0.E0,0.E0));
#1754=VECTOR('',#1753,5.E-1);
#1755=CARTESIAN_POINT('',(-3.25E0,-2.922162620074E0,-1.348215756381E0));
#1756=LINE('',#1755,#1754);
#1757=DIRECTION('',(0.E0,-5.E-1,8.660254037844E-1));
#1758=VECTOR('',#1757,5.567475985127E-2);
#1759=CARTESIAN_POINT('',(-2.75E0,-2.922162620074E0,-1.348215756381E0));
#1760=LINE('',#1759,#1758);
#1761=DIRECTION('',(0.E0,0.E0,-1.E0));
#1762=VECTOR('',#1761,5.E-1);
#1763=CARTESIAN_POINT('',(-3.25E0,2.3E0,-7.5E-1));
#1764=LINE('',#1763,#1762);
#1765=DIRECTION('',(0.E0,-1.E0,0.E0));
#1766=VECTOR('',#1765,3.E0);
#1767=CARTESIAN_POINT('',(-3.25E0,2.3E0,-7.5E-1));
#1768=LINE('',#1767,#1766);
#1769=DIRECTION('',(0.E0,1.E0,0.E0));
#1770=VECTOR('',#1769,3.E0);
#1771=CARTESIAN_POINT('',(-3.25E0,-7.E-1,-1.25E0));
#1772=LINE('',#1771,#1770);
#1773=DIRECTION('',(0.E0,0.E0,-1.E0));
#1774=VECTOR('',#1773,5.E-1);
#1775=CARTESIAN_POINT('',(-3.25E0,2.3E0,1.25E0));
#1776=LINE('',#1775,#1774);
#1777=DIRECTION('',(0.E0,-1.E0,0.E0));
#1778=VECTOR('',#1777,3.E0);
#1779=CARTESIAN_POINT('',(-3.25E0,2.3E0,1.25E0));
#1780=LINE('',#1779,#1778);
#1781=DIRECTION('',(0.E0,1.E0,0.E0));
#1782=VECTOR('',#1781,3.E0);
#1783=CARTESIAN_POINT('',(-3.25E0,-7.E-1,7.5E-1));
#1784=LINE('',#1783,#1782);
#1785=DIRECTION('',(0.E0,-1.E0,0.E0));
#1786=VECTOR('',#1785,5.E-1);
#1787=CARTESIAN_POINT('',(-3.25E0,-2.95E0,-4.71E0));
#1788=LINE('',#1787,#1786);
#1789=DIRECTION('',(0.E0,0.E0,1.E0));
#1790=VECTOR('',#1789,3.26E0);
#1791=CARTESIAN_POINT('',(-3.25E0,-2.95E0,-4.71E0));
#1792=LINE('',#1791,#1790);
#1793=CARTESIAN_POINT('',(-3.25E0,-2.75E0,-1.45E0));
#1794=DIRECTION('',(-1.E0,0.E0,0.E0));
#1795=DIRECTION('',(0.E0,-1.E0,2.453592884422E-13));
#1796=AXIS2_PLACEMENT_3D('',#1793,#1794,#1795);
#1798=CARTESIAN_POINT('',(-3.25E0,-2.75E0,-1.45E0));
#1799=DIRECTION('',(1.E0,0.E0,0.E0));
#1800=DIRECTION('',(0.E0,-2.857142857143E-1,9.583148474999E-1));
#1801=AXIS2_PLACEMENT_3D('',#1798,#1799,#1800);
#1803=DIRECTION('',(0.E0,0.E0,-1.E0));
#1804=VECTOR('',#1803,3.26E0);
#1805=CARTESIAN_POINT('',(-3.25E0,-3.45E0,-1.45E0));
#1806=LINE('',#1805,#1804);
#1807=DIRECTION('',(0.E0,-1.E0,0.E0));
#1808=VECTOR('',#1807,5.E-1);
#1809=CARTESIAN_POINT('',(-3.25E0,-4.95E0,-4.71E0));
#1810=LINE('',#1809,#1808);
#1811=DIRECTION('',(0.E0,0.E0,1.E0));
#1812=VECTOR('',#1811,5.26E0);
#1813=CARTESIAN_POINT('',(-3.25E0,-4.95E0,-4.71E0));
#1814=LINE('',#1813,#1812);
#1815=CARTESIAN_POINT('',(-3.25E0,-4.75E0,5.5E-1));
#1816=DIRECTION('',(-1.E0,0.E0,0.E0));
#1817=DIRECTION('',(0.E0,-1.E0,0.E0));
#1818=AXIS2_PLACEMENT_3D('',#1815,#1816,#1817);
#1820=DIRECTION('',(0.E0,1.E0,0.E0));
#1821=VECTOR('',#1820,1.8E0);
#1822=CARTESIAN_POINT('',(-3.25E0,-4.75E0,7.5E-1));
#1823=LINE('',#1822,#1821);
#1824=DIRECTION('',(0.E0,-1.E0,0.E0));
#1825=VECTOR('',#1824,1.8E0);
#1826=CARTESIAN_POINT('',(-3.25E0,-2.95E0,1.25E0));
#1827=LINE('',#1826,#1825);
#1828=CARTESIAN_POINT('',(-3.25E0,-4.75E0,5.5E-1));
#1829=DIRECTION('',(1.E0,0.E0,0.E0));
#1830=DIRECTION('',(0.E0,0.E0,1.E0));
#1831=AXIS2_PLACEMENT_3D('',#1828,#1829,#1830);
#1833=DIRECTION('',(0.E0,0.E0,-1.E0));
#1834=VECTOR('',#1833,5.26E0);
#1835=CARTESIAN_POINT('',(-3.25E0,-5.45E0,5.5E-1));
#1836=LINE('',#1835,#1834);
#1837=DIRECTION('',(-2.357022603955E-1,-9.428090415821E-1,-2.357022603955E-1));
#1838=VECTOR('',#1837,6.363961030679E-1);
#1839=CARTESIAN_POINT('',(-3.1E0,2.9E0,-1.1E0));
#1840=LINE('',#1839,#1838);
#1841=DIRECTION('',(2.357022603955E-1,-9.428090415821E-1,-2.357022603955E-1));
#1842=VECTOR('',#1841,6.363961030679E-1);
#1843=CARTESIAN_POINT('',(-2.9E0,2.9E0,-1.1E0));
#1844=LINE('',#1843,#1842);
#1845=DIRECTION('',(-1.E0,0.E0,0.E0));
#1846=VECTOR('',#1845,5.E-1);
#1847=CARTESIAN_POINT('',(-2.75E0,2.3E0,-1.25E0));
#1848=LINE('',#1847,#1846);
#1849=DIRECTION('',(0.E0,0.E0,1.E0));
#1850=VECTOR('',#1849,5.E-1);
#1851=CARTESIAN_POINT('',(-2.75E0,2.3E0,-1.25E0));
#1852=LINE('',#1851,#1850);
#1853=DIRECTION('',(0.E0,1.E0,0.E0));
#1854=VECTOR('',#1853,3.E0);
#1855=CARTESIAN_POINT('',(-2.75E0,-7.E-1,-1.25E0));
#1856=LINE('',#1855,#1854);
#1857=DIRECTION('',(0.E0,-1.E0,0.E0));
#1858=VECTOR('',#1857,3.E0);
#1859=CARTESIAN_POINT('',(-2.75E0,2.3E0,-7.5E-1));
#1860=LINE('',#1859,#1858);
#1861=DIRECTION('',(0.E0,0.E0,1.E0));
#1862=VECTOR('',#1861,5.E-1);
#1863=CARTESIAN_POINT('',(-2.75E0,2.3E0,7.5E-1));
#1864=LINE('',#1863,#1862);
#1865=DIRECTION('',(0.E0,1.E0,0.E0));
#1866=VECTOR('',#1865,3.E0);
#1867=CARTESIAN_POINT('',(-2.75E0,-7.E-1,7.5E-1));
#1868=LINE('',#1867,#1866);
#1869=DIRECTION('',(0.E0,-1.E0,0.E0));
#1870=VECTOR('',#1869,3.E0);
#1871=CARTESIAN_POINT('',(-2.75E0,2.3E0,1.25E0));
#1872=LINE('',#1871,#1870);
#1873=DIRECTION('',(0.E0,1.E0,0.E0));
#1874=VECTOR('',#1873,5.E-1);
#1875=CARTESIAN_POINT('',(-2.75E0,-3.45E0,-4.71E0));
#1876=LINE('',#1875,#1874);
#1877=DIRECTION('',(0.E0,0.E0,-1.E0));
#1878=VECTOR('',#1877,3.26E0);
#1879=CARTESIAN_POINT('',(-2.75E0,-3.45E0,-1.45E0));
#1880=LINE('',#1879,#1878);
#1881=CARTESIAN_POINT('',(-2.75E0,-2.75E0,-1.45E0));
#1882=DIRECTION('',(1.E0,0.E0,0.E0));
#1883=DIRECTION('',(0.E0,-2.857142857143E-1,9.583148474999E-1));
#1884=AXIS2_PLACEMENT_3D('',#1881,#1882,#1883);
#1886=CARTESIAN_POINT('',(-2.75E0,-2.75E0,-1.45E0));
#1887=DIRECTION('',(-1.E0,0.E0,0.E0));
#1888=DIRECTION('',(0.E0,-1.E0,2.453592884422E-13));
#1889=AXIS2_PLACEMENT_3D('',#1886,#1887,#1888);
#1891=DIRECTION('',(0.E0,0.E0,1.E0));
#1892=VECTOR('',#1891,3.26E0);
#1893=CARTESIAN_POINT('',(-2.75E0,-2.95E0,-4.71E0));
#1894=LINE('',#1893,#1892);
#1895=DIRECTION('',(0.E0,1.E0,0.E0));
#1896=VECTOR('',#1895,5.E-1);
#1897=CARTESIAN_POINT('',(-2.75E0,-5.45E0,-4.71E0));
#1898=LINE('',#1897,#1896);
#1899=DIRECTION('',(0.E0,0.E0,-1.E0));
#1900=VECTOR('',#1899,5.26E0);
#1901=CARTESIAN_POINT('',(-2.75E0,-5.45E0,5.5E-1));
#1902=LINE('',#1901,#1900);
#1903=CARTESIAN_POINT('',(-2.75E0,-4.75E0,5.5E-1));
#1904=DIRECTION('',(1.E0,0.E0,0.E0));
#1905=DIRECTION('',(0.E0,0.E0,1.E0));
#1906=AXIS2_PLACEMENT_3D('',#1903,#1904,#1905);
#1908=DIRECTION('',(0.E0,-1.E0,0.E0));
#1909=VECTOR('',#1908,1.8E0);
#1910=CARTESIAN_POINT('',(-2.75E0,-2.95E0,1.25E0));
#1911=LINE('',#1910,#1909);
#1912=DIRECTION('',(0.E0,1.E0,0.E0));
#1913=VECTOR('',#1912,1.8E0);
#1914=CARTESIAN_POINT('',(-2.75E0,-4.75E0,7.5E-1));
#1915=LINE('',#1914,#1913);
#1916=CARTESIAN_POINT('',(-2.75E0,-4.75E0,5.5E-1));
#1917=DIRECTION('',(-1.E0,0.E0,0.E0));
#1918=DIRECTION('',(0.E0,-1.E0,0.E0));
#1919=AXIS2_PLACEMENT_3D('',#1916,#1917,#1918);
#1921=DIRECTION('',(0.E0,0.E0,1.E0));
#1922=VECTOR('',#1921,5.26E0);
#1923=CARTESIAN_POINT('',(-2.75E0,-4.95E0,-4.71E0));
#1924=LINE('',#1923,#1922);
#1925=DIRECTION('',(-1.E0,0.E0,0.E0));
#1926=VECTOR('',#1925,2.E-1);
#1927=CARTESIAN_POINT('',(-2.9E0,2.9E0,-9.E-1));
#1928=LINE('',#1927,#1926);
#1929=DIRECTION('',(0.E0,0.E0,-1.E0));
#1930=VECTOR('',#1929,2.E-1);
#1931=CARTESIAN_POINT('',(-3.1E0,2.9E0,-9.E-1));
#1932=LINE('',#1931,#1930);
#1933=DIRECTION('',(-1.E0,0.E0,0.E0));
#1934=VECTOR('',#1933,2.E-1);
#1935=CARTESIAN_POINT('',(-2.9E0,2.9E0,-1.1E0));
#1936=LINE('',#1935,#1934);
#1937=DIRECTION('',(0.E0,0.E0,1.E0));
#1938=VECTOR('',#1937,2.E-1);
#1939=CARTESIAN_POINT('',(-2.9E0,2.9E0,-1.1E0));
#1940=LINE('',#1939,#1938);
#1941=DIRECTION('',(-2.357022603955E-1,-9.428090415821E-1,2.357022603955E-1));
#1942=VECTOR('',#1941,6.363961030679E-1);
#1943=CARTESIAN_POINT('',(-3.1E0,2.9E0,-9.E-1));
#1944=LINE('',#1943,#1942);
#1945=DIRECTION('',(-2.357022603955E-1,9.428090415821E-1,-2.357022603955E-1));
#1946=VECTOR('',#1945,6.363961030679E-1);
#1947=CARTESIAN_POINT('',(-2.75E0,2.3E0,-7.5E-1));
#1948=LINE('',#1947,#1946);
#1949=DIRECTION('',(-1.E0,0.E0,0.E0));
#1950=VECTOR('',#1949,5.E-1);
#1951=CARTESIAN_POINT('',(-2.75E0,2.3E0,-7.5E-1));
#1952=LINE('',#1951,#1950);
#1953=DIRECTION('',(2.357022603955E-1,-9.428090415821E-1,2.357022603955E-1));
#1954=VECTOR('',#1953,6.363961030679E-1);
#1955=CARTESIAN_POINT('',(-2.9E0,2.9E0,1.1E0));
#1956=LINE('',#1955,#1954);
#1957=DIRECTION('',(-1.E0,0.E0,0.E0));
#1958=VECTOR('',#1957,2.E-1);
#1959=CARTESIAN_POINT('',(-2.9E0,2.9E0,1.1E0));
#1960=LINE('',#1959,#1958);
#1961=DIRECTION('',(0.E0,0.E0,-1.E0));
#1962=VECTOR('',#1961,2.E-1);
#1963=CARTESIAN_POINT('',(-3.1E0,2.9E0,1.1E0));
#1964=LINE('',#1963,#1962);
#1965=DIRECTION('',(-1.E0,0.E0,0.E0));
#1966=VECTOR('',#1965,2.E-1);
#1967=CARTESIAN_POINT('',(-2.9E0,2.9E0,9.E-1));
#1968=LINE('',#1967,#1966);
#1969=DIRECTION('',(0.E0,0.E0,1.E0));
#1970=VECTOR('',#1969,2.E-1);
#1971=CARTESIAN_POINT('',(-2.9E0,2.9E0,9.E-1));
#1972=LINE('',#1971,#1970);
#1973=DIRECTION('',(-2.357022603955E-1,-9.428090415821E-1,2.357022603955E-1));
#1974=VECTOR('',#1973,6.363961030679E-1);
#1975=CARTESIAN_POINT('',(-3.1E0,2.9E0,1.1E0));
#1976=LINE('',#1975,#1974);
#1977=DIRECTION('',(-1.E0,0.E0,0.E0));
#1978=VECTOR('',#1977,5.E-1);
#1979=CARTESIAN_POINT('',(-2.75E0,2.3E0,1.25E0));
#1980=LINE('',#1979,#1978);
#1981=DIRECTION('',(0.E0,0.E0,1.E0));
#1982=VECTOR('',#1981,5.E-1);
#1983=CARTESIAN_POINT('',(-3.25E0,-2.95E0,7.5E-1));
#1984=LINE('',#1983,#1982);
#1985=DIRECTION('',(1.E0,0.E0,0.E0));
#1986=VECTOR('',#1985,5.E-1);
#1987=CARTESIAN_POINT('',(-3.25E0,-2.95E0,7.5E-1));
#1988=LINE('',#1987,#1986);
#1989=DIRECTION('',(0.E0,0.E0,1.E0));
#1990=VECTOR('',#1989,5.E-1);
#1991=CARTESIAN_POINT('',(-2.75E0,-2.95E0,7.5E-1));
#1992=LINE('',#1991,#1990);
#1993=DIRECTION('',(1.E0,0.E0,0.E0));
#1994=VECTOR('',#1993,5.E-1);
#1995=CARTESIAN_POINT('',(-3.25E0,-2.95E0,1.25E0));
#1996=LINE('',#1995,#1994);
#1997=DIRECTION('',(1.E0,0.E0,0.E0));
#1998=VECTOR('',#1997,1.3E0);
#1999=CARTESIAN_POINT('',(-3.65E0,-2.95E0,-2.5E-1));
#2000=LINE('',#1999,#1998);
#2001=DIRECTION('',(-1.E0,0.E0,0.E0));
#2002=VECTOR('',#2001,4.E-1);
#2003=CARTESIAN_POINT('',(-2.35E0,-2.95E0,-1.3E0));
#2004=LINE('',#2003,#2002);
#2005=DIRECTION('',(0.E0,0.E0,1.E0));
#2006=VECTOR('',#2005,5.208203932499E-1);
#2007=CARTESIAN_POINT('',(-2.75E0,-2.95E0,-1.3E0));
#2008=LINE('',#2007,#2006);
#2009=DIRECTION('',(1.E0,0.E0,0.E0));
#2010=VECTOR('',#2009,5.E-1);
#2011=CARTESIAN_POINT('',(-3.25E0,-2.95E0,-7.791796067501E-1));
#2012=LINE('',#2011,#2010);
#2013=DIRECTION('',(0.E0,0.E0,1.E0));
#2014=VECTOR('',#2013,5.208203932499E-1);
#2015=CARTESIAN_POINT('',(-3.25E0,-2.95E0,-1.3E0));
#2016=LINE('',#2015,#2014);
#2017=DIRECTION('',(-1.E0,0.E0,0.E0));
#2018=VECTOR('',#2017,4.E-1);
#2019=CARTESIAN_POINT('',(-3.25E0,-2.95E0,-1.3E0));
#2020=LINE('',#2019,#2018);
#2021=DIRECTION('',(1.E0,0.E0,0.E0));
#2022=VECTOR('',#2021,1.3E0);
#2023=CARTESIAN_POINT('',(-3.65E0,-2.95E0,2.5E-1));
#2024=LINE('',#2023,#2022);
#2025=DIRECTION('',(1.E0,0.E0,0.E0));
#2026=VECTOR('',#2025,5.E-1);
#2027=CARTESIAN_POINT('',(-3.25E0,-4.75E0,7.5E-1));
#2028=LINE('',#2027,#2026);
#2029=DIRECTION('',(-1.E0,0.E0,0.E0));
#2030=VECTOR('',#2029,5.E-1);
#2031=CARTESIAN_POINT('',(-2.75E0,2.3E0,7.5E-1));
#2032=LINE('',#2031,#2030);
#2033=DIRECTION('',(1.E0,0.E0,0.E0));
#2034=VECTOR('',#2033,5.E-1);
#2035=CARTESIAN_POINT('',(-3.25E0,-4.95E0,5.5E-1));
#2036=LINE('',#2035,#2034);
#2037=DIRECTION('',(-1.E0,0.E0,0.E0));
#2038=VECTOR('',#2037,5.E-1);
#2039=CARTESIAN_POINT('',(-2.75E0,-4.95E0,-4.71E0));
#2040=LINE('',#2039,#2038);
#2041=DIRECTION('',(-2.357022603955E-1,2.357022603955E-1,9.428090415821E-1));
#2042=VECTOR('',#2041,6.363961030679E-1);
#2043=CARTESIAN_POINT('',(-3.1E0,-5.1E0,-5.31E0));
#2044=LINE('',#2043,#2042);
#2045=DIRECTION('',(-2.357022603955E-1,-2.357022603955E-1,-9.428090415821E-1));
#2046=VECTOR('',#2045,6.363961030679E-1);
#2047=CARTESIAN_POINT('',(-2.75E0,-4.95E0,-4.71E0));
#2048=LINE('',#2047,#2046);
#2049=DIRECTION('',(-2.357022603955E-1,-2.357022603955E-1,9.428090415821E-1));
#2050=VECTOR('',#2049,6.363961030679E-1);
#2051=CARTESIAN_POINT('',(-3.1E0,-5.3E0,-5.31E0));
#2052=LINE('',#2051,#2050);
#2053=DIRECTION('',(2.357022603955E-1,-2.357022603955E-1,9.428090415821E-1));
#2054=VECTOR('',#2053,6.363961030679E-1);
#2055=CARTESIAN_POINT('',(-2.9E0,-5.3E0,-5.31E0));
#2056=LINE('',#2055,#2054);
#2057=DIRECTION('',(-1.E0,0.E0,0.E0));
#2058=VECTOR('',#2057,5.E-1);
#2059=CARTESIAN_POINT('',(-2.75E0,-5.45E0,-4.71E0));
#2060=LINE('',#2059,#2058);
#2061=DIRECTION('',(1.E0,0.E0,0.E0));
#2062=VECTOR('',#2061,5.E-1);
#2063=CARTESIAN_POINT('',(-3.25E0,-5.45E0,5.5E-1));
#2064=LINE('',#2063,#2062);
#2065=DIRECTION('',(1.E0,0.E0,0.E0));
#2066=VECTOR('',#2065,5.E-1);
#2067=CARTESIAN_POINT('',(-3.25E0,-4.75E0,1.25E0));
#2068=LINE('',#2067,#2066);
#2069=DIRECTION('',(-1.E0,0.E0,0.E0));
#2070=VECTOR('',#2069,2.E-1);
#2071=CARTESIAN_POINT('',(-2.9E0,-5.1E0,-5.31E0));
#2072=LINE('',#2071,#2070);
#2073=DIRECTION('',(0.E0,-1.E0,0.E0));
#2074=VECTOR('',#2073,2.E-1);
#2075=CARTESIAN_POINT('',(-3.1E0,-5.1E0,-5.31E0));
#2076=LINE('',#2075,#2074);
#2077=DIRECTION('',(-1.E0,0.E0,0.E0));
#2078=VECTOR('',#2077,2.E-1);
#2079=CARTESIAN_POINT('',(-2.9E0,-5.3E0,-5.31E0));
#2080=LINE('',#2079,#2078);
#2081=DIRECTION('',(0.E0,1.E0,0.E0));
#2082=VECTOR('',#2081,2.E-1);
#2083=CARTESIAN_POINT('',(-2.9E0,-5.3E0,-5.31E0));
#2084=LINE('',#2083,#2082);
#2085=DIRECTION('',(2.357022603955E-1,-9.428090415821E-1,-2.357022603955E-1));
#2086=VECTOR('',#2085,6.363961030679E-1);
#2087=CARTESIAN_POINT('',(-2.9E0,2.9E0,9.E-1));
#2088=LINE('',#2087,#2086);
#2089=DIRECTION('',(-2.357022603955E-1,-9.428090415821E-1,-2.357022603955E-1));
#2090=VECTOR('',#2089,6.363961030679E-1);
#2091=CARTESIAN_POINT('',(-3.1E0,2.9E0,9.E-1));
#2092=LINE('',#2091,#2090);
#2093=DIRECTION('',(-1.E0,0.E0,0.E0));
#2094=VECTOR('',#2093,5.E-1);
#2095=CARTESIAN_POINT('',(-2.75E0,-3.45E0,-4.71E0));
#2096=LINE('',#2095,#2094);
#2097=DIRECTION('',(1.E0,0.E0,0.E0));
#2098=VECTOR('',#2097,5.E-1);
#2099=CARTESIAN_POINT('',(-3.25E0,-3.45E0,-1.45E0));
#2100=LINE('',#2099,#2098);
#2101=DIRECTION('',(2.357022603955E-1,-2.357022603955E-1,9.428090415821E-1));
#2102=VECTOR('',#2101,6.363961030679E-1);
#2103=CARTESIAN_POINT('',(-2.9E0,-3.3E0,-5.31E0));
#2104=LINE('',#2103,#2102);
#2105=DIRECTION('',(-1.E0,0.E0,0.E0));
#2106=VECTOR('',#2105,2.E-1);
#2107=CARTESIAN_POINT('',(-2.9E0,-3.1E0,-5.31E0));
#2108=LINE('',#2107,#2106);
#2109=DIRECTION('',(0.E0,-1.E0,0.E0));
#2110=VECTOR('',#2109,2.E-1);
#2111=CARTESIAN_POINT('',(-3.1E0,-3.1E0,-5.31E0));
#2112=LINE('',#2111,#2110);
#2113=DIRECTION('',(-1.E0,0.E0,0.E0));
#2114=VECTOR('',#2113,2.E-1);
#2115=CARTESIAN_POINT('',(-2.9E0,-3.3E0,-5.31E0));
#2116=LINE('',#2115,#2114);
#2117=DIRECTION('',(0.E0,1.E0,0.E0));
#2118=VECTOR('',#2117,2.E-1);
#2119=CARTESIAN_POINT('',(-2.9E0,-3.3E0,-5.31E0));
#2120=LINE('',#2119,#2118);
#2121=DIRECTION('',(-2.357022603955E-1,2.357022603955E-1,9.428090415821E-1));
#2122=VECTOR('',#2121,6.363961030679E-1);
#2123=CARTESIAN_POINT('',(-3.1E0,-3.1E0,-5.31E0));
#2124=LINE('',#2123,#2122);
#2125=DIRECTION('',(-2.357022603955E-1,-2.357022603955E-1,-9.428090415821E-1));
#2126=VECTOR('',#2125,6.363961030679E-1);
#2127=CARTESIAN_POINT('',(-2.75E0,-2.95E0,-4.71E0));
#2128=LINE('',#2127,#2126);
#2129=DIRECTION('',(-1.E0,0.E0,0.E0));
#2130=VECTOR('',#2129,5.E-1);
#2131=CARTESIAN_POINT('',(-2.75E0,-2.95E0,-4.71E0));
#2132=LINE('',#2131,#2130);
#2133=DIRECTION('',(1.E0,0.E0,0.E0));
#2134=VECTOR('',#2133,5.E-1);
#2135=CARTESIAN_POINT('',(-3.25E0,-2.95E0,-1.45E0));
#2136=LINE('',#2135,#2134);
#2137=DIRECTION('',(-2.357022603955E-1,-2.357022603955E-1,9.428090415821E-1));
#2138=VECTOR('',#2137,6.363961030679E-1);
#2139=CARTESIAN_POINT('',(-3.1E0,-3.3E0,-5.31E0));
#2140=LINE('',#2139,#2138);
#2141=DIRECTION('',(0.E0,0.E0,1.E0));
#2142=VECTOR('',#2141,1.05E0);
#2143=CARTESIAN_POINT('',(-3.65E0,-2.95E0,-1.3E0));
#2144=LINE('',#2143,#2142);
#2145=DIRECTION('',(0.E0,-5.E-1,8.660254037844E-1));
#2146=VECTOR('',#2145,8.082903768655E-1);
#2147=CARTESIAN_POINT('',(-3.65E0,-2.545854811567E0,-2.E0));
#2148=LINE('',#2147,#2146);
#2149=DIRECTION('',(0.E0,5.E-1,8.660254037844E-1));
#2150=VECTOR('',#2149,8.082903768655E-1);
#2151=CARTESIAN_POINT('',(-3.65E0,-2.95E0,1.3E0));
#2152=LINE('',#2151,#2150);
#2153=DIRECTION('',(0.E0,0.E0,1.E0));
#2154=VECTOR('',#2153,1.05E0);
#2155=CARTESIAN_POINT('',(-3.65E0,-2.95E0,2.5E-1));
#2156=LINE('',#2155,#2154);
#2157=DIRECTION('',(0.E0,1.E0,0.E0));
#2158=VECTOR('',#2157,2.5E-1);
#2159=CARTESIAN_POINT('',(-3.65E0,-2.95E0,2.5E-1));
#2160=LINE('',#2159,#2158);
#2161=DIRECTION('',(-1.E0,0.E0,0.E0));
#2162=VECTOR('',#2161,1.3E0);
#2163=CARTESIAN_POINT('',(-2.35E0,-2.95E0,1.3E0));
#2164=LINE('',#2163,#2162);
#2165=DIRECTION('',(0.E0,0.E0,-1.E0));
#2166=VECTOR('',#2165,5.E-1);
#2167=CARTESIAN_POINT('',(-3.65E0,-2.7E0,2.5E-1));
#2168=LINE('',#2167,#2166);
#2169=DIRECTION('',(-1.E0,0.E0,0.E0));
#2170=VECTOR('',#2169,7.3E0);
#2171=CARTESIAN_POINT('',(3.65E0,-2.7E0,2.5E-1));
#2172=LINE('',#2171,#2170);
#2173=DIRECTION('',(0.E0,0.E0,1.E0));
#2174=VECTOR('',#2173,5.E-1);
#2175=CARTESIAN_POINT('',(3.65E0,-2.7E0,-2.5E-1));
#2176=LINE('',#2175,#2174);
#2177=DIRECTION('',(1.E0,0.E0,0.E0));
#2178=VECTOR('',#2177,7.3E0);
#2179=CARTESIAN_POINT('',(-3.65E0,-2.7E0,-2.5E-1));
#2180=LINE('',#2179,#2178);
#2181=DIRECTION('',(0.E0,0.E0,1.E0));
#2182=VECTOR('',#2181,5.E-1);
#2183=CARTESIAN_POINT('',(2.75E0,-2.95E0,7.5E-1));
#2184=LINE('',#2183,#2182);
#2185=DIRECTION('',(1.E0,0.E0,0.E0));
#2186=VECTOR('',#2185,5.E-1);
#2187=CARTESIAN_POINT('',(2.75E0,-2.95E0,7.5E-1));
#2188=LINE('',#2187,#2186);
#2189=DIRECTION('',(0.E0,0.E0,1.E0));
#2190=VECTOR('',#2189,5.E-1);
#2191=CARTESIAN_POINT('',(3.25E0,-2.95E0,7.5E-1));
#2192=LINE('',#2191,#2190);
#2193=DIRECTION('',(1.E0,0.E0,0.E0));
#2194=VECTOR('',#2193,5.E-1);
#2195=CARTESIAN_POINT('',(2.75E0,-2.95E0,1.25E0));
#2196=LINE('',#2195,#2194);
#2197=DIRECTION('',(1.E0,0.E0,0.E0));
#2198=VECTOR('',#2197,1.3E0);
#2199=CARTESIAN_POINT('',(2.35E0,-2.95E0,-2.5E-1));
#2200=LINE('',#2199,#2198);
#2201=DIRECTION('',(-1.E0,0.E0,0.E0));
#2202=VECTOR('',#2201,4.E-1);
#2203=CARTESIAN_POINT('',(3.65E0,-2.95E0,-1.3E0));
#2204=LINE('',#2203,#2202);
#2205=DIRECTION('',(0.E0,0.E0,1.E0));
#2206=VECTOR('',#2205,5.208203932499E-1);
#2207=CARTESIAN_POINT('',(3.25E0,-2.95E0,-1.3E0));
#2208=LINE('',#2207,#2206);
#2209=DIRECTION('',(1.E0,0.E0,0.E0));
#2210=VECTOR('',#2209,5.E-1);
#2211=CARTESIAN_POINT('',(2.75E0,-2.95E0,-7.791796067501E-1));
#2212=LINE('',#2211,#2210);
#2213=DIRECTION('',(0.E0,0.E0,1.E0));
#2214=VECTOR('',#2213,5.208203932499E-1);
#2215=CARTESIAN_POINT('',(2.75E0,-2.95E0,-1.3E0));
#2216=LINE('',#2215,#2214);
#2217=DIRECTION('',(-1.E0,0.E0,0.E0));
#2218=VECTOR('',#2217,4.E-1);
#2219=CARTESIAN_POINT('',(2.75E0,-2.95E0,-1.3E0));
#2220=LINE('',#2219,#2218);
#2221=DIRECTION('',(1.E0,0.E0,0.E0));
#2222=VECTOR('',#2221,1.3E0);
#2223=CARTESIAN_POINT('',(2.35E0,-2.95E0,2.5E-1));
#2224=LINE('',#2223,#2222);
#2225=DIRECTION('',(0.E0,0.E0,-1.E0));
#2226=VECTOR('',#2225,5.E-1);
#2227=CARTESIAN_POINT('',(2.75E0,2.3E0,-7.5E-1));
#2228=LINE('',#2227,#2226);
#2229=DIRECTION('',(0.E0,-1.E0,0.E0));
#2230=VECTOR('',#2229,3.E0);
#2231=CARTESIAN_POINT('',(2.75E0,2.3E0,-7.5E-1));
#2232=LINE('',#2231,#2230);
#2233=DIRECTION('',(0.E0,1.E0,0.E0));
#2234=VECTOR('',#2233,3.E0);
#2235=CARTESIAN_POINT('',(2.75E0,-7.E-1,-1.25E0));
#2236=LINE('',#2235,#2234);
#2237=DIRECTION('',(0.E0,0.E0,-1.E0));
#2238=VECTOR('',#2237,5.E-1);
#2239=CARTESIAN_POINT('',(2.75E0,2.3E0,1.25E0));
#2240=LINE('',#2239,#2238);
#2241=DIRECTION('',(0.E0,-1.E0,0.E0));
#2242=VECTOR('',#2241,3.E0);
#2243=CARTESIAN_POINT('',(2.75E0,2.3E0,1.25E0));
#2244=LINE('',#2243,#2242);
#2245=DIRECTION('',(0.E0,1.E0,0.E0));
#2246=VECTOR('',#2245,3.E0);
#2247=CARTESIAN_POINT('',(2.75E0,-7.E-1,7.5E-1));
#2248=LINE('',#2247,#2246);
#2249=DIRECTION('',(0.E0,-1.E0,0.E0));
#2250=VECTOR('',#2249,5.E-1);
#2251=CARTESIAN_POINT('',(2.75E0,-2.95E0,-4.71E0));
#2252=LINE('',#2251,#2250);
#2253=DIRECTION('',(0.E0,0.E0,1.E0));
#2254=VECTOR('',#2253,3.26E0);
#2255=CARTESIAN_POINT('',(2.75E0,-2.95E0,-4.71E0));
#2256=LINE('',#2255,#2254);
#2257=CARTESIAN_POINT('',(2.75E0,-2.75E0,-1.45E0));
#2258=DIRECTION('',(-1.E0,0.E0,0.E0));
#2259=DIRECTION('',(0.E0,-1.E0,2.453592884422E-13));
#2260=AXIS2_PLACEMENT_3D('',#2257,#2258,#2259);
#2262=CARTESIAN_POINT('',(2.75E0,-2.75E0,-1.45E0));
#2263=DIRECTION('',(1.E0,0.E0,0.E0));
#2264=DIRECTION('',(0.E0,-2.857142857143E-1,9.583148474999E-1));
#2265=AXIS2_PLACEMENT_3D('',#2262,#2263,#2264);
#2267=DIRECTION('',(0.E0,0.E0,-1.E0));
#2268=VECTOR('',#2267,3.26E0);
#2269=CARTESIAN_POINT('',(2.75E0,-3.45E0,-1.45E0));
#2270=LINE('',#2269,#2268);
#2271=DIRECTION('',(0.E0,-1.E0,0.E0));
#2272=VECTOR('',#2271,5.E-1);
#2273=CARTESIAN_POINT('',(2.75E0,-4.95E0,-4.71E0));
#2274=LINE('',#2273,#2272);
#2275=DIRECTION('',(0.E0,0.E0,1.E0));
#2276=VECTOR('',#2275,5.26E0);
#2277=CARTESIAN_POINT('',(2.75E0,-4.95E0,-4.71E0));
#2278=LINE('',#2277,#2276);
#2279=CARTESIAN_POINT('',(2.75E0,-4.75E0,5.5E-1));
#2280=DIRECTION('',(-1.E0,0.E0,0.E0));
#2281=DIRECTION('',(0.E0,-1.E0,0.E0));
#2282=AXIS2_PLACEMENT_3D('',#2279,#2280,#2281);
#2284=DIRECTION('',(0.E0,1.E0,0.E0));
#2285=VECTOR('',#2284,1.8E0);
#2286=CARTESIAN_POINT('',(2.75E0,-4.75E0,7.5E-1));
#2287=LINE('',#2286,#2285);
#2288=DIRECTION('',(0.E0,-1.E0,0.E0));
#2289=VECTOR('',#2288,1.8E0);
#2290=CARTESIAN_POINT('',(2.75E0,-2.95E0,1.25E0));
#2291=LINE('',#2290,#2289);
#2292=CARTESIAN_POINT('',(2.75E0,-4.75E0,5.5E-1));
#2293=DIRECTION('',(1.E0,0.E0,0.E0));
#2294=DIRECTION('',(0.E0,0.E0,1.E0));
#2295=AXIS2_PLACEMENT_3D('',#2292,#2293,#2294);
#2297=DIRECTION('',(0.E0,0.E0,-1.E0));
#2298=VECTOR('',#2297,5.26E0);
#2299=CARTESIAN_POINT('',(2.75E0,-5.45E0,5.5E-1));
#2300=LINE('',#2299,#2298);
#2301=DIRECTION('',(-2.357022603955E-1,-9.428090415821E-1,-2.357022603955E-1));
#2302=VECTOR('',#2301,6.363961030679E-1);
#2303=CARTESIAN_POINT('',(2.9E0,2.9E0,-1.1E0));
#2304=LINE('',#2303,#2302);
#2305=DIRECTION('',(2.357022603955E-1,-9.428090415821E-1,-2.357022603955E-1));
#2306=VECTOR('',#2305,6.363961030679E-1);
#2307=CARTESIAN_POINT('',(3.1E0,2.9E0,-1.1E0));
#2308=LINE('',#2307,#2306);
#2309=DIRECTION('',(-1.E0,0.E0,0.E0));
#2310=VECTOR('',#2309,5.E-1);
#2311=CARTESIAN_POINT('',(3.25E0,2.3E0,-1.25E0));
#2312=LINE('',#2311,#2310);
#2313=DIRECTION('',(0.E0,0.E0,1.E0));
#2314=VECTOR('',#2313,5.E-1);
#2315=CARTESIAN_POINT('',(3.25E0,2.3E0,-1.25E0));
#2316=LINE('',#2315,#2314);
#2317=DIRECTION('',(0.E0,1.E0,0.E0));
#2318=VECTOR('',#2317,3.E0);
#2319=CARTESIAN_POINT('',(3.25E0,-7.E-1,-1.25E0));
#2320=LINE('',#2319,#2318);
#2321=DIRECTION('',(0.E0,-1.E0,0.E0));
#2322=VECTOR('',#2321,3.E0);
#2323=CARTESIAN_POINT('',(3.25E0,2.3E0,-7.5E-1));
#2324=LINE('',#2323,#2322);
#2325=DIRECTION('',(0.E0,0.E0,1.E0));
#2326=VECTOR('',#2325,5.E-1);
#2327=CARTESIAN_POINT('',(3.25E0,2.3E0,7.5E-1));
#2328=LINE('',#2327,#2326);
#2329=DIRECTION('',(0.E0,1.E0,0.E0));
#2330=VECTOR('',#2329,3.E0);
#2331=CARTESIAN_POINT('',(3.25E0,-7.E-1,7.5E-1));
#2332=LINE('',#2331,#2330);
#2333=DIRECTION('',(0.E0,-1.E0,0.E0));
#2334=VECTOR('',#2333,3.E0);
#2335=CARTESIAN_POINT('',(3.25E0,2.3E0,1.25E0));
#2336=LINE('',#2335,#2334);
#2337=DIRECTION('',(0.E0,1.E0,0.E0));
#2338=VECTOR('',#2337,5.E-1);
#2339=CARTESIAN_POINT('',(3.25E0,-3.45E0,-4.71E0));
#2340=LINE('',#2339,#2338);
#2341=DIRECTION('',(0.E0,0.E0,-1.E0));
#2342=VECTOR('',#2341,3.26E0);
#2343=CARTESIAN_POINT('',(3.25E0,-3.45E0,-1.45E0));
#2344=LINE('',#2343,#2342);
#2345=CARTESIAN_POINT('',(3.25E0,-2.75E0,-1.45E0));
#2346=DIRECTION('',(1.E0,0.E0,0.E0));
#2347=DIRECTION('',(0.E0,-2.857142857143E-1,9.583148474999E-1));
#2348=AXIS2_PLACEMENT_3D('',#2345,#2346,#2347);
#2350=CARTESIAN_POINT('',(3.25E0,-2.75E0,-1.45E0));
#2351=DIRECTION('',(-1.E0,0.E0,0.E0));
#2352=DIRECTION('',(0.E0,-1.E0,2.453592884422E-13));
#2353=AXIS2_PLACEMENT_3D('',#2350,#2351,#2352);
#2355=DIRECTION('',(0.E0,0.E0,1.E0));
#2356=VECTOR('',#2355,3.26E0);
#2357=CARTESIAN_POINT('',(3.25E0,-2.95E0,-4.71E0));
#2358=LINE('',#2357,#2356);
#2359=DIRECTION('',(0.E0,1.E0,0.E0));
#2360=VECTOR('',#2359,5.E-1);
#2361=CARTESIAN_POINT('',(3.25E0,-5.45E0,-4.71E0));
#2362=LINE('',#2361,#2360);
#2363=DIRECTION('',(0.E0,0.E0,-1.E0));
#2364=VECTOR('',#2363,5.26E0);
#2365=CARTESIAN_POINT('',(3.25E0,-5.45E0,5.5E-1));
#2366=LINE('',#2365,#2364);
#2367=CARTESIAN_POINT('',(3.25E0,-4.75E0,5.5E-1));
#2368=DIRECTION('',(1.E0,0.E0,0.E0));
#2369=DIRECTION('',(0.E0,0.E0,1.E0));
#2370=AXIS2_PLACEMENT_3D('',#2367,#2368,#2369);
#2372=DIRECTION('',(0.E0,-1.E0,0.E0));
#2373=VECTOR('',#2372,1.8E0);
#2374=CARTESIAN_POINT('',(3.25E0,-2.95E0,1.25E0));
#2375=LINE('',#2374,#2373);
#2376=DIRECTION('',(0.E0,1.E0,0.E0));
#2377=VECTOR('',#2376,1.8E0);
#2378=CARTESIAN_POINT('',(3.25E0,-4.75E0,7.5E-1));
#2379=LINE('',#2378,#2377);
#2380=CARTESIAN_POINT('',(3.25E0,-4.75E0,5.5E-1));
#2381=DIRECTION('',(-1.E0,0.E0,0.E0));
#2382=DIRECTION('',(0.E0,-1.E0,0.E0));
#2383=AXIS2_PLACEMENT_3D('',#2380,#2381,#2382);
#2385=DIRECTION('',(0.E0,0.E0,1.E0));
#2386=VECTOR('',#2385,5.26E0);
#2387=CARTESIAN_POINT('',(3.25E0,-4.95E0,-4.71E0));
#2388=LINE('',#2387,#2386);
#2389=DIRECTION('',(-1.E0,0.E0,0.E0));
#2390=VECTOR('',#2389,2.E-1);
#2391=CARTESIAN_POINT('',(3.1E0,2.9E0,-9.E-1));
#2392=LINE('',#2391,#2390);
#2393=DIRECTION('',(0.E0,0.E0,-1.E0));
#2394=VECTOR('',#2393,2.E-1);
#2395=CARTESIAN_POINT('',(2.9E0,2.9E0,-9.E-1));
#2396=LINE('',#2395,#2394);
#2397=DIRECTION('',(-1.E0,0.E0,0.E0));
#2398=VECTOR('',#2397,2.E-1);
#2399=CARTESIAN_POINT('',(3.1E0,2.9E0,-1.1E0));
#2400=LINE('',#2399,#2398);
#2401=DIRECTION('',(0.E0,0.E0,1.E0));
#2402=VECTOR('',#2401,2.E-1);
#2403=CARTESIAN_POINT('',(3.1E0,2.9E0,-1.1E0));
#2404=LINE('',#2403,#2402);
#2405=DIRECTION('',(-2.357022603955E-1,-9.428090415821E-1,2.357022603955E-1));
#2406=VECTOR('',#2405,6.363961030679E-1);
#2407=CARTESIAN_POINT('',(2.9E0,2.9E0,-9.E-1));
#2408=LINE('',#2407,#2406);
#2409=DIRECTION('',(-2.357022603955E-1,9.428090415821E-1,-2.357022603955E-1));
#2410=VECTOR('',#2409,6.363961030679E-1);
#2411=CARTESIAN_POINT('',(3.25E0,2.3E0,-7.5E-1));
#2412=LINE('',#2411,#2410);
#2413=DIRECTION('',(-1.E0,0.E0,0.E0));
#2414=VECTOR('',#2413,5.E-1);
#2415=CARTESIAN_POINT('',(3.25E0,2.3E0,-7.5E-1));
#2416=LINE('',#2415,#2414);
#2417=DIRECTION('',(2.357022603955E-1,-9.428090415821E-1,2.357022603955E-1));
#2418=VECTOR('',#2417,6.363961030679E-1);
#2419=CARTESIAN_POINT('',(3.1E0,2.9E0,1.1E0));
#2420=LINE('',#2419,#2418);
#2421=DIRECTION('',(-1.E0,0.E0,0.E0));
#2422=VECTOR('',#2421,2.E-1);
#2423=CARTESIAN_POINT('',(3.1E0,2.9E0,1.1E0));
#2424=LINE('',#2423,#2422);
#2425=DIRECTION('',(0.E0,0.E0,-1.E0));
#2426=VECTOR('',#2425,2.E-1);
#2427=CARTESIAN_POINT('',(2.9E0,2.9E0,1.1E0));
#2428=LINE('',#2427,#2426);
#2429=DIRECTION('',(-1.E0,0.E0,0.E0));
#2430=VECTOR('',#2429,2.E-1);
#2431=CARTESIAN_POINT('',(3.1E0,2.9E0,9.E-1));
#2432=LINE('',#2431,#2430);
#2433=DIRECTION('',(0.E0,0.E0,1.E0));
#2434=VECTOR('',#2433,2.E-1);
#2435=CARTESIAN_POINT('',(3.1E0,2.9E0,9.E-1));
#2436=LINE('',#2435,#2434);
#2437=DIRECTION('',(-2.357022603955E-1,-9.428090415821E-1,2.357022603955E-1));
#2438=VECTOR('',#2437,6.363961030679E-1);
#2439=CARTESIAN_POINT('',(2.9E0,2.9E0,1.1E0));
#2440=LINE('',#2439,#2438);
#2441=DIRECTION('',(-1.E0,0.E0,0.E0));
#2442=VECTOR('',#2441,5.E-1);
#2443=CARTESIAN_POINT('',(3.25E0,2.3E0,1.25E0));
#2444=LINE('',#2443,#2442);
#2445=DIRECTION('',(1.E0,0.E0,0.E0));
#2446=VECTOR('',#2445,5.E-1);
#2447=CARTESIAN_POINT('',(2.75E0,-4.75E0,1.25E0));
#2448=LINE('',#2447,#2446);
#2449=DIRECTION('',(-1.E0,0.E0,0.E0));
#2450=VECTOR('',#2449,5.E-1);
#2451=CARTESIAN_POINT('',(3.25E0,-5.45E0,-4.71E0));
#2452=LINE('',#2451,#2450);
#2453=DIRECTION('',(1.E0,0.E0,0.E0));
#2454=VECTOR('',#2453,5.E-1);
#2455=CARTESIAN_POINT('',(2.75E0,-5.45E0,5.5E-1));
#2456=LINE('',#2455,#2454);
#2457=DIRECTION('',(2.357022603955E-1,-2.357022603955E-1,9.428090415821E-1));
#2458=VECTOR('',#2457,6.363961030679E-1);
#2459=CARTESIAN_POINT('',(3.1E0,-5.3E0,-5.31E0));
#2460=LINE('',#2459,#2458);
#2461=DIRECTION('',(-2.357022603955E-1,-2.357022603955E-1,9.428090415821E-1));
#2462=VECTOR('',#2461,6.363961030679E-1);
#2463=CARTESIAN_POINT('',(2.9E0,-5.3E0,-5.31E0));
#2464=LINE('',#2463,#2462);
#2465=DIRECTION('',(-1.E0,0.E0,0.E0));
#2466=VECTOR('',#2465,2.E-1);
#2467=CARTESIAN_POINT('',(3.1E0,-5.1E0,-5.31E0));
#2468=LINE('',#2467,#2466);
#2469=DIRECTION('',(0.E0,-1.E0,0.E0));
#2470=VECTOR('',#2469,2.E-1);
#2471=CARTESIAN_POINT('',(2.9E0,-5.1E0,-5.31E0));
#2472=LINE('',#2471,#2470);
#2473=DIRECTION('',(-1.E0,0.E0,0.E0));
#2474=VECTOR('',#2473,2.E-1);
#2475=CARTESIAN_POINT('',(3.1E0,-5.3E0,-5.31E0));
#2476=LINE('',#2475,#2474);
#2477=DIRECTION('',(0.E0,1.E0,0.E0));
#2478=VECTOR('',#2477,2.E-1);
#2479=CARTESIAN_POINT('',(3.1E0,-5.3E0,-5.31E0));
#2480=LINE('',#2479,#2478);
#2481=DIRECTION('',(-2.357022603955E-1,2.357022603955E-1,9.428090415821E-1));
#2482=VECTOR('',#2481,6.363961030679E-1);
#2483=CARTESIAN_POINT('',(2.9E0,-5.1E0,-5.31E0));
#2484=LINE('',#2483,#2482);
#2485=DIRECTION('',(-2.357022603955E-1,-2.357022603955E-1,-9.428090415821E-1));
#2486=VECTOR('',#2485,6.363961030679E-1);
#2487=CARTESIAN_POINT('',(3.25E0,-4.95E0,-4.71E0));
#2488=LINE('',#2487,#2486);
#2489=DIRECTION('',(-1.E0,0.E0,0.E0));
#2490=VECTOR('',#2489,5.E-1);
#2491=CARTESIAN_POINT('',(3.25E0,-4.95E0,-4.71E0));
#2492=LINE('',#2491,#2490);
#2493=DIRECTION('',(1.E0,0.E0,0.E0));
#2494=VECTOR('',#2493,5.E-1);
#2495=CARTESIAN_POINT('',(2.75E0,-4.95E0,5.5E-1));
#2496=LINE('',#2495,#2494);
#2497=DIRECTION('',(1.E0,0.E0,0.E0));
#2498=VECTOR('',#2497,5.E-1);
#2499=CARTESIAN_POINT('',(2.75E0,-4.75E0,7.5E-1));
#2500=LINE('',#2499,#2498);
#2501=DIRECTION('',(-1.E0,0.E0,0.E0));
#2502=VECTOR('',#2501,5.E-1);
#2503=CARTESIAN_POINT('',(3.25E0,2.3E0,7.5E-1));
#2504=LINE('',#2503,#2502);
#2505=DIRECTION('',(2.357022603955E-1,-9.428090415821E-1,-2.357022603955E-1));
#2506=VECTOR('',#2505,6.363961030679E-1);
#2507=CARTESIAN_POINT('',(3.1E0,2.9E0,9.E-1));
#2508=LINE('',#2507,#2506);
#2509=DIRECTION('',(-2.357022603955E-1,-9.428090415821E-1,-2.357022603955E-1));
#2510=VECTOR('',#2509,6.363961030679E-1);
#2511=CARTESIAN_POINT('',(2.9E0,2.9E0,9.E-1));
#2512=LINE('',#2511,#2510);
#2513=DIRECTION('',(-1.E0,0.E0,0.E0));
#2514=VECTOR('',#2513,2.E-1);
#2515=CARTESIAN_POINT('',(3.1E0,-3.1E0,-5.31E0));
#2516=LINE('',#2515,#2514);
#2517=DIRECTION('',(0.E0,-1.E0,0.E0));
#2518=VECTOR('',#2517,2.E-1);
#2519=CARTESIAN_POINT('',(2.9E0,-3.1E0,-5.31E0));
#2520=LINE('',#2519,#2518);
#2521=DIRECTION('',(-1.E0,0.E0,0.E0));
#2522=VECTOR('',#2521,2.E-1);
#2523=CARTESIAN_POINT('',(3.1E0,-3.3E0,-5.31E0));
#2524=LINE('',#2523,#2522);
#2525=DIRECTION('',(0.E0,1.E0,0.E0));
#2526=VECTOR('',#2525,2.E-1);
#2527=CARTESIAN_POINT('',(3.1E0,-3.3E0,-5.31E0));
#2528=LINE('',#2527,#2526);
#2529=DIRECTION('',(-2.357022603955E-1,2.357022603955E-1,9.428090415821E-1));
#2530=VECTOR('',#2529,6.363961030679E-1);
#2531=CARTESIAN_POINT('',(2.9E0,-3.1E0,-5.31E0));
#2532=LINE('',#2531,#2530);
#2533=DIRECTION('',(-2.357022603955E-1,-2.357022603955E-1,-9.428090415821E-1));
#2534=VECTOR('',#2533,6.363961030679E-1);
#2535=CARTESIAN_POINT('',(3.25E0,-2.95E0,-4.71E0));
#2536=LINE('',#2535,#2534);
#2537=DIRECTION('',(-1.E0,0.E0,0.E0));
#2538=VECTOR('',#2537,5.E-1);
#2539=CARTESIAN_POINT('',(3.25E0,-2.95E0,-4.71E0));
#2540=LINE('',#2539,#2538);
#2541=DIRECTION('',(1.E0,0.E0,0.E0));
#2542=VECTOR('',#2541,5.E-1);
#2543=CARTESIAN_POINT('',(2.75E0,-2.95E0,-1.45E0));
#2544=LINE('',#2543,#2542);
#2545=DIRECTION('',(0.E0,-5.E-1,8.660254037844E-1));
#2546=VECTOR('',#2545,5.567475985127E-2);
#2547=CARTESIAN_POINT('',(2.75E0,-2.922162620074E0,-1.348215756381E0));
#2548=LINE('',#2547,#2546);
#2549=DIRECTION('',(1.E0,0.E0,0.E0));
#2550=VECTOR('',#2549,5.E-1);
#2551=CARTESIAN_POINT('',(2.75E0,-2.922162620074E0,-1.348215756381E0));
#2552=LINE('',#2551,#2550);
#2553=DIRECTION('',(0.E0,-5.E-1,8.660254037844E-1));
#2554=VECTOR('',#2553,5.567475985127E-2);
#2555=CARTESIAN_POINT('',(3.25E0,-2.922162620074E0,-1.348215756381E0));
#2556=LINE('',#2555,#2554);
#2557=DIRECTION('',(-2.357022603955E-1,-2.357022603955E-1,9.428090415821E-1));
#2558=VECTOR('',#2557,6.363961030679E-1);
#2559=CARTESIAN_POINT('',(2.9E0,-3.3E0,-5.31E0));
#2560=LINE('',#2559,#2558);
#2561=DIRECTION('',(2.357022603955E-1,-2.357022603955E-1,9.428090415821E-1));
#2562=VECTOR('',#2561,6.363961030679E-1);
#2563=CARTESIAN_POINT('',(3.1E0,-3.3E0,-5.31E0));
#2564=LINE('',#2563,#2562);
#2565=DIRECTION('',(-1.E0,0.E0,0.E0));
#2566=VECTOR('',#2565,5.E-1);
#2567=CARTESIAN_POINT('',(3.25E0,-3.45E0,-4.71E0));
#2568=LINE('',#2567,#2566);
#2569=DIRECTION('',(1.E0,0.E0,0.E0));
#2570=VECTOR('',#2569,5.E-1);
#2571=CARTESIAN_POINT('',(2.75E0,-3.45E0,-1.45E0));
#2572=LINE('',#2571,#2570);
#2573=DIRECTION('',(-1.E0,0.E0,0.E0));
#2574=VECTOR('',#2573,1.3E0);
#2575=CARTESIAN_POINT('',(3.65E0,-2.95E0,1.3E0));
#2576=LINE('',#2575,#2574);
#2577=DIRECTION('',(0.E0,1.E0,0.E0));
#2578=VECTOR('',#2577,2.5E-1);
#2579=CARTESIAN_POINT('',(1.65E0,-3.2E0,-2.5E-1));
#2580=LINE('',#2579,#2578);
#2581=DIRECTION('',(0.E0,-5.E-1,8.660254037844E-1));
#2582=VECTOR('',#2581,8.082903768655E-1);
#2583=CARTESIAN_POINT('',(1.65E0,-2.545854811567E0,-2.E0));
#2584=LINE('',#2583,#2582);
#2585=DIRECTION('',(0.E0,0.E0,1.E0));
#2586=VECTOR('',#2585,1.05E0);
#2587=CARTESIAN_POINT('',(1.65E0,-2.95E0,-1.3E0));
#2588=LINE('',#2587,#2586);
#2589=DIRECTION('',(0.E0,1.E0,0.E0));
#2590=VECTOR('',#2589,2.5E-1);
#2591=CARTESIAN_POINT('',(1.65E0,-3.2E0,2.5E-1));
#2592=LINE('',#2591,#2590);
#2593=DIRECTION('',(0.E0,0.E0,1.E0));
#2594=VECTOR('',#2593,1.05E0);
#2595=CARTESIAN_POINT('',(1.65E0,-2.95E0,2.5E-1));
#2596=LINE('',#2595,#2594);
#2597=DIRECTION('',(0.E0,5.E-1,8.660254037844E-1));
#2598=VECTOR('',#2597,8.082903768655E-1);
#2599=CARTESIAN_POINT('',(1.65E0,-2.95E0,1.3E0));
#2600=LINE('',#2599,#2598);
#2601=DIRECTION('',(0.E0,-5.E-1,8.660254037844E-1));
#2602=VECTOR('',#2601,5.567475985127E-2);
#2603=CARTESIAN_POINT('',(7.5E-1,-2.922162620074E0,-1.348215756381E0));
#2604=LINE('',#2603,#2602);
#2605=DIRECTION('',(1.E0,0.E0,0.E0));
#2606=VECTOR('',#2605,5.E-1);
#2607=CARTESIAN_POINT('',(7.5E-1,-2.922162620074E0,-1.348215756381E0));
#2608=LINE('',#2607,#2606);
#2609=DIRECTION('',(0.E0,-5.E-1,8.660254037844E-1));
#2610=VECTOR('',#2609,5.567475985127E-2);
#2611=CARTESIAN_POINT('',(1.25E0,-2.922162620074E0,-1.348215756381E0));
#2612=LINE('',#2611,#2610);
#2613=DIRECTION('',(0.E0,0.E0,-1.E0));
#2614=VECTOR('',#2613,5.E-1);
#2615=CARTESIAN_POINT('',(7.5E-1,2.3E0,-7.5E-1));
#2616=LINE('',#2615,#2614);
#2617=DIRECTION('',(0.E0,-1.E0,0.E0));
#2618=VECTOR('',#2617,3.E0);
#2619=CARTESIAN_POINT('',(7.5E-1,2.3E0,-7.5E-1));
#2620=LINE('',#2619,#2618);
#2621=DIRECTION('',(0.E0,1.E0,0.E0));
#2622=VECTOR('',#2621,3.E0);
#2623=CARTESIAN_POINT('',(7.5E-1,-7.E-1,-1.25E0));
#2624=LINE('',#2623,#2622);
#2625=DIRECTION('',(0.E0,0.E0,-1.E0));
#2626=VECTOR('',#2625,5.E-1);
#2627=CARTESIAN_POINT('',(7.5E-1,2.3E0,1.25E0));
#2628=LINE('',#2627,#2626);
#2629=DIRECTION('',(0.E0,-1.E0,0.E0));
#2630=VECTOR('',#2629,3.E0);
#2631=CARTESIAN_POINT('',(7.5E-1,2.3E0,1.25E0));
#2632=LINE('',#2631,#2630);
#2633=DIRECTION('',(0.E0,1.E0,0.E0));
#2634=VECTOR('',#2633,3.E0);
#2635=CARTESIAN_POINT('',(7.5E-1,-7.E-1,7.5E-1));
#2636=LINE('',#2635,#2634);
#2637=DIRECTION('',(0.E0,-1.E0,0.E0));
#2638=VECTOR('',#2637,5.E-1);
#2639=CARTESIAN_POINT('',(7.5E-1,-2.95E0,-4.71E0));
#2640=LINE('',#2639,#2638);
#2641=DIRECTION('',(0.E0,0.E0,1.E0));
#2642=VECTOR('',#2641,3.26E0);
#2643=CARTESIAN_POINT('',(7.5E-1,-2.95E0,-4.71E0));
#2644=LINE('',#2643,#2642);
#2645=CARTESIAN_POINT('',(7.5E-1,-2.75E0,-1.45E0));
#2646=DIRECTION('',(-1.E0,0.E0,0.E0));
#2647=DIRECTION('',(0.E0,-1.E0,2.453592884422E-13));
#2648=AXIS2_PLACEMENT_3D('',#2645,#2646,#2647);
#2650=CARTESIAN_POINT('',(7.5E-1,-2.75E0,-1.45E0));
#2651=DIRECTION('',(1.E0,0.E0,0.E0));
#2652=DIRECTION('',(0.E0,-2.857142857143E-1,9.583148474999E-1));
#2653=AXIS2_PLACEMENT_3D('',#2650,#2651,#2652);
#2655=DIRECTION('',(0.E0,0.E0,-1.E0));
#2656=VECTOR('',#2655,3.26E0);
#2657=CARTESIAN_POINT('',(7.5E-1,-3.45E0,-1.45E0));
#2658=LINE('',#2657,#2656);
#2659=DIRECTION('',(0.E0,-1.E0,0.E0));
#2660=VECTOR('',#2659,5.E-1);
#2661=CARTESIAN_POINT('',(7.5E-1,-4.95E0,-4.71E0));
#2662=LINE('',#2661,#2660);
#2663=DIRECTION('',(0.E0,0.E0,1.E0));
#2664=VECTOR('',#2663,5.26E0);
#2665=CARTESIAN_POINT('',(7.5E-1,-4.95E0,-4.71E0));
#2666=LINE('',#2665,#2664);
#2667=CARTESIAN_POINT('',(7.5E-1,-4.75E0,5.5E-1));
#2668=DIRECTION('',(-1.E0,0.E0,0.E0));
#2669=DIRECTION('',(0.E0,-1.E0,0.E0));
#2670=AXIS2_PLACEMENT_3D('',#2667,#2668,#2669);
#2672=DIRECTION('',(0.E0,1.E0,0.E0));
#2673=VECTOR('',#2672,1.8E0);
#2674=CARTESIAN_POINT('',(7.5E-1,-4.75E0,7.5E-1));
#2675=LINE('',#2674,#2673);
#2676=DIRECTION('',(0.E0,-1.E0,0.E0));
#2677=VECTOR('',#2676,1.8E0);
#2678=CARTESIAN_POINT('',(7.5E-1,-2.95E0,1.25E0));
#2679=LINE('',#2678,#2677);
#2680=CARTESIAN_POINT('',(7.5E-1,-4.75E0,5.5E-1));
#2681=DIRECTION('',(1.E0,0.E0,0.E0));
#2682=DIRECTION('',(0.E0,0.E0,1.E0));
#2683=AXIS2_PLACEMENT_3D('',#2680,#2681,#2682);
#2685=DIRECTION('',(0.E0,0.E0,-1.E0));
#2686=VECTOR('',#2685,5.26E0);
#2687=CARTESIAN_POINT('',(7.5E-1,-5.45E0,5.5E-1));
#2688=LINE('',#2687,#2686);
#2689=DIRECTION('',(-2.357022603955E-1,-9.428090415821E-1,-2.357022603955E-1));
#2690=VECTOR('',#2689,6.363961030679E-1);
#2691=CARTESIAN_POINT('',(9.E-1,2.9E0,-1.1E0));
#2692=LINE('',#2691,#2690);
#2693=DIRECTION('',(2.357022603955E-1,-9.428090415821E-1,-2.357022603955E-1));
#2694=VECTOR('',#2693,6.363961030679E-1);
#2695=CARTESIAN_POINT('',(1.1E0,2.9E0,-1.1E0));
#2696=LINE('',#2695,#2694);
#2697=DIRECTION('',(-1.E0,0.E0,0.E0));
#2698=VECTOR('',#2697,5.E-1);
#2699=CARTESIAN_POINT('',(1.25E0,2.3E0,-1.25E0));
#2700=LINE('',#2699,#2698);
#2701=DIRECTION('',(0.E0,0.E0,1.E0));
#2702=VECTOR('',#2701,5.E-1);
#2703=CARTESIAN_POINT('',(1.25E0,2.3E0,-1.25E0));
#2704=LINE('',#2703,#2702);
#2705=DIRECTION('',(0.E0,1.E0,0.E0));
#2706=VECTOR('',#2705,3.E0);
#2707=CARTESIAN_POINT('',(1.25E0,-7.E-1,-1.25E0));
#2708=LINE('',#2707,#2706);
#2709=DIRECTION('',(0.E0,-1.E0,0.E0));
#2710=VECTOR('',#2709,3.E0);
#2711=CARTESIAN_POINT('',(1.25E0,2.3E0,-7.5E-1));
#2712=LINE('',#2711,#2710);
#2713=DIRECTION('',(0.E0,0.E0,1.E0));
#2714=VECTOR('',#2713,5.E-1);
#2715=CARTESIAN_POINT('',(1.25E0,2.3E0,7.5E-1));
#2716=LINE('',#2715,#2714);
#2717=DIRECTION('',(0.E0,1.E0,0.E0));
#2718=VECTOR('',#2717,3.E0);
#2719=CARTESIAN_POINT('',(1.25E0,-7.E-1,7.5E-1));
#2720=LINE('',#2719,#2718);
#2721=DIRECTION('',(0.E0,-1.E0,0.E0));
#2722=VECTOR('',#2721,3.E0);
#2723=CARTESIAN_POINT('',(1.25E0,2.3E0,1.25E0));
#2724=LINE('',#2723,#2722);
#2725=DIRECTION('',(0.E0,1.E0,0.E0));
#2726=VECTOR('',#2725,5.E-1);
#2727=CARTESIAN_POINT('',(1.25E0,-3.45E0,-4.71E0));
#2728=LINE('',#2727,#2726);
#2729=DIRECTION('',(0.E0,0.E0,-1.E0));
#2730=VECTOR('',#2729,3.26E0);
#2731=CARTESIAN_POINT('',(1.25E0,-3.45E0,-1.45E0));
#2732=LINE('',#2731,#2730);
#2733=CARTESIAN_POINT('',(1.25E0,-2.75E0,-1.45E0));
#2734=DIRECTION('',(1.E0,0.E0,0.E0));
#2735=DIRECTION('',(0.E0,-2.857142857143E-1,9.583148474999E-1));
#2736=AXIS2_PLACEMENT_3D('',#2733,#2734,#2735);
#2738=CARTESIAN_POINT('',(1.25E0,-2.75E0,-1.45E0));
#2739=DIRECTION('',(-1.E0,0.E0,0.E0));
#2740=DIRECTION('',(0.E0,-1.E0,2.453592884422E-13));
#2741=AXIS2_PLACEMENT_3D('',#2738,#2739,#2740);
#2743=DIRECTION('',(0.E0,0.E0,1.E0));
#2744=VECTOR('',#2743,3.26E0);
#2745=CARTESIAN_POINT('',(1.25E0,-2.95E0,-4.71E0));
#2746=LINE('',#2745,#2744);
#2747=DIRECTION('',(0.E0,1.E0,0.E0));
#2748=VECTOR('',#2747,5.E-1);
#2749=CARTESIAN_POINT('',(1.25E0,-5.45E0,-4.71E0));
#2750=LINE('',#2749,#2748);
#2751=DIRECTION('',(0.E0,0.E0,-1.E0));
#2752=VECTOR('',#2751,5.26E0);
#2753=CARTESIAN_POINT('',(1.25E0,-5.45E0,5.5E-1));
#2754=LINE('',#2753,#2752);
#2755=CARTESIAN_POINT('',(1.25E0,-4.75E0,5.5E-1));
#2756=DIRECTION('',(1.E0,0.E0,0.E0));
#2757=DIRECTION('',(0.E0,0.E0,1.E0));
#2758=AXIS2_PLACEMENT_3D('',#2755,#2756,#2757);
#2760=DIRECTION('',(0.E0,-1.E0,0.E0));
#2761=VECTOR('',#2760,1.8E0);
#2762=CARTESIAN_POINT('',(1.25E0,-2.95E0,1.25E0));
#2763=LINE('',#2762,#2761);
#2764=DIRECTION('',(0.E0,1.E0,0.E0));
#2765=VECTOR('',#2764,1.8E0);
#2766=CARTESIAN_POINT('',(1.25E0,-4.75E0,7.5E-1));
#2767=LINE('',#2766,#2765);
#2768=CARTESIAN_POINT('',(1.25E0,-4.75E0,5.5E-1));
#2769=DIRECTION('',(-1.E0,0.E0,0.E0));
#2770=DIRECTION('',(0.E0,-1.E0,0.E0));
#2771=AXIS2_PLACEMENT_3D('',#2768,#2769,#2770);
#2773=DIRECTION('',(0.E0,0.E0,1.E0));
#2774=VECTOR('',#2773,5.26E0);
#2775=CARTESIAN_POINT('',(1.25E0,-4.95E0,-4.71E0));
#2776=LINE('',#2775,#2774);
#2777=DIRECTION('',(-1.E0,0.E0,0.E0));
#2778=VECTOR('',#2777,2.E-1);
#2779=CARTESIAN_POINT('',(1.1E0,2.9E0,-9.E-1));
#2780=LINE('',#2779,#2778);
#2781=DIRECTION('',(0.E0,0.E0,-1.E0));
#2782=VECTOR('',#2781,2.E-1);
#2783=CARTESIAN_POINT('',(9.E-1,2.9E0,-9.E-1));
#2784=LINE('',#2783,#2782);
#2785=DIRECTION('',(-1.E0,0.E0,0.E0));
#2786=VECTOR('',#2785,2.E-1);
#2787=CARTESIAN_POINT('',(1.1E0,2.9E0,-1.1E0));
#2788=LINE('',#2787,#2786);
#2789=DIRECTION('',(0.E0,0.E0,1.E0));
#2790=VECTOR('',#2789,2.E-1);
#2791=CARTESIAN_POINT('',(1.1E0,2.9E0,-1.1E0));
#2792=LINE('',#2791,#2790);
#2793=DIRECTION('',(-2.357022603955E-1,-9.428090415821E-1,2.357022603955E-1));
#2794=VECTOR('',#2793,6.363961030679E-1);
#2795=CARTESIAN_POINT('',(9.E-1,2.9E0,-9.E-1));
#2796=LINE('',#2795,#2794);
#2797=DIRECTION('',(-2.357022603955E-1,9.428090415821E-1,-2.357022603955E-1));
#2798=VECTOR('',#2797,6.363961030679E-1);
#2799=CARTESIAN_POINT('',(1.25E0,2.3E0,-7.5E-1));
#2800=LINE('',#2799,#2798);
#2801=DIRECTION('',(-1.E0,0.E0,0.E0));
#2802=VECTOR('',#2801,5.E-1);
#2803=CARTESIAN_POINT('',(1.25E0,2.3E0,-7.5E-1));
#2804=LINE('',#2803,#2802);
#2805=DIRECTION('',(2.357022603955E-1,-9.428090415821E-1,2.357022603955E-1));
#2806=VECTOR('',#2805,6.363961030679E-1);
#2807=CARTESIAN_POINT('',(1.1E0,2.9E0,1.1E0));
#2808=LINE('',#2807,#2806);
#2809=DIRECTION('',(-1.E0,0.E0,0.E0));
#2810=VECTOR('',#2809,2.E-1);
#2811=CARTESIAN_POINT('',(1.1E0,2.9E0,1.1E0));
#2812=LINE('',#2811,#2810);
#2813=DIRECTION('',(0.E0,0.E0,-1.E0));
#2814=VECTOR('',#2813,2.E-1);
#2815=CARTESIAN_POINT('',(9.E-1,2.9E0,1.1E0));
#2816=LINE('',#2815,#2814);
#2817=DIRECTION('',(-1.E0,0.E0,0.E0));
#2818=VECTOR('',#2817,2.E-1);
#2819=CARTESIAN_POINT('',(1.1E0,2.9E0,9.E-1));
#2820=LINE('',#2819,#2818);
#2821=DIRECTION('',(0.E0,0.E0,1.E0));
#2822=VECTOR('',#2821,2.E-1);
#2823=CARTESIAN_POINT('',(1.1E0,2.9E0,9.E-1));
#2824=LINE('',#2823,#2822);
#2825=DIRECTION('',(-2.357022603955E-1,-9.428090415821E-1,2.357022603955E-1));
#2826=VECTOR('',#2825,6.363961030679E-1);
#2827=CARTESIAN_POINT('',(9.E-1,2.9E0,1.1E0));
#2828=LINE('',#2827,#2826);
#2829=DIRECTION('',(-1.E0,0.E0,0.E0));
#2830=VECTOR('',#2829,5.E-1);
#2831=CARTESIAN_POINT('',(1.25E0,2.3E0,1.25E0));
#2832=LINE('',#2831,#2830);
#2833=DIRECTION('',(0.E0,0.E0,1.E0));
#2834=VECTOR('',#2833,5.E-1);
#2835=CARTESIAN_POINT('',(7.5E-1,-2.95E0,7.5E-1));
#2836=LINE('',#2835,#2834);
#2837=DIRECTION('',(1.E0,0.E0,0.E0));
#2838=VECTOR('',#2837,5.E-1);
#2839=CARTESIAN_POINT('',(7.5E-1,-2.95E0,7.5E-1));
#2840=LINE('',#2839,#2838);
#2841=DIRECTION('',(0.E0,0.E0,1.E0));
#2842=VECTOR('',#2841,5.E-1);
#2843=CARTESIAN_POINT('',(1.25E0,-2.95E0,7.5E-1));
#2844=LINE('',#2843,#2842);
#2845=DIRECTION('',(1.E0,0.E0,0.E0));
#2846=VECTOR('',#2845,5.E-1);
#2847=CARTESIAN_POINT('',(7.5E-1,-2.95E0,1.25E0));
#2848=LINE('',#2847,#2846);
#2849=DIRECTION('',(1.E0,0.E0,0.E0));
#2850=VECTOR('',#2849,1.3E0);
#2851=CARTESIAN_POINT('',(3.5E-1,-2.95E0,-2.5E-1));
#2852=LINE('',#2851,#2850);
#2853=DIRECTION('',(-1.E0,0.E0,0.E0));
#2854=VECTOR('',#2853,4.E-1);
#2855=CARTESIAN_POINT('',(1.65E0,-2.95E0,-1.3E0));
#2856=LINE('',#2855,#2854);
#2857=DIRECTION('',(0.E0,0.E0,1.E0));
#2858=VECTOR('',#2857,5.208203932499E-1);
#2859=CARTESIAN_POINT('',(1.25E0,-2.95E0,-1.3E0));
#2860=LINE('',#2859,#2858);
#2861=DIRECTION('',(1.E0,0.E0,0.E0));
#2862=VECTOR('',#2861,5.E-1);
#2863=CARTESIAN_POINT('',(7.5E-1,-2.95E0,-7.791796067501E-1));
#2864=LINE('',#2863,#2862);
#2865=DIRECTION('',(0.E0,0.E0,1.E0));
#2866=VECTOR('',#2865,5.208203932499E-1);
#2867=CARTESIAN_POINT('',(7.5E-1,-2.95E0,-1.3E0));
#2868=LINE('',#2867,#2866);
#2869=DIRECTION('',(-1.E0,0.E0,0.E0));
#2870=VECTOR('',#2869,4.E-1);
#2871=CARTESIAN_POINT('',(7.5E-1,-2.95E0,-1.3E0));
#2872=LINE('',#2871,#2870);
#2873=DIRECTION('',(1.E0,0.E0,0.E0));
#2874=VECTOR('',#2873,1.3E0);
#2875=CARTESIAN_POINT('',(3.5E-1,-2.95E0,2.5E-1));
#2876=LINE('',#2875,#2874);
#2877=DIRECTION('',(1.E0,0.E0,0.E0));
#2878=VECTOR('',#2877,5.E-1);
#2879=CARTESIAN_POINT('',(7.5E-1,-4.75E0,7.5E-1));
#2880=LINE('',#2879,#2878);
#2881=DIRECTION('',(-1.E0,0.E0,0.E0));
#2882=VECTOR('',#2881,5.E-1);
#2883=CARTESIAN_POINT('',(1.25E0,2.3E0,7.5E-1));
#2884=LINE('',#2883,#2882);
#2885=DIRECTION('',(1.E0,0.E0,0.E0));
#2886=VECTOR('',#2885,5.E-1);
#2887=CARTESIAN_POINT('',(7.5E-1,-4.95E0,5.5E-1));
#2888=LINE('',#2887,#2886);
#2889=DIRECTION('',(-1.E0,0.E0,0.E0));
#2890=VECTOR('',#2889,5.E-1);
#2891=CARTESIAN_POINT('',(1.25E0,-4.95E0,-4.71E0));
#2892=LINE('',#2891,#2890);
#2893=DIRECTION('',(-2.357022603955E-1,2.357022603955E-1,9.428090415821E-1));
#2894=VECTOR('',#2893,6.363961030679E-1);
#2895=CARTESIAN_POINT('',(9.E-1,-5.1E0,-5.31E0));
#2896=LINE('',#2895,#2894);
#2897=DIRECTION('',(-2.357022603955E-1,-2.357022603955E-1,-9.428090415821E-1));
#2898=VECTOR('',#2897,6.363961030679E-1);
#2899=CARTESIAN_POINT('',(1.25E0,-4.95E0,-4.71E0));
#2900=LINE('',#2899,#2898);
#2901=DIRECTION('',(-2.357022603955E-1,-2.357022603955E-1,9.428090415821E-1));
#2902=VECTOR('',#2901,6.363961030679E-1);
#2903=CARTESIAN_POINT('',(9.E-1,-5.3E0,-5.31E0));
#2904=LINE('',#2903,#2902);
#2905=DIRECTION('',(2.357022603955E-1,-2.357022603955E-1,9.428090415821E-1));
#2906=VECTOR('',#2905,6.363961030679E-1);
#2907=CARTESIAN_POINT('',(1.1E0,-5.3E0,-5.31E0));
#2908=LINE('',#2907,#2906);
#2909=DIRECTION('',(-1.E0,0.E0,0.E0));
#2910=VECTOR('',#2909,5.E-1);
#2911=CARTESIAN_POINT('',(1.25E0,-5.45E0,-4.71E0));
#2912=LINE('',#2911,#2910);
#2913=DIRECTION('',(1.E0,0.E0,0.E0));
#2914=VECTOR('',#2913,5.E-1);
#2915=CARTESIAN_POINT('',(7.5E-1,-5.45E0,5.5E-1));
#2916=LINE('',#2915,#2914);
#2917=DIRECTION('',(1.E0,0.E0,0.E0));
#2918=VECTOR('',#2917,5.E-1);
#2919=CARTESIAN_POINT('',(7.5E-1,-4.75E0,1.25E0));
#2920=LINE('',#2919,#2918);
#2921=DIRECTION('',(-1.E0,0.E0,0.E0));
#2922=VECTOR('',#2921,2.E-1);
#2923=CARTESIAN_POINT('',(1.1E0,-5.1E0,-5.31E0));
#2924=LINE('',#2923,#2922);
#2925=DIRECTION('',(0.E0,-1.E0,0.E0));
#2926=VECTOR('',#2925,2.E-1);
#2927=CARTESIAN_POINT('',(9.E-1,-5.1E0,-5.31E0));
#2928=LINE('',#2927,#2926);
#2929=DIRECTION('',(-1.E0,0.E0,0.E0));
#2930=VECTOR('',#2929,2.E-1);
#2931=CARTESIAN_POINT('',(1.1E0,-5.3E0,-5.31E0));
#2932=LINE('',#2931,#2930);
#2933=DIRECTION('',(0.E0,1.E0,0.E0));
#2934=VECTOR('',#2933,2.E-1);
#2935=CARTESIAN_POINT('',(1.1E0,-5.3E0,-5.31E0));
#2936=LINE('',#2935,#2934);
#2937=DIRECTION('',(2.357022603955E-1,-9.428090415821E-1,-2.357022603955E-1));
#2938=VECTOR('',#2937,6.363961030679E-1);
#2939=CARTESIAN_POINT('',(1.1E0,2.9E0,9.E-1));
#2940=LINE('',#2939,#2938);
#2941=DIRECTION('',(-2.357022603955E-1,-9.428090415821E-1,-2.357022603955E-1));
#2942=VECTOR('',#2941,6.363961030679E-1);
#2943=CARTESIAN_POINT('',(9.E-1,2.9E0,9.E-1));
#2944=LINE('',#2943,#2942);
#2945=DIRECTION('',(-1.E0,0.E0,0.E0));
#2946=VECTOR('',#2945,5.E-1);
#2947=CARTESIAN_POINT('',(1.25E0,-3.45E0,-4.71E0));
#2948=LINE('',#2947,#2946);
#2949=DIRECTION('',(1.E0,0.E0,0.E0));
#2950=VECTOR('',#2949,5.E-1);
#2951=CARTESIAN_POINT('',(7.5E-1,-3.45E0,-1.45E0));
#2952=LINE('',#2951,#2950);
#2953=DIRECTION('',(2.357022603955E-1,-2.357022603955E-1,9.428090415821E-1));
#2954=VECTOR('',#2953,6.363961030679E-1);
#2955=CARTESIAN_POINT('',(1.1E0,-3.3E0,-5.31E0));
#2956=LINE('',#2955,#2954);
#2957=DIRECTION('',(-1.E0,0.E0,0.E0));
#2958=VECTOR('',#2957,2.E-1);
#2959=CARTESIAN_POINT('',(1.1E0,-3.1E0,-5.31E0));
#2960=LINE('',#2959,#2958);
#2961=DIRECTION('',(0.E0,-1.E0,0.E0));
#2962=VECTOR('',#2961,2.E-1);
#2963=CARTESIAN_POINT('',(9.E-1,-3.1E0,-5.31E0));
#2964=LINE('',#2963,#2962);
#2965=DIRECTION('',(-1.E0,0.E0,0.E0));
#2966=VECTOR('',#2965,2.E-1);
#2967=CARTESIAN_POINT('',(1.1E0,-3.3E0,-5.31E0));
#2968=LINE('',#2967,#2966);
#2969=DIRECTION('',(0.E0,1.E0,0.E0));
#2970=VECTOR('',#2969,2.E-1);
#2971=CARTESIAN_POINT('',(1.1E0,-3.3E0,-5.31E0));
#2972=LINE('',#2971,#2970);
#2973=DIRECTION('',(-2.357022603955E-1,2.357022603955E-1,9.428090415821E-1));
#2974=VECTOR('',#2973,6.363961030679E-1);
#2975=CARTESIAN_POINT('',(9.E-1,-3.1E0,-5.31E0));
#2976=LINE('',#2975,#2974);
#2977=DIRECTION('',(-2.357022603955E-1,-2.357022603955E-1,-9.428090415821E-1));
#2978=VECTOR('',#2977,6.363961030679E-1);
#2979=CARTESIAN_POINT('',(1.25E0,-2.95E0,-4.71E0));
#2980=LINE('',#2979,#2978);
#2981=DIRECTION('',(-1.E0,0.E0,0.E0));
#2982=VECTOR('',#2981,5.E-1);
#2983=CARTESIAN_POINT('',(1.25E0,-2.95E0,-4.71E0));
#2984=LINE('',#2983,#2982);
#2985=DIRECTION('',(1.E0,0.E0,0.E0));
#2986=VECTOR('',#2985,5.E-1);
#2987=CARTESIAN_POINT('',(7.5E-1,-2.95E0,-1.45E0));
#2988=LINE('',#2987,#2986);
#2989=DIRECTION('',(-2.357022603955E-1,-2.357022603955E-1,9.428090415821E-1));
#2990=VECTOR('',#2989,6.363961030679E-1);
#2991=CARTESIAN_POINT('',(9.E-1,-3.3E0,-5.31E0));
#2992=LINE('',#2991,#2990);
#2993=DIRECTION('',(0.E0,1.E0,0.E0));
#2994=VECTOR('',#2993,2.5E-1);
#2995=CARTESIAN_POINT('',(3.5E-1,-3.2E0,-2.5E-1));
#2996=LINE('',#2995,#2994);
#2997=DIRECTION('',(0.E0,0.E0,1.E0));
#2998=VECTOR('',#2997,1.05E0);
#2999=CARTESIAN_POINT('',(3.5E-1,-2.95E0,-1.3E0));
#3000=LINE('',#2999,#2998);
#3001=DIRECTION('',(0.E0,-5.E-1,8.660254037844E-1));
#3002=VECTOR('',#3001,8.082903768655E-1);
#3003=CARTESIAN_POINT('',(3.5E-1,-2.545854811567E0,-2.E0));
#3004=LINE('',#3003,#3002);
#3005=DIRECTION('',(0.E0,1.E0,0.E0));
#3006=VECTOR('',#3005,2.5E-1);
#3007=CARTESIAN_POINT('',(3.5E-1,-3.2E0,2.5E-1));
#3008=LINE('',#3007,#3006);
#3009=DIRECTION('',(0.E0,5.E-1,8.660254037844E-1));
#3010=VECTOR('',#3009,8.082903768655E-1);
#3011=CARTESIAN_POINT('',(3.5E-1,-2.95E0,1.3E0));
#3012=LINE('',#3011,#3010);
#3013=DIRECTION('',(0.E0,0.E0,1.E0));
#3014=VECTOR('',#3013,1.05E0);
#3015=CARTESIAN_POINT('',(3.5E-1,-2.95E0,2.5E-1));
#3016=LINE('',#3015,#3014);
#3017=DIRECTION('',(-1.E0,0.E0,0.E0));
#3018=VECTOR('',#3017,1.3E0);
#3019=CARTESIAN_POINT('',(1.65E0,-2.95E0,1.3E0));
#3020=LINE('',#3019,#3018);
#3021=DIRECTION('',(0.E0,1.E0,0.E0));
#3022=VECTOR('',#3021,2.5E-1);
#3023=CARTESIAN_POINT('',(-3.5E-1,-3.2E0,-2.5E-1));
#3024=LINE('',#3023,#3022);
#3025=DIRECTION('',(0.E0,-5.E-1,8.660254037844E-1));
#3026=VECTOR('',#3025,8.082903768655E-1);
#3027=CARTESIAN_POINT('',(-3.5E-1,-2.545854811567E0,-2.E0));
#3028=LINE('',#3027,#3026);
#3029=DIRECTION('',(0.E0,0.E0,1.E0));
#3030=VECTOR('',#3029,1.05E0);
#3031=CARTESIAN_POINT('',(-3.5E-1,-2.95E0,-1.3E0));
#3032=LINE('',#3031,#3030);
#3033=DIRECTION('',(0.E0,1.E0,0.E0));
#3034=VECTOR('',#3033,2.5E-1);
#3035=CARTESIAN_POINT('',(-3.5E-1,-3.2E0,2.5E-1));
#3036=LINE('',#3035,#3034);
#3037=DIRECTION('',(0.E0,0.E0,1.E0));
#3038=VECTOR('',#3037,1.05E0);
#3039=CARTESIAN_POINT('',(-3.5E-1,-2.95E0,2.5E-1));
#3040=LINE('',#3039,#3038);
#3041=DIRECTION('',(0.E0,5.E-1,8.660254037844E-1));
#3042=VECTOR('',#3041,8.082903768655E-1);
#3043=CARTESIAN_POINT('',(-3.5E-1,-2.95E0,1.3E0));
#3044=LINE('',#3043,#3042);
#3045=DIRECTION('',(0.E0,-5.E-1,8.660254037844E-1));
#3046=VECTOR('',#3045,5.567475985127E-2);
#3047=CARTESIAN_POINT('',(-1.25E0,-2.922162620074E0,-1.348215756381E0));
#3048=LINE('',#3047,#3046);
#3049=DIRECTION('',(1.E0,0.E0,0.E0));
#3050=VECTOR('',#3049,5.E-1);
#3051=CARTESIAN_POINT('',(-1.25E0,-2.922162620074E0,-1.348215756381E0));
#3052=LINE('',#3051,#3050);
#3053=DIRECTION('',(0.E0,-5.E-1,8.660254037844E-1));
#3054=VECTOR('',#3053,5.567475985127E-2);
#3055=CARTESIAN_POINT('',(-7.5E-1,-2.922162620074E0,-1.348215756381E0));
#3056=LINE('',#3055,#3054);
#3057=DIRECTION('',(0.E0,0.E0,-1.E0));
#3058=VECTOR('',#3057,5.E-1);
#3059=CARTESIAN_POINT('',(-1.25E0,2.3E0,-7.5E-1));
#3060=LINE('',#3059,#3058);
#3061=DIRECTION('',(0.E0,-1.E0,0.E0));
#3062=VECTOR('',#3061,3.E0);
#3063=CARTESIAN_POINT('',(-1.25E0,2.3E0,-7.5E-1));
#3064=LINE('',#3063,#3062);
#3065=DIRECTION('',(0.E0,1.E0,0.E0));
#3066=VECTOR('',#3065,3.E0);
#3067=CARTESIAN_POINT('',(-1.25E0,-7.E-1,-1.25E0));
#3068=LINE('',#3067,#3066);
#3069=DIRECTION('',(0.E0,0.E0,-1.E0));
#3070=VECTOR('',#3069,5.E-1);
#3071=CARTESIAN_POINT('',(-1.25E0,2.3E0,1.25E0));
#3072=LINE('',#3071,#3070);
#3073=DIRECTION('',(0.E0,-1.E0,0.E0));
#3074=VECTOR('',#3073,3.E0);
#3075=CARTESIAN_POINT('',(-1.25E0,2.3E0,1.25E0));
#3076=LINE('',#3075,#3074);
#3077=DIRECTION('',(0.E0,1.E0,0.E0));
#3078=VECTOR('',#3077,3.E0);
#3079=CARTESIAN_POINT('',(-1.25E0,-7.E-1,7.5E-1));
#3080=LINE('',#3079,#3078);
#3081=DIRECTION('',(0.E0,-1.E0,0.E0));
#3082=VECTOR('',#3081,5.E-1);
#3083=CARTESIAN_POINT('',(-1.25E0,-2.95E0,-4.71E0));
#3084=LINE('',#3083,#3082);
#3085=DIRECTION('',(0.E0,0.E0,1.E0));
#3086=VECTOR('',#3085,3.26E0);
#3087=CARTESIAN_POINT('',(-1.25E0,-2.95E0,-4.71E0));
#3088=LINE('',#3087,#3086);
#3089=CARTESIAN_POINT('',(-1.25E0,-2.75E0,-1.45E0));
#3090=DIRECTION('',(-1.E0,0.E0,0.E0));
#3091=DIRECTION('',(0.E0,-1.E0,2.453592884422E-13));
#3092=AXIS2_PLACEMENT_3D('',#3089,#3090,#3091);
#3094=CARTESIAN_POINT('',(-1.25E0,-2.75E0,-1.45E0));
#3095=DIRECTION('',(1.E0,0.E0,0.E0));
#3096=DIRECTION('',(0.E0,-2.857142857143E-1,9.583148474999E-1));
#3097=AXIS2_PLACEMENT_3D('',#3094,#3095,#3096);
#3099=DIRECTION('',(0.E0,0.E0,-1.E0));
#3100=VECTOR('',#3099,3.26E0);
#3101=CARTESIAN_POINT('',(-1.25E0,-3.45E0,-1.45E0));
#3102=LINE('',#3101,#3100);
#3103=DIRECTION('',(0.E0,-1.E0,0.E0));
#3104=VECTOR('',#3103,5.E-1);
#3105=CARTESIAN_POINT('',(-1.25E0,-4.95E0,-4.71E0));
#3106=LINE('',#3105,#3104);
#3107=DIRECTION('',(0.E0,0.E0,1.E0));
#3108=VECTOR('',#3107,5.26E0);
#3109=CARTESIAN_POINT('',(-1.25E0,-4.95E0,-4.71E0));
#3110=LINE('',#3109,#3108);
#3111=CARTESIAN_POINT('',(-1.25E0,-4.75E0,5.5E-1));
#3112=DIRECTION('',(-1.E0,0.E0,0.E0));
#3113=DIRECTION('',(0.E0,-1.E0,0.E0));
#3114=AXIS2_PLACEMENT_3D('',#3111,#3112,#3113);
#3116=DIRECTION('',(0.E0,1.E0,0.E0));
#3117=VECTOR('',#3116,1.8E0);
#3118=CARTESIAN_POINT('',(-1.25E0,-4.75E0,7.5E-1));
#3119=LINE('',#3118,#3117);
#3120=DIRECTION('',(0.E0,-1.E0,0.E0));
#3121=VECTOR('',#3120,1.8E0);
#3122=CARTESIAN_POINT('',(-1.25E0,-2.95E0,1.25E0));
#3123=LINE('',#3122,#3121);
#3124=CARTESIAN_POINT('',(-1.25E0,-4.75E0,5.5E-1));
#3125=DIRECTION('',(1.E0,0.E0,0.E0));
#3126=DIRECTION('',(0.E0,0.E0,1.E0));
#3127=AXIS2_PLACEMENT_3D('',#3124,#3125,#3126);
#3129=DIRECTION('',(0.E0,0.E0,-1.E0));
#3130=VECTOR('',#3129,5.26E0);
#3131=CARTESIAN_POINT('',(-1.25E0,-5.45E0,5.5E-1));
#3132=LINE('',#3131,#3130);
#3133=DIRECTION('',(-2.357022603955E-1,-9.428090415821E-1,-2.357022603955E-1));
#3134=VECTOR('',#3133,6.363961030679E-1);
#3135=CARTESIAN_POINT('',(-1.1E0,2.9E0,-1.1E0));
#3136=LINE('',#3135,#3134);
#3137=DIRECTION('',(2.357022603955E-1,-9.428090415821E-1,-2.357022603955E-1));
#3138=VECTOR('',#3137,6.363961030679E-1);
#3139=CARTESIAN_POINT('',(-9.E-1,2.9E0,-1.1E0));
#3140=LINE('',#3139,#3138);
#3141=DIRECTION('',(-1.E0,0.E0,0.E0));
#3142=VECTOR('',#3141,5.E-1);
#3143=CARTESIAN_POINT('',(-7.5E-1,2.3E0,-1.25E0));
#3144=LINE('',#3143,#3142);
#3145=DIRECTION('',(0.E0,0.E0,1.E0));
#3146=VECTOR('',#3145,5.E-1);
#3147=CARTESIAN_POINT('',(-7.5E-1,2.3E0,-1.25E0));
#3148=LINE('',#3147,#3146);
#3149=DIRECTION('',(0.E0,1.E0,0.E0));
#3150=VECTOR('',#3149,3.E0);
#3151=CARTESIAN_POINT('',(-7.5E-1,-7.E-1,-1.25E0));
#3152=LINE('',#3151,#3150);
#3153=DIRECTION('',(0.E0,-1.E0,0.E0));
#3154=VECTOR('',#3153,3.E0);
#3155=CARTESIAN_POINT('',(-7.5E-1,2.3E0,-7.5E-1));
#3156=LINE('',#3155,#3154);
#3157=DIRECTION('',(0.E0,0.E0,1.E0));
#3158=VECTOR('',#3157,5.E-1);
#3159=CARTESIAN_POINT('',(-7.5E-1,2.3E0,7.5E-1));
#3160=LINE('',#3159,#3158);
#3161=DIRECTION('',(0.E0,1.E0,0.E0));
#3162=VECTOR('',#3161,3.E0);
#3163=CARTESIAN_POINT('',(-7.5E-1,-7.E-1,7.5E-1));
#3164=LINE('',#3163,#3162);
#3165=DIRECTION('',(0.E0,-1.E0,0.E0));
#3166=VECTOR('',#3165,3.E0);
#3167=CARTESIAN_POINT('',(-7.5E-1,2.3E0,1.25E0));
#3168=LINE('',#3167,#3166);
#3169=DIRECTION('',(0.E0,1.E0,0.E0));
#3170=VECTOR('',#3169,5.E-1);
#3171=CARTESIAN_POINT('',(-7.5E-1,-3.45E0,-4.71E0));
#3172=LINE('',#3171,#3170);
#3173=DIRECTION('',(0.E0,0.E0,-1.E0));
#3174=VECTOR('',#3173,3.26E0);
#3175=CARTESIAN_POINT('',(-7.5E-1,-3.45E0,-1.45E0));
#3176=LINE('',#3175,#3174);
#3177=CARTESIAN_POINT('',(-7.5E-1,-2.75E0,-1.45E0));
#3178=DIRECTION('',(1.E0,0.E0,0.E0));
#3179=DIRECTION('',(0.E0,-2.857142857143E-1,9.583148474999E-1));
#3180=AXIS2_PLACEMENT_3D('',#3177,#3178,#3179);
#3182=CARTESIAN_POINT('',(-7.5E-1,-2.75E0,-1.45E0));
#3183=DIRECTION('',(-1.E0,0.E0,0.E0));
#3184=DIRECTION('',(0.E0,-1.E0,2.453592884422E-13));
#3185=AXIS2_PLACEMENT_3D('',#3182,#3183,#3184);
#3187=DIRECTION('',(0.E0,0.E0,1.E0));
#3188=VECTOR('',#3187,3.26E0);
#3189=CARTESIAN_POINT('',(-7.5E-1,-2.95E0,-4.71E0));
#3190=LINE('',#3189,#3188);
#3191=DIRECTION('',(0.E0,1.E0,0.E0));
#3192=VECTOR('',#3191,5.E-1);
#3193=CARTESIAN_POINT('',(-7.5E-1,-5.45E0,-4.71E0));
#3194=LINE('',#3193,#3192);
#3195=DIRECTION('',(0.E0,0.E0,-1.E0));
#3196=VECTOR('',#3195,5.26E0);
#3197=CARTESIAN_POINT('',(-7.5E-1,-5.45E0,5.5E-1));
#3198=LINE('',#3197,#3196);
#3199=CARTESIAN_POINT('',(-7.5E-1,-4.75E0,5.5E-1));
#3200=DIRECTION('',(1.E0,0.E0,0.E0));
#3201=DIRECTION('',(0.E0,0.E0,1.E0));
#3202=AXIS2_PLACEMENT_3D('',#3199,#3200,#3201);
#3204=DIRECTION('',(0.E0,-1.E0,0.E0));
#3205=VECTOR('',#3204,1.8E0);
#3206=CARTESIAN_POINT('',(-7.5E-1,-2.95E0,1.25E0));
#3207=LINE('',#3206,#3205);
#3208=DIRECTION('',(0.E0,1.E0,0.E0));
#3209=VECTOR('',#3208,1.8E0);
#3210=CARTESIAN_POINT('',(-7.5E-1,-4.75E0,7.5E-1));
#3211=LINE('',#3210,#3209);
#3212=CARTESIAN_POINT('',(-7.5E-1,-4.75E0,5.5E-1));
#3213=DIRECTION('',(-1.E0,0.E0,0.E0));
#3214=DIRECTION('',(0.E0,-1.E0,0.E0));
#3215=AXIS2_PLACEMENT_3D('',#3212,#3213,#3214);
#3217=DIRECTION('',(0.E0,0.E0,1.E0));
#3218=VECTOR('',#3217,5.26E0);
#3219=CARTESIAN_POINT('',(-7.5E-1,-4.95E0,-4.71E0));
#3220=LINE('',#3219,#3218);
#3221=DIRECTION('',(-1.E0,0.E0,0.E0));
#3222=VECTOR('',#3221,2.E-1);
#3223=CARTESIAN_POINT('',(-9.E-1,2.9E0,-9.E-1));
#3224=LINE('',#3223,#3222);
#3225=DIRECTION('',(0.E0,0.E0,-1.E0));
#3226=VECTOR('',#3225,2.E-1);
#3227=CARTESIAN_POINT('',(-1.1E0,2.9E0,-9.E-1));
#3228=LINE('',#3227,#3226);
#3229=DIRECTION('',(-1.E0,0.E0,0.E0));
#3230=VECTOR('',#3229,2.E-1);
#3231=CARTESIAN_POINT('',(-9.E-1,2.9E0,-1.1E0));
#3232=LINE('',#3231,#3230);
#3233=DIRECTION('',(0.E0,0.E0,1.E0));
#3234=VECTOR('',#3233,2.E-1);
#3235=CARTESIAN_POINT('',(-9.E-1,2.9E0,-1.1E0));
#3236=LINE('',#3235,#3234);
#3237=DIRECTION('',(-2.357022603955E-1,-9.428090415821E-1,2.357022603955E-1));
#3238=VECTOR('',#3237,6.363961030679E-1);
#3239=CARTESIAN_POINT('',(-1.1E0,2.9E0,-9.E-1));
#3240=LINE('',#3239,#3238);
#3241=DIRECTION('',(-2.357022603955E-1,9.428090415821E-1,-2.357022603955E-1));
#3242=VECTOR('',#3241,6.363961030679E-1);
#3243=CARTESIAN_POINT('',(-7.5E-1,2.3E0,-7.5E-1));
#3244=LINE('',#3243,#3242);
#3245=DIRECTION('',(-1.E0,0.E0,0.E0));
#3246=VECTOR('',#3245,5.E-1);
#3247=CARTESIAN_POINT('',(-7.5E-1,2.3E0,-7.5E-1));
#3248=LINE('',#3247,#3246);
#3249=DIRECTION('',(2.357022603955E-1,-9.428090415821E-1,2.357022603955E-1));
#3250=VECTOR('',#3249,6.363961030679E-1);
#3251=CARTESIAN_POINT('',(-9.E-1,2.9E0,1.1E0));
#3252=LINE('',#3251,#3250);
#3253=DIRECTION('',(-1.E0,0.E0,0.E0));
#3254=VECTOR('',#3253,2.E-1);
#3255=CARTESIAN_POINT('',(-9.E-1,2.9E0,1.1E0));
#3256=LINE('',#3255,#3254);
#3257=DIRECTION('',(0.E0,0.E0,-1.E0));
#3258=VECTOR('',#3257,2.E-1);
#3259=CARTESIAN_POINT('',(-1.1E0,2.9E0,1.1E0));
#3260=LINE('',#3259,#3258);
#3261=DIRECTION('',(-1.E0,0.E0,0.E0));
#3262=VECTOR('',#3261,2.E-1);
#3263=CARTESIAN_POINT('',(-9.E-1,2.9E0,9.E-1));
#3264=LINE('',#3263,#3262);
#3265=DIRECTION('',(0.E0,0.E0,1.E0));
#3266=VECTOR('',#3265,2.E-1);
#3267=CARTESIAN_POINT('',(-9.E-1,2.9E0,9.E-1));
#3268=LINE('',#3267,#3266);
#3269=DIRECTION('',(-2.357022603955E-1,-9.428090415821E-1,2.357022603955E-1));
#3270=VECTOR('',#3269,6.363961030679E-1);
#3271=CARTESIAN_POINT('',(-1.1E0,2.9E0,1.1E0));
#3272=LINE('',#3271,#3270);
#3273=DIRECTION('',(-1.E0,0.E0,0.E0));
#3274=VECTOR('',#3273,5.E-1);
#3275=CARTESIAN_POINT('',(-7.5E-1,2.3E0,1.25E0));
#3276=LINE('',#3275,#3274);
#3277=DIRECTION('',(0.E0,0.E0,1.E0));
#3278=VECTOR('',#3277,5.E-1);
#3279=CARTESIAN_POINT('',(-1.25E0,-2.95E0,7.5E-1));
#3280=LINE('',#3279,#3278);
#3281=DIRECTION('',(1.E0,0.E0,0.E0));
#3282=VECTOR('',#3281,5.E-1);
#3283=CARTESIAN_POINT('',(-1.25E0,-2.95E0,7.5E-1));
#3284=LINE('',#3283,#3282);
#3285=DIRECTION('',(0.E0,0.E0,1.E0));
#3286=VECTOR('',#3285,5.E-1);
#3287=CARTESIAN_POINT('',(-7.5E-1,-2.95E0,7.5E-1));
#3288=LINE('',#3287,#3286);
#3289=DIRECTION('',(1.E0,0.E0,0.E0));
#3290=VECTOR('',#3289,5.E-1);
#3291=CARTESIAN_POINT('',(-1.25E0,-2.95E0,1.25E0));
#3292=LINE('',#3291,#3290);
#3293=DIRECTION('',(1.E0,0.E0,0.E0));
#3294=VECTOR('',#3293,1.3E0);
#3295=CARTESIAN_POINT('',(-1.65E0,-2.95E0,-2.5E-1));
#3296=LINE('',#3295,#3294);
#3297=DIRECTION('',(-1.E0,0.E0,0.E0));
#3298=VECTOR('',#3297,4.E-1);
#3299=CARTESIAN_POINT('',(-3.5E-1,-2.95E0,-1.3E0));
#3300=LINE('',#3299,#3298);
#3301=DIRECTION('',(0.E0,0.E0,1.E0));
#3302=VECTOR('',#3301,5.208203932499E-1);
#3303=CARTESIAN_POINT('',(-7.5E-1,-2.95E0,-1.3E0));
#3304=LINE('',#3303,#3302);
#3305=DIRECTION('',(1.E0,0.E0,0.E0));
#3306=VECTOR('',#3305,5.E-1);
#3307=CARTESIAN_POINT('',(-1.25E0,-2.95E0,-7.791796067501E-1));
#3308=LINE('',#3307,#3306);
#3309=DIRECTION('',(0.E0,0.E0,1.E0));
#3310=VECTOR('',#3309,5.208203932499E-1);
#3311=CARTESIAN_POINT('',(-1.25E0,-2.95E0,-1.3E0));
#3312=LINE('',#3311,#3310);
#3313=DIRECTION('',(-1.E0,0.E0,0.E0));
#3314=VECTOR('',#3313,4.E-1);
#3315=CARTESIAN_POINT('',(-1.25E0,-2.95E0,-1.3E0));
#3316=LINE('',#3315,#3314);
#3317=DIRECTION('',(1.E0,0.E0,0.E0));
#3318=VECTOR('',#3317,1.3E0);
#3319=CARTESIAN_POINT('',(-1.65E0,-2.95E0,2.5E-1));
#3320=LINE('',#3319,#3318);
#3321=DIRECTION('',(1.E0,0.E0,0.E0));
#3322=VECTOR('',#3321,5.E-1);
#3323=CARTESIAN_POINT('',(-1.25E0,-4.75E0,7.5E-1));
#3324=LINE('',#3323,#3322);
#3325=DIRECTION('',(-1.E0,0.E0,0.E0));
#3326=VECTOR('',#3325,5.E-1);
#3327=CARTESIAN_POINT('',(-7.5E-1,2.3E0,7.5E-1));
#3328=LINE('',#3327,#3326);
#3329=DIRECTION('',(1.E0,0.E0,0.E0));
#3330=VECTOR('',#3329,5.E-1);
#3331=CARTESIAN_POINT('',(-1.25E0,-4.95E0,5.5E-1));
#3332=LINE('',#3331,#3330);
#3333=DIRECTION('',(-1.E0,0.E0,0.E0));
#3334=VECTOR('',#3333,5.E-1);
#3335=CARTESIAN_POINT('',(-7.5E-1,-4.95E0,-4.71E0));
#3336=LINE('',#3335,#3334);
#3337=DIRECTION('',(-2.357022603955E-1,2.357022603955E-1,9.428090415821E-1));
#3338=VECTOR('',#3337,6.363961030679E-1);
#3339=CARTESIAN_POINT('',(-1.1E0,-5.1E0,-5.31E0));
#3340=LINE('',#3339,#3338);
#3341=DIRECTION('',(-2.357022603955E-1,-2.357022603955E-1,-9.428090415821E-1));
#3342=VECTOR('',#3341,6.363961030679E-1);
#3343=CARTESIAN_POINT('',(-7.5E-1,-4.95E0,-4.71E0));
#3344=LINE('',#3343,#3342);
#3345=DIRECTION('',(-2.357022603955E-1,-2.357022603955E-1,9.428090415821E-1));
#3346=VECTOR('',#3345,6.363961030679E-1);
#3347=CARTESIAN_POINT('',(-1.1E0,-5.3E0,-5.31E0));
#3348=LINE('',#3347,#3346);
#3349=DIRECTION('',(2.357022603955E-1,-2.357022603955E-1,9.428090415821E-1));
#3350=VECTOR('',#3349,6.363961030679E-1);
#3351=CARTESIAN_POINT('',(-9.E-1,-5.3E0,-5.31E0));
#3352=LINE('',#3351,#3350);
#3353=DIRECTION('',(-1.E0,0.E0,0.E0));
#3354=VECTOR('',#3353,5.E-1);
#3355=CARTESIAN_POINT('',(-7.5E-1,-5.45E0,-4.71E0));
#3356=LINE('',#3355,#3354);
#3357=DIRECTION('',(1.E0,0.E0,0.E0));
#3358=VECTOR('',#3357,5.E-1);
#3359=CARTESIAN_POINT('',(-1.25E0,-5.45E0,5.5E-1));
#3360=LINE('',#3359,#3358);
#3361=DIRECTION('',(1.E0,0.E0,0.E0));
#3362=VECTOR('',#3361,5.E-1);
#3363=CARTESIAN_POINT('',(-1.25E0,-4.75E0,1.25E0));
#3364=LINE('',#3363,#3362);
#3365=DIRECTION('',(-1.E0,0.E0,0.E0));
#3366=VECTOR('',#3365,2.E-1);
#3367=CARTESIAN_POINT('',(-9.E-1,-5.1E0,-5.31E0));
#3368=LINE('',#3367,#3366);
#3369=DIRECTION('',(0.E0,-1.E0,0.E0));
#3370=VECTOR('',#3369,2.E-1);
#3371=CARTESIAN_POINT('',(-1.1E0,-5.1E0,-5.31E0));
#3372=LINE('',#3371,#3370);
#3373=DIRECTION('',(-1.E0,0.E0,0.E0));
#3374=VECTOR('',#3373,2.E-1);
#3375=CARTESIAN_POINT('',(-9.E-1,-5.3E0,-5.31E0));
#3376=LINE('',#3375,#3374);
#3377=DIRECTION('',(0.E0,1.E0,0.E0));
#3378=VECTOR('',#3377,2.E-1);
#3379=CARTESIAN_POINT('',(-9.E-1,-5.3E0,-5.31E0));
#3380=LINE('',#3379,#3378);
#3381=DIRECTION('',(2.357022603955E-1,-9.428090415821E-1,-2.357022603955E-1));
#3382=VECTOR('',#3381,6.363961030679E-1);
#3383=CARTESIAN_POINT('',(-9.E-1,2.9E0,9.E-1));
#3384=LINE('',#3383,#3382);
#3385=DIRECTION('',(-2.357022603955E-1,-9.428090415821E-1,-2.357022603955E-1));
#3386=VECTOR('',#3385,6.363961030679E-1);
#3387=CARTESIAN_POINT('',(-1.1E0,2.9E0,9.E-1));
#3388=LINE('',#3387,#3386);
#3389=DIRECTION('',(-1.E0,0.E0,0.E0));
#3390=VECTOR('',#3389,5.E-1);
#3391=CARTESIAN_POINT('',(-7.5E-1,-3.45E0,-4.71E0));
#3392=LINE('',#3391,#3390);
#3393=DIRECTION('',(1.E0,0.E0,0.E0));
#3394=VECTOR('',#3393,5.E-1);
#3395=CARTESIAN_POINT('',(-1.25E0,-3.45E0,-1.45E0));
#3396=LINE('',#3395,#3394);
#3397=DIRECTION('',(2.357022603955E-1,-2.357022603955E-1,9.428090415821E-1));
#3398=VECTOR('',#3397,6.363961030679E-1);
#3399=CARTESIAN_POINT('',(-9.E-1,-3.3E0,-5.31E0));
#3400=LINE('',#3399,#3398);
#3401=DIRECTION('',(-1.E0,0.E0,0.E0));
#3402=VECTOR('',#3401,2.E-1);
#3403=CARTESIAN_POINT('',(-9.E-1,-3.1E0,-5.31E0));
#3404=LINE('',#3403,#3402);
#3405=DIRECTION('',(0.E0,-1.E0,0.E0));
#3406=VECTOR('',#3405,2.E-1);
#3407=CARTESIAN_POINT('',(-1.1E0,-3.1E0,-5.31E0));
#3408=LINE('',#3407,#3406);
#3409=DIRECTION('',(-1.E0,0.E0,0.E0));
#3410=VECTOR('',#3409,2.E-1);
#3411=CARTESIAN_POINT('',(-9.E-1,-3.3E0,-5.31E0));
#3412=LINE('',#3411,#3410);
#3413=DIRECTION('',(0.E0,1.E0,0.E0));
#3414=VECTOR('',#3413,2.E-1);
#3415=CARTESIAN_POINT('',(-9.E-1,-3.3E0,-5.31E0));
#3416=LINE('',#3415,#3414);
#3417=DIRECTION('',(-2.357022603955E-1,2.357022603955E-1,9.428090415821E-1));
#3418=VECTOR('',#3417,6.363961030679E-1);
#3419=CARTESIAN_POINT('',(-1.1E0,-3.1E0,-5.31E0));
#3420=LINE('',#3419,#3418);
#3421=DIRECTION('',(-2.357022603955E-1,-2.357022603955E-1,-9.428090415821E-1));
#3422=VECTOR('',#3421,6.363961030679E-1);
#3423=CARTESIAN_POINT('',(-7.5E-1,-2.95E0,-4.71E0));
#3424=LINE('',#3423,#3422);
#3425=DIRECTION('',(-1.E0,0.E0,0.E0));
#3426=VECTOR('',#3425,5.E-1);
#3427=CARTESIAN_POINT('',(-7.5E-1,-2.95E0,-4.71E0));
#3428=LINE('',#3427,#3426);
#3429=DIRECTION('',(1.E0,0.E0,0.E0));
#3430=VECTOR('',#3429,5.E-1);
#3431=CARTESIAN_POINT('',(-1.25E0,-2.95E0,-1.45E0));
#3432=LINE('',#3431,#3430);
#3433=DIRECTION('',(-2.357022603955E-1,-2.357022603955E-1,9.428090415821E-1));
#3434=VECTOR('',#3433,6.363961030679E-1);
#3435=CARTESIAN_POINT('',(-1.1E0,-3.3E0,-5.31E0));
#3436=LINE('',#3435,#3434);
#3437=DIRECTION('',(0.E0,1.E0,0.E0));
#3438=VECTOR('',#3437,2.5E-1);
#3439=CARTESIAN_POINT('',(-1.65E0,-3.2E0,-2.5E-1));
#3440=LINE('',#3439,#3438);
#3441=DIRECTION('',(0.E0,0.E0,1.E0));
#3442=VECTOR('',#3441,1.05E0);
#3443=CARTESIAN_POINT('',(-1.65E0,-2.95E0,-1.3E0));
#3444=LINE('',#3443,#3442);
#3445=DIRECTION('',(0.E0,-5.E-1,8.660254037844E-1));
#3446=VECTOR('',#3445,8.082903768655E-1);
#3447=CARTESIAN_POINT('',(-1.65E0,-2.545854811567E0,-2.E0));
#3448=LINE('',#3447,#3446);
#3449=DIRECTION('',(0.E0,1.E0,0.E0));
#3450=VECTOR('',#3449,2.5E-1);
#3451=CARTESIAN_POINT('',(-1.65E0,-3.2E0,2.5E-1));
#3452=LINE('',#3451,#3450);
#3453=DIRECTION('',(0.E0,5.E-1,8.660254037844E-1));
#3454=VECTOR('',#3453,8.082903768655E-1);
#3455=CARTESIAN_POINT('',(-1.65E0,-2.95E0,1.3E0));
#3456=LINE('',#3455,#3454);
#3457=DIRECTION('',(0.E0,0.E0,1.E0));
#3458=VECTOR('',#3457,1.05E0);
#3459=CARTESIAN_POINT('',(-1.65E0,-2.95E0,2.5E-1));
#3460=LINE('',#3459,#3458);
#3461=DIRECTION('',(-1.E0,0.E0,0.E0));
#3462=VECTOR('',#3461,1.3E0);
#3463=CARTESIAN_POINT('',(-3.5E-1,-2.95E0,1.3E0));
#3464=LINE('',#3463,#3462);
#3465=DIRECTION('',(-1.E0,0.E0,0.E0));
#3466=VECTOR('',#3465,1.3E0);
#3467=CARTESIAN_POINT('',(-4.35E0,-2.95E0,1.3E0));
#3468=LINE('',#3467,#3466);
#3469=DIRECTION('',(0.E0,1.E0,0.E0));
#3470=VECTOR('',#3469,1.7E0);
#3471=CARTESIAN_POINT('',(-6.5E0,-3.2E0,-2.E0));
#3472=LINE('',#3471,#3470);
#3473=DIRECTION('',(0.E0,0.E0,1.E0));
#3474=VECTOR('',#3473,4.E0);
#3475=CARTESIAN_POINT('',(-6.5E0,-1.5E0,-2.E0));
#3476=LINE('',#3475,#3474);
#3477=DIRECTION('',(-1.E0,0.E0,0.E0));
#3478=VECTOR('',#3477,1.3E1);
#3479=CARTESIAN_POINT('',(6.5E0,-1.5E0,-2.E0));
#3480=LINE('',#3479,#3478);
#3481=DIRECTION('',(0.E0,0.E0,-1.E0));
#3482=VECTOR('',#3481,4.E0);
#3483=CARTESIAN_POINT('',(6.5E0,-1.5E0,2.E0));
#3484=LINE('',#3483,#3482);
#3485=DIRECTION('',(1.E0,0.E0,0.E0));
#3486=VECTOR('',#3485,1.3E1);
#3487=CARTESIAN_POINT('',(-6.5E0,-1.5E0,2.E0));
#3488=LINE('',#3487,#3486);
#3489=DIRECTION('',(0.E0,1.E0,0.E0));
#3490=VECTOR('',#3489,1.7E0);
#3491=CARTESIAN_POINT('',(6.5E0,-3.2E0,2.E0));
#3492=LINE('',#3491,#3490);
#3493=DIRECTION('',(3.420201433257E-1,-9.396926207859E-1,0.E0));
#3494=VECTOR('',#3493,1.461902200082E0);
#3495=CARTESIAN_POINT('',(-5.325E0,3.2E0,3.15E0));
#3496=LINE('',#3495,#3494);
#3497=DIRECTION('',(3.420201433257E-1,9.396926207859E-1,0.E0));
#3498=VECTOR('',#3497,1.461902200082E0);
#3499=CARTESIAN_POINT('',(-4.825E0,1.826261290273E0,3.15E0));
#3500=LINE('',#3499,#3498);
#3501=DIRECTION('',(-1.E0,0.E0,0.E0));
#3502=VECTOR('',#3501,2.325E0);
#3503=CARTESIAN_POINT('',(-2.E0,3.2E0,3.15E0));
#3504=LINE('',#3503,#3502);
#3505=CARTESIAN_POINT('',(-2.E0,2.4E0,3.15E0));
#3506=DIRECTION('',(0.E0,0.E0,1.E0));
#3507=DIRECTION('',(1.E0,0.E0,0.E0));
#3508=AXIS2_PLACEMENT_3D('',#3505,#3506,#3507);
#3510=DIRECTION('',(0.E0,-1.E0,0.E0));
#3511=VECTOR('',#3510,3.1E0);
#3512=CARTESIAN_POINT('',(-1.2E0,2.4E0,3.15E0));
#3513=LINE('',#3512,#3511);
#3514=DIRECTION('',(1.E0,0.E0,0.E0));
#3515=VECTOR('',#3514,2.4E0);
#3516=CARTESIAN_POINT('',(-1.2E0,-7.E-1,3.15E0));
#3517=LINE('',#3516,#3515);
#3518=DIRECTION('',(0.E0,1.E0,0.E0));
#3519=VECTOR('',#3518,3.1E0);
#3520=CARTESIAN_POINT('',(1.2E0,-7.E-1,3.15E0));
#3521=LINE('',#3520,#3519);
#3522=CARTESIAN_POINT('',(2.E0,2.4E0,3.15E0));
#3523=DIRECTION('',(0.E0,0.E0,1.E0));
#3524=DIRECTION('',(0.E0,1.E0,0.E0));
#3525=AXIS2_PLACEMENT_3D('',#3522,#3523,#3524);
#3527=DIRECTION('',(-1.E0,0.E0,0.E0));
#3528=VECTOR('',#3527,5.325E0);
#3529=CARTESIAN_POINT('',(7.325E0,3.2E0,3.15E0));
#3530=LINE('',#3529,#3528);
#3531=DIRECTION('',(0.E0,1.E0,0.E0));
#3532=VECTOR('',#3531,4.7E0);
#3533=CARTESIAN_POINT('',(7.325E0,-1.5E0,3.15E0));
#3534=LINE('',#3533,#3532);
#3535=DIRECTION('',(1.E0,0.E0,0.E0));
#3536=VECTOR('',#3535,1.465E1);
#3537=CARTESIAN_POINT('',(-7.325E0,-1.5E0,3.15E0));
#3538=LINE('',#3537,#3536);
#3539=DIRECTION('',(0.E0,-1.E0,0.E0));
#3540=VECTOR('',#3539,4.7E0);
#3541=CARTESIAN_POINT('',(-7.325E0,3.2E0,3.15E0));
#3542=LINE('',#3541,#3540);
#3543=DIRECTION('',(-1.E0,0.E0,0.E0));
#3544=VECTOR('',#3543,2.E0);
#3545=CARTESIAN_POINT('',(-5.325E0,3.2E0,3.15E0));
#3546=LINE('',#3545,#3544);
#3547=DIRECTION('',(3.420201433257E-1,9.396926207859E-1,0.E0));
#3548=VECTOR('',#3547,1.461902200082E0);
#3549=CARTESIAN_POINT('',(-4.825E0,1.826261290273E0,3.13E0));
#3550=LINE('',#3549,#3548);
#3551=DIRECTION('',(3.420201433257E-1,-9.396926207859E-1,0.E0));
#3552=VECTOR('',#3551,1.461902200082E0);
#3553=CARTESIAN_POINT('',(-5.325E0,3.2E0,3.13E0));
#3554=LINE('',#3553,#3552);
#3555=DIRECTION('',(0.E0,0.E0,-1.E0));
#3556=VECTOR('',#3555,2.E-2);
#3557=CARTESIAN_POINT('',(-4.825E0,1.826261290273E0,3.15E0));
#3558=LINE('',#3557,#3556);
#3559=CARTESIAN_POINT('',(2.E0,3.2E0,2.85E0));
#3560=CARTESIAN_POINT('',(1.918950628703E0,3.2E0,2.85E0));
#3561=CARTESIAN_POINT('',(1.777372720801E0,3.176917289667E0,2.826917289667E0));
#3562=CARTESIAN_POINT('',(1.542536366702E0,3.076400077043E0,2.726400077043E0));
#3563=CARTESIAN_POINT('',(1.408834367420E0,2.953290418080E0,2.603290418080E0));
#3564=CARTESIAN_POINT('',(1.338562172234E0,2.85E0,2.5E0));
#3566=DIRECTION('',(1.E0,0.E0,0.E0));
#3567=VECTOR('',#3566,1.261437827766E0);
#3568=CARTESIAN_POINT('',(1.338562172234E0,2.85E0,2.5E0));
#3569=LINE('',#3568,#3567);
#3570=DIRECTION('',(0.E0,7.071067811865E-1,7.071067811865E-1));
#3571=VECTOR('',#3570,3.535533905933E-1);
#3572=CARTESIAN_POINT('',(2.6E0,2.6E0,2.25E0));
#3573=LINE('',#3572,#3571);
#3574=DIRECTION('',(-1.E0,0.E0,0.E0));
#3575=VECTOR('',#3574,8.E-1);
#3576=CARTESIAN_POINT('',(3.4E0,2.6E0,2.25E0));
#3577=LINE('',#3576,#3575);
#3578=DIRECTION('',(0.E0,-7.071067811865E-1,-7.071067811865E-1));
#3579=VECTOR('',#3578,3.535533905933E-1);
#3580=CARTESIAN_POINT('',(3.4E0,2.85E0,2.5E0));
#3581=LINE('',#3580,#3579);
#3582=DIRECTION('',(1.E0,0.E0,0.E0));
#3583=VECTOR('',#3582,1.2E0);
#3584=CARTESIAN_POINT('',(3.4E0,2.85E0,2.5E0));
#3585=LINE('',#3584,#3583);
#3586=DIRECTION('',(0.E0,7.071067811865E-1,7.071067811865E-1));
#3587=VECTOR('',#3586,3.535533905933E-1);
#3588=CARTESIAN_POINT('',(4.6E0,2.6E0,2.25E0));
#3589=LINE('',#3588,#3587);
#3590=DIRECTION('',(0.E0,7.071067811865E-1,7.071067811865E-1));
#3591=VECTOR('',#3590,3.535533905933E-1);
#3592=CARTESIAN_POINT('',(5.4E0,2.6E0,2.25E0));
#3593=LINE('',#3592,#3591);
#3594=DIRECTION('',(1.E0,0.E0,0.E0));
#3595=VECTOR('',#3594,6.25E-1);
#3596=CARTESIAN_POINT('',(5.4E0,2.85E0,2.5E0));
#3597=LINE('',#3596,#3595);
#3598=DIRECTION('',(0.E0,7.071067811865E-1,7.071067811865E-1));
#3599=VECTOR('',#3598,3.535533905933E-1);
#3600=CARTESIAN_POINT('',(6.025E0,2.6E0,2.25E0));
#3601=LINE('',#3600,#3599);
#3602=DIRECTION('',(-5.773502691896E-1,5.773502691896E-1,5.773502691896E-1));
#3603=VECTOR('',#3602,1.039230484541E0);
#3604=CARTESIAN_POINT('',(-6.425E0,2.6E0,2.25E0));
#3605=LINE('',#3604,#3603);
#3606=DIRECTION('',(0.E0,7.071067811865E-1,7.071067811865E-1));
#3607=VECTOR('',#3606,3.535533905933E-1);
#3608=CARTESIAN_POINT('',(-6.025E0,2.6E0,2.25E0));
#3609=LINE('',#3608,#3607);
#3610=DIRECTION('',(1.E0,0.E0,0.E0));
#3611=VECTOR('',#3610,6.25E-1);
#3612=CARTESIAN_POINT('',(-6.025E0,2.85E0,2.5E0));
#3613=LINE('',#3612,#3611);
#3614=DIRECTION('',(0.E0,7.071067811865E-1,7.071067811865E-1));
#3615=VECTOR('',#3614,3.535533905933E-1);
#3616=CARTESIAN_POINT('',(-5.4E0,2.6E0,2.25E0));
#3617=LINE('',#3616,#3615);
#3618=DIRECTION('',(0.E0,7.071067811865E-1,7.071067811865E-1));
#3619=VECTOR('',#3618,3.535533905933E-1);
#3620=CARTESIAN_POINT('',(-4.6E0,2.6E0,2.25E0));
#3621=LINE('',#3620,#3619);
#3622=DIRECTION('',(1.E0,0.E0,0.E0));
#3623=VECTOR('',#3622,1.2E0);
#3624=CARTESIAN_POINT('',(-4.6E0,2.85E0,2.5E0));
#3625=LINE('',#3624,#3623);
#3626=DIRECTION('',(0.E0,7.071067811865E-1,7.071067811865E-1));
#3627=VECTOR('',#3626,3.535533905933E-1);
#3628=CARTESIAN_POINT('',(-3.4E0,2.6E0,2.25E0));
#3629=LINE('',#3628,#3627);
#3630=DIRECTION('',(-1.E0,0.E0,0.E0));
#3631=VECTOR('',#3630,8.E-1);
#3632=CARTESIAN_POINT('',(-2.6E0,2.6E0,2.25E0));
#3633=LINE('',#3632,#3631);
#3634=DIRECTION('',(0.E0,-7.071067811865E-1,-7.071067811865E-1));
#3635=VECTOR('',#3634,3.535533905933E-1);
#3636=CARTESIAN_POINT('',(-2.6E0,2.85E0,2.5E0));
#3637=LINE('',#3636,#3635);
#3638=DIRECTION('',(1.E0,0.E0,0.E0));
#3639=VECTOR('',#3638,1.261437827766E0);
#3640=CARTESIAN_POINT('',(-2.6E0,2.85E0,2.5E0));
#3641=LINE('',#3640,#3639);
#3642=CARTESIAN_POINT('',(-1.338562172234E0,2.85E0,2.5E0));
#3643=CARTESIAN_POINT('',(-1.408834367420E0,2.953290418080E0,2.603290418080E0));
#3644=CARTESIAN_POINT('',(-1.542536366702E0,3.076400077043E0,2.726400077043E0));
#3645=CARTESIAN_POINT('',(-1.777372720801E0,3.176917289667E0,2.826917289667E0));
#3646=CARTESIAN_POINT('',(-1.918950628703E0,3.2E0,2.85E0));
#3647=CARTESIAN_POINT('',(-2.E0,3.2E0,2.85E0));
#3649=DIRECTION('',(0.E0,0.E0,-1.E0));
#3650=VECTOR('',#3649,6.5E-1);
#3651=CARTESIAN_POINT('',(1.2E0,2.4E0,3.15E0));
#3652=LINE('',#3651,#3650);
#3653=DIRECTION('',(0.E0,0.E0,-1.E0));
#3654=VECTOR('',#3653,6.5E-1);
#3655=CARTESIAN_POINT('',(1.2E0,-7.E-1,3.15E0));
#3656=LINE('',#3655,#3654);
#3657=DIRECTION('',(0.E0,1.E0,0.E0));
#3658=VECTOR('',#3657,3.55E0);
#3659=CARTESIAN_POINT('',(-3.4E0,-7.E-1,2.5E0));
#3660=LINE('',#3659,#3658);
#3661=DIRECTION('',(0.E0,-1.E0,0.E0));
#3662=VECTOR('',#3661,3.55E0);
#3663=CARTESIAN_POINT('',(-4.6E0,2.85E0,2.5E0));
#3664=LINE('',#3663,#3662);
#3665=DIRECTION('',(0.E0,1.E0,0.E0));
#3666=VECTOR('',#3665,3.55E0);
#3667=CARTESIAN_POINT('',(3.4E0,-7.E-1,2.5E0));
#3668=LINE('',#3667,#3666);
#3669=DIRECTION('',(0.E0,1.E0,0.E0));
#3670=VECTOR('',#3669,3.1E0);
#3671=CARTESIAN_POINT('',(-1.2E0,-7.E-1,2.5E0));
#3672=LINE('',#3671,#3670);
#3673=CARTESIAN_POINT('',(-2.E0,2.4E0,2.5E0));
#3674=DIRECTION('',(0.E0,0.E0,1.E0));
#3675=DIRECTION('',(1.E0,0.E0,0.E0));
#3676=AXIS2_PLACEMENT_3D('',#3673,#3674,#3675);
#3678=DIRECTION('',(0.E0,1.E0,0.E0));
#3679=VECTOR('',#3678,3.55E0);
#3680=CARTESIAN_POINT('',(-2.6E0,-7.E-1,2.5E0));
#3681=LINE('',#3680,#3679);
#3682=DIRECTION('',(0.E0,1.E0,0.E0));
#3683=VECTOR('',#3682,3.1E0);
#3684=CARTESIAN_POINT('',(1.2E0,-7.E-1,2.5E0));
#3685=LINE('',#3684,#3683);
#3686=DIRECTION('',(0.E0,1.E0,0.E0));
#3687=VECTOR('',#3686,3.55E0);
#3688=CARTESIAN_POINT('',(2.6E0,-7.E-1,2.5E0));
#3689=LINE('',#3688,#3687);
#3690=CARTESIAN_POINT('',(2.E0,2.4E0,2.5E0));
#3691=DIRECTION('',(0.E0,0.E0,1.E0));
#3692=DIRECTION('',(-8.267972847077E-1,5.625E-1,0.E0));
#3693=AXIS2_PLACEMENT_3D('',#3690,#3691,#3692);
#3695=DIRECTION('',(0.E0,1.E0,0.E0));
#3696=VECTOR('',#3695,3.3E0);
#3697=CARTESIAN_POINT('',(-3.4E0,-7.E-1,2.25E0));
#3698=LINE('',#3697,#3696);
#3699=DIRECTION('',(0.E0,1.E0,0.E0));
#3700=VECTOR('',#3699,3.3E0);
#3701=CARTESIAN_POINT('',(-2.6E0,-7.E-1,2.25E0));
#3702=LINE('',#3701,#3700);
#3703=DIRECTION('',(-1.E0,0.E0,0.E0));
#3704=VECTOR('',#3703,4.E-1);
#3705=CARTESIAN_POINT('',(6.425E0,2.6E0,2.25E0));
#3706=LINE('',#3705,#3704);
#3707=DIRECTION('',(0.E0,-1.E0,0.E0));
#3708=VECTOR('',#3707,3.3E0);
#3709=CARTESIAN_POINT('',(6.025E0,2.6E0,2.25E0));
#3710=LINE('',#3709,#3708);
#3711=DIRECTION('',(0.E0,-1.E0,0.E0));
#3712=VECTOR('',#3711,3.3E0);
#3713=CARTESIAN_POINT('',(5.4E0,2.6E0,2.25E0));
#3714=LINE('',#3713,#3712);
#3715=DIRECTION('',(-1.E0,0.E0,0.E0));
#3716=VECTOR('',#3715,8.E-1);
#3717=CARTESIAN_POINT('',(5.4E0,2.6E0,2.25E0));
#3718=LINE('',#3717,#3716);
#3719=DIRECTION('',(0.E0,-1.E0,0.E0));
#3720=VECTOR('',#3719,3.3E0);
#3721=CARTESIAN_POINT('',(4.6E0,2.6E0,2.25E0));
#3722=LINE('',#3721,#3720);
#3723=DIRECTION('',(0.E0,-1.E0,0.E0));
#3724=VECTOR('',#3723,3.3E0);
#3725=CARTESIAN_POINT('',(-4.6E0,2.6E0,2.25E0));
#3726=LINE('',#3725,#3724);
#3727=DIRECTION('',(-1.E0,0.E0,0.E0));
#3728=VECTOR('',#3727,8.E-1);
#3729=CARTESIAN_POINT('',(-4.6E0,2.6E0,2.25E0));
#3730=LINE('',#3729,#3728);
#3731=DIRECTION('',(0.E0,-1.E0,0.E0));
#3732=VECTOR('',#3731,3.3E0);
#3733=CARTESIAN_POINT('',(-5.4E0,2.6E0,2.25E0));
#3734=LINE('',#3733,#3732);
#3735=DIRECTION('',(0.E0,-1.E0,0.E0));
#3736=VECTOR('',#3735,3.3E0);
#3737=CARTESIAN_POINT('',(-6.025E0,2.6E0,2.25E0));
#3738=LINE('',#3737,#3736);
#3739=DIRECTION('',(-1.E0,0.E0,0.E0));
#3740=VECTOR('',#3739,4.E-1);
#3741=CARTESIAN_POINT('',(-6.025E0,2.6E0,2.25E0));
#3742=LINE('',#3741,#3740);
#3743=DIRECTION('',(0.E0,0.E0,1.E0));
#3744=VECTOR('',#3743,1.1E0);
#3745=CARTESIAN_POINT('',(6.425E0,2.6E0,-2.25E0));
#3746=LINE('',#3745,#3744);
#3747=DIRECTION('',(0.E0,1.E0,0.E0));
#3748=VECTOR('',#3747,3.3E0);
#3749=CARTESIAN_POINT('',(6.425E0,-7.E-1,-1.15E0));
#3750=LINE('',#3749,#3748);
#3751=DIRECTION('',(0.E0,0.E0,1.E0));
#3752=VECTOR('',#3751,1.1E0);
#3753=CARTESIAN_POINT('',(6.425E0,-7.E-1,-2.25E0));
#3754=LINE('',#3753,#3752);
#3755=DIRECTION('',(0.E0,1.E0,0.E0));
#3756=VECTOR('',#3755,3.3E0);
#3757=CARTESIAN_POINT('',(6.425E0,-7.E-1,-2.25E0));
#3758=LINE('',#3757,#3756);
#3759=DIRECTION('',(0.E0,0.E0,1.E0));
#3760=VECTOR('',#3759,2.1E0);
#3761=CARTESIAN_POINT('',(6.425E0,2.6E0,1.5E-1));
#3762=LINE('',#3761,#3760);
#3763=DIRECTION('',(0.E0,-1.E0,0.E0));
#3764=VECTOR('',#3763,3.3E0);
#3765=CARTESIAN_POINT('',(6.425E0,2.6E0,2.25E0));
#3766=LINE('',#3765,#3764);
#3767=DIRECTION('',(0.E0,0.E0,1.E0));
#3768=VECTOR('',#3767,2.1E0);
#3769=CARTESIAN_POINT('',(6.425E0,-7.E-1,1.5E-1));
#3770=LINE('',#3769,#3768);
#3771=DIRECTION('',(0.E0,1.E0,0.E0));
#3772=VECTOR('',#3771,3.3E0);
#3773=CARTESIAN_POINT('',(6.425E0,-7.E-1,1.5E-1));
#3774=LINE('',#3773,#3772);
#3775=DIRECTION('',(5.773502691896E-1,5.773502691896E-1,-5.773502691896E-1));
#3776=VECTOR('',#3775,1.039230484541E0);
#3777=CARTESIAN_POINT('',(6.425E0,2.6E0,-1.15E0));
#3778=LINE('',#3777,#3776);
#3779=DIRECTION('',(-1.E0,0.E0,0.E0));
#3780=VECTOR('',#3779,3.2E0);
#3781=CARTESIAN_POINT('',(4.6E0,2.85E0,-2.5E0));
#3782=LINE('',#3781,#3780);
#3783=DIRECTION('',(0.E0,7.071067811865E-1,-7.071067811865E-1));
#3784=VECTOR('',#3783,3.535533905933E-1);
#3785=CARTESIAN_POINT('',(1.4E0,2.6E0,-2.25E0));
#3786=LINE('',#3785,#3784);
#3787=DIRECTION('',(1.E0,0.E0,0.E0));
#3788=VECTOR('',#3787,8.E-1);
#3789=CARTESIAN_POINT('',(6.E-1,2.6E0,-2.25E0));
#3790=LINE('',#3789,#3788);
#3791=DIRECTION('',(0.E0,-7.071067811865E-1,7.071067811865E-1));
#3792=VECTOR('',#3791,3.535533905933E-1);
#3793=CARTESIAN_POINT('',(6.E-1,2.85E0,-2.5E0));
#3794=LINE('',#3793,#3792);
#3795=DIRECTION('',(-1.E0,0.E0,0.E0));
#3796=VECTOR('',#3795,1.2E0);
#3797=CARTESIAN_POINT('',(6.E-1,2.85E0,-2.5E0));
#3798=LINE('',#3797,#3796);
#3799=DIRECTION('',(0.E0,7.071067811865E-1,-7.071067811865E-1));
#3800=VECTOR('',#3799,3.535533905933E-1);
#3801=CARTESIAN_POINT('',(-6.E-1,2.6E0,-2.25E0));
#3802=LINE('',#3801,#3800);
#3803=DIRECTION('',(1.E0,0.E0,0.E0));
#3804=VECTOR('',#3803,8.E-1);
#3805=CARTESIAN_POINT('',(-1.4E0,2.6E0,-2.25E0));
#3806=LINE('',#3805,#3804);
#3807=DIRECTION('',(0.E0,-7.071067811865E-1,7.071067811865E-1));
#3808=VECTOR('',#3807,3.535533905933E-1);
#3809=CARTESIAN_POINT('',(-1.4E0,2.85E0,-2.5E0));
#3810=LINE('',#3809,#3808);
#3811=DIRECTION('',(-1.E0,0.E0,0.E0));
#3812=VECTOR('',#3811,3.2E0);
#3813=CARTESIAN_POINT('',(-1.4E0,2.85E0,-2.5E0));
#3814=LINE('',#3813,#3812);
#3815=DIRECTION('',(0.E0,7.071067811865E-1,-7.071067811865E-1));
#3816=VECTOR('',#3815,3.535533905933E-1);
#3817=CARTESIAN_POINT('',(-4.6E0,2.6E0,-2.25E0));
#3818=LINE('',#3817,#3816);
#3819=DIRECTION('',(0.E0,7.071067811865E-1,-7.071067811865E-1));
#3820=VECTOR('',#3819,3.535533905933E-1);
#3821=CARTESIAN_POINT('',(-5.4E0,2.6E0,-2.25E0));
#3822=LINE('',#3821,#3820);
#3823=DIRECTION('',(-1.E0,0.E0,0.E0));
#3824=VECTOR('',#3823,6.25E-1);
#3825=CARTESIAN_POINT('',(-5.4E0,2.85E0,-2.5E0));
#3826=LINE('',#3825,#3824);
#3827=DIRECTION('',(0.E0,7.071067811865E-1,-7.071067811865E-1));
#3828=VECTOR('',#3827,3.535533905933E-1);
#3829=CARTESIAN_POINT('',(-6.025E0,2.6E0,-2.25E0));
#3830=LINE('',#3829,#3828);
#3831=DIRECTION('',(5.773502691896E-1,5.773502691896E-1,-5.773502691896E-1));
#3832=VECTOR('',#3831,1.039230484541E0);
#3833=CARTESIAN_POINT('',(6.425E0,2.6E0,-2.25E0));
#3834=LINE('',#3833,#3832);
#3835=DIRECTION('',(0.E0,7.071067811865E-1,-7.071067811865E-1));
#3836=VECTOR('',#3835,3.535533905933E-1);
#3837=CARTESIAN_POINT('',(6.025E0,2.6E0,-2.25E0));
#3838=LINE('',#3837,#3836);
#3839=DIRECTION('',(-1.E0,0.E0,0.E0));
#3840=VECTOR('',#3839,6.25E-1);
#3841=CARTESIAN_POINT('',(6.025E0,2.85E0,-2.5E0));
#3842=LINE('',#3841,#3840);
#3843=DIRECTION('',(0.E0,7.071067811865E-1,-7.071067811865E-1));
#3844=VECTOR('',#3843,3.535533905933E-1);
#3845=CARTESIAN_POINT('',(5.4E0,2.6E0,-2.25E0));
#3846=LINE('',#3845,#3844);
#3847=DIRECTION('',(0.E0,7.071067811865E-1,-7.071067811865E-1));
#3848=VECTOR('',#3847,3.535533905933E-1);
#3849=CARTESIAN_POINT('',(4.6E0,2.6E0,-2.25E0));
#3850=LINE('',#3849,#3848);
#3851=DIRECTION('',(0.E0,1.E0,0.E0));
#3852=VECTOR('',#3851,3.55E0);
#3853=CARTESIAN_POINT('',(-1.4E0,-7.E-1,-2.5E0));
#3854=LINE('',#3853,#3852);
#3855=DIRECTION('',(0.E0,1.E0,0.E0));
#3856=VECTOR('',#3855,3.55E0);
#3857=CARTESIAN_POINT('',(-6.E-1,-7.E-1,-2.5E0));
#3858=LINE('',#3857,#3856);
#3859=DIRECTION('',(0.E0,1.E0,0.E0));
#3860=VECTOR('',#3859,3.55E0);
#3861=CARTESIAN_POINT('',(6.E-1,-7.E-1,-2.5E0));
#3862=LINE('',#3861,#3860);
#3863=DIRECTION('',(0.E0,1.E0,0.E0));
#3864=VECTOR('',#3863,3.55E0);
#3865=CARTESIAN_POINT('',(1.4E0,-7.E-1,-2.5E0));
#3866=LINE('',#3865,#3864);
#3867=DIRECTION('',(0.E0,-1.E0,0.E0));
#3868=VECTOR('',#3867,3.55E0);
#3869=CARTESIAN_POINT('',(4.6E0,2.85E0,-2.5E0));
#3870=LINE('',#3869,#3868);
#3871=DIRECTION('',(0.E0,1.E0,0.E0));
#3872=VECTOR('',#3871,3.3E0);
#3873=CARTESIAN_POINT('',(-1.4E0,-7.E-1,-2.25E0));
#3874=LINE('',#3873,#3872);
#3875=DIRECTION('',(0.E0,1.E0,0.E0));
#3876=VECTOR('',#3875,3.3E0);
#3877=CARTESIAN_POINT('',(-6.E-1,-7.E-1,-2.25E0));
#3878=LINE('',#3877,#3876);
#3879=DIRECTION('',(0.E0,-1.E0,0.E0));
#3880=VECTOR('',#3879,3.55E0);
#3881=CARTESIAN_POINT('',(-4.6E0,2.85E0,-2.5E0));
#3882=LINE('',#3881,#3880);
#3883=DIRECTION('',(0.E0,1.E0,0.E0));
#3884=VECTOR('',#3883,3.3E0);
#3885=CARTESIAN_POINT('',(-5.4E0,-7.E-1,-2.25E0));
#3886=LINE('',#3885,#3884);
#3887=DIRECTION('',(1.E0,0.E0,0.E0));
#3888=VECTOR('',#3887,8.E-1);
#3889=CARTESIAN_POINT('',(-5.4E0,2.6E0,-2.25E0));
#3890=LINE('',#3889,#3888);
#3891=DIRECTION('',(0.E0,1.E0,0.E0));
#3892=VECTOR('',#3891,3.3E0);
#3893=CARTESIAN_POINT('',(-4.6E0,-7.E-1,-2.25E0));
#3894=LINE('',#3893,#3892);
#3895=DIRECTION('',(-1.E0,0.E0,0.E0));
#3896=VECTOR('',#3895,8.E-1);
#3897=CARTESIAN_POINT('',(-4.6E0,-7.E-1,-2.25E0));
#3898=LINE('',#3897,#3896);
#3899=DIRECTION('',(0.E0,1.E0,0.E0));
#3900=VECTOR('',#3899,3.3E0);
#3901=CARTESIAN_POINT('',(5.4E0,-7.E-1,-2.25E0));
#3902=LINE('',#3901,#3900);
#3903=DIRECTION('',(-1.E0,0.E0,0.E0));
#3904=VECTOR('',#3903,8.E-1);
#3905=CARTESIAN_POINT('',(5.4E0,-7.E-1,-2.25E0));
#3906=LINE('',#3905,#3904);
#3907=DIRECTION('',(0.E0,1.E0,0.E0));
#3908=VECTOR('',#3907,3.3E0);
#3909=CARTESIAN_POINT('',(4.6E0,-7.E-1,-2.25E0));
#3910=LINE('',#3909,#3908);
#3911=DIRECTION('',(1.E0,0.E0,0.E0));
#3912=VECTOR('',#3911,8.E-1);
#3913=CARTESIAN_POINT('',(4.6E0,2.6E0,-2.25E0));
#3914=LINE('',#3913,#3912);
#3915=DIRECTION('',(-1.E0,0.E0,0.E0));
#3916=VECTOR('',#3915,4.E-1);
#3917=CARTESIAN_POINT('',(6.425E0,-7.E-1,-2.25E0));
#3918=LINE('',#3917,#3916);
#3919=DIRECTION('',(0.E0,1.E0,0.E0));
#3920=VECTOR('',#3919,3.3E0);
#3921=CARTESIAN_POINT('',(6.025E0,-7.E-1,-2.25E0));
#3922=LINE('',#3921,#3920);
#3923=DIRECTION('',(1.E0,0.E0,0.E0));
#3924=VECTOR('',#3923,4.E-1);
#3925=CARTESIAN_POINT('',(6.025E0,2.6E0,-2.25E0));
#3926=LINE('',#3925,#3924);
#3927=DIRECTION('',(0.E0,1.E0,0.E0));
#3928=VECTOR('',#3927,3.3E0);
#3929=CARTESIAN_POINT('',(-6.025E0,-7.E-1,-2.25E0));
#3930=LINE('',#3929,#3928);
#3931=DIRECTION('',(-1.E0,0.E0,0.E0));
#3932=VECTOR('',#3931,4.E-1);
#3933=CARTESIAN_POINT('',(-6.025E0,-7.E-1,-2.25E0));
#3934=LINE('',#3933,#3932);
#3935=DIRECTION('',(1.E0,0.E0,0.E0));
#3936=VECTOR('',#3935,4.E-1);
#3937=CARTESIAN_POINT('',(-6.425E0,2.6E0,-2.25E0));
#3938=LINE('',#3937,#3936);
#3939=DIRECTION('',(0.E0,-1.E0,0.E0));
#3940=VECTOR('',#3939,3.55E0);
#3941=CARTESIAN_POINT('',(-5.4E0,2.85E0,-2.5E0));
#3942=LINE('',#3941,#3940);
#3943=DIRECTION('',(0.E0,-1.E0,0.E0));
#3944=VECTOR('',#3943,3.55E0);
#3945=CARTESIAN_POINT('',(-6.025E0,2.85E0,-2.5E0));
#3946=LINE('',#3945,#3944);
#3947=DIRECTION('',(0.E0,-1.E0,0.E0));
#3948=VECTOR('',#3947,3.55E0);
#3949=CARTESIAN_POINT('',(5.4E0,2.85E0,-2.5E0));
#3950=LINE('',#3949,#3948);
#3951=DIRECTION('',(0.E0,-1.E0,0.E0));
#3952=VECTOR('',#3951,3.55E0);
#3953=CARTESIAN_POINT('',(6.025E0,2.85E0,-2.5E0));
#3954=LINE('',#3953,#3952);
#3955=DIRECTION('',(0.E0,0.E0,-1.E0));
#3956=VECTOR('',#3955,2.1E0);
#3957=CARTESIAN_POINT('',(-6.425E0,2.6E0,-1.5E-1));
#3958=LINE('',#3957,#3956);
#3959=DIRECTION('',(0.E0,1.E0,0.E0));
#3960=VECTOR('',#3959,3.3E0);
#3961=CARTESIAN_POINT('',(-6.425E0,-7.E-1,-2.25E0));
#3962=LINE('',#3961,#3960);
#3963=DIRECTION('',(0.E0,0.E0,1.E0));
#3964=VECTOR('',#3963,2.1E0);
#3965=CARTESIAN_POINT('',(-6.425E0,-7.E-1,-2.25E0));
#3966=LINE('',#3965,#3964);
#3967=DIRECTION('',(0.E0,1.E0,0.E0));
#3968=VECTOR('',#3967,3.3E0);
#3969=CARTESIAN_POINT('',(-6.425E0,-7.E-1,-1.5E-1));
#3970=LINE('',#3969,#3968);
#3971=DIRECTION('',(0.E0,0.E0,-1.E0));
#3972=VECTOR('',#3971,1.1E0);
#3973=CARTESIAN_POINT('',(-6.425E0,2.6E0,2.25E0));
#3974=LINE('',#3973,#3972);
#3975=DIRECTION('',(0.E0,1.E0,0.E0));
#3976=VECTOR('',#3975,3.3E0);
#3977=CARTESIAN_POINT('',(-6.425E0,-7.E-1,1.15E0));
#3978=LINE('',#3977,#3976);
#3979=DIRECTION('',(0.E0,0.E0,1.E0));
#3980=VECTOR('',#3979,1.1E0);
#3981=CARTESIAN_POINT('',(-6.425E0,-7.E-1,1.15E0));
#3982=LINE('',#3981,#3980);
#3983=DIRECTION('',(0.E0,-1.E0,0.E0));
#3984=VECTOR('',#3983,3.3E0);
#3985=CARTESIAN_POINT('',(-6.425E0,2.6E0,2.25E0));
#3986=LINE('',#3985,#3984);
#3987=DIRECTION('',(-5.773502691896E-1,5.773502691896E-1,-5.773502691896E-1));
#3988=VECTOR('',#3987,1.039230484541E0);
#3989=CARTESIAN_POINT('',(-6.425E0,2.6E0,-2.25E0));
#3990=LINE('',#3989,#3988);
#3991=DIRECTION('',(1.E0,0.E0,0.E0));
#3992=VECTOR('',#3991,9.E-1);
#3993=CARTESIAN_POINT('',(-7.325E0,2.6E0,-1.5E-1));
#3994=LINE('',#3993,#3992);
#3995=DIRECTION('',(-5.773502691896E-1,5.773502691896E-1,5.773502691896E-1));
#3996=VECTOR('',#3995,1.039230484541E0);
#3997=CARTESIAN_POINT('',(-6.425E0,2.6E0,1.15E0));
#3998=LINE('',#3997,#3996);
#3999=DIRECTION('',(-1.E0,0.E0,0.E0));
#4000=VECTOR('',#3999,9.E-1);
#4001=CARTESIAN_POINT('',(-6.425E0,2.6E0,1.15E0));
#4002=LINE('',#4001,#4000);
#4003=DIRECTION('',(0.E0,1.E0,0.E0));
#4004=VECTOR('',#4003,3.3E0);
#4005=CARTESIAN_POINT('',(6.E-1,-7.E-1,-2.25E0));
#4006=LINE('',#4005,#4004);
#4007=DIRECTION('',(0.E0,1.E0,0.E0));
#4008=VECTOR('',#4007,3.3E0);
#4009=CARTESIAN_POINT('',(1.4E0,-7.E-1,-2.25E0));
#4010=LINE('',#4009,#4008);
#4011=DIRECTION('',(5.773502691896E-1,5.773502691896E-1,5.773502691896E-1));
#4012=VECTOR('',#4011,1.039230484541E0);
#4013=CARTESIAN_POINT('',(6.425E0,2.6E0,2.25E0));
#4014=LINE('',#4013,#4012);
#4015=DIRECTION('',(5.773502691896E-1,5.773502691896E-1,5.773502691896E-1));
#4016=VECTOR('',#4015,1.039230484541E0);
#4017=CARTESIAN_POINT('',(6.425E0,2.6E0,1.5E-1));
#4018=LINE('',#4017,#4016);
#4019=DIRECTION('',(-1.E0,0.E0,0.E0));
#4020=VECTOR('',#4019,9.E-1);
#4021=CARTESIAN_POINT('',(7.325E0,2.6E0,1.5E-1));
#4022=LINE('',#4021,#4020);
#4023=DIRECTION('',(0.E0,-1.E0,0.E0));
#4024=VECTOR('',#4023,3.55E0);
#4025=CARTESIAN_POINT('',(6.025E0,2.85E0,2.5E0));
#4026=LINE('',#4025,#4024);
#4027=DIRECTION('',(0.E0,-1.E0,0.E0));
#4028=VECTOR('',#4027,3.55E0);
#4029=CARTESIAN_POINT('',(5.4E0,2.85E0,2.5E0));
#4030=LINE('',#4029,#4028);
#4031=DIRECTION('',(0.E0,-1.E0,0.E0));
#4032=VECTOR('',#4031,3.55E0);
#4033=CARTESIAN_POINT('',(4.6E0,2.85E0,2.5E0));
#4034=LINE('',#4033,#4032);
#4035=DIRECTION('',(0.E0,-1.E0,0.E0));
#4036=VECTOR('',#4035,3.55E0);
#4037=CARTESIAN_POINT('',(-5.4E0,2.85E0,2.5E0));
#4038=LINE('',#4037,#4036);
#4039=DIRECTION('',(0.E0,-1.E0,0.E0));
#4040=VECTOR('',#4039,3.55E0);
#4041=CARTESIAN_POINT('',(-6.025E0,2.85E0,2.5E0));
#4042=LINE('',#4041,#4040);
#4043=DIRECTION('',(0.E0,1.E0,0.E0));
#4044=VECTOR('',#4043,3.3E0);
#4045=CARTESIAN_POINT('',(3.4E0,-7.E-1,2.25E0));
#4046=LINE('',#4045,#4044);
#4047=DIRECTION('',(0.E0,1.E0,0.E0));
#4048=VECTOR('',#4047,3.3E0);
#4049=CARTESIAN_POINT('',(2.6E0,-7.E-1,2.25E0));
#4050=LINE('',#4049,#4048);
#4051=DIRECTION('',(0.E0,0.E0,-1.E0));
#4052=VECTOR('',#4051,6.5E-1);
#4053=CARTESIAN_POINT('',(-1.2E0,2.4E0,3.15E0));
#4054=LINE('',#4053,#4052);
#4055=DIRECTION('',(0.E0,-5.E-1,8.660254037844E-1));
#4056=VECTOR('',#4055,5.567475985127E-2);
#4057=CARTESIAN_POINT('',(-5.25E0,-2.922162620074E0,-1.348215756381E0));
#4058=LINE('',#4057,#4056);
#4059=DIRECTION('',(1.E0,0.E0,0.E0));
#4060=VECTOR('',#4059,5.E-1);
#4061=CARTESIAN_POINT('',(-5.25E0,-2.922162620074E0,-1.348215756381E0));
#4062=LINE('',#4061,#4060);
#4063=DIRECTION('',(0.E0,-5.E-1,8.660254037844E-1));
#4064=VECTOR('',#4063,5.567475985127E-2);
#4065=CARTESIAN_POINT('',(-4.75E0,-2.922162620074E0,-1.348215756381E0));
#4066=LINE('',#4065,#4064);
#4067=DIRECTION('',(1.E0,0.E0,0.E0));
#4068=VECTOR('',#4067,5.E-1);
#4069=CARTESIAN_POINT('',(-5.25E0,-2.95E0,-1.45E0));
#4070=LINE('',#4069,#4068);
#4071=DIRECTION('',(-1.E0,0.E0,0.E0));
#4072=VECTOR('',#4071,5.E-1);
#4073=CARTESIAN_POINT('',(-4.75E0,-2.95E0,-4.71E0));
#4074=LINE('',#4073,#4072);
#4075=DIRECTION('',(-2.357022603955E-1,2.357022603955E-1,9.428090415821E-1));
#4076=VECTOR('',#4075,6.363961030679E-1);
#4077=CARTESIAN_POINT('',(-5.1E0,-3.1E0,-5.31E0));
#4078=LINE('',#4077,#4076);
#4079=DIRECTION('',(-2.357022603955E-1,-2.357022603955E-1,-9.428090415821E-1));
#4080=VECTOR('',#4079,6.363961030679E-1);
#4081=CARTESIAN_POINT('',(-4.75E0,-2.95E0,-4.71E0));
#4082=LINE('',#4081,#4080);
#4083=DIRECTION('',(-2.357022603955E-1,-2.357022603955E-1,9.428090415821E-1));
#4084=VECTOR('',#4083,6.363961030679E-1);
#4085=CARTESIAN_POINT('',(-5.1E0,-3.3E0,-5.31E0));
#4086=LINE('',#4085,#4084);
#4087=DIRECTION('',(2.357022603955E-1,-2.357022603955E-1,9.428090415821E-1));
#4088=VECTOR('',#4087,6.363961030679E-1);
#4089=CARTESIAN_POINT('',(-4.9E0,-3.3E0,-5.31E0));
#4090=LINE('',#4089,#4088);
#4091=DIRECTION('',(-1.E0,0.E0,0.E0));
#4092=VECTOR('',#4091,5.E-1);
#4093=CARTESIAN_POINT('',(-4.75E0,-3.45E0,-4.71E0));
#4094=LINE('',#4093,#4092);
#4095=DIRECTION('',(1.E0,0.E0,0.E0));
#4096=VECTOR('',#4095,5.E-1);
#4097=CARTESIAN_POINT('',(-5.25E0,-3.45E0,-1.45E0));
#4098=LINE('',#4097,#4096);
#4099=DIRECTION('',(-1.E0,0.E0,0.E0));
#4100=VECTOR('',#4099,2.E-1);
#4101=CARTESIAN_POINT('',(-4.9E0,-3.1E0,-5.31E0));
#4102=LINE('',#4101,#4100);
#4103=DIRECTION('',(0.E0,-1.E0,0.E0));
#4104=VECTOR('',#4103,2.E-1);
#4105=CARTESIAN_POINT('',(-5.1E0,-3.1E0,-5.31E0));
#4106=LINE('',#4105,#4104);
#4107=DIRECTION('',(-1.E0,0.E0,0.E0));
#4108=VECTOR('',#4107,2.E-1);
#4109=CARTESIAN_POINT('',(-4.9E0,-3.3E0,-5.31E0));
#4110=LINE('',#4109,#4108);
#4111=DIRECTION('',(0.E0,1.E0,0.E0));
#4112=VECTOR('',#4111,2.E-1);
#4113=CARTESIAN_POINT('',(-4.9E0,-3.3E0,-5.31E0));
#4114=LINE('',#4113,#4112);
#4115=DIRECTION('',(-2.357022603955E-1,-2.357022603955E-1,9.428090415821E-1));
#4116=VECTOR('',#4115,6.363961030679E-1);
#4117=CARTESIAN_POINT('',(4.9E0,-3.3E0,-5.31E0));
#4118=LINE('',#4117,#4116);
#4119=DIRECTION('',(2.357022603955E-1,-2.357022603955E-1,9.428090415821E-1));
#4120=VECTOR('',#4119,6.363961030679E-1);
#4121=CARTESIAN_POINT('',(5.1E0,-3.3E0,-5.31E0));
#4122=LINE('',#4121,#4120);
#4123=DIRECTION('',(-1.E0,0.E0,0.E0));
#4124=VECTOR('',#4123,5.E-1);
#4125=CARTESIAN_POINT('',(5.25E0,-3.45E0,-4.71E0));
#4126=LINE('',#4125,#4124);
#4127=DIRECTION('',(1.E0,0.E0,0.E0));
#4128=VECTOR('',#4127,5.E-1);
#4129=CARTESIAN_POINT('',(4.75E0,-3.45E0,-1.45E0));
#4130=LINE('',#4129,#4128);
#4131=CARTESIAN_POINT('',(7.325E0,3.2E0,-3.15E0));
#4132=CARTESIAN_POINT('',(-7.325E0,3.2E0,-3.15E0));
#4133=VERTEX_POINT('',#4131);
#4134=VERTEX_POINT('',#4132);
#4135=CARTESIAN_POINT('',(-6.5E0,-1.5E0,-2.E0));
#4136=CARTESIAN_POINT('',(-6.5E0,-1.5E0,2.E0));
#4137=VERTEX_POINT('',#4135);
#4138=VERTEX_POINT('',#4136);
#4139=CARTESIAN_POINT('',(6.5E0,-1.5E0,2.E0));
#4140=VERTEX_POINT('',#4139);
#4141=CARTESIAN_POINT('',(6.5E0,-1.5E0,-2.E0));
#4142=VERTEX_POINT('',#4141);
#4143=CARTESIAN_POINT('',(-6.5E0,-3.2E0,-2.E0));
#4144=CARTESIAN_POINT('',(-6.5E0,-3.2E0,2.E0));
#4145=VERTEX_POINT('',#4143);
#4146=VERTEX_POINT('',#4144);
#4147=CARTESIAN_POINT('',(6.5E0,-3.2E0,2.E0));
#4148=CARTESIAN_POINT('',(6.5E0,-3.2E0,-2.E0));
#4149=VERTEX_POINT('',#4147);
#4150=VERTEX_POINT('',#4148);
#4151=CARTESIAN_POINT('',(-7.325E0,-1.5E0,-3.15E0));
#4152=VERTEX_POINT('',#4151);
#4153=CARTESIAN_POINT('',(7.325E0,-1.5E0,-3.15E0));
#4154=VERTEX_POINT('',#4153);
#4155=CARTESIAN_POINT('',(-7.325E0,3.2E0,3.15E0));
#4156=CARTESIAN_POINT('',(-7.325E0,-1.5E0,3.15E0));
#4157=VERTEX_POINT('',#4155);
#4158=VERTEX_POINT('',#4156);
#4159=CARTESIAN_POINT('',(7.325E0,-1.5E0,3.15E0));
#4160=CARTESIAN_POINT('',(7.325E0,3.2E0,3.15E0));
#4161=VERTEX_POINT('',#4159);
#4162=VERTEX_POINT('',#4160);
#4163=CARTESIAN_POINT('',(-5.65E0,-3.2E0,2.E0));
#4164=VERTEX_POINT('',#4163);
#4165=CARTESIAN_POINT('',(-5.65E0,-3.2E0,-2.E0));
#4166=VERTEX_POINT('',#4165);
#4167=CARTESIAN_POINT('',(-5.25E0,-2.95E0,-7.791796067501E-1));
#4168=CARTESIAN_POINT('',(-5.25E0,-2.95E0,-1.3E0));
#4169=VERTEX_POINT('',#4167);
#4170=VERTEX_POINT('',#4168);
#4171=CARTESIAN_POINT('',(-5.25E0,-2.95E0,1.25E0));
#4172=CARTESIAN_POINT('',(-5.25E0,-2.95E0,7.5E-1));
#4173=VERTEX_POINT('',#4171);
#4174=VERTEX_POINT('',#4172);
#4175=CARTESIAN_POINT('',(-4.75E0,-2.95E0,-7.791796067501E-1));
#4176=CARTESIAN_POINT('',(-4.75E0,-2.95E0,-1.3E0));
#4177=VERTEX_POINT('',#4175);
#4178=VERTEX_POINT('',#4176);
#4179=CARTESIAN_POINT('',(-4.75E0,-2.95E0,1.25E0));
#4180=CARTESIAN_POINT('',(-4.75E0,-2.95E0,7.5E-1));
#4181=VERTEX_POINT('',#4179);
#4182=VERTEX_POINT('',#4180);
#4183=CARTESIAN_POINT('',(-5.25E0,-4.75E0,1.25E0));
#4184=VERTEX_POINT('',#4183);
#4185=CARTESIAN_POINT('',(-5.25E0,-4.75E0,7.5E-1));
#4186=VERTEX_POINT('',#4185);
#4187=CARTESIAN_POINT('',(-4.75E0,-4.75E0,1.25E0));
#4188=VERTEX_POINT('',#4187);
#4189=CARTESIAN_POINT('',(-4.75E0,-4.75E0,7.5E-1));
#4190=VERTEX_POINT('',#4189);
#4191=CARTESIAN_POINT('',(-5.4E0,-7.E-1,-2.5E0));
#4192=CARTESIAN_POINT('',(-6.025E0,-7.E-1,-2.5E0));
#4193=VERTEX_POINT('',#4191);
#4194=VERTEX_POINT('',#4192);
#4195=CARTESIAN_POINT('',(6.025E0,-7.E-1,-2.5E0));
#4196=CARTESIAN_POINT('',(5.4E0,-7.E-1,-2.5E0));
#4197=VERTEX_POINT('',#4195);
#4198=VERTEX_POINT('',#4196);
#4199=CARTESIAN_POINT('',(-5.4E0,-7.E-1,-2.25E0));
#4200=CARTESIAN_POINT('',(-5.4E0,2.6E0,-2.25E0));
#4201=VERTEX_POINT('',#4199);
#4202=VERTEX_POINT('',#4200);
#4203=CARTESIAN_POINT('',(5.4E0,-7.E-1,-2.25E0));
#4204=CARTESIAN_POINT('',(5.4E0,2.6E0,-2.25E0));
#4205=VERTEX_POINT('',#4203);
#4206=VERTEX_POINT('',#4204);
#4207=CARTESIAN_POINT('',(6.425E0,-7.E-1,2.25E0));
#4208=CARTESIAN_POINT('',(6.025E0,-7.E-1,2.25E0));
#4209=VERTEX_POINT('',#4207);
#4210=VERTEX_POINT('',#4208);
#4211=CARTESIAN_POINT('',(6.425E0,-7.E-1,-2.25E0));
#4212=CARTESIAN_POINT('',(6.025E0,-7.E-1,-2.25E0));
#4213=VERTEX_POINT('',#4211);
#4214=VERTEX_POINT('',#4212);
#4215=CARTESIAN_POINT('',(-7.325E0,-7.E-1,1.15E0));
#4216=CARTESIAN_POINT('',(-7.325E0,-7.E-1,-1.5E-1));
#4217=VERTEX_POINT('',#4215);
#4218=VERTEX_POINT('',#4216);
#4219=CARTESIAN_POINT('',(7.325E0,-7.E-1,1.5E-1));
#4220=CARTESIAN_POINT('',(7.325E0,-7.E-1,-1.15E0));
#4221=VERTEX_POINT('',#4219);
#4222=VERTEX_POINT('',#4220);
#4223=CARTESIAN_POINT('',(6.425E0,-7.E-1,1.5E-1));
#4224=VERTEX_POINT('',#4223);
#4225=CARTESIAN_POINT('',(6.425E0,-7.E-1,-1.15E0));
#4226=VERTEX_POINT('',#4225);
#4227=CARTESIAN_POINT('',(-6.425E0,-7.E-1,1.15E0));
#4228=VERTEX_POINT('',#4227);
#4229=CARTESIAN_POINT('',(-6.425E0,-7.E-1,-1.5E-1));
#4230=VERTEX_POINT('',#4229);
#4231=CARTESIAN_POINT('',(-6.025E0,-7.E-1,-2.25E0));
#4232=CARTESIAN_POINT('',(-6.025E0,2.6E0,-2.25E0));
#4233=VERTEX_POINT('',#4231);
#4234=VERTEX_POINT('',#4232);
#4235=CARTESIAN_POINT('',(6.025E0,2.6E0,-2.25E0));
#4236=VERTEX_POINT('',#4235);
#4237=CARTESIAN_POINT('',(5.4E0,-7.E-1,2.25E0));
#4238=CARTESIAN_POINT('',(4.6E0,-7.E-1,2.25E0));
#4239=VERTEX_POINT('',#4237);
#4240=VERTEX_POINT('',#4238);
#4241=CARTESIAN_POINT('',(-4.6E0,-7.E-1,2.25E0));
#4242=CARTESIAN_POINT('',(-5.4E0,-7.E-1,2.25E0));
#4243=VERTEX_POINT('',#4241);
#4244=VERTEX_POINT('',#4242);
#4245=CARTESIAN_POINT('',(4.6E0,-7.E-1,-2.25E0));
#4246=VERTEX_POINT('',#4245);
#4247=CARTESIAN_POINT('',(-4.6E0,-7.E-1,-2.25E0));
#4248=VERTEX_POINT('',#4247);
#4249=CARTESIAN_POINT('',(-5.4E0,2.85E0,-2.5E0));
#4250=VERTEX_POINT('',#4249);
#4251=CARTESIAN_POINT('',(-6.025E0,2.85E0,-2.5E0));
#4252=VERTEX_POINT('',#4251);
#4253=CARTESIAN_POINT('',(6.025E0,2.85E0,-2.5E0));
#4254=VERTEX_POINT('',#4253);
#4255=CARTESIAN_POINT('',(5.4E0,2.85E0,-2.5E0));
#4256=VERTEX_POINT('',#4255);
#4257=CARTESIAN_POINT('',(-6.025E0,-7.E-1,2.25E0));
#4258=CARTESIAN_POINT('',(-6.425E0,-7.E-1,2.25E0));
#4259=VERTEX_POINT('',#4257);
#4260=VERTEX_POINT('',#4258);
#4261=CARTESIAN_POINT('',(-6.425E0,-7.E-1,-2.25E0));
#4262=VERTEX_POINT('',#4261);
#4263=CARTESIAN_POINT('',(-5.25E0,-7.E-1,-7.5E-1));
#4264=CARTESIAN_POINT('',(-5.25E0,-7.E-1,-1.25E0));
#4265=VERTEX_POINT('',#4263);
#4266=VERTEX_POINT('',#4264);
#4267=CARTESIAN_POINT('',(-5.25E0,-7.E-1,1.25E0));
#4268=CARTESIAN_POINT('',(-5.25E0,-7.E-1,7.5E-1));
#4269=VERTEX_POINT('',#4267);
#4270=VERTEX_POINT('',#4268);
#4271=CARTESIAN_POINT('',(-4.75E0,-7.E-1,-7.5E-1));
#4272=CARTESIAN_POINT('',(-4.75E0,-7.E-1,-1.25E0));
#4273=VERTEX_POINT('',#4271);
#4274=VERTEX_POINT('',#4272);
#4275=CARTESIAN_POINT('',(-4.75E0,-7.E-1,1.25E0));
#4276=CARTESIAN_POINT('',(-4.75E0,-7.E-1,7.5E-1));
#4277=VERTEX_POINT('',#4275);
#4278=VERTEX_POINT('',#4276);
#4279=CARTESIAN_POINT('',(-5.325E0,3.2E0,3.15E0));
#4280=CARTESIAN_POINT('',(-4.825E0,1.826261290273E0,3.15E0));
#4281=VERTEX_POINT('',#4279);
#4282=VERTEX_POINT('',#4280);
#4283=CARTESIAN_POINT('',(-4.325E0,3.2E0,3.15E0));
#4284=VERTEX_POINT('',#4283);
#4285=CARTESIAN_POINT('',(-5.325E0,3.2E0,3.13E0));
#4286=VERTEX_POINT('',#4285);
#4287=CARTESIAN_POINT('',(-4.325E0,3.2E0,3.13E0));
#4288=VERTEX_POINT('',#4287);
#4289=CARTESIAN_POINT('',(-4.825E0,1.826261290273E0,3.13E0));
#4290=VERTEX_POINT('',#4289);
#4291=CARTESIAN_POINT('',(-3.65E0,-2.7E0,2.5E-1));
#4292=CARTESIAN_POINT('',(-3.65E0,-2.7E0,-2.5E-1));
#4293=VERTEX_POINT('',#4291);
#4294=VERTEX_POINT('',#4292);
#4295=CARTESIAN_POINT('',(3.65E0,-2.7E0,-2.5E-1));
#4296=VERTEX_POINT('',#4295);
#4297=CARTESIAN_POINT('',(3.65E0,-2.7E0,2.5E-1));
#4298=VERTEX_POINT('',#4297);
#4299=CARTESIAN_POINT('',(-2.35E0,-3.2E0,-2.5E-1));
#4300=CARTESIAN_POINT('',(-1.65E0,-3.2E0,-2.5E-1));
#4301=VERTEX_POINT('',#4299);
#4302=VERTEX_POINT('',#4300);
#4303=CARTESIAN_POINT('',(-3.5E-1,-3.2E0,-2.5E-1));
#4304=CARTESIAN_POINT('',(3.5E-1,-3.2E0,-2.5E-1));
#4305=VERTEX_POINT('',#4303);
#4306=VERTEX_POINT('',#4304);
#4307=CARTESIAN_POINT('',(1.65E0,-3.2E0,-2.5E-1));
#4308=CARTESIAN_POINT('',(2.35E0,-3.2E0,-2.5E-1));
#4309=VERTEX_POINT('',#4307);
#4310=VERTEX_POINT('',#4308);
#4311=CARTESIAN_POINT('',(2.35E0,-3.2E0,2.5E-1));
#4312=CARTESIAN_POINT('',(1.65E0,-3.2E0,2.5E-1));
#4313=VERTEX_POINT('',#4311);
#4314=VERTEX_POINT('',#4312);
#4315=CARTESIAN_POINT('',(3.5E-1,-3.2E0,2.5E-1));
#4316=CARTESIAN_POINT('',(-3.5E-1,-3.2E0,2.5E-1));
#4317=VERTEX_POINT('',#4315);
#4318=VERTEX_POINT('',#4316);
#4319=CARTESIAN_POINT('',(-1.65E0,-3.2E0,2.5E-1));
#4320=CARTESIAN_POINT('',(-2.35E0,-3.2E0,2.5E-1));
#4321=VERTEX_POINT('',#4319);
#4322=VERTEX_POINT('',#4320);
#4323=CARTESIAN_POINT('',(-5.25E0,-3.45E0,-1.45E0));
#4324=CARTESIAN_POINT('',(-4.75E0,-3.45E0,-1.45E0));
#4325=VERTEX_POINT('',#4323);
#4326=VERTEX_POINT('',#4324);
#4327=CARTESIAN_POINT('',(-5.25E0,-2.95E0,-1.45E0));
#4328=CARTESIAN_POINT('',(-4.75E0,-2.95E0,-1.45E0));
#4329=VERTEX_POINT('',#4327);
#4330=VERTEX_POINT('',#4328);
#4331=CARTESIAN_POINT('',(-3.4E0,2.6E0,2.25E0));
#4332=CARTESIAN_POINT('',(-3.4E0,2.85E0,2.5E0));
#4333=VERTEX_POINT('',#4331);
#4334=VERTEX_POINT('',#4332);
#4335=CARTESIAN_POINT('',(-3.65E0,-2.95E0,2.5E-1));
#4336=VERTEX_POINT('',#4335);
#4337=CARTESIAN_POINT('',(-3.65E0,-2.95E0,-2.5E-1));
#4338=VERTEX_POINT('',#4337);
#4339=CARTESIAN_POINT('',(3.65E0,-2.95E0,-2.5E-1));
#4340=VERTEX_POINT('',#4339);
#4341=CARTESIAN_POINT('',(3.65E0,-2.95E0,2.5E-1));
#4342=VERTEX_POINT('',#4341);
#4343=CARTESIAN_POINT('',(-5.65E0,-2.7E0,2.5E-1));
#4344=CARTESIAN_POINT('',(-5.65E0,-2.7E0,-2.5E-1));
#4345=VERTEX_POINT('',#4343);
#4346=VERTEX_POINT('',#4344);
#4347=CARTESIAN_POINT('',(-4.35E0,-2.7E0,-2.5E-1));
#4348=VERTEX_POINT('',#4347);
#4349=CARTESIAN_POINT('',(-4.35E0,-2.7E0,2.5E-1));
#4350=VERTEX_POINT('',#4349);
#4351=CARTESIAN_POINT('',(5.65E0,-2.7E0,2.5E-1));
#4352=CARTESIAN_POINT('',(4.35E0,-2.7E0,2.5E-1));
#4353=VERTEX_POINT('',#4351);
#4354=VERTEX_POINT('',#4352);
#4355=CARTESIAN_POINT('',(4.35E0,-2.7E0,-2.5E-1));
#4356=VERTEX_POINT('',#4355);
#4357=CARTESIAN_POINT('',(5.65E0,-2.7E0,-2.5E-1));
#4358=VERTEX_POINT('',#4357);
#4359=CARTESIAN_POINT('',(-4.35E0,-2.95E0,-2.5E-1));
#4360=CARTESIAN_POINT('',(-5.65E0,-2.95E0,-2.5E-1));
#4361=VERTEX_POINT('',#4359);
#4362=VERTEX_POINT('',#4360);
#4363=CARTESIAN_POINT('',(-4.35E0,-2.95E0,2.5E-1));
#4364=CARTESIAN_POINT('',(-5.65E0,-2.95E0,2.5E-1));
#4365=VERTEX_POINT('',#4363);
#4366=VERTEX_POINT('',#4364);
#4367=CARTESIAN_POINT('',(5.65E0,-2.95E0,2.5E-1));
#4368=VERTEX_POINT('',#4367);
#4369=CARTESIAN_POINT('',(4.35E0,-2.95E0,2.5E-1));
#4370=VERTEX_POINT('',#4369);
#4371=CARTESIAN_POINT('',(4.35E0,-2.95E0,-2.5E-1));
#4372=VERTEX_POINT('',#4371);
#4373=CARTESIAN_POINT('',(5.65E0,-2.95E0,-2.5E-1));
#4374=VERTEX_POINT('',#4373);
#4375=CARTESIAN_POINT('',(-4.35E0,-2.95E0,1.3E0));
#4376=CARTESIAN_POINT('',(-5.65E0,-2.95E0,1.3E0));
#4377=VERTEX_POINT('',#4375);
#4378=VERTEX_POINT('',#4376);
#4379=CARTESIAN_POINT('',(-4.35E0,-3.2E0,-2.E0));
#4380=CARTESIAN_POINT('',(-4.35E0,-3.2E0,2.E0));
#4381=VERTEX_POINT('',#4379);
#4382=VERTEX_POINT('',#4380);
#4383=CARTESIAN_POINT('',(-4.35E0,-2.545854811567E0,2.E0));
#4384=VERTEX_POINT('',#4383);
#4385=CARTESIAN_POINT('',(-5.65E0,-2.545854811567E0,2.E0));
#4386=VERTEX_POINT('',#4385);
#4387=CARTESIAN_POINT('',(-4.35E0,-2.545854811567E0,-2.E0));
#4388=VERTEX_POINT('',#4387);
#4389=CARTESIAN_POINT('',(-5.65E0,-2.545854811567E0,-2.E0));
#4390=VERTEX_POINT('',#4389);
#4391=CARTESIAN_POINT('',(-4.35E0,-2.95E0,-1.3E0));
#4392=VERTEX_POINT('',#4391);
#4393=CARTESIAN_POINT('',(-5.65E0,-2.95E0,-1.3E0));
#4394=VERTEX_POINT('',#4393);
#4395=CARTESIAN_POINT('',(-4.75E0,2.3E0,-7.5E-1));
#4396=CARTESIAN_POINT('',(-5.25E0,2.3E0,-7.5E-1));
#4397=VERTEX_POINT('',#4395);
#4398=VERTEX_POINT('',#4396);
#4399=CARTESIAN_POINT('',(-4.9E0,2.9E0,-9.E-1));
#4400=CARTESIAN_POINT('',(-5.1E0,2.9E0,-9.E-1));
#4401=VERTEX_POINT('',#4399);
#4402=VERTEX_POINT('',#4400);
#4403=CARTESIAN_POINT('',(-4.9E0,2.9E0,-1.1E0));
#4404=VERTEX_POINT('',#4403);
#4405=CARTESIAN_POINT('',(-4.75E0,2.3E0,-1.25E0));
#4406=VERTEX_POINT('',#4405);
#4407=CARTESIAN_POINT('',(-5.25E0,2.3E0,-1.25E0));
#4408=VERTEX_POINT('',#4407);
#4409=CARTESIAN_POINT('',(-5.1E0,2.9E0,-1.1E0));
#4410=VERTEX_POINT('',#4409);
#4411=CARTESIAN_POINT('',(-4.75E0,2.3E0,1.25E0));
#4412=CARTESIAN_POINT('',(-5.25E0,2.3E0,1.25E0));
#4413=VERTEX_POINT('',#4411);
#4414=VERTEX_POINT('',#4412);
#4415=CARTESIAN_POINT('',(-4.9E0,2.9E0,1.1E0));
#4416=CARTESIAN_POINT('',(-5.1E0,2.9E0,1.1E0));
#4417=VERTEX_POINT('',#4415);
#4418=VERTEX_POINT('',#4416);
#4419=CARTESIAN_POINT('',(-4.9E0,2.9E0,9.E-1));
#4420=VERTEX_POINT('',#4419);
#4421=CARTESIAN_POINT('',(-4.75E0,2.3E0,7.5E-1));
#4422=VERTEX_POINT('',#4421);
#4423=CARTESIAN_POINT('',(-5.25E0,2.3E0,7.5E-1));
#4424=VERTEX_POINT('',#4423);
#4425=CARTESIAN_POINT('',(-5.1E0,2.9E0,9.E-1));
#4426=VERTEX_POINT('',#4425);
#4427=CARTESIAN_POINT('',(-4.75E0,-2.95E0,-4.71E0));
#4428=CARTESIAN_POINT('',(-5.25E0,-2.95E0,-4.71E0));
#4429=VERTEX_POINT('',#4427);
#4430=VERTEX_POINT('',#4428);
#4431=CARTESIAN_POINT('',(-4.9E0,-3.1E0,-5.31E0));
#4432=CARTESIAN_POINT('',(-5.1E0,-3.1E0,-5.31E0));
#4433=VERTEX_POINT('',#4431);
#4434=VERTEX_POINT('',#4432);
#4435=CARTESIAN_POINT('',(-4.9E0,-3.3E0,-5.31E0));
#4436=VERTEX_POINT('',#4435);
#4437=CARTESIAN_POINT('',(-4.75E0,-3.45E0,-4.71E0));
#4438=VERTEX_POINT('',#4437);
#4439=CARTESIAN_POINT('',(-5.25E0,-3.45E0,-4.71E0));
#4440=VERTEX_POINT('',#4439);
#4441=CARTESIAN_POINT('',(-5.1E0,-3.3E0,-5.31E0));
#4442=VERTEX_POINT('',#4441);
#4443=CARTESIAN_POINT('',(-5.1E0,-5.3E0,-5.31E0));
#4444=CARTESIAN_POINT('',(-5.25E0,-5.45E0,-4.71E0));
#4445=VERTEX_POINT('',#4443);
#4446=VERTEX_POINT('',#4444);
#4447=CARTESIAN_POINT('',(-4.9E0,-5.3E0,-5.31E0));
#4448=CARTESIAN_POINT('',(-4.75E0,-5.45E0,-4.71E0));
#4449=VERTEX_POINT('',#4447);
#4450=VERTEX_POINT('',#4448);
#4451=CARTESIAN_POINT('',(-5.1E0,-5.1E0,-5.31E0));
#4452=CARTESIAN_POINT('',(-5.25E0,-4.95E0,-4.71E0));
#4453=VERTEX_POINT('',#4451);
#4454=VERTEX_POINT('',#4452);
#4455=CARTESIAN_POINT('',(-4.75E0,-4.95E0,-4.71E0));
#4456=CARTESIAN_POINT('',(-4.9E0,-5.1E0,-5.31E0));
#4457=VERTEX_POINT('',#4455);
#4458=VERTEX_POINT('',#4456);
#4459=CARTESIAN_POINT('',(-7.325E0,2.6E0,-1.5E-1));
#4460=CARTESIAN_POINT('',(-7.325E0,3.2E0,-7.5E-1));
#4461=VERTEX_POINT('',#4459);
#4462=VERTEX_POINT('',#4460);
#4463=CARTESIAN_POINT('',(-7.025E0,3.2E0,-7.5E-1));
#4464=VERTEX_POINT('',#4463);
#4465=CARTESIAN_POINT('',(-6.425E0,2.6E0,-1.5E-1));
#4466=VERTEX_POINT('',#4465);
#4467=CARTESIAN_POINT('',(-6.425E0,2.6E0,-2.25E0));
#4468=VERTEX_POINT('',#4467);
#4469=CARTESIAN_POINT('',(-7.025E0,3.2E0,-2.85E0));
#4470=VERTEX_POINT('',#4469);
#4471=CARTESIAN_POINT('',(7.025E0,3.2E0,-2.85E0));
#4472=VERTEX_POINT('',#4471);
#4473=CARTESIAN_POINT('',(6.425E0,2.6E0,-2.25E0));
#4474=CARTESIAN_POINT('',(6.425E0,2.6E0,-1.15E0));
#4475=VERTEX_POINT('',#4473);
#4476=VERTEX_POINT('',#4474);
#4477=CARTESIAN_POINT('',(7.025E0,3.2E0,-1.75E0));
#4478=VERTEX_POINT('',#4477);
#4479=CARTESIAN_POINT('',(7.325E0,3.2E0,-1.75E0));
#4480=CARTESIAN_POINT('',(7.325E0,2.6E0,-1.15E0));
#4481=VERTEX_POINT('',#4479);
#4482=VERTEX_POINT('',#4480);
#4483=CARTESIAN_POINT('',(7.325E0,2.6E0,1.5E-1));
#4484=CARTESIAN_POINT('',(7.325E0,3.2E0,7.5E-1));
#4485=VERTEX_POINT('',#4483);
#4486=VERTEX_POINT('',#4484);
#4487=CARTESIAN_POINT('',(7.025E0,3.2E0,7.5E-1));
#4488=VERTEX_POINT('',#4487);
#4489=CARTESIAN_POINT('',(6.425E0,2.6E0,1.5E-1));
#4490=VERTEX_POINT('',#4489);
#4491=CARTESIAN_POINT('',(6.425E0,2.6E0,2.25E0));
#4492=VERTEX_POINT('',#4491);
#4493=CARTESIAN_POINT('',(7.025E0,3.2E0,2.85E0));
#4494=VERTEX_POINT('',#4493);
#4495=CARTESIAN_POINT('',(-6.425E0,2.6E0,2.25E0));
#4496=CARTESIAN_POINT('',(-6.425E0,2.6E0,1.15E0));
#4497=VERTEX_POINT('',#4495);
#4498=VERTEX_POINT('',#4496);
#4499=CARTESIAN_POINT('',(-7.025E0,3.2E0,2.85E0));
#4500=CARTESIAN_POINT('',(-7.025E0,3.2E0,1.75E0));
#4501=VERTEX_POINT('',#4499);
#4502=VERTEX_POINT('',#4500);
#4503=CARTESIAN_POINT('',(-7.325E0,3.2E0,1.75E0));
#4504=CARTESIAN_POINT('',(-7.325E0,2.6E0,1.15E0));
#4505=VERTEX_POINT('',#4503);
#4506=VERTEX_POINT('',#4504);
#4507=CARTESIAN_POINT('',(-4.6E0,2.6E0,-2.25E0));
#4508=VERTEX_POINT('',#4507);
#4509=CARTESIAN_POINT('',(4.6E0,2.6E0,-2.25E0));
#4510=VERTEX_POINT('',#4509);
#4511=CARTESIAN_POINT('',(-2.35E0,-2.95E0,1.3E0));
#4512=CARTESIAN_POINT('',(-3.65E0,-2.95E0,1.3E0));
#4513=VERTEX_POINT('',#4511);
#4514=VERTEX_POINT('',#4512);
#4515=CARTESIAN_POINT('',(-3.65E0,-3.2E0,-2.E0));
#4516=CARTESIAN_POINT('',(-3.65E0,-3.2E0,2.E0));
#4517=VERTEX_POINT('',#4515);
#4518=VERTEX_POINT('',#4516);
#4519=CARTESIAN_POINT('',(-2.35E0,-3.2E0,2.E0));
#4520=CARTESIAN_POINT('',(-2.35E0,-2.545854811567E0,2.E0));
#4521=VERTEX_POINT('',#4519);
#4522=VERTEX_POINT('',#4520);
#4523=CARTESIAN_POINT('',(-3.65E0,-2.545854811567E0,2.E0));
#4524=VERTEX_POINT('',#4523);
#4525=CARTESIAN_POINT('',(-2.35E0,-3.2E0,-2.E0));
#4526=CARTESIAN_POINT('',(-2.35E0,-2.545854811567E0,-2.E0));
#4527=VERTEX_POINT('',#4525);
#4528=VERTEX_POINT('',#4526);
#4529=CARTESIAN_POINT('',(-3.65E0,-2.545854811567E0,-2.E0));
#4530=VERTEX_POINT('',#4529);
#4531=CARTESIAN_POINT('',(-2.35E0,-2.95E0,-1.3E0));
#4532=VERTEX_POINT('',#4531);
#4533=CARTESIAN_POINT('',(-3.65E0,-2.95E0,-1.3E0));
#4534=VERTEX_POINT('',#4533);
#4535=CARTESIAN_POINT('',(-3.5E-1,-2.95E0,1.3E0));
#4536=CARTESIAN_POINT('',(-1.65E0,-2.95E0,1.3E0));
#4537=VERTEX_POINT('',#4535);
#4538=VERTEX_POINT('',#4536);
#4539=CARTESIAN_POINT('',(-3.5E-1,-3.2E0,2.E0));
#4540=CARTESIAN_POINT('',(-3.5E-1,-2.545854811567E0,2.E0));
#4541=VERTEX_POINT('',#4539);
#4542=VERTEX_POINT('',#4540);
#4543=CARTESIAN_POINT('',(-1.65E0,-3.2E0,2.E0));
#4544=CARTESIAN_POINT('',(-1.65E0,-2.545854811567E0,2.E0));
#4545=VERTEX_POINT('',#4543);
#4546=VERTEX_POINT('',#4544);
#4547=CARTESIAN_POINT('',(-3.5E-1,-3.2E0,-2.E0));
#4548=CARTESIAN_POINT('',(-3.5E-1,-2.545854811567E0,-2.E0));
#4549=VERTEX_POINT('',#4547);
#4550=VERTEX_POINT('',#4548);
#4551=CARTESIAN_POINT('',(-1.65E0,-3.2E0,-2.E0));
#4552=CARTESIAN_POINT('',(-1.65E0,-2.545854811567E0,-2.E0));
#4553=VERTEX_POINT('',#4551);
#4554=VERTEX_POINT('',#4552);
#4555=CARTESIAN_POINT('',(-3.5E-1,-2.95E0,-1.3E0));
#4556=VERTEX_POINT('',#4555);
#4557=CARTESIAN_POINT('',(-1.65E0,-2.95E0,-1.3E0));
#4558=VERTEX_POINT('',#4557);
#4559=CARTESIAN_POINT('',(1.65E0,-2.95E0,1.3E0));
#4560=CARTESIAN_POINT('',(3.5E-1,-2.95E0,1.3E0));
#4561=VERTEX_POINT('',#4559);
#4562=VERTEX_POINT('',#4560);
#4563=CARTESIAN_POINT('',(1.65E0,-3.2E0,2.E0));
#4564=CARTESIAN_POINT('',(1.65E0,-2.545854811567E0,2.E0));
#4565=VERTEX_POINT('',#4563);
#4566=VERTEX_POINT('',#4564);
#4567=CARTESIAN_POINT('',(3.5E-1,-3.2E0,2.E0));
#4568=CARTESIAN_POINT('',(3.5E-1,-2.545854811567E0,2.E0));
#4569=VERTEX_POINT('',#4567);
#4570=VERTEX_POINT('',#4568);
#4571=CARTESIAN_POINT('',(1.65E0,-3.2E0,-2.E0));
#4572=CARTESIAN_POINT('',(1.65E0,-2.545854811567E0,-2.E0));
#4573=VERTEX_POINT('',#4571);
#4574=VERTEX_POINT('',#4572);
#4575=CARTESIAN_POINT('',(3.5E-1,-3.2E0,-2.E0));
#4576=CARTESIAN_POINT('',(3.5E-1,-2.545854811567E0,-2.E0));
#4577=VERTEX_POINT('',#4575);
#4578=VERTEX_POINT('',#4576);
#4579=CARTESIAN_POINT('',(1.65E0,-2.95E0,-1.3E0));
#4580=VERTEX_POINT('',#4579);
#4581=CARTESIAN_POINT('',(3.5E-1,-2.95E0,-1.3E0));
#4582=VERTEX_POINT('',#4581);
#4583=CARTESIAN_POINT('',(3.65E0,-2.95E0,1.3E0));
#4584=CARTESIAN_POINT('',(2.35E0,-2.95E0,1.3E0));
#4585=VERTEX_POINT('',#4583);
#4586=VERTEX_POINT('',#4584);
#4587=CARTESIAN_POINT('',(3.65E0,-3.2E0,-2.E0));
#4588=CARTESIAN_POINT('',(3.65E0,-3.2E0,2.E0));
#4589=VERTEX_POINT('',#4587);
#4590=VERTEX_POINT('',#4588);
#4591=CARTESIAN_POINT('',(3.65E0,-2.545854811567E0,2.E0));
#4592=VERTEX_POINT('',#4591);
#4593=CARTESIAN_POINT('',(2.35E0,-3.2E0,2.E0));
#4594=CARTESIAN_POINT('',(2.35E0,-2.545854811567E0,2.E0));
#4595=VERTEX_POINT('',#4593);
#4596=VERTEX_POINT('',#4594);
#4597=CARTESIAN_POINT('',(3.65E0,-2.545854811567E0,-2.E0));
#4598=VERTEX_POINT('',#4597);
#4599=CARTESIAN_POINT('',(2.35E0,-3.2E0,-2.E0));
#4600=CARTESIAN_POINT('',(2.35E0,-2.545854811567E0,-2.E0));
#4601=VERTEX_POINT('',#4599);
#4602=VERTEX_POINT('',#4600);
#4603=CARTESIAN_POINT('',(3.65E0,-2.95E0,-1.3E0));
#4604=VERTEX_POINT('',#4603);
#4605=CARTESIAN_POINT('',(2.35E0,-2.95E0,-1.3E0));
#4606=VERTEX_POINT('',#4605);
#4607=CARTESIAN_POINT('',(-2.35E0,-2.95E0,-2.5E-1));
#4608=VERTEX_POINT('',#4607);
#4609=CARTESIAN_POINT('',(-2.35E0,-2.95E0,2.5E-1));
#4610=VERTEX_POINT('',#4609);
#4611=CARTESIAN_POINT('',(-3.5E-1,-2.95E0,-2.5E-1));
#4612=VERTEX_POINT('',#4611);
#4613=CARTESIAN_POINT('',(-3.5E-1,-2.95E0,2.5E-1));
#4614=VERTEX_POINT('',#4613);
#4615=CARTESIAN_POINT('',(-1.65E0,-2.95E0,-2.5E-1));
#4616=VERTEX_POINT('',#4615);
#4617=CARTESIAN_POINT('',(-1.65E0,-2.95E0,2.5E-1));
#4618=VERTEX_POINT('',#4617);
#4619=CARTESIAN_POINT('',(1.65E0,-2.95E0,-2.5E-1));
#4620=VERTEX_POINT('',#4619);
#4621=CARTESIAN_POINT('',(1.65E0,-2.95E0,2.5E-1));
#4622=VERTEX_POINT('',#4621);
#4623=CARTESIAN_POINT('',(3.5E-1,-2.95E0,-2.5E-1));
#4624=VERTEX_POINT('',#4623);
#4625=CARTESIAN_POINT('',(3.5E-1,-2.95E0,2.5E-1));
#4626=VERTEX_POINT('',#4625);
#4627=CARTESIAN_POINT('',(2.35E0,-2.95E0,-2.5E-1));
#4628=VERTEX_POINT('',#4627);
#4629=CARTESIAN_POINT('',(2.35E0,-2.95E0,2.5E-1));
#4630=VERTEX_POINT('',#4629);
#4631=CARTESIAN_POINT('',(-3.25E0,-3.45E0,-1.45E0));
#4632=CARTESIAN_POINT('',(-2.75E0,-3.45E0,-1.45E0));
#4633=VERTEX_POINT('',#4631);
#4634=VERTEX_POINT('',#4632);
#4635=CARTESIAN_POINT('',(-3.25E0,-2.95E0,-1.45E0));
#4636=CARTESIAN_POINT('',(-2.75E0,-2.95E0,-1.45E0));
#4637=VERTEX_POINT('',#4635);
#4638=VERTEX_POINT('',#4636);
#4639=CARTESIAN_POINT('',(-3.25E0,-7.E-1,-7.5E-1));
#4640=CARTESIAN_POINT('',(-3.25E0,-7.E-1,-1.25E0));
#4641=VERTEX_POINT('',#4639);
#4642=VERTEX_POINT('',#4640);
#4643=CARTESIAN_POINT('',(-3.25E0,-7.E-1,1.25E0));
#4644=CARTESIAN_POINT('',(-3.25E0,-7.E-1,7.5E-1));
#4645=VERTEX_POINT('',#4643);
#4646=VERTEX_POINT('',#4644);
#4647=CARTESIAN_POINT('',(-2.75E0,-7.E-1,-7.5E-1));
#4648=CARTESIAN_POINT('',(-2.75E0,-7.E-1,-1.25E0));
#4649=VERTEX_POINT('',#4647);
#4650=VERTEX_POINT('',#4648);
#4651=CARTESIAN_POINT('',(-2.75E0,-7.E-1,1.25E0));
#4652=CARTESIAN_POINT('',(-2.75E0,-7.E-1,7.5E-1));
#4653=VERTEX_POINT('',#4651);
#4654=VERTEX_POINT('',#4652);
#4655=CARTESIAN_POINT('',(-3.25E0,-2.95E0,-1.3E0));
#4656=CARTESIAN_POINT('',(-3.25E0,-2.95E0,-7.791796067501E-1));
#4657=VERTEX_POINT('',#4655);
#4658=VERTEX_POINT('',#4656);
#4659=CARTESIAN_POINT('',(-3.25E0,-2.95E0,7.5E-1));
#4660=CARTESIAN_POINT('',(-3.25E0,-2.95E0,1.25E0));
#4661=VERTEX_POINT('',#4659);
#4662=VERTEX_POINT('',#4660);
#4663=CARTESIAN_POINT('',(-2.75E0,-2.95E0,-1.3E0));
#4664=CARTESIAN_POINT('',(-2.75E0,-2.95E0,-7.791796067501E-1));
#4665=VERTEX_POINT('',#4663);
#4666=VERTEX_POINT('',#4664);
#4667=CARTESIAN_POINT('',(-2.75E0,-2.95E0,7.5E-1));
#4668=CARTESIAN_POINT('',(-2.75E0,-2.95E0,1.25E0));
#4669=VERTEX_POINT('',#4667);
#4670=VERTEX_POINT('',#4668);
#4671=CARTESIAN_POINT('',(-3.25E0,-4.75E0,1.25E0));
#4672=VERTEX_POINT('',#4671);
#4673=CARTESIAN_POINT('',(-3.25E0,-4.75E0,7.5E-1));
#4674=VERTEX_POINT('',#4673);
#4675=CARTESIAN_POINT('',(-2.75E0,-4.75E0,1.25E0));
#4676=VERTEX_POINT('',#4675);
#4677=CARTESIAN_POINT('',(-2.75E0,-4.75E0,7.5E-1));
#4678=VERTEX_POINT('',#4677);
#4679=CARTESIAN_POINT('',(-1.25E0,-3.45E0,-1.45E0));
#4680=CARTESIAN_POINT('',(-7.5E-1,-3.45E0,-1.45E0));
#4681=VERTEX_POINT('',#4679);
#4682=VERTEX_POINT('',#4680);
#4683=CARTESIAN_POINT('',(-1.25E0,-2.95E0,-1.45E0));
#4684=CARTESIAN_POINT('',(-7.5E-1,-2.95E0,-1.45E0));
#4685=VERTEX_POINT('',#4683);
#4686=VERTEX_POINT('',#4684);
#4687=CARTESIAN_POINT('',(-1.25E0,-7.E-1,-7.5E-1));
#4688=CARTESIAN_POINT('',(-1.25E0,-7.E-1,-1.25E0));
#4689=VERTEX_POINT('',#4687);
#4690=VERTEX_POINT('',#4688);
#4691=CARTESIAN_POINT('',(-1.25E0,-7.E-1,1.25E0));
#4692=CARTESIAN_POINT('',(-1.25E0,-7.E-1,7.5E-1));
#4693=VERTEX_POINT('',#4691);
#4694=VERTEX_POINT('',#4692);
#4695=CARTESIAN_POINT('',(-7.5E-1,-7.E-1,-7.5E-1));
#4696=CARTESIAN_POINT('',(-7.5E-1,-7.E-1,-1.25E0));
#4697=VERTEX_POINT('',#4695);
#4698=VERTEX_POINT('',#4696);
#4699=CARTESIAN_POINT('',(-7.5E-1,-7.E-1,1.25E0));
#4700=CARTESIAN_POINT('',(-7.5E-1,-7.E-1,7.5E-1));
#4701=VERTEX_POINT('',#4699);
#4702=VERTEX_POINT('',#4700);
#4703=CARTESIAN_POINT('',(-1.25E0,-2.95E0,-1.3E0));
#4704=CARTESIAN_POINT('',(-1.25E0,-2.95E0,-7.791796067501E-1));
#4705=VERTEX_POINT('',#4703);
#4706=VERTEX_POINT('',#4704);
#4707=CARTESIAN_POINT('',(-1.25E0,-2.95E0,7.5E-1));
#4708=CARTESIAN_POINT('',(-1.25E0,-2.95E0,1.25E0));
#4709=VERTEX_POINT('',#4707);
#4710=VERTEX_POINT('',#4708);
#4711=CARTESIAN_POINT('',(-7.5E-1,-2.95E0,-1.3E0));
#4712=CARTESIAN_POINT('',(-7.5E-1,-2.95E0,-7.791796067501E-1));
#4713=VERTEX_POINT('',#4711);
#4714=VERTEX_POINT('',#4712);
#4715=CARTESIAN_POINT('',(-7.5E-1,-2.95E0,7.5E-1));
#4716=CARTESIAN_POINT('',(-7.5E-1,-2.95E0,1.25E0));
#4717=VERTEX_POINT('',#4715);
#4718=VERTEX_POINT('',#4716);
#4719=CARTESIAN_POINT('',(-1.25E0,-4.75E0,1.25E0));
#4720=VERTEX_POINT('',#4719);
#4721=CARTESIAN_POINT('',(-1.25E0,-4.75E0,7.5E-1));
#4722=VERTEX_POINT('',#4721);
#4723=CARTESIAN_POINT('',(-7.5E-1,-4.75E0,1.25E0));
#4724=VERTEX_POINT('',#4723);
#4725=CARTESIAN_POINT('',(-7.5E-1,-4.75E0,7.5E-1));
#4726=VERTEX_POINT('',#4725);
#4727=CARTESIAN_POINT('',(7.5E-1,-3.45E0,-1.45E0));
#4728=CARTESIAN_POINT('',(1.25E0,-3.45E0,-1.45E0));
#4729=VERTEX_POINT('',#4727);
#4730=VERTEX_POINT('',#4728);
#4731=CARTESIAN_POINT('',(7.5E-1,-2.95E0,-1.45E0));
#4732=CARTESIAN_POINT('',(1.25E0,-2.95E0,-1.45E0));
#4733=VERTEX_POINT('',#4731);
#4734=VERTEX_POINT('',#4732);
#4735=CARTESIAN_POINT('',(7.5E-1,-7.E-1,-7.5E-1));
#4736=CARTESIAN_POINT('',(7.5E-1,-7.E-1,-1.25E0));
#4737=VERTEX_POINT('',#4735);
#4738=VERTEX_POINT('',#4736);
#4739=CARTESIAN_POINT('',(7.5E-1,-7.E-1,1.25E0));
#4740=CARTESIAN_POINT('',(7.5E-1,-7.E-1,7.5E-1));
#4741=VERTEX_POINT('',#4739);
#4742=VERTEX_POINT('',#4740);
#4743=CARTESIAN_POINT('',(1.25E0,-7.E-1,-7.5E-1));
#4744=CARTESIAN_POINT('',(1.25E0,-7.E-1,-1.25E0));
#4745=VERTEX_POINT('',#4743);
#4746=VERTEX_POINT('',#4744);
#4747=CARTESIAN_POINT('',(1.25E0,-7.E-1,1.25E0));
#4748=CARTESIAN_POINT('',(1.25E0,-7.E-1,7.5E-1));
#4749=VERTEX_POINT('',#4747);
#4750=VERTEX_POINT('',#4748);
#4751=CARTESIAN_POINT('',(7.5E-1,-2.95E0,-1.3E0));
#4752=CARTESIAN_POINT('',(7.5E-1,-2.95E0,-7.791796067501E-1));
#4753=VERTEX_POINT('',#4751);
#4754=VERTEX_POINT('',#4752);
#4755=CARTESIAN_POINT('',(7.5E-1,-2.95E0,7.5E-1));
#4756=CARTESIAN_POINT('',(7.5E-1,-2.95E0,1.25E0));
#4757=VERTEX_POINT('',#4755);
#4758=VERTEX_POINT('',#4756);
#4759=CARTESIAN_POINT('',(1.25E0,-2.95E0,-1.3E0));
#4760=CARTESIAN_POINT('',(1.25E0,-2.95E0,-7.791796067501E-1));
#4761=VERTEX_POINT('',#4759);
#4762=VERTEX_POINT('',#4760);
#4763=CARTESIAN_POINT('',(1.25E0,-2.95E0,7.5E-1));
#4764=CARTESIAN_POINT('',(1.25E0,-2.95E0,1.25E0));
#4765=VERTEX_POINT('',#4763);
#4766=VERTEX_POINT('',#4764);
#4767=CARTESIAN_POINT('',(7.5E-1,-4.75E0,1.25E0));
#4768=VERTEX_POINT('',#4767);
#4769=CARTESIAN_POINT('',(7.5E-1,-4.75E0,7.5E-1));
#4770=VERTEX_POINT('',#4769);
#4771=CARTESIAN_POINT('',(1.25E0,-4.75E0,1.25E0));
#4772=VERTEX_POINT('',#4771);
#4773=CARTESIAN_POINT('',(1.25E0,-4.75E0,7.5E-1));
#4774=VERTEX_POINT('',#4773);
#4775=CARTESIAN_POINT('',(2.75E0,-3.45E0,-1.45E0));
#4776=CARTESIAN_POINT('',(3.25E0,-3.45E0,-1.45E0));
#4777=VERTEX_POINT('',#4775);
#4778=VERTEX_POINT('',#4776);
#4779=CARTESIAN_POINT('',(2.75E0,-2.95E0,-1.45E0));
#4780=CARTESIAN_POINT('',(3.25E0,-2.95E0,-1.45E0));
#4781=VERTEX_POINT('',#4779);
#4782=VERTEX_POINT('',#4780);
#4783=CARTESIAN_POINT('',(2.75E0,-7.E-1,-7.5E-1));
#4784=CARTESIAN_POINT('',(2.75E0,-7.E-1,-1.25E0));
#4785=VERTEX_POINT('',#4783);
#4786=VERTEX_POINT('',#4784);
#4787=CARTESIAN_POINT('',(2.75E0,-7.E-1,1.25E0));
#4788=CARTESIAN_POINT('',(2.75E0,-7.E-1,7.5E-1));
#4789=VERTEX_POINT('',#4787);
#4790=VERTEX_POINT('',#4788);
#4791=CARTESIAN_POINT('',(3.25E0,-7.E-1,-7.5E-1));
#4792=CARTESIAN_POINT('',(3.25E0,-7.E-1,-1.25E0));
#4793=VERTEX_POINT('',#4791);
#4794=VERTEX_POINT('',#4792);
#4795=CARTESIAN_POINT('',(3.25E0,-7.E-1,1.25E0));
#4796=CARTESIAN_POINT('',(3.25E0,-7.E-1,7.5E-1));
#4797=VERTEX_POINT('',#4795);
#4798=VERTEX_POINT('',#4796);
#4799=CARTESIAN_POINT('',(2.75E0,-2.95E0,-1.3E0));
#4800=CARTESIAN_POINT('',(2.75E0,-2.95E0,-7.791796067501E-1));
#4801=VERTEX_POINT('',#4799);
#4802=VERTEX_POINT('',#4800);
#4803=CARTESIAN_POINT('',(2.75E0,-2.95E0,7.5E-1));
#4804=CARTESIAN_POINT('',(2.75E0,-2.95E0,1.25E0));
#4805=VERTEX_POINT('',#4803);
#4806=VERTEX_POINT('',#4804);
#4807=CARTESIAN_POINT('',(3.25E0,-2.95E0,-1.3E0));
#4808=CARTESIAN_POINT('',(3.25E0,-2.95E0,-7.791796067501E-1));
#4809=VERTEX_POINT('',#4807);
#4810=VERTEX_POINT('',#4808);
#4811=CARTESIAN_POINT('',(3.25E0,-2.95E0,7.5E-1));
#4812=CARTESIAN_POINT('',(3.25E0,-2.95E0,1.25E0));
#4813=VERTEX_POINT('',#4811);
#4814=VERTEX_POINT('',#4812);
#4815=CARTESIAN_POINT('',(2.75E0,-4.75E0,1.25E0));
#4816=VERTEX_POINT('',#4815);
#4817=CARTESIAN_POINT('',(2.75E0,-4.75E0,7.5E-1));
#4818=VERTEX_POINT('',#4817);
#4819=CARTESIAN_POINT('',(3.25E0,-4.75E0,1.25E0));
#4820=VERTEX_POINT('',#4819);
#4821=CARTESIAN_POINT('',(3.25E0,-4.75E0,7.5E-1));
#4822=VERTEX_POINT('',#4821);
#4823=CARTESIAN_POINT('',(-2.75E0,2.3E0,-7.5E-1));
#4824=CARTESIAN_POINT('',(-3.25E0,2.3E0,-7.5E-1));
#4825=VERTEX_POINT('',#4823);
#4826=VERTEX_POINT('',#4824);
#4827=CARTESIAN_POINT('',(-2.9E0,2.9E0,-9.E-1));
#4828=CARTESIAN_POINT('',(-3.1E0,2.9E0,-9.E-1));
#4829=VERTEX_POINT('',#4827);
#4830=VERTEX_POINT('',#4828);
#4831=CARTESIAN_POINT('',(-2.9E0,2.9E0,-1.1E0));
#4832=VERTEX_POINT('',#4831);
#4833=CARTESIAN_POINT('',(-2.75E0,2.3E0,-1.25E0));
#4834=VERTEX_POINT('',#4833);
#4835=CARTESIAN_POINT('',(-3.25E0,2.3E0,-1.25E0));
#4836=VERTEX_POINT('',#4835);
#4837=CARTESIAN_POINT('',(-3.1E0,2.9E0,-1.1E0));
#4838=VERTEX_POINT('',#4837);
#4839=CARTESIAN_POINT('',(-2.75E0,2.3E0,1.25E0));
#4840=CARTESIAN_POINT('',(-3.25E0,2.3E0,1.25E0));
#4841=VERTEX_POINT('',#4839);
#4842=VERTEX_POINT('',#4840);
#4843=CARTESIAN_POINT('',(-2.9E0,2.9E0,1.1E0));
#4844=CARTESIAN_POINT('',(-3.1E0,2.9E0,1.1E0));
#4845=VERTEX_POINT('',#4843);
#4846=VERTEX_POINT('',#4844);
#4847=CARTESIAN_POINT('',(-2.9E0,2.9E0,9.E-1));
#4848=VERTEX_POINT('',#4847);
#4849=CARTESIAN_POINT('',(-2.75E0,2.3E0,7.5E-1));
#4850=VERTEX_POINT('',#4849);
#4851=CARTESIAN_POINT('',(-3.25E0,2.3E0,7.5E-1));
#4852=VERTEX_POINT('',#4851);
#4853=CARTESIAN_POINT('',(-3.1E0,2.9E0,9.E-1));
#4854=VERTEX_POINT('',#4853);
#4855=CARTESIAN_POINT('',(-2.75E0,-2.95E0,-4.71E0));
#4856=CARTESIAN_POINT('',(-3.25E0,-2.95E0,-4.71E0));
#4857=VERTEX_POINT('',#4855);
#4858=VERTEX_POINT('',#4856);
#4859=CARTESIAN_POINT('',(-2.9E0,-3.1E0,-5.31E0));
#4860=CARTESIAN_POINT('',(-3.1E0,-3.1E0,-5.31E0));
#4861=VERTEX_POINT('',#4859);
#4862=VERTEX_POINT('',#4860);
#4863=CARTESIAN_POINT('',(-2.9E0,-3.3E0,-5.31E0));
#4864=VERTEX_POINT('',#4863);
#4865=CARTESIAN_POINT('',(-2.75E0,-3.45E0,-4.71E0));
#4866=VERTEX_POINT('',#4865);
#4867=CARTESIAN_POINT('',(-3.25E0,-3.45E0,-4.71E0));
#4868=VERTEX_POINT('',#4867);
#4869=CARTESIAN_POINT('',(-3.1E0,-3.3E0,-5.31E0));
#4870=VERTEX_POINT('',#4869);
#4871=CARTESIAN_POINT('',(-3.1E0,-5.3E0,-5.31E0));
#4872=CARTESIAN_POINT('',(-3.25E0,-5.45E0,-4.71E0));
#4873=VERTEX_POINT('',#4871);
#4874=VERTEX_POINT('',#4872);
#4875=CARTESIAN_POINT('',(-2.9E0,-5.3E0,-5.31E0));
#4876=CARTESIAN_POINT('',(-2.75E0,-5.45E0,-4.71E0));
#4877=VERTEX_POINT('',#4875);
#4878=VERTEX_POINT('',#4876);
#4879=CARTESIAN_POINT('',(-3.1E0,-5.1E0,-5.31E0));
#4880=CARTESIAN_POINT('',(-3.25E0,-4.95E0,-4.71E0));
#4881=VERTEX_POINT('',#4879);
#4882=VERTEX_POINT('',#4880);
#4883=CARTESIAN_POINT('',(-2.75E0,-4.95E0,-4.71E0));
#4884=CARTESIAN_POINT('',(-2.9E0,-5.1E0,-5.31E0));
#4885=VERTEX_POINT('',#4883);
#4886=VERTEX_POINT('',#4884);
#4887=CARTESIAN_POINT('',(-7.5E-1,2.3E0,-7.5E-1));
#4888=CARTESIAN_POINT('',(-1.25E0,2.3E0,-7.5E-1));
#4889=VERTEX_POINT('',#4887);
#4890=VERTEX_POINT('',#4888);
#4891=CARTESIAN_POINT('',(-9.E-1,2.9E0,-9.E-1));
#4892=CARTESIAN_POINT('',(-1.1E0,2.9E0,-9.E-1));
#4893=VERTEX_POINT('',#4891);
#4894=VERTEX_POINT('',#4892);
#4895=CARTESIAN_POINT('',(-9.E-1,2.9E0,-1.1E0));
#4896=VERTEX_POINT('',#4895);
#4897=CARTESIAN_POINT('',(-7.5E-1,2.3E0,-1.25E0));
#4898=VERTEX_POINT('',#4897);
#4899=CARTESIAN_POINT('',(-1.25E0,2.3E0,-1.25E0));
#4900=VERTEX_POINT('',#4899);
#4901=CARTESIAN_POINT('',(-1.1E0,2.9E0,-1.1E0));
#4902=VERTEX_POINT('',#4901);
#4903=CARTESIAN_POINT('',(-7.5E-1,2.3E0,1.25E0));
#4904=CARTESIAN_POINT('',(-1.25E0,2.3E0,1.25E0));
#4905=VERTEX_POINT('',#4903);
#4906=VERTEX_POINT('',#4904);
#4907=CARTESIAN_POINT('',(-9.E-1,2.9E0,1.1E0));
#4908=CARTESIAN_POINT('',(-1.1E0,2.9E0,1.1E0));
#4909=VERTEX_POINT('',#4907);
#4910=VERTEX_POINT('',#4908);
#4911=CARTESIAN_POINT('',(-9.E-1,2.9E0,9.E-1));
#4912=VERTEX_POINT('',#4911);
#4913=CARTESIAN_POINT('',(-7.5E-1,2.3E0,7.5E-1));
#4914=VERTEX_POINT('',#4913);
#4915=CARTESIAN_POINT('',(-1.25E0,2.3E0,7.5E-1));
#4916=VERTEX_POINT('',#4915);
#4917=CARTESIAN_POINT('',(-1.1E0,2.9E0,9.E-1));
#4918=VERTEX_POINT('',#4917);
#4919=CARTESIAN_POINT('',(-7.5E-1,-2.95E0,-4.71E0));
#4920=CARTESIAN_POINT('',(-1.25E0,-2.95E0,-4.71E0));
#4921=VERTEX_POINT('',#4919);
#4922=VERTEX_POINT('',#4920);
#4923=CARTESIAN_POINT('',(-9.E-1,-3.1E0,-5.31E0));
#4924=CARTESIAN_POINT('',(-1.1E0,-3.1E0,-5.31E0));
#4925=VERTEX_POINT('',#4923);
#4926=VERTEX_POINT('',#4924);
#4927=CARTESIAN_POINT('',(-9.E-1,-3.3E0,-5.31E0));
#4928=VERTEX_POINT('',#4927);
#4929=CARTESIAN_POINT('',(-7.5E-1,-3.45E0,-4.71E0));
#4930=VERTEX_POINT('',#4929);
#4931=CARTESIAN_POINT('',(-1.25E0,-3.45E0,-4.71E0));
#4932=VERTEX_POINT('',#4931);
#4933=CARTESIAN_POINT('',(-1.1E0,-3.3E0,-5.31E0));
#4934=VERTEX_POINT('',#4933);
#4935=CARTESIAN_POINT('',(-1.1E0,-5.3E0,-5.31E0));
#4936=CARTESIAN_POINT('',(-1.25E0,-5.45E0,-4.71E0));
#4937=VERTEX_POINT('',#4935);
#4938=VERTEX_POINT('',#4936);
#4939=CARTESIAN_POINT('',(-9.E-1,-5.3E0,-5.31E0));
#4940=CARTESIAN_POINT('',(-7.5E-1,-5.45E0,-4.71E0));
#4941=VERTEX_POINT('',#4939);
#4942=VERTEX_POINT('',#4940);
#4943=CARTESIAN_POINT('',(-1.1E0,-5.1E0,-5.31E0));
#4944=CARTESIAN_POINT('',(-1.25E0,-4.95E0,-4.71E0));
#4945=VERTEX_POINT('',#4943);
#4946=VERTEX_POINT('',#4944);
#4947=CARTESIAN_POINT('',(-7.5E-1,-4.95E0,-4.71E0));
#4948=CARTESIAN_POINT('',(-9.E-1,-5.1E0,-5.31E0));
#4949=VERTEX_POINT('',#4947);
#4950=VERTEX_POINT('',#4948);
#4951=CARTESIAN_POINT('',(1.25E0,2.3E0,-7.5E-1));
#4952=CARTESIAN_POINT('',(7.5E-1,2.3E0,-7.5E-1));
#4953=VERTEX_POINT('',#4951);
#4954=VERTEX_POINT('',#4952);
#4955=CARTESIAN_POINT('',(1.1E0,2.9E0,-9.E-1));
#4956=CARTESIAN_POINT('',(9.E-1,2.9E0,-9.E-1));
#4957=VERTEX_POINT('',#4955);
#4958=VERTEX_POINT('',#4956);
#4959=CARTESIAN_POINT('',(1.1E0,2.9E0,-1.1E0));
#4960=VERTEX_POINT('',#4959);
#4961=CARTESIAN_POINT('',(1.25E0,2.3E0,-1.25E0));
#4962=VERTEX_POINT('',#4961);
#4963=CARTESIAN_POINT('',(7.5E-1,2.3E0,-1.25E0));
#4964=VERTEX_POINT('',#4963);
#4965=CARTESIAN_POINT('',(9.E-1,2.9E0,-1.1E0));
#4966=VERTEX_POINT('',#4965);
#4967=CARTESIAN_POINT('',(1.25E0,2.3E0,1.25E0));
#4968=CARTESIAN_POINT('',(7.5E-1,2.3E0,1.25E0));
#4969=VERTEX_POINT('',#4967);
#4970=VERTEX_POINT('',#4968);
#4971=CARTESIAN_POINT('',(1.1E0,2.9E0,1.1E0));
#4972=CARTESIAN_POINT('',(9.E-1,2.9E0,1.1E0));
#4973=VERTEX_POINT('',#4971);
#4974=VERTEX_POINT('',#4972);
#4975=CARTESIAN_POINT('',(1.1E0,2.9E0,9.E-1));
#4976=VERTEX_POINT('',#4975);
#4977=CARTESIAN_POINT('',(1.25E0,2.3E0,7.5E-1));
#4978=VERTEX_POINT('',#4977);
#4979=CARTESIAN_POINT('',(7.5E-1,2.3E0,7.5E-1));
#4980=VERTEX_POINT('',#4979);
#4981=CARTESIAN_POINT('',(9.E-1,2.9E0,9.E-1));
#4982=VERTEX_POINT('',#4981);
#4983=CARTESIAN_POINT('',(1.25E0,-2.95E0,-4.71E0));
#4984=CARTESIAN_POINT('',(7.5E-1,-2.95E0,-4.71E0));
#4985=VERTEX_POINT('',#4983);
#4986=VERTEX_POINT('',#4984);
#4987=CARTESIAN_POINT('',(1.1E0,-3.1E0,-5.31E0));
#4988=CARTESIAN_POINT('',(9.E-1,-3.1E0,-5.31E0));
#4989=VERTEX_POINT('',#4987);
#4990=VERTEX_POINT('',#4988);
#4991=CARTESIAN_POINT('',(1.1E0,-3.3E0,-5.31E0));
#4992=VERTEX_POINT('',#4991);
#4993=CARTESIAN_POINT('',(1.25E0,-3.45E0,-4.71E0));
#4994=VERTEX_POINT('',#4993);
#4995=CARTESIAN_POINT('',(7.5E-1,-3.45E0,-4.71E0));
#4996=VERTEX_POINT('',#4995);
#4997=CARTESIAN_POINT('',(9.E-1,-3.3E0,-5.31E0));
#4998=VERTEX_POINT('',#4997);
#4999=CARTESIAN_POINT('',(9.E-1,-5.3E0,-5.31E0));
#5000=CARTESIAN_POINT('',(7.5E-1,-5.45E0,-4.71E0));
#5001=VERTEX_POINT('',#4999);
#5002=VERTEX_POINT('',#5000);
#5003=CARTESIAN_POINT('',(1.1E0,-5.3E0,-5.31E0));
#5004=CARTESIAN_POINT('',(1.25E0,-5.45E0,-4.71E0));
#5005=VERTEX_POINT('',#5003);
#5006=VERTEX_POINT('',#5004);
#5007=CARTESIAN_POINT('',(9.E-1,-5.1E0,-5.31E0));
#5008=CARTESIAN_POINT('',(7.5E-1,-4.95E0,-4.71E0));
#5009=VERTEX_POINT('',#5007);
#5010=VERTEX_POINT('',#5008);
#5011=CARTESIAN_POINT('',(1.25E0,-4.95E0,-4.71E0));
#5012=CARTESIAN_POINT('',(1.1E0,-5.1E0,-5.31E0));
#5013=VERTEX_POINT('',#5011);
#5014=VERTEX_POINT('',#5012);
#5015=CARTESIAN_POINT('',(3.25E0,2.3E0,-7.5E-1));
#5016=CARTESIAN_POINT('',(2.75E0,2.3E0,-7.5E-1));
#5017=VERTEX_POINT('',#5015);
#5018=VERTEX_POINT('',#5016);
#5019=CARTESIAN_POINT('',(3.1E0,2.9E0,-9.E-1));
#5020=CARTESIAN_POINT('',(2.9E0,2.9E0,-9.E-1));
#5021=VERTEX_POINT('',#5019);
#5022=VERTEX_POINT('',#5020);
#5023=CARTESIAN_POINT('',(3.1E0,2.9E0,-1.1E0));
#5024=VERTEX_POINT('',#5023);
#5025=CARTESIAN_POINT('',(3.25E0,2.3E0,-1.25E0));
#5026=VERTEX_POINT('',#5025);
#5027=CARTESIAN_POINT('',(2.75E0,2.3E0,-1.25E0));
#5028=VERTEX_POINT('',#5027);
#5029=CARTESIAN_POINT('',(2.9E0,2.9E0,-1.1E0));
#5030=VERTEX_POINT('',#5029);
#5031=CARTESIAN_POINT('',(3.25E0,2.3E0,1.25E0));
#5032=CARTESIAN_POINT('',(2.75E0,2.3E0,1.25E0));
#5033=VERTEX_POINT('',#5031);
#5034=VERTEX_POINT('',#5032);
#5035=CARTESIAN_POINT('',(3.1E0,2.9E0,1.1E0));
#5036=CARTESIAN_POINT('',(2.9E0,2.9E0,1.1E0));
#5037=VERTEX_POINT('',#5035);
#5038=VERTEX_POINT('',#5036);
#5039=CARTESIAN_POINT('',(3.1E0,2.9E0,9.E-1));
#5040=VERTEX_POINT('',#5039);
#5041=CARTESIAN_POINT('',(3.25E0,2.3E0,7.5E-1));
#5042=VERTEX_POINT('',#5041);
#5043=CARTESIAN_POINT('',(2.75E0,2.3E0,7.5E-1));
#5044=VERTEX_POINT('',#5043);
#5045=CARTESIAN_POINT('',(2.9E0,2.9E0,9.E-1));
#5046=VERTEX_POINT('',#5045);
#5047=CARTESIAN_POINT('',(3.25E0,-2.95E0,-4.71E0));
#5048=CARTESIAN_POINT('',(2.75E0,-2.95E0,-4.71E0));
#5049=VERTEX_POINT('',#5047);
#5050=VERTEX_POINT('',#5048);
#5051=CARTESIAN_POINT('',(3.1E0,-3.1E0,-5.31E0));
#5052=CARTESIAN_POINT('',(2.9E0,-3.1E0,-5.31E0));
#5053=VERTEX_POINT('',#5051);
#5054=VERTEX_POINT('',#5052);
#5055=CARTESIAN_POINT('',(3.1E0,-3.3E0,-5.31E0));
#5056=VERTEX_POINT('',#5055);
#5057=CARTESIAN_POINT('',(3.25E0,-3.45E0,-4.71E0));
#5058=VERTEX_POINT('',#5057);
#5059=CARTESIAN_POINT('',(2.75E0,-3.45E0,-4.71E0));
#5060=VERTEX_POINT('',#5059);
#5061=CARTESIAN_POINT('',(2.9E0,-3.3E0,-5.31E0));
#5062=VERTEX_POINT('',#5061);
#5063=CARTESIAN_POINT('',(2.9E0,-5.3E0,-5.31E0));
#5064=CARTESIAN_POINT('',(2.75E0,-5.45E0,-4.71E0));
#5065=VERTEX_POINT('',#5063);
#5066=VERTEX_POINT('',#5064);
#5067=CARTESIAN_POINT('',(3.1E0,-5.3E0,-5.31E0));
#5068=CARTESIAN_POINT('',(3.25E0,-5.45E0,-4.71E0));
#5069=VERTEX_POINT('',#5067);
#5070=VERTEX_POINT('',#5068);
#5071=CARTESIAN_POINT('',(2.9E0,-5.1E0,-5.31E0));
#5072=CARTESIAN_POINT('',(2.75E0,-4.95E0,-4.71E0));
#5073=VERTEX_POINT('',#5071);
#5074=VERTEX_POINT('',#5072);
#5075=CARTESIAN_POINT('',(3.25E0,-4.95E0,-4.71E0));
#5076=CARTESIAN_POINT('',(3.1E0,-5.1E0,-5.31E0));
#5077=VERTEX_POINT('',#5075);
#5078=VERTEX_POINT('',#5076);
#5079=CARTESIAN_POINT('',(5.65E0,-2.95E0,1.3E0));
#5080=CARTESIAN_POINT('',(4.35E0,-2.95E0,1.3E0));
#5081=VERTEX_POINT('',#5079);
#5082=VERTEX_POINT('',#5080);
#5083=CARTESIAN_POINT('',(5.65E0,-3.2E0,-2.E0));
#5084=CARTESIAN_POINT('',(5.65E0,-3.2E0,2.E0));
#5085=VERTEX_POINT('',#5083);
#5086=VERTEX_POINT('',#5084);
#5087=CARTESIAN_POINT('',(4.35E0,-3.2E0,-2.E0));
#5088=CARTESIAN_POINT('',(4.35E0,-3.2E0,2.E0));
#5089=VERTEX_POINT('',#5087);
#5090=VERTEX_POINT('',#5088);
#5091=CARTESIAN_POINT('',(5.65E0,-2.545854811567E0,2.E0));
#5092=VERTEX_POINT('',#5091);
#5093=CARTESIAN_POINT('',(4.35E0,-2.545854811567E0,2.E0));
#5094=VERTEX_POINT('',#5093);
#5095=CARTESIAN_POINT('',(5.65E0,-2.545854811567E0,-2.E0));
#5096=VERTEX_POINT('',#5095);
#5097=CARTESIAN_POINT('',(4.35E0,-2.545854811567E0,-2.E0));
#5098=VERTEX_POINT('',#5097);
#5099=CARTESIAN_POINT('',(5.65E0,-2.95E0,-1.3E0));
#5100=VERTEX_POINT('',#5099);
#5101=CARTESIAN_POINT('',(4.35E0,-2.95E0,-1.3E0));
#5102=VERTEX_POINT('',#5101);
#5103=CARTESIAN_POINT('',(4.75E0,-3.45E0,-1.45E0));
#5104=CARTESIAN_POINT('',(5.25E0,-3.45E0,-1.45E0));
#5105=VERTEX_POINT('',#5103);
#5106=VERTEX_POINT('',#5104);
#5107=CARTESIAN_POINT('',(4.75E0,-2.95E0,-1.45E0));
#5108=CARTESIAN_POINT('',(5.25E0,-2.95E0,-1.45E0));
#5109=VERTEX_POINT('',#5107);
#5110=VERTEX_POINT('',#5108);
#5111=CARTESIAN_POINT('',(4.75E0,-7.E-1,-7.5E-1));
#5112=CARTESIAN_POINT('',(4.75E0,-7.E-1,-1.25E0));
#5113=VERTEX_POINT('',#5111);
#5114=VERTEX_POINT('',#5112);
#5115=CARTESIAN_POINT('',(4.75E0,-7.E-1,1.25E0));
#5116=CARTESIAN_POINT('',(4.75E0,-7.E-1,7.5E-1));
#5117=VERTEX_POINT('',#5115);
#5118=VERTEX_POINT('',#5116);
#5119=CARTESIAN_POINT('',(5.25E0,-7.E-1,-7.5E-1));
#5120=CARTESIAN_POINT('',(5.25E0,-7.E-1,-1.25E0));
#5121=VERTEX_POINT('',#5119);
#5122=VERTEX_POINT('',#5120);
#5123=CARTESIAN_POINT('',(5.25E0,-7.E-1,1.25E0));
#5124=CARTESIAN_POINT('',(5.25E0,-7.E-1,7.5E-1));
#5125=VERTEX_POINT('',#5123);
#5126=VERTEX_POINT('',#5124);
#5127=CARTESIAN_POINT('',(4.75E0,-2.95E0,-1.3E0));
#5128=CARTESIAN_POINT('',(4.75E0,-2.95E0,-7.791796067501E-1));
#5129=VERTEX_POINT('',#5127);
#5130=VERTEX_POINT('',#5128);
#5131=CARTESIAN_POINT('',(4.75E0,-2.95E0,7.5E-1));
#5132=CARTESIAN_POINT('',(4.75E0,-2.95E0,1.25E0));
#5133=VERTEX_POINT('',#5131);
#5134=VERTEX_POINT('',#5132);
#5135=CARTESIAN_POINT('',(5.25E0,-2.95E0,-1.3E0));
#5136=CARTESIAN_POINT('',(5.25E0,-2.95E0,-7.791796067501E-1));
#5137=VERTEX_POINT('',#5135);
#5138=VERTEX_POINT('',#5136);
#5139=CARTESIAN_POINT('',(5.25E0,-2.95E0,7.5E-1));
#5140=CARTESIAN_POINT('',(5.25E0,-2.95E0,1.25E0));
#5141=VERTEX_POINT('',#5139);
#5142=VERTEX_POINT('',#5140);
#5143=CARTESIAN_POINT('',(4.75E0,-4.75E0,1.25E0));
#5144=VERTEX_POINT('',#5143);
#5145=CARTESIAN_POINT('',(4.75E0,-4.75E0,7.5E-1));
#5146=VERTEX_POINT('',#5145);
#5147=CARTESIAN_POINT('',(5.25E0,-4.75E0,1.25E0));
#5148=VERTEX_POINT('',#5147);
#5149=CARTESIAN_POINT('',(5.25E0,-4.75E0,7.5E-1));
#5150=VERTEX_POINT('',#5149);
#5151=CARTESIAN_POINT('',(5.25E0,2.3E0,-7.5E-1));
#5152=CARTESIAN_POINT('',(4.75E0,2.3E0,-7.5E-1));
#5153=VERTEX_POINT('',#5151);
#5154=VERTEX_POINT('',#5152);
#5155=CARTESIAN_POINT('',(5.1E0,2.9E0,-9.E-1));
#5156=CARTESIAN_POINT('',(4.9E0,2.9E0,-9.E-1));
#5157=VERTEX_POINT('',#5155);
#5158=VERTEX_POINT('',#5156);
#5159=CARTESIAN_POINT('',(5.1E0,2.9E0,-1.1E0));
#5160=VERTEX_POINT('',#5159);
#5161=CARTESIAN_POINT('',(5.25E0,2.3E0,-1.25E0));
#5162=VERTEX_POINT('',#5161);
#5163=CARTESIAN_POINT('',(4.75E0,2.3E0,-1.25E0));
#5164=VERTEX_POINT('',#5163);
#5165=CARTESIAN_POINT('',(4.9E0,2.9E0,-1.1E0));
#5166=VERTEX_POINT('',#5165);
#5167=CARTESIAN_POINT('',(5.25E0,2.3E0,1.25E0));
#5168=CARTESIAN_POINT('',(4.75E0,2.3E0,1.25E0));
#5169=VERTEX_POINT('',#5167);
#5170=VERTEX_POINT('',#5168);
#5171=CARTESIAN_POINT('',(5.1E0,2.9E0,1.1E0));
#5172=CARTESIAN_POINT('',(4.9E0,2.9E0,1.1E0));
#5173=VERTEX_POINT('',#5171);
#5174=VERTEX_POINT('',#5172);
#5175=CARTESIAN_POINT('',(5.1E0,2.9E0,9.E-1));
#5176=VERTEX_POINT('',#5175);
#5177=CARTESIAN_POINT('',(5.25E0,2.3E0,7.5E-1));
#5178=VERTEX_POINT('',#5177);
#5179=CARTESIAN_POINT('',(4.75E0,2.3E0,7.5E-1));
#5180=VERTEX_POINT('',#5179);
#5181=CARTESIAN_POINT('',(4.9E0,2.9E0,9.E-1));
#5182=VERTEX_POINT('',#5181);
#5183=CARTESIAN_POINT('',(5.25E0,-2.95E0,-4.71E0));
#5184=CARTESIAN_POINT('',(4.75E0,-2.95E0,-4.71E0));
#5185=VERTEX_POINT('',#5183);
#5186=VERTEX_POINT('',#5184);
#5187=CARTESIAN_POINT('',(5.1E0,-3.1E0,-5.31E0));
#5188=CARTESIAN_POINT('',(4.9E0,-3.1E0,-5.31E0));
#5189=VERTEX_POINT('',#5187);
#5190=VERTEX_POINT('',#5188);
#5191=CARTESIAN_POINT('',(5.1E0,-3.3E0,-5.31E0));
#5192=VERTEX_POINT('',#5191);
#5193=CARTESIAN_POINT('',(5.25E0,-3.45E0,-4.71E0));
#5194=VERTEX_POINT('',#5193);
#5195=CARTESIAN_POINT('',(4.75E0,-3.45E0,-4.71E0));
#5196=VERTEX_POINT('',#5195);
#5197=CARTESIAN_POINT('',(4.9E0,-3.3E0,-5.31E0));
#5198=VERTEX_POINT('',#5197);
#5199=CARTESIAN_POINT('',(4.9E0,-5.3E0,-5.31E0));
#5200=CARTESIAN_POINT('',(4.75E0,-5.45E0,-4.71E0));
#5201=VERTEX_POINT('',#5199);
#5202=VERTEX_POINT('',#5200);
#5203=CARTESIAN_POINT('',(5.1E0,-5.3E0,-5.31E0));
#5204=CARTESIAN_POINT('',(5.25E0,-5.45E0,-4.71E0));
#5205=VERTEX_POINT('',#5203);
#5206=VERTEX_POINT('',#5204);
#5207=CARTESIAN_POINT('',(4.9E0,-5.1E0,-5.31E0));
#5208=CARTESIAN_POINT('',(4.75E0,-4.95E0,-4.71E0));
#5209=VERTEX_POINT('',#5207);
#5210=VERTEX_POINT('',#5208);
#5211=CARTESIAN_POINT('',(5.25E0,-4.95E0,-4.71E0));
#5212=CARTESIAN_POINT('',(5.1E0,-5.1E0,-5.31E0));
#5213=VERTEX_POINT('',#5211);
#5214=VERTEX_POINT('',#5212);
#5215=CARTESIAN_POINT('',(-1.2E0,2.4E0,3.15E0));
#5216=CARTESIAN_POINT('',(-1.2E0,-7.E-1,3.15E0));
#5217=VERTEX_POINT('',#5215);
#5218=VERTEX_POINT('',#5216);
#5219=CARTESIAN_POINT('',(1.2E0,-7.E-1,3.15E0));
#5220=VERTEX_POINT('',#5219);
#5221=CARTESIAN_POINT('',(1.2E0,2.4E0,3.15E0));
#5222=VERTEX_POINT('',#5221);
#5223=CARTESIAN_POINT('',(2.E0,3.2E0,3.15E0));
#5224=VERTEX_POINT('',#5223);
#5225=CARTESIAN_POINT('',(-2.E0,3.2E0,3.15E0));
#5226=VERTEX_POINT('',#5225);
#5227=CARTESIAN_POINT('',(-1.2E0,2.4E0,2.5E0));
#5228=VERTEX_POINT('',#5227);
#5229=CARTESIAN_POINT('',(-1.2E0,-7.E-1,2.5E0));
#5230=VERTEX_POINT('',#5229);
#5231=CARTESIAN_POINT('',(1.2E0,-7.E-1,2.5E0));
#5232=VERTEX_POINT('',#5231);
#5233=CARTESIAN_POINT('',(1.2E0,2.4E0,2.5E0));
#5234=VERTEX_POINT('',#5233);
#5235=CARTESIAN_POINT('',(2.E0,3.2E0,2.85E0));
#5236=VERTEX_POINT('',#5235);
#5237=CARTESIAN_POINT('',(-2.E0,3.2E0,2.85E0));
#5238=VERTEX_POINT('',#5237);
#5239=CARTESIAN_POINT('',(-2.6E0,2.6E0,2.25E0));
#5240=VERTEX_POINT('',#5239);
#5241=CARTESIAN_POINT('',(-2.6E0,2.85E0,2.5E0));
#5242=VERTEX_POINT('',#5241);
#5243=CARTESIAN_POINT('',(-1.4E0,2.6E0,-2.25E0));
#5244=CARTESIAN_POINT('',(-6.E-1,2.6E0,-2.25E0));
#5245=VERTEX_POINT('',#5243);
#5246=VERTEX_POINT('',#5244);
#5247=CARTESIAN_POINT('',(6.E-1,2.6E0,-2.25E0));
#5248=CARTESIAN_POINT('',(1.4E0,2.6E0,-2.25E0));
#5249=VERTEX_POINT('',#5247);
#5250=VERTEX_POINT('',#5248);
#5251=CARTESIAN_POINT('',(-4.6E0,2.85E0,-2.5E0));
#5252=VERTEX_POINT('',#5251);
#5253=CARTESIAN_POINT('',(4.6E0,2.85E0,-2.5E0));
#5254=VERTEX_POINT('',#5253);
#5255=CARTESIAN_POINT('',(-4.6E0,-7.E-1,-2.5E0));
#5256=VERTEX_POINT('',#5255);
#5257=CARTESIAN_POINT('',(4.6E0,-7.E-1,-2.5E0));
#5258=VERTEX_POINT('',#5257);
#5259=CARTESIAN_POINT('',(-6.025E0,-7.E-1,2.5E0));
#5260=CARTESIAN_POINT('',(-5.4E0,-7.E-1,2.5E0));
#5261=VERTEX_POINT('',#5259);
#5262=VERTEX_POINT('',#5260);
#5263=CARTESIAN_POINT('',(5.4E0,-7.E-1,2.5E0));
#5264=CARTESIAN_POINT('',(6.025E0,-7.E-1,2.5E0));
#5265=VERTEX_POINT('',#5263);
#5266=VERTEX_POINT('',#5264);
#5267=CARTESIAN_POINT('',(-6.025E0,2.6E0,2.25E0));
#5268=VERTEX_POINT('',#5267);
#5269=CARTESIAN_POINT('',(-5.4E0,2.6E0,2.25E0));
#5270=VERTEX_POINT('',#5269);
#5271=CARTESIAN_POINT('',(5.4E0,2.6E0,2.25E0));
#5272=VERTEX_POINT('',#5271);
#5273=CARTESIAN_POINT('',(6.025E0,2.6E0,2.25E0));
#5274=VERTEX_POINT('',#5273);
#5275=CARTESIAN_POINT('',(4.6E0,2.6E0,2.25E0));
#5276=VERTEX_POINT('',#5275);
#5277=CARTESIAN_POINT('',(-4.6E0,2.6E0,2.25E0));
#5278=VERTEX_POINT('',#5277);
#5279=CARTESIAN_POINT('',(-6.025E0,2.85E0,2.5E0));
#5280=VERTEX_POINT('',#5279);
#5281=CARTESIAN_POINT('',(-5.4E0,2.85E0,2.5E0));
#5282=VERTEX_POINT('',#5281);
#5283=CARTESIAN_POINT('',(5.4E0,2.85E0,2.5E0));
#5284=VERTEX_POINT('',#5283);
#5285=CARTESIAN_POINT('',(6.025E0,2.85E0,2.5E0));
#5286=VERTEX_POINT('',#5285);
#5287=CARTESIAN_POINT('',(4.6E0,2.85E0,2.5E0));
#5288=VERTEX_POINT('',#5287);
#5289=CARTESIAN_POINT('',(-4.6E0,2.85E0,2.5E0));
#5290=VERTEX_POINT('',#5289);
#5291=CARTESIAN_POINT('',(4.6E0,-7.E-1,2.5E0));
#5292=VERTEX_POINT('',#5291);
#5293=CARTESIAN_POINT('',(-4.6E0,-7.E-1,2.5E0));
#5294=VERTEX_POINT('',#5293);
#5295=CARTESIAN_POINT('',(-3.4E0,-7.E-1,2.5E0));
#5296=VERTEX_POINT('',#5295);
#5297=CARTESIAN_POINT('',(-1.4E0,-7.E-1,-2.5E0));
#5298=CARTESIAN_POINT('',(-1.4E0,-7.E-1,-2.25E0));
#5299=VERTEX_POINT('',#5297);
#5300=VERTEX_POINT('',#5298);
#5301=CARTESIAN_POINT('',(-6.E-1,-7.E-1,-2.25E0));
#5302=VERTEX_POINT('',#5301);
#5303=CARTESIAN_POINT('',(-6.E-1,-7.E-1,-2.5E0));
#5304=VERTEX_POINT('',#5303);
#5305=CARTESIAN_POINT('',(6.E-1,-7.E-1,-2.5E0));
#5306=CARTESIAN_POINT('',(6.E-1,-7.E-1,-2.25E0));
#5307=VERTEX_POINT('',#5305);
#5308=VERTEX_POINT('',#5306);
#5309=CARTESIAN_POINT('',(1.4E0,-7.E-1,-2.25E0));
#5310=VERTEX_POINT('',#5309);
#5311=CARTESIAN_POINT('',(1.4E0,-7.E-1,-2.5E0));
#5312=VERTEX_POINT('',#5311);
#5313=CARTESIAN_POINT('',(-1.4E0,2.85E0,-2.5E0));
#5314=VERTEX_POINT('',#5313);
#5315=CARTESIAN_POINT('',(-6.E-1,2.85E0,-2.5E0));
#5316=VERTEX_POINT('',#5315);
#5317=CARTESIAN_POINT('',(6.E-1,2.85E0,-2.5E0));
#5318=VERTEX_POINT('',#5317);
#5319=CARTESIAN_POINT('',(1.4E0,2.85E0,-2.5E0));
#5320=VERTEX_POINT('',#5319);
#5321=CARTESIAN_POINT('',(3.4E0,2.6E0,2.25E0));
#5322=CARTESIAN_POINT('',(2.6E0,2.6E0,2.25E0));
#5323=VERTEX_POINT('',#5321);
#5324=VERTEX_POINT('',#5322);
#5325=CARTESIAN_POINT('',(-3.4E0,-7.E-1,2.25E0));
#5326=VERTEX_POINT('',#5325);
#5327=CARTESIAN_POINT('',(-2.6E0,-7.E-1,2.5E0));
#5328=CARTESIAN_POINT('',(-2.6E0,-7.E-1,2.25E0));
#5329=VERTEX_POINT('',#5327);
#5330=VERTEX_POINT('',#5328);
#5331=CARTESIAN_POINT('',(3.4E0,-7.E-1,2.25E0));
#5332=CARTESIAN_POINT('',(2.6E0,-7.E-1,2.25E0));
#5333=VERTEX_POINT('',#5331);
#5334=VERTEX_POINT('',#5332);
#5335=CARTESIAN_POINT('',(2.6E0,-7.E-1,2.5E0));
#5336=VERTEX_POINT('',#5335);
#5337=CARTESIAN_POINT('',(3.4E0,-7.E-1,2.5E0));
#5338=VERTEX_POINT('',#5337);
#5339=CARTESIAN_POINT('',(2.6E0,2.85E0,2.5E0));
#5340=VERTEX_POINT('',#5339);
#5341=CARTESIAN_POINT('',(3.4E0,2.85E0,2.5E0));
#5342=VERTEX_POINT('',#5341);
#5343=CARTESIAN_POINT('',(1.338562172234E0,2.85E0,2.5E0));
#5344=VERTEX_POINT('',#5343);
#5345=CARTESIAN_POINT('',(-1.338562172234E0,2.85E0,2.5E0));
#5346=VERTEX_POINT('',#5345);
#5347=CARTESIAN_POINT('',(-5.25E0,-5.45E0,5.5E-1));
#5348=VERTEX_POINT('',#5347);
#5349=CARTESIAN_POINT('',(-5.25E0,-4.95E0,5.5E-1));
#5350=VERTEX_POINT('',#5349);
#5351=CARTESIAN_POINT('',(-4.75E0,-5.45E0,5.5E-1));
#5352=VERTEX_POINT('',#5351);
#5353=CARTESIAN_POINT('',(-4.75E0,-4.95E0,5.5E-1));
#5354=VERTEX_POINT('',#5353);
#5355=CARTESIAN_POINT('',(-5.25E0,-2.922162620074E0,-1.348215756381E0));
#5356=VERTEX_POINT('',#5355);
#5357=CARTESIAN_POINT('',(-4.75E0,-2.922162620074E0,-1.348215756381E0));
#5358=VERTEX_POINT('',#5357);
#5359=CARTESIAN_POINT('',(-3.25E0,-5.45E0,5.5E-1));
#5360=VERTEX_POINT('',#5359);
#5361=CARTESIAN_POINT('',(-3.25E0,-4.95E0,5.5E-1));
#5362=VERTEX_POINT('',#5361);
#5363=CARTESIAN_POINT('',(-2.75E0,-5.45E0,5.5E-1));
#5364=VERTEX_POINT('',#5363);
#5365=CARTESIAN_POINT('',(-2.75E0,-4.95E0,5.5E-1));
#5366=VERTEX_POINT('',#5365);
#5367=CARTESIAN_POINT('',(-3.25E0,-2.922162620074E0,-1.348215756381E0));
#5368=VERTEX_POINT('',#5367);
#5369=CARTESIAN_POINT('',(-2.75E0,-2.922162620074E0,-1.348215756381E0));
#5370=VERTEX_POINT('',#5369);
#5371=CARTESIAN_POINT('',(-1.25E0,-5.45E0,5.5E-1));
#5372=VERTEX_POINT('',#5371);
#5373=CARTESIAN_POINT('',(-1.25E0,-4.95E0,5.5E-1));
#5374=VERTEX_POINT('',#5373);
#5375=CARTESIAN_POINT('',(-7.5E-1,-5.45E0,5.5E-1));
#5376=VERTEX_POINT('',#5375);
#5377=CARTESIAN_POINT('',(-7.5E-1,-4.95E0,5.5E-1));
#5378=VERTEX_POINT('',#5377);
#5379=CARTESIAN_POINT('',(-1.25E0,-2.922162620074E0,-1.348215756381E0));
#5380=VERTEX_POINT('',#5379);
#5381=CARTESIAN_POINT('',(-7.5E-1,-2.922162620074E0,-1.348215756381E0));
#5382=VERTEX_POINT('',#5381);
#5383=CARTESIAN_POINT('',(7.5E-1,-5.45E0,5.5E-1));
#5384=VERTEX_POINT('',#5383);
#5385=CARTESIAN_POINT('',(7.5E-1,-4.95E0,5.5E-1));
#5386=VERTEX_POINT('',#5385);
#5387=CARTESIAN_POINT('',(1.25E0,-5.45E0,5.5E-1));
#5388=VERTEX_POINT('',#5387);
#5389=CARTESIAN_POINT('',(1.25E0,-4.95E0,5.5E-1));
#5390=VERTEX_POINT('',#5389);
#5391=CARTESIAN_POINT('',(7.5E-1,-2.922162620074E0,-1.348215756381E0));
#5392=VERTEX_POINT('',#5391);
#5393=CARTESIAN_POINT('',(1.25E0,-2.922162620074E0,-1.348215756381E0));
#5394=VERTEX_POINT('',#5393);
#5395=CARTESIAN_POINT('',(2.75E0,-5.45E0,5.5E-1));
#5396=VERTEX_POINT('',#5395);
#5397=CARTESIAN_POINT('',(2.75E0,-4.95E0,5.5E-1));
#5398=VERTEX_POINT('',#5397);
#5399=CARTESIAN_POINT('',(3.25E0,-5.45E0,5.5E-1));
#5400=VERTEX_POINT('',#5399);
#5401=CARTESIAN_POINT('',(3.25E0,-4.95E0,5.5E-1));
#5402=VERTEX_POINT('',#5401);
#5403=CARTESIAN_POINT('',(2.75E0,-2.922162620074E0,-1.348215756381E0));
#5404=VERTEX_POINT('',#5403);
#5405=CARTESIAN_POINT('',(3.25E0,-2.922162620074E0,-1.348215756381E0));
#5406=VERTEX_POINT('',#5405);
#5407=CARTESIAN_POINT('',(4.75E0,-5.45E0,5.5E-1));
#5408=VERTEX_POINT('',#5407);
#5409=CARTESIAN_POINT('',(4.75E0,-4.95E0,5.5E-1));
#5410=VERTEX_POINT('',#5409);
#5411=CARTESIAN_POINT('',(5.25E0,-5.45E0,5.5E-1));
#5412=VERTEX_POINT('',#5411);
#5413=CARTESIAN_POINT('',(5.25E0,-4.95E0,5.5E-1));
#5414=VERTEX_POINT('',#5413);
#5415=CARTESIAN_POINT('',(4.75E0,-2.922162620074E0,-1.348215756381E0));
#5416=VERTEX_POINT('',#5415);
#5417=CARTESIAN_POINT('',(5.25E0,-2.922162620074E0,-1.348215756381E0));
#5418=VERTEX_POINT('',#5417);
#5419=CARTESIAN_POINT('',(0.E0,0.E0,-3.15E0));
#5420=DIRECTION('',(0.E0,0.E0,1.E0));
#5421=DIRECTION('',(1.E0,0.E0,0.E0));
#5422=AXIS2_PLACEMENT_3D('',#5419,#5420,#5421);
#5423=PLANE('',#5422);
#5425=ORIENTED_EDGE('',*,*,#5424,.T.);
#5427=ORIENTED_EDGE('',*,*,#5426,.T.);
#5429=ORIENTED_EDGE('',*,*,#5428,.T.);
#5431=ORIENTED_EDGE('',*,*,#5430,.T.);
#5432=EDGE_LOOP('',(#5425,#5427,#5429,#5431));
#5433=FACE_OUTER_BOUND('',#5432,.F.);
#5434=ADVANCED_FACE('',(#5433),#5423,.F.);
#5435=CARTESIAN_POINT('',(-7.325E0,3.2E0,-3.15E0));
#5436=DIRECTION('',(-1.E0,0.E0,0.E0));
#5437=DIRECTION('',(0.E0,-1.E0,0.E0));
#5438=AXIS2_PLACEMENT_3D('',#5435,#5436,#5437);
#5439=PLANE('',#5438);
#5441=ORIENTED_EDGE('',*,*,#5440,.F.);
#5443=ORIENTED_EDGE('',*,*,#5442,.T.);
#5445=ORIENTED_EDGE('',*,*,#5444,.F.);
#5447=ORIENTED_EDGE('',*,*,#5446,.F.);
#5449=ORIENTED_EDGE('',*,*,#5448,.F.);
#5451=ORIENTED_EDGE('',*,*,#5450,.T.);
#5453=ORIENTED_EDGE('',*,*,#5452,.T.);
#5455=ORIENTED_EDGE('',*,*,#5454,.F.);
#5456=ORIENTED_EDGE('',*,*,#5424,.F.);
#5458=ORIENTED_EDGE('',*,*,#5457,.T.);
#5459=EDGE_LOOP('',(#5441,#5443,#5445,#5447,#5449,#5451,#5453,#5455,#5456,
#5458));
#5460=FACE_OUTER_BOUND('',#5459,.F.);
#5461=ADVANCED_FACE('',(#5460),#5439,.T.);
#5462=CARTESIAN_POINT('',(-6.875E0,2.9E0,-4.5E-1));
#5463=DIRECTION('',(0.E0,7.071067811865E-1,7.071067811865E-1));
#5464=DIRECTION('',(0.E0,-7.071067811865E-1,7.071067811865E-1));
#5465=AXIS2_PLACEMENT_3D('',#5462,#5463,#5464);
#5466=PLANE('',#5465);
#5467=ORIENTED_EDGE('',*,*,#5440,.T.);
#5469=ORIENTED_EDGE('',*,*,#5468,.T.);
#5471=ORIENTED_EDGE('',*,*,#5470,.F.);
#5473=ORIENTED_EDGE('',*,*,#5472,.F.);
#5474=EDGE_LOOP('',(#5467,#5469,#5471,#5473));
#5475=FACE_OUTER_BOUND('',#5474,.F.);
#5476=ADVANCED_FACE('',(#5475),#5466,.T.);
#5477=CARTESIAN_POINT('',(7.325E0,3.2E0,-3.15E0));
#5478=DIRECTION('',(0.E0,1.E0,0.E0));
#5479=DIRECTION('',(-1.E0,0.E0,0.E0));
#5480=AXIS2_PLACEMENT_3D('',#5477,#5478,#5479);
#5481=PLANE('',#5480);
#5482=ORIENTED_EDGE('',*,*,#5468,.F.);
#5483=ORIENTED_EDGE('',*,*,#5457,.F.);
#5484=ORIENTED_EDGE('',*,*,#5430,.F.);
#5486=ORIENTED_EDGE('',*,*,#5485,.T.);
#5488=ORIENTED_EDGE('',*,*,#5487,.F.);
#5490=ORIENTED_EDGE('',*,*,#5489,.F.);
#5492=ORIENTED_EDGE('',*,*,#5491,.F.);
#5494=ORIENTED_EDGE('',*,*,#5493,.F.);
#5495=EDGE_LOOP('',(#5482,#5483,#5484,#5486,#5488,#5490,#5492,#5494));
#5496=FACE_OUTER_BOUND('',#5495,.F.);
#5497=ADVANCED_FACE('',(#5496),#5481,.T.);
#5498=CARTESIAN_POINT('',(7.325E0,3.2E0,-3.15E0));
#5499=DIRECTION('',(0.E0,1.E0,0.E0));
#5500=DIRECTION('',(-1.E0,0.E0,0.E0));
#5501=AXIS2_PLACEMENT_3D('',#5498,#5499,#5500);
#5502=PLANE('',#5501);
#5504=ORIENTED_EDGE('',*,*,#5503,.T.);
#5506=ORIENTED_EDGE('',*,*,#5505,.F.);
#5508=ORIENTED_EDGE('',*,*,#5507,.F.);
#5510=ORIENTED_EDGE('',*,*,#5509,.F.);
#5512=ORIENTED_EDGE('',*,*,#5511,.F.);
#5514=ORIENTED_EDGE('',*,*,#5513,.T.);
#5515=EDGE_LOOP('',(#5504,#5506,#5508,#5510,#5512,#5514));
#5516=FACE_OUTER_BOUND('',#5515,.F.);
#5517=ADVANCED_FACE('',(#5516),#5502,.T.);
#5518=CARTESIAN_POINT('',(7.325E0,3.2E0,-3.15E0));
#5519=DIRECTION('',(0.E0,1.E0,0.E0));
#5520=DIRECTION('',(-1.E0,0.E0,0.E0));
#5521=AXIS2_PLACEMENT_3D('',#5518,#5519,#5520);
#5522=PLANE('',#5521);
#5524=ORIENTED_EDGE('',*,*,#5523,.F.);
#5526=ORIENTED_EDGE('',*,*,#5525,.T.);
#5527=ORIENTED_EDGE('',*,*,#5450,.F.);
#5529=ORIENTED_EDGE('',*,*,#5528,.F.);
#5531=ORIENTED_EDGE('',*,*,#5530,.F.);
#5533=ORIENTED_EDGE('',*,*,#5532,.F.);
#5535=ORIENTED_EDGE('',*,*,#5534,.T.);
#5537=ORIENTED_EDGE('',*,*,#5536,.T.);
#5539=ORIENTED_EDGE('',*,*,#5538,.T.);
#5541=ORIENTED_EDGE('',*,*,#5540,.F.);
#5542=EDGE_LOOP('',(#5524,#5526,#5527,#5529,#5531,#5533,#5535,#5537,#5539,
#5541));
#5543=FACE_OUTER_BOUND('',#5542,.F.);
#5544=ADVANCED_FACE('',(#5543),#5522,.T.);
#5545=CARTESIAN_POINT('',(7.325E0,-3.2E0,-3.15E0));
#5546=DIRECTION('',(1.E0,0.E0,0.E0));
#5547=DIRECTION('',(0.E0,1.E0,0.E0));
#5548=AXIS2_PLACEMENT_3D('',#5545,#5546,#5547);
#5549=PLANE('',#5548);
#5551=ORIENTED_EDGE('',*,*,#5550,.F.);
#5552=ORIENTED_EDGE('',*,*,#5485,.F.);
#5553=ORIENTED_EDGE('',*,*,#5428,.F.);
#5555=ORIENTED_EDGE('',*,*,#5554,.T.);
#5557=ORIENTED_EDGE('',*,*,#5556,.T.);
#5558=ORIENTED_EDGE('',*,*,#5513,.F.);
#5560=ORIENTED_EDGE('',*,*,#5559,.F.);
#5562=ORIENTED_EDGE('',*,*,#5561,.T.);
#5564=ORIENTED_EDGE('',*,*,#5563,.T.);
#5566=ORIENTED_EDGE('',*,*,#5565,.F.);
#5567=EDGE_LOOP('',(#5551,#5552,#5553,#5555,#5557,#5558,#5560,#5562,#5564,
#5566));
#5568=FACE_OUTER_BOUND('',#5567,.F.);
#5569=ADVANCED_FACE('',(#5568),#5549,.T.);
#5570=CARTESIAN_POINT('',(6.875E0,2.9E0,-1.45E0));
#5571=DIRECTION('',(0.E0,7.071067811865E-1,7.071067811865E-1));
#5572=DIRECTION('',(0.E0,-7.071067811865E-1,7.071067811865E-1));
#5573=AXIS2_PLACEMENT_3D('',#5570,#5571,#5572);
#5574=PLANE('',#5573);
#5575=ORIENTED_EDGE('',*,*,#5550,.T.);
#5577=ORIENTED_EDGE('',*,*,#5576,.F.);
#5579=ORIENTED_EDGE('',*,*,#5578,.T.);
#5580=ORIENTED_EDGE('',*,*,#5487,.T.);
#5581=EDGE_LOOP('',(#5575,#5577,#5579,#5580));
#5582=FACE_OUTER_BOUND('',#5581,.F.);
#5583=ADVANCED_FACE('',(#5582),#5574,.T.);
#5584=CARTESIAN_POINT('',(7.325E0,3.2E0,-1.15E0));
#5585=DIRECTION('',(0.E0,0.E0,-1.E0));
#5586=DIRECTION('',(-1.E0,0.E0,0.E0));
#5587=AXIS2_PLACEMENT_3D('',#5584,#5585,#5586);
#5588=PLANE('',#5587);
#5589=ORIENTED_EDGE('',*,*,#5576,.T.);
#5590=ORIENTED_EDGE('',*,*,#5565,.T.);
#5592=ORIENTED_EDGE('',*,*,#5591,.T.);
#5594=ORIENTED_EDGE('',*,*,#5593,.T.);
#5595=EDGE_LOOP('',(#5589,#5590,#5592,#5594));
#5596=FACE_OUTER_BOUND('',#5595,.F.);
#5597=ADVANCED_FACE('',(#5596),#5588,.F.);
#5598=CARTESIAN_POINT('',(-6.425E0,-7.E-1,2.25E0));
#5599=DIRECTION('',(0.E0,-1.E0,0.E0));
#5600=DIRECTION('',(0.E0,0.E0,-1.E0));
#5601=AXIS2_PLACEMENT_3D('',#5598,#5599,#5600);
#5602=PLANE('',#5601);
#5604=ORIENTED_EDGE('',*,*,#5603,.F.);
#5606=ORIENTED_EDGE('',*,*,#5605,.F.);
#5608=ORIENTED_EDGE('',*,*,#5607,.F.);
#5610=ORIENTED_EDGE('',*,*,#5609,.T.);
#5612=ORIENTED_EDGE('',*,*,#5611,.F.);
#5614=ORIENTED_EDGE('',*,*,#5613,.T.);
#5616=ORIENTED_EDGE('',*,*,#5615,.T.);
#5618=ORIENTED_EDGE('',*,*,#5617,.F.);
#5620=ORIENTED_EDGE('',*,*,#5619,.F.);
#5622=ORIENTED_EDGE('',*,*,#5621,.F.);
#5624=ORIENTED_EDGE('',*,*,#5623,.T.);
#5626=ORIENTED_EDGE('',*,*,#5625,.F.);
#5628=ORIENTED_EDGE('',*,*,#5627,.F.);
#5630=ORIENTED_EDGE('',*,*,#5629,.F.);
#5632=ORIENTED_EDGE('',*,*,#5631,.T.);
#5634=ORIENTED_EDGE('',*,*,#5633,.F.);
#5636=ORIENTED_EDGE('',*,*,#5635,.F.);
#5637=ORIENTED_EDGE('',*,*,#5444,.T.);
#5639=ORIENTED_EDGE('',*,*,#5638,.F.);
#5641=ORIENTED_EDGE('',*,*,#5640,.F.);
#5643=ORIENTED_EDGE('',*,*,#5642,.F.);
#5645=ORIENTED_EDGE('',*,*,#5644,.F.);
#5647=ORIENTED_EDGE('',*,*,#5646,.F.);
#5649=ORIENTED_EDGE('',*,*,#5648,.F.);
#5651=ORIENTED_EDGE('',*,*,#5650,.F.);
#5653=ORIENTED_EDGE('',*,*,#5652,.F.);
#5655=ORIENTED_EDGE('',*,*,#5654,.F.);
#5657=ORIENTED_EDGE('',*,*,#5656,.T.);
#5659=ORIENTED_EDGE('',*,*,#5658,.T.);
#5661=ORIENTED_EDGE('',*,*,#5660,.F.);
#5663=ORIENTED_EDGE('',*,*,#5662,.F.);
#5665=ORIENTED_EDGE('',*,*,#5664,.T.);
#5667=ORIENTED_EDGE('',*,*,#5666,.T.);
#5669=ORIENTED_EDGE('',*,*,#5668,.F.);
#5671=ORIENTED_EDGE('',*,*,#5670,.F.);
#5673=ORIENTED_EDGE('',*,*,#5672,.F.);
#5675=ORIENTED_EDGE('',*,*,#5674,.F.);
#5677=ORIENTED_EDGE('',*,*,#5676,.F.);
#5679=ORIENTED_EDGE('',*,*,#5678,.F.);
#5681=ORIENTED_EDGE('',*,*,#5680,.F.);
#5683=ORIENTED_EDGE('',*,*,#5682,.F.);
#5685=ORIENTED_EDGE('',*,*,#5684,.T.);
#5686=ORIENTED_EDGE('',*,*,#5591,.F.);
#5687=ORIENTED_EDGE('',*,*,#5563,.F.);
#5689=ORIENTED_EDGE('',*,*,#5688,.F.);
#5691=ORIENTED_EDGE('',*,*,#5690,.T.);
#5693=ORIENTED_EDGE('',*,*,#5692,.T.);
#5695=ORIENTED_EDGE('',*,*,#5694,.F.);
#5697=ORIENTED_EDGE('',*,*,#5696,.F.);
#5699=ORIENTED_EDGE('',*,*,#5698,.F.);
#5701=ORIENTED_EDGE('',*,*,#5700,.T.);
#5703=ORIENTED_EDGE('',*,*,#5702,.F.);
#5705=ORIENTED_EDGE('',*,*,#5704,.F.);
#5707=ORIENTED_EDGE('',*,*,#5706,.T.);
#5709=ORIENTED_EDGE('',*,*,#5708,.T.);
#5711=ORIENTED_EDGE('',*,*,#5710,.F.);
#5712=EDGE_LOOP('',(#5604,#5606,#5608,#5610,#5612,#5614,#5616,#5618,#5620,#5622,
#5624,#5626,#5628,#5630,#5632,#5634,#5636,#5637,#5639,#5641,#5643,#5645,#5647,
#5649,#5651,#5653,#5655,#5657,#5659,#5661,#5663,#5665,#5667,#5669,#5671,#5673,
#5675,#5677,#5679,#5681,#5683,#5685,#5686,#5687,#5689,#5691,#5693,#5695,#5697,
#5699,#5701,#5703,#5705,#5707,#5709,#5711));
#5713=FACE_OUTER_BOUND('',#5712,.F.);
#5715=ORIENTED_EDGE('',*,*,#5714,.F.);
#5717=ORIENTED_EDGE('',*,*,#5716,.T.);
#5719=ORIENTED_EDGE('',*,*,#5718,.T.);
#5721=ORIENTED_EDGE('',*,*,#5720,.F.);
#5722=EDGE_LOOP('',(#5715,#5717,#5719,#5721));
#5723=FACE_BOUND('',#5722,.F.);
#5725=ORIENTED_EDGE('',*,*,#5724,.F.);
#5727=ORIENTED_EDGE('',*,*,#5726,.T.);
#5729=ORIENTED_EDGE('',*,*,#5728,.T.);
#5731=ORIENTED_EDGE('',*,*,#5730,.F.);
#5732=EDGE_LOOP('',(#5725,#5727,#5729,#5731));
#5733=FACE_BOUND('',#5732,.F.);
#5735=ORIENTED_EDGE('',*,*,#5734,.F.);
#5737=ORIENTED_EDGE('',*,*,#5736,.T.);
#5739=ORIENTED_EDGE('',*,*,#5738,.T.);
#5741=ORIENTED_EDGE('',*,*,#5740,.F.);
#5742=EDGE_LOOP('',(#5735,#5737,#5739,#5741));
#5743=FACE_BOUND('',#5742,.F.);
#5745=ORIENTED_EDGE('',*,*,#5744,.F.);
#5747=ORIENTED_EDGE('',*,*,#5746,.T.);
#5749=ORIENTED_EDGE('',*,*,#5748,.T.);
#5751=ORIENTED_EDGE('',*,*,#5750,.F.);
#5752=EDGE_LOOP('',(#5745,#5747,#5749,#5751));
#5753=FACE_BOUND('',#5752,.F.);
#5755=ORIENTED_EDGE('',*,*,#5754,.F.);
#5757=ORIENTED_EDGE('',*,*,#5756,.T.);
#5759=ORIENTED_EDGE('',*,*,#5758,.T.);
#5761=ORIENTED_EDGE('',*,*,#5760,.F.);
#5762=EDGE_LOOP('',(#5755,#5757,#5759,#5761));
#5763=FACE_BOUND('',#5762,.F.);
#5765=ORIENTED_EDGE('',*,*,#5764,.F.);
#5767=ORIENTED_EDGE('',*,*,#5766,.T.);
#5769=ORIENTED_EDGE('',*,*,#5768,.T.);
#5771=ORIENTED_EDGE('',*,*,#5770,.F.);
#5772=EDGE_LOOP('',(#5765,#5767,#5769,#5771));
#5773=FACE_BOUND('',#5772,.F.);
#5775=ORIENTED_EDGE('',*,*,#5774,.F.);
#5777=ORIENTED_EDGE('',*,*,#5776,.T.);
#5779=ORIENTED_EDGE('',*,*,#5778,.T.);
#5781=ORIENTED_EDGE('',*,*,#5780,.F.);
#5782=EDGE_LOOP('',(#5775,#5777,#5779,#5781));
#5783=FACE_BOUND('',#5782,.F.);
#5785=ORIENTED_EDGE('',*,*,#5784,.F.);
#5787=ORIENTED_EDGE('',*,*,#5786,.T.);
#5789=ORIENTED_EDGE('',*,*,#5788,.T.);
#5791=ORIENTED_EDGE('',*,*,#5790,.F.);
#5792=EDGE_LOOP('',(#5785,#5787,#5789,#5791));
#5793=FACE_BOUND('',#5792,.F.);
#5795=ORIENTED_EDGE('',*,*,#5794,.F.);
#5797=ORIENTED_EDGE('',*,*,#5796,.T.);
#5799=ORIENTED_EDGE('',*,*,#5798,.T.);
#5801=ORIENTED_EDGE('',*,*,#5800,.F.);
#5802=EDGE_LOOP('',(#5795,#5797,#5799,#5801));
#5803=FACE_BOUND('',#5802,.F.);
#5805=ORIENTED_EDGE('',*,*,#5804,.F.);
#5807=ORIENTED_EDGE('',*,*,#5806,.T.);
#5809=ORIENTED_EDGE('',*,*,#5808,.T.);
#5811=ORIENTED_EDGE('',*,*,#5810,.F.);
#5812=EDGE_LOOP('',(#5805,#5807,#5809,#5811));
#5813=FACE_BOUND('',#5812,.F.);
#5815=ORIENTED_EDGE('',*,*,#5814,.F.);
#5817=ORIENTED_EDGE('',*,*,#5816,.T.);
#5819=ORIENTED_EDGE('',*,*,#5818,.T.);
#5821=ORIENTED_EDGE('',*,*,#5820,.F.);
#5822=EDGE_LOOP('',(#5815,#5817,#5819,#5821));
#5823=FACE_BOUND('',#5822,.F.);
#5825=ORIENTED_EDGE('',*,*,#5824,.F.);
#5827=ORIENTED_EDGE('',*,*,#5826,.T.);
#5829=ORIENTED_EDGE('',*,*,#5828,.T.);
#5831=ORIENTED_EDGE('',*,*,#5830,.F.);
#5832=EDGE_LOOP('',(#5825,#5827,#5829,#5831));
#5833=FACE_BOUND('',#5832,.F.);
#5834=ADVANCED_FACE('',(#5713,#5723,#5733,#5743,#5753,#5763,#5773,#5783,#5793,
#5803,#5813,#5823,#5833),#5602,.F.);
#5835=CARTESIAN_POINT('',(-5.25E0,0.E0,0.E0));
#5836=DIRECTION('',(1.E0,0.E0,0.E0));
#5837=DIRECTION('',(0.E0,0.E0,-1.E0));
#5838=AXIS2_PLACEMENT_3D('',#5835,#5836,#5837);
#5839=PLANE('',#5838);
#5841=ORIENTED_EDGE('',*,*,#5840,.F.);
#5843=ORIENTED_EDGE('',*,*,#5842,.T.);
#5844=ORIENTED_EDGE('',*,*,#5824,.T.);
#5846=ORIENTED_EDGE('',*,*,#5845,.T.);
#5847=EDGE_LOOP('',(#5841,#5843,#5844,#5846));
#5848=FACE_OUTER_BOUND('',#5847,.F.);
#5849=ADVANCED_FACE('',(#5848),#5839,.F.);
#5850=CARTESIAN_POINT('',(-5.25E0,0.E0,0.E0));
#5851=DIRECTION('',(1.E0,0.E0,0.E0));
#5852=DIRECTION('',(0.E0,0.E0,-1.E0));
#5853=AXIS2_PLACEMENT_3D('',#5850,#5851,#5852);
#5854=PLANE('',#5853);
#5856=ORIENTED_EDGE('',*,*,#5855,.F.);
#5858=ORIENTED_EDGE('',*,*,#5857,.T.);
#5859=ORIENTED_EDGE('',*,*,#5714,.T.);
#5861=ORIENTED_EDGE('',*,*,#5860,.T.);
#5862=EDGE_LOOP('',(#5856,#5858,#5859,#5861));
#5863=FACE_OUTER_BOUND('',#5862,.F.);
#5864=ADVANCED_FACE('',(#5863),#5854,.F.);
#5865=CARTESIAN_POINT('',(-5.25E0,0.E0,0.E0));
#5866=DIRECTION('',(1.E0,0.E0,0.E0));
#5867=DIRECTION('',(0.E0,0.E0,-1.E0));
#5868=AXIS2_PLACEMENT_3D('',#5865,#5866,#5867);
#5869=PLANE('',#5868);
#5871=ORIENTED_EDGE('',*,*,#5870,.F.);
#5873=ORIENTED_EDGE('',*,*,#5872,.T.);
#5875=ORIENTED_EDGE('',*,*,#5874,.T.);
#5877=ORIENTED_EDGE('',*,*,#5876,.T.);
#5879=ORIENTED_EDGE('',*,*,#5878,.F.);
#5881=ORIENTED_EDGE('',*,*,#5880,.T.);
#5883=ORIENTED_EDGE('',*,*,#5882,.T.);
#5884=EDGE_LOOP('',(#5871,#5873,#5875,#5877,#5879,#5881,#5883));
#5885=FACE_OUTER_BOUND('',#5884,.F.);
#5886=ADVANCED_FACE('',(#5885),#5869,.F.);
#5887=CARTESIAN_POINT('',(-5.25E0,0.E0,0.E0));
#5888=DIRECTION('',(1.E0,0.E0,0.E0));
#5889=DIRECTION('',(0.E0,0.E0,-1.E0));
#5890=AXIS2_PLACEMENT_3D('',#5887,#5888,#5889);
#5891=PLANE('',#5890);
#5893=ORIENTED_EDGE('',*,*,#5892,.F.);
#5895=ORIENTED_EDGE('',*,*,#5894,.T.);
#5897=ORIENTED_EDGE('',*,*,#5896,.T.);
#5899=ORIENTED_EDGE('',*,*,#5898,.T.);
#5901=ORIENTED_EDGE('',*,*,#5900,.F.);
#5903=ORIENTED_EDGE('',*,*,#5902,.T.);
#5905=ORIENTED_EDGE('',*,*,#5904,.T.);
#5907=ORIENTED_EDGE('',*,*,#5906,.T.);
#5908=EDGE_LOOP('',(#5893,#5895,#5897,#5899,#5901,#5903,#5905,#5907));
#5909=FACE_OUTER_BOUND('',#5908,.F.);
#5910=ADVANCED_FACE('',(#5909),#5891,.F.);
#5911=CARTESIAN_POINT('',(-5.175E0,2.6E0,-1.E0));
#5912=DIRECTION('',(-9.701425001453E-1,2.425356250363E-1,0.E0));
#5913=DIRECTION('',(2.425356250363E-1,9.701425001453E-1,0.E0));
#5914=AXIS2_PLACEMENT_3D('',#5911,#5912,#5913);
#5915=PLANE('',#5914);
#5916=ORIENTED_EDGE('',*,*,#5840,.T.);
#5918=ORIENTED_EDGE('',*,*,#5917,.F.);
#5920=ORIENTED_EDGE('',*,*,#5919,.F.);
#5922=ORIENTED_EDGE('',*,*,#5921,.T.);
#5923=EDGE_LOOP('',(#5916,#5918,#5920,#5922));
#5924=FACE_OUTER_BOUND('',#5923,.F.);
#5925=ADVANCED_FACE('',(#5924),#5915,.T.);
#5926=CARTESIAN_POINT('',(-5.E0,2.6E0,-1.175E0));
#5927=DIRECTION('',(0.E0,2.425356250363E-1,-9.701425001453E-1));
#5928=DIRECTION('',(0.E0,-9.701425001453E-1,-2.425356250363E-1));
#5929=AXIS2_PLACEMENT_3D('',#5926,#5927,#5928);
#5930=PLANE('',#5929);
#5932=ORIENTED_EDGE('',*,*,#5931,.F.);
#5934=ORIENTED_EDGE('',*,*,#5933,.F.);
#5936=ORIENTED_EDGE('',*,*,#5935,.T.);
#5937=ORIENTED_EDGE('',*,*,#5917,.T.);
#5938=EDGE_LOOP('',(#5932,#5934,#5936,#5937));
#5939=FACE_OUTER_BOUND('',#5938,.F.);
#5940=ADVANCED_FACE('',(#5939),#5930,.T.);
#5941=CARTESIAN_POINT('',(-5.25E0,-2.75E0,-1.25E0));
#5942=DIRECTION('',(0.E0,0.E0,-1.E0));
#5943=DIRECTION('',(0.E0,1.E0,0.E0));
#5944=AXIS2_PLACEMENT_3D('',#5941,#5942,#5943);
#5945=PLANE('',#5944);
#5946=ORIENTED_EDGE('',*,*,#5931,.T.);
#5947=ORIENTED_EDGE('',*,*,#5845,.F.);
#5948=ORIENTED_EDGE('',*,*,#5830,.T.);
#5950=ORIENTED_EDGE('',*,*,#5949,.T.);
#5951=EDGE_LOOP('',(#5946,#5947,#5948,#5950));
#5952=FACE_OUTER_BOUND('',#5951,.F.);
#5953=ADVANCED_FACE('',(#5952),#5945,.T.);
#5954=CARTESIAN_POINT('',(-4.75E0,0.E0,0.E0));
#5955=DIRECTION('',(1.E0,0.E0,0.E0));
#5956=DIRECTION('',(0.E0,0.E0,-1.E0));
#5957=AXIS2_PLACEMENT_3D('',#5954,#5955,#5956);
#5958=PLANE('',#5957);
#5960=ORIENTED_EDGE('',*,*,#5959,.F.);
#5961=ORIENTED_EDGE('',*,*,#5949,.F.);
#5962=ORIENTED_EDGE('',*,*,#5828,.F.);
#5964=ORIENTED_EDGE('',*,*,#5963,.F.);
#5965=EDGE_LOOP('',(#5960,#5961,#5962,#5964));
#5966=FACE_OUTER_BOUND('',#5965,.F.);
#5967=ADVANCED_FACE('',(#5966),#5958,.T.);
#5968=CARTESIAN_POINT('',(-4.75E0,0.E0,0.E0));
#5969=DIRECTION('',(1.E0,0.E0,0.E0));
#5970=DIRECTION('',(0.E0,0.E0,-1.E0));
#5971=AXIS2_PLACEMENT_3D('',#5968,#5969,#5970);
#5972=PLANE('',#5971);
#5974=ORIENTED_EDGE('',*,*,#5973,.F.);
#5976=ORIENTED_EDGE('',*,*,#5975,.F.);
#5977=ORIENTED_EDGE('',*,*,#5718,.F.);
#5979=ORIENTED_EDGE('',*,*,#5978,.F.);
#5980=EDGE_LOOP('',(#5974,#5976,#5977,#5979));
#5981=FACE_OUTER_BOUND('',#5980,.F.);
#5982=ADVANCED_FACE('',(#5981),#5972,.T.);
#5983=CARTESIAN_POINT('',(-4.75E0,0.E0,0.E0));
#5984=DIRECTION('',(1.E0,0.E0,0.E0));
#5985=DIRECTION('',(0.E0,0.E0,-1.E0));
#5986=AXIS2_PLACEMENT_3D('',#5983,#5984,#5985);
#5987=PLANE('',#5986);
#5989=ORIENTED_EDGE('',*,*,#5988,.F.);
#5991=ORIENTED_EDGE('',*,*,#5990,.F.);
#5993=ORIENTED_EDGE('',*,*,#5992,.F.);
#5995=ORIENTED_EDGE('',*,*,#5994,.T.);
#5997=ORIENTED_EDGE('',*,*,#5996,.F.);
#5999=ORIENTED_EDGE('',*,*,#5998,.F.);
#6001=ORIENTED_EDGE('',*,*,#6000,.F.);
#6002=EDGE_LOOP('',(#5989,#5991,#5993,#5995,#5997,#5999,#6001));
#6003=FACE_OUTER_BOUND('',#6002,.F.);
#6004=ADVANCED_FACE('',(#6003),#5987,.T.);
#6005=CARTESIAN_POINT('',(-4.75E0,0.E0,0.E0));
#6006=DIRECTION('',(1.E0,0.E0,0.E0));
#6007=DIRECTION('',(0.E0,0.E0,-1.E0));
#6008=AXIS2_PLACEMENT_3D('',#6005,#6006,#6007);
#6009=PLANE('',#6008);
#6011=ORIENTED_EDGE('',*,*,#6010,.F.);
#6013=ORIENTED_EDGE('',*,*,#6012,.F.);
#6015=ORIENTED_EDGE('',*,*,#6014,.F.);
#6017=ORIENTED_EDGE('',*,*,#6016,.F.);
#6019=ORIENTED_EDGE('',*,*,#6018,.T.);
#6021=ORIENTED_EDGE('',*,*,#6020,.F.);
#6023=ORIENTED_EDGE('',*,*,#6022,.F.);
#6025=ORIENTED_EDGE('',*,*,#6024,.F.);
#6026=EDGE_LOOP('',(#6011,#6013,#6015,#6017,#6019,#6021,#6023,#6025));
#6027=FACE_OUTER_BOUND('',#6026,.F.);
#6028=ADVANCED_FACE('',(#6027),#6009,.T.);
#6029=CARTESIAN_POINT('',(-4.825E0,2.6E0,-1.E0));
#6030=DIRECTION('',(9.701425001453E-1,2.425356250363E-1,0.E0));
#6031=DIRECTION('',(-2.425356250363E-1,9.701425001453E-1,0.E0));
#6032=AXIS2_PLACEMENT_3D('',#6029,#6030,#6031);
#6033=PLANE('',#6032);
#6035=ORIENTED_EDGE('',*,*,#6034,.F.);
#6036=ORIENTED_EDGE('',*,*,#5933,.T.);
#6037=ORIENTED_EDGE('',*,*,#5959,.T.);
#6039=ORIENTED_EDGE('',*,*,#6038,.T.);
#6040=EDGE_LOOP('',(#6035,#6036,#6037,#6039));
#6041=FACE_OUTER_BOUND('',#6040,.F.);
#6042=ADVANCED_FACE('',(#6041),#6033,.T.);
#6043=CARTESIAN_POINT('',(-5.25E0,2.9E0,-1.25E0));
#6044=DIRECTION('',(0.E0,1.E0,0.E0));
#6045=DIRECTION('',(0.E0,0.E0,1.E0));
#6046=AXIS2_PLACEMENT_3D('',#6043,#6044,#6045);
#6047=PLANE('',#6046);
#6049=ORIENTED_EDGE('',*,*,#6048,.T.);
#6050=ORIENTED_EDGE('',*,*,#5919,.T.);
#6051=ORIENTED_EDGE('',*,*,#5935,.F.);
#6052=ORIENTED_EDGE('',*,*,#6034,.T.);
#6053=EDGE_LOOP('',(#6049,#6050,#6051,#6052));
#6054=FACE_OUTER_BOUND('',#6053,.F.);
#6055=ADVANCED_FACE('',(#6054),#6047,.T.);
#6056=CARTESIAN_POINT('',(-5.E0,2.6E0,-8.25E-1));
#6057=DIRECTION('',(0.E0,2.425356250363E-1,9.701425001453E-1));
#6058=DIRECTION('',(0.E0,9.701425001453E-1,-2.425356250363E-1));
#6059=AXIS2_PLACEMENT_3D('',#6056,#6057,#6058);
#6060=PLANE('',#6059);
#6062=ORIENTED_EDGE('',*,*,#6061,.T.);
#6063=ORIENTED_EDGE('',*,*,#5921,.F.);
#6064=ORIENTED_EDGE('',*,*,#6048,.F.);
#6065=ORIENTED_EDGE('',*,*,#6038,.F.);
#6066=EDGE_LOOP('',(#6062,#6063,#6064,#6065));
#6067=FACE_OUTER_BOUND('',#6066,.F.);
#6068=ADVANCED_FACE('',(#6067),#6060,.T.);
#6069=CARTESIAN_POINT('',(-5.25E0,2.9E0,-7.5E-1));
#6070=DIRECTION('',(0.E0,0.E0,1.E0));
#6071=DIRECTION('',(0.E0,-1.E0,0.E0));
#6072=AXIS2_PLACEMENT_3D('',#6069,#6070,#6071);
#6073=PLANE('',#6072);
#6074=ORIENTED_EDGE('',*,*,#6061,.F.);
#6075=ORIENTED_EDGE('',*,*,#5963,.T.);
#6076=ORIENTED_EDGE('',*,*,#5826,.F.);
#6077=ORIENTED_EDGE('',*,*,#5842,.F.);
#6078=EDGE_LOOP('',(#6074,#6075,#6076,#6077));
#6079=FACE_OUTER_BOUND('',#6078,.F.);
#6080=ADVANCED_FACE('',(#6079),#6073,.T.);
#6081=CARTESIAN_POINT('',(-4.825E0,2.6E0,1.E0));
#6082=DIRECTION('',(9.701425001453E-1,2.425356250363E-1,0.E0));
#6083=DIRECTION('',(-2.425356250363E-1,9.701425001453E-1,0.E0));
#6084=AXIS2_PLACEMENT_3D('',#6081,#6082,#6083);
#6085=PLANE('',#6084);
#6087=ORIENTED_EDGE('',*,*,#6086,.F.);
#6089=ORIENTED_EDGE('',*,*,#6088,.T.);
#6090=ORIENTED_EDGE('',*,*,#5973,.T.);
#6092=ORIENTED_EDGE('',*,*,#6091,.F.);
#6093=EDGE_LOOP('',(#6087,#6089,#6090,#6092));
#6094=FACE_OUTER_BOUND('',#6093,.F.);
#6095=ADVANCED_FACE('',(#6094),#6085,.T.);
#6096=CARTESIAN_POINT('',(-5.25E0,2.9E0,7.5E-1));
#6097=DIRECTION('',(0.E0,1.E0,0.E0));
#6098=DIRECTION('',(0.E0,0.E0,1.E0));
#6099=AXIS2_PLACEMENT_3D('',#6096,#6097,#6098);
#6100=PLANE('',#6099);
#6102=ORIENTED_EDGE('',*,*,#6101,.T.);
#6104=ORIENTED_EDGE('',*,*,#6103,.T.);
#6106=ORIENTED_EDGE('',*,*,#6105,.F.);
#6107=ORIENTED_EDGE('',*,*,#6086,.T.);
#6108=EDGE_LOOP('',(#6102,#6104,#6106,#6107));
#6109=FACE_OUTER_BOUND('',#6108,.F.);
#6110=ADVANCED_FACE('',(#6109),#6100,.T.);
#6111=CARTESIAN_POINT('',(-5.E0,2.6E0,1.175E0));
#6112=DIRECTION('',(0.E0,2.425356250363E-1,9.701425001453E-1));
#6113=DIRECTION('',(0.E0,9.701425001453E-1,-2.425356250363E-1));
#6114=AXIS2_PLACEMENT_3D('',#6111,#6112,#6113);
#6115=PLANE('',#6114);
#6117=ORIENTED_EDGE('',*,*,#6116,.T.);
#6119=ORIENTED_EDGE('',*,*,#6118,.F.);
#6120=ORIENTED_EDGE('',*,*,#6101,.F.);
#6121=ORIENTED_EDGE('',*,*,#6091,.T.);
#6122=EDGE_LOOP('',(#6117,#6119,#6120,#6121));
#6123=FACE_OUTER_BOUND('',#6122,.F.);
#6124=ADVANCED_FACE('',(#6123),#6115,.T.);
#6125=CARTESIAN_POINT('',(-5.25E0,2.9E0,1.25E0));
#6126=DIRECTION('',(0.E0,0.E0,1.E0));
#6127=DIRECTION('',(0.E0,-1.E0,0.E0));
#6128=AXIS2_PLACEMENT_3D('',#6125,#6126,#6127);
#6129=PLANE('',#6128);
#6131=ORIENTED_EDGE('',*,*,#6130,.T.);
#6132=ORIENTED_EDGE('',*,*,#6016,.T.);
#6134=ORIENTED_EDGE('',*,*,#6133,.F.);
#6135=ORIENTED_EDGE('',*,*,#5902,.F.);
#6136=EDGE_LOOP('',(#6131,#6132,#6134,#6135));
#6137=FACE_OUTER_BOUND('',#6136,.F.);
#6138=ADVANCED_FACE('',(#6137),#6129,.T.);
#6139=CARTESIAN_POINT('',(-5.25E0,2.9E0,1.25E0));
#6140=DIRECTION('',(0.E0,0.E0,1.E0));
#6141=DIRECTION('',(0.E0,-1.E0,0.E0));
#6142=AXIS2_PLACEMENT_3D('',#6139,#6140,#6141);
#6143=PLANE('',#6142);
#6144=ORIENTED_EDGE('',*,*,#6116,.F.);
#6145=ORIENTED_EDGE('',*,*,#5978,.T.);
#6146=ORIENTED_EDGE('',*,*,#5716,.F.);
#6147=ORIENTED_EDGE('',*,*,#5857,.F.);
#6148=EDGE_LOOP('',(#6144,#6145,#6146,#6147));
#6149=FACE_OUTER_BOUND('',#6148,.F.);
#6150=ADVANCED_FACE('',(#6149),#6143,.T.);
#6151=CARTESIAN_POINT('',(-4.35E0,-2.95E0,-1.3E0));
#6152=DIRECTION('',(0.E0,1.E0,0.E0));
#6153=DIRECTION('',(0.E0,0.E0,1.E0));
#6154=AXIS2_PLACEMENT_3D('',#6151,#6152,#6153);
#6155=PLANE('',#6154);
#6157=ORIENTED_EDGE('',*,*,#6156,.F.);
#6159=ORIENTED_EDGE('',*,*,#6158,.F.);
#6161=ORIENTED_EDGE('',*,*,#6160,.T.);
#6162=ORIENTED_EDGE('',*,*,#5994,.F.);
#6164=ORIENTED_EDGE('',*,*,#6163,.F.);
#6165=ORIENTED_EDGE('',*,*,#5878,.T.);
#6167=ORIENTED_EDGE('',*,*,#6166,.T.);
#6169=ORIENTED_EDGE('',*,*,#6168,.T.);
#6170=EDGE_LOOP('',(#6157,#6159,#6161,#6162,#6164,#6165,#6167,#6169));
#6171=FACE_OUTER_BOUND('',#6170,.F.);
#6172=ADVANCED_FACE('',(#6171),#6155,.F.);
#6173=CARTESIAN_POINT('',(-4.35E0,-2.95E0,-1.3E0));
#6174=DIRECTION('',(0.E0,1.E0,0.E0));
#6175=DIRECTION('',(0.E0,0.E0,1.E0));
#6176=AXIS2_PLACEMENT_3D('',#6173,#6174,#6175);
#6177=PLANE('',#6176);
#6179=ORIENTED_EDGE('',*,*,#6178,.T.);
#6181=ORIENTED_EDGE('',*,*,#6180,.T.);
#6183=ORIENTED_EDGE('',*,*,#6182,.F.);
#6185=ORIENTED_EDGE('',*,*,#6184,.F.);
#6186=EDGE_LOOP('',(#6179,#6181,#6183,#6185));
#6187=FACE_OUTER_BOUND('',#6186,.F.);
#6188=ORIENTED_EDGE('',*,*,#5900,.T.);
#6190=ORIENTED_EDGE('',*,*,#6189,.T.);
#6191=ORIENTED_EDGE('',*,*,#6018,.F.);
#6192=ORIENTED_EDGE('',*,*,#6130,.F.);
#6193=EDGE_LOOP('',(#6188,#6190,#6191,#6192));
#6194=FACE_BOUND('',#6193,.F.);
#6195=ADVANCED_FACE('',(#6187,#6194),#6177,.F.);
#6196=CARTESIAN_POINT('',(-5.25E0,-4.75E0,7.5E-1));
#6197=DIRECTION('',(0.E0,0.E0,-1.E0));
#6198=DIRECTION('',(0.E0,1.E0,0.E0));
#6199=AXIS2_PLACEMENT_3D('',#6196,#6197,#6198);
#6200=PLANE('',#6199);
#6201=ORIENTED_EDGE('',*,*,#6189,.F.);
#6202=ORIENTED_EDGE('',*,*,#5898,.F.);
#6204=ORIENTED_EDGE('',*,*,#6203,.T.);
#6205=ORIENTED_EDGE('',*,*,#6020,.T.);
#6206=EDGE_LOOP('',(#6201,#6202,#6204,#6205));
#6207=FACE_OUTER_BOUND('',#6206,.F.);
#6208=ADVANCED_FACE('',(#6207),#6200,.T.);
#6209=CARTESIAN_POINT('',(-5.25E0,-4.75E0,7.5E-1));
#6210=DIRECTION('',(0.E0,0.E0,-1.E0));
#6211=DIRECTION('',(0.E0,1.E0,0.E0));
#6212=AXIS2_PLACEMENT_3D('',#6209,#6210,#6211);
#6213=PLANE('',#6212);
#6215=ORIENTED_EDGE('',*,*,#6214,.T.);
#6216=ORIENTED_EDGE('',*,*,#5860,.F.);
#6217=ORIENTED_EDGE('',*,*,#5720,.T.);
#6218=ORIENTED_EDGE('',*,*,#5975,.T.);
#6219=EDGE_LOOP('',(#6215,#6216,#6217,#6218));
#6220=FACE_OUTER_BOUND('',#6219,.F.);
#6221=ADVANCED_FACE('',(#6220),#6213,.T.);
#6222=CARTESIAN_POINT('',(-5.25E0,-4.75E0,5.5E-1));
#6223=DIRECTION('',(1.E0,0.E0,0.E0));
#6224=DIRECTION('',(0.E0,0.E0,-1.E0));
#6225=AXIS2_PLACEMENT_3D('',#6222,#6223,#6224);
#6226=CYLINDRICAL_SURFACE('',#6225,2.E-1);
#6227=ORIENTED_EDGE('',*,*,#5896,.F.);
#6229=ORIENTED_EDGE('',*,*,#6228,.T.);
#6230=ORIENTED_EDGE('',*,*,#6022,.T.);
#6231=ORIENTED_EDGE('',*,*,#6203,.F.);
#6232=EDGE_LOOP('',(#6227,#6229,#6230,#6231));
#6233=FACE_OUTER_BOUND('',#6232,.F.);
#6234=ADVANCED_FACE('',(#6233),#6226,.F.);
#6235=CARTESIAN_POINT('',(-5.25E0,-4.95E0,-5.31E0));
#6236=DIRECTION('',(0.E0,1.E0,0.E0));
#6237=DIRECTION('',(0.E0,0.E0,1.E0));
#6238=AXIS2_PLACEMENT_3D('',#6235,#6236,#6237);
#6239=PLANE('',#6238);
#6241=ORIENTED_EDGE('',*,*,#6240,.F.);
#6242=ORIENTED_EDGE('',*,*,#6024,.T.);
#6243=ORIENTED_EDGE('',*,*,#6228,.F.);
#6244=ORIENTED_EDGE('',*,*,#5894,.F.);
#6245=EDGE_LOOP('',(#6241,#6242,#6243,#6244));
#6246=FACE_OUTER_BOUND('',#6245,.F.);
#6247=ADVANCED_FACE('',(#6246),#6239,.T.);
#6248=CARTESIAN_POINT('',(-5.E0,-5.025E0,-5.01E0));
#6249=DIRECTION('',(0.E0,9.701425001453E-1,-2.425356250363E-1));
#6250=DIRECTION('',(0.E0,-2.425356250363E-1,-9.701425001453E-1));
#6251=AXIS2_PLACEMENT_3D('',#6248,#6249,#6250);
#6252=PLANE('',#6251);
#6254=ORIENTED_EDGE('',*,*,#6253,.F.);
#6256=ORIENTED_EDGE('',*,*,#6255,.F.);
#6258=ORIENTED_EDGE('',*,*,#6257,.F.);
#6259=ORIENTED_EDGE('',*,*,#6240,.T.);
#6260=EDGE_LOOP('',(#6254,#6256,#6258,#6259));
#6261=FACE_OUTER_BOUND('',#6260,.F.);
#6262=ADVANCED_FACE('',(#6261),#6252,.T.);
#6263=CARTESIAN_POINT('',(-5.175E0,-5.2E0,-5.01E0));
#6264=DIRECTION('',(-9.701425001453E-1,0.E0,-2.425356250363E-1));
#6265=DIRECTION('',(2.425356250363E-1,0.E0,-9.701425001453E-1));
#6266=AXIS2_PLACEMENT_3D('',#6263,#6264,#6265);
#6267=PLANE('',#6266);
#6269=ORIENTED_EDGE('',*,*,#6268,.F.);
#6271=ORIENTED_EDGE('',*,*,#6270,.F.);
#6272=ORIENTED_EDGE('',*,*,#6253,.T.);
#6273=ORIENTED_EDGE('',*,*,#5892,.T.);
#6274=EDGE_LOOP('',(#6269,#6271,#6272,#6273));
#6275=FACE_OUTER_BOUND('',#6274,.F.);
#6276=ADVANCED_FACE('',(#6275),#6267,.T.);
#6277=CARTESIAN_POINT('',(-5.E0,-5.375E0,-5.01E0));
#6278=DIRECTION('',(0.E0,-9.701425001453E-1,-2.425356250363E-1));
#6279=DIRECTION('',(0.E0,-2.425356250363E-1,9.701425001453E-1));
#6280=AXIS2_PLACEMENT_3D('',#6277,#6278,#6279);
#6281=PLANE('',#6280);
#6282=ORIENTED_EDGE('',*,*,#6268,.T.);
#6284=ORIENTED_EDGE('',*,*,#6283,.F.);
#6286=ORIENTED_EDGE('',*,*,#6285,.F.);
#6288=ORIENTED_EDGE('',*,*,#6287,.T.);
#6289=EDGE_LOOP('',(#6282,#6284,#6286,#6288));
#6290=FACE_OUTER_BOUND('',#6289,.F.);
#6291=ADVANCED_FACE('',(#6290),#6281,.T.);
#6292=CARTESIAN_POINT('',(-5.25E0,-5.45E0,5.5E-1));
#6293=DIRECTION('',(0.E0,-1.E0,0.E0));
#6294=DIRECTION('',(0.E0,0.E0,-1.E0));
#6295=AXIS2_PLACEMENT_3D('',#6292,#6293,#6294);
#6296=PLANE('',#6295);
#6297=ORIENTED_EDGE('',*,*,#6283,.T.);
#6298=ORIENTED_EDGE('',*,*,#5906,.F.);
#6300=ORIENTED_EDGE('',*,*,#6299,.T.);
#6301=ORIENTED_EDGE('',*,*,#6012,.T.);
#6302=EDGE_LOOP('',(#6297,#6298,#6300,#6301));
#6303=FACE_OUTER_BOUND('',#6302,.F.);
#6304=ADVANCED_FACE('',(#6303),#6296,.T.);
#6305=CARTESIAN_POINT('',(-5.25E0,-4.75E0,5.5E-1));
#6306=DIRECTION('',(1.E0,0.E0,0.E0));
#6307=DIRECTION('',(0.E0,0.E0,-1.E0));
#6308=AXIS2_PLACEMENT_3D('',#6305,#6306,#6307);
#6309=CYLINDRICAL_SURFACE('',#6308,7.E-1);
#6310=ORIENTED_EDGE('',*,*,#5904,.F.);
#6311=ORIENTED_EDGE('',*,*,#6133,.T.);
#6312=ORIENTED_EDGE('',*,*,#6014,.T.);
#6313=ORIENTED_EDGE('',*,*,#6299,.F.);
#6314=EDGE_LOOP('',(#6310,#6311,#6312,#6313));
#6315=FACE_OUTER_BOUND('',#6314,.F.);
#6316=ADVANCED_FACE('',(#6315),#6309,.T.);
#6317=CARTESIAN_POINT('',(-4.825E0,-5.2E0,-5.01E0));
#6318=DIRECTION('',(9.701425001453E-1,0.E0,-2.425356250363E-1));
#6319=DIRECTION('',(-2.425356250363E-1,0.E0,-9.701425001453E-1));
#6320=AXIS2_PLACEMENT_3D('',#6317,#6318,#6319);
#6321=PLANE('',#6320);
#6322=ORIENTED_EDGE('',*,*,#6285,.T.);
#6323=ORIENTED_EDGE('',*,*,#6010,.T.);
#6324=ORIENTED_EDGE('',*,*,#6257,.T.);
#6326=ORIENTED_EDGE('',*,*,#6325,.F.);
#6327=EDGE_LOOP('',(#6322,#6323,#6324,#6326));
#6328=FACE_OUTER_BOUND('',#6327,.F.);
#6329=ADVANCED_FACE('',(#6328),#6321,.T.);
#6330=CARTESIAN_POINT('',(-5.25E0,-5.45E0,-5.31E0));
#6331=DIRECTION('',(0.E0,0.E0,-1.E0));
#6332=DIRECTION('',(0.E0,1.E0,0.E0));
#6333=AXIS2_PLACEMENT_3D('',#6330,#6331,#6332);
#6334=PLANE('',#6333);
#6335=ORIENTED_EDGE('',*,*,#6255,.T.);
#6336=ORIENTED_EDGE('',*,*,#6270,.T.);
#6337=ORIENTED_EDGE('',*,*,#6287,.F.);
#6338=ORIENTED_EDGE('',*,*,#6325,.T.);
#6339=EDGE_LOOP('',(#6335,#6336,#6337,#6338));
#6340=FACE_OUTER_BOUND('',#6339,.F.);
#6341=ADVANCED_FACE('',(#6340),#6334,.T.);
#6342=CARTESIAN_POINT('',(-5.E0,2.6E0,8.25E-1));
#6343=DIRECTION('',(0.E0,2.425356250363E-1,-9.701425001453E-1));
#6344=DIRECTION('',(0.E0,-9.701425001453E-1,-2.425356250363E-1));
#6345=AXIS2_PLACEMENT_3D('',#6342,#6343,#6344);
#6346=PLANE('',#6345);
#6347=ORIENTED_EDGE('',*,*,#6214,.F.);
#6348=ORIENTED_EDGE('',*,*,#6088,.F.);
#6349=ORIENTED_EDGE('',*,*,#6105,.T.);
#6351=ORIENTED_EDGE('',*,*,#6350,.T.);
#6352=EDGE_LOOP('',(#6347,#6348,#6349,#6351));
#6353=FACE_OUTER_BOUND('',#6352,.F.);
#6354=ADVANCED_FACE('',(#6353),#6346,.T.);
#6355=CARTESIAN_POINT('',(-5.175E0,2.6E0,1.E0));
#6356=DIRECTION('',(-9.701425001453E-1,2.425356250363E-1,0.E0));
#6357=DIRECTION('',(2.425356250363E-1,9.701425001453E-1,0.E0));
#6358=AXIS2_PLACEMENT_3D('',#6355,#6356,#6357);
#6359=PLANE('',#6358);
#6360=ORIENTED_EDGE('',*,*,#5855,.T.);
#6361=ORIENTED_EDGE('',*,*,#6350,.F.);
#6362=ORIENTED_EDGE('',*,*,#6103,.F.);
#6363=ORIENTED_EDGE('',*,*,#6118,.T.);
#6364=EDGE_LOOP('',(#6360,#6361,#6362,#6363));
#6365=FACE_OUTER_BOUND('',#6364,.F.);
#6366=ADVANCED_FACE('',(#6365),#6359,.T.);
#6367=CARTESIAN_POINT('',(-5.65E0,-2.95E0,-2.5E-1));
#6368=DIRECTION('',(0.E0,0.E0,-1.E0));
#6369=DIRECTION('',(1.E0,0.E0,0.E0));
#6370=AXIS2_PLACEMENT_3D('',#6367,#6368,#6369);
#6371=PLANE('',#6370);
#6372=ORIENTED_EDGE('',*,*,#6156,.T.);
#6374=ORIENTED_EDGE('',*,*,#6373,.T.);
#6376=ORIENTED_EDGE('',*,*,#6375,.T.);
#6378=ORIENTED_EDGE('',*,*,#6377,.F.);
#6379=EDGE_LOOP('',(#6372,#6374,#6376,#6378));
#6380=FACE_OUTER_BOUND('',#6379,.F.);
#6381=ADVANCED_FACE('',(#6380),#6371,.F.);
#6382=CARTESIAN_POINT('',(-5.65E0,0.E0,0.E0));
#6383=DIRECTION('',(1.E0,0.E0,0.E0));
#6384=DIRECTION('',(0.E0,0.E0,-1.E0));
#6385=AXIS2_PLACEMENT_3D('',#6382,#6383,#6384);
#6386=PLANE('',#6385);
#6387=ORIENTED_EDGE('',*,*,#6180,.F.);
#6389=ORIENTED_EDGE('',*,*,#6388,.T.);
#6391=ORIENTED_EDGE('',*,*,#6390,.T.);
#6392=ORIENTED_EDGE('',*,*,#6373,.F.);
#6393=ORIENTED_EDGE('',*,*,#6168,.F.);
#6395=ORIENTED_EDGE('',*,*,#6394,.F.);
#6397=ORIENTED_EDGE('',*,*,#6396,.F.);
#6399=ORIENTED_EDGE('',*,*,#6398,.T.);
#6401=ORIENTED_EDGE('',*,*,#6400,.T.);
#6403=ORIENTED_EDGE('',*,*,#6402,.F.);
#6404=EDGE_LOOP('',(#6387,#6389,#6391,#6392,#6393,#6395,#6397,#6399,#6401,
#6403));
#6405=FACE_OUTER_BOUND('',#6404,.F.);
#6406=ADVANCED_FACE('',(#6405),#6386,.T.);
#6407=CARTESIAN_POINT('',(-4.35E0,-2.95E0,2.5E-1));
#6408=DIRECTION('',(0.E0,0.E0,1.E0));
#6409=DIRECTION('',(-1.E0,0.E0,0.E0));
#6410=AXIS2_PLACEMENT_3D('',#6407,#6408,#6409);
#6411=PLANE('',#6410);
#6412=ORIENTED_EDGE('',*,*,#6178,.F.);
#6414=ORIENTED_EDGE('',*,*,#6413,.T.);
#6416=ORIENTED_EDGE('',*,*,#6415,.T.);
#6417=ORIENTED_EDGE('',*,*,#6388,.F.);
#6418=EDGE_LOOP('',(#6412,#6414,#6416,#6417));
#6419=FACE_OUTER_BOUND('',#6418,.F.);
#6420=ADVANCED_FACE('',(#6419),#6411,.F.);
#6421=CARTESIAN_POINT('',(-4.35E0,0.E0,0.E0));
#6422=DIRECTION('',(1.E0,0.E0,0.E0));
#6423=DIRECTION('',(0.E0,0.E0,-1.E0));
#6424=AXIS2_PLACEMENT_3D('',#6421,#6422,#6423);
#6425=PLANE('',#6424);
#6426=ORIENTED_EDGE('',*,*,#6158,.T.);
#6427=ORIENTED_EDGE('',*,*,#6377,.T.);
#6429=ORIENTED_EDGE('',*,*,#6428,.T.);
#6430=ORIENTED_EDGE('',*,*,#6413,.F.);
#6431=ORIENTED_EDGE('',*,*,#6184,.T.);
#6433=ORIENTED_EDGE('',*,*,#6432,.T.);
#6435=ORIENTED_EDGE('',*,*,#6434,.F.);
#6437=ORIENTED_EDGE('',*,*,#6436,.F.);
#6439=ORIENTED_EDGE('',*,*,#6438,.T.);
#6441=ORIENTED_EDGE('',*,*,#6440,.T.);
#6442=EDGE_LOOP('',(#6426,#6427,#6429,#6430,#6431,#6433,#6435,#6437,#6439,
#6441));
#6443=FACE_OUTER_BOUND('',#6442,.F.);
#6444=ADVANCED_FACE('',(#6443),#6425,.F.);
#6445=CARTESIAN_POINT('',(-4.35E0,-2.7E0,0.E0));
#6446=DIRECTION('',(0.E0,-1.E0,0.E0));
#6447=DIRECTION('',(1.E0,0.E0,0.E0));
#6448=AXIS2_PLACEMENT_3D('',#6445,#6446,#6447);
#6449=PLANE('',#6448);
#6450=ORIENTED_EDGE('',*,*,#6390,.F.);
#6451=ORIENTED_EDGE('',*,*,#6415,.F.);
#6452=ORIENTED_EDGE('',*,*,#6428,.F.);
#6453=ORIENTED_EDGE('',*,*,#6375,.F.);
#6454=EDGE_LOOP('',(#6450,#6451,#6452,#6453));
#6455=FACE_OUTER_BOUND('',#6454,.F.);
#6456=ADVANCED_FACE('',(#6455),#6449,.T.);
#6457=CARTESIAN_POINT('',(-4.35E0,-2.7E0,0.E0));
#6458=DIRECTION('',(0.E0,-1.E0,0.E0));
#6459=DIRECTION('',(1.E0,0.E0,0.E0));
#6460=AXIS2_PLACEMENT_3D('',#6457,#6458,#6459);
#6461=PLANE('',#6460);
#6463=ORIENTED_EDGE('',*,*,#6462,.F.);
#6465=ORIENTED_EDGE('',*,*,#6464,.F.);
#6467=ORIENTED_EDGE('',*,*,#6466,.F.);
#6469=ORIENTED_EDGE('',*,*,#6468,.F.);
#6470=EDGE_LOOP('',(#6463,#6465,#6467,#6469));
#6471=FACE_OUTER_BOUND('',#6470,.F.);
#6472=ADVANCED_FACE('',(#6471),#6461,.T.);
#6473=CARTESIAN_POINT('',(5.65E0,-2.95E0,2.5E-1));
#6474=DIRECTION('',(0.E0,0.E0,1.E0));
#6475=DIRECTION('',(-1.E0,0.E0,0.E0));
#6476=AXIS2_PLACEMENT_3D('',#6473,#6474,#6475);
#6477=PLANE('',#6476);
#6479=ORIENTED_EDGE('',*,*,#6478,.T.);
#6480=ORIENTED_EDGE('',*,*,#6462,.T.);
#6482=ORIENTED_EDGE('',*,*,#6481,.F.);
#6484=ORIENTED_EDGE('',*,*,#6483,.T.);
#6485=EDGE_LOOP('',(#6479,#6480,#6482,#6484));
#6486=FACE_OUTER_BOUND('',#6485,.F.);
#6487=ADVANCED_FACE('',(#6486),#6477,.F.);
#6488=CARTESIAN_POINT('',(5.65E0,-2.95E0,-2.5E-1));
#6489=DIRECTION('',(1.E0,0.E0,0.E0));
#6490=DIRECTION('',(0.E0,0.E0,1.E0));
#6491=AXIS2_PLACEMENT_3D('',#6488,#6489,#6490);
#6492=PLANE('',#6491);
#6493=ORIENTED_EDGE('',*,*,#6478,.F.);
#6495=ORIENTED_EDGE('',*,*,#6494,.T.);
#6497=ORIENTED_EDGE('',*,*,#6496,.T.);
#6499=ORIENTED_EDGE('',*,*,#6498,.F.);
#6501=ORIENTED_EDGE('',*,*,#6500,.F.);
#6503=ORIENTED_EDGE('',*,*,#6502,.T.);
#6505=ORIENTED_EDGE('',*,*,#6504,.T.);
#6507=ORIENTED_EDGE('',*,*,#6506,.T.);
#6509=ORIENTED_EDGE('',*,*,#6508,.T.);
#6510=ORIENTED_EDGE('',*,*,#6464,.T.);
#6511=EDGE_LOOP('',(#6493,#6495,#6497,#6499,#6501,#6503,#6505,#6507,#6509,
#6510));
#6512=FACE_OUTER_BOUND('',#6511,.F.);
#6513=ADVANCED_FACE('',(#6512),#6492,.F.);
#6514=CARTESIAN_POINT('',(5.65E0,-2.95E0,-1.3E0));
#6515=DIRECTION('',(0.E0,1.E0,0.E0));
#6516=DIRECTION('',(0.E0,0.E0,1.E0));
#6517=AXIS2_PLACEMENT_3D('',#6514,#6515,#6516);
#6518=PLANE('',#6517);
#6519=ORIENTED_EDGE('',*,*,#6483,.F.);
#6521=ORIENTED_EDGE('',*,*,#6520,.T.);
#6523=ORIENTED_EDGE('',*,*,#6522,.F.);
#6524=ORIENTED_EDGE('',*,*,#6494,.F.);
#6525=EDGE_LOOP('',(#6519,#6521,#6523,#6524));
#6526=FACE_OUTER_BOUND('',#6525,.F.);
#6528=ORIENTED_EDGE('',*,*,#6527,.F.);
#6530=ORIENTED_EDGE('',*,*,#6529,.T.);
#6532=ORIENTED_EDGE('',*,*,#6531,.T.);
#6534=ORIENTED_EDGE('',*,*,#6533,.F.);
#6535=EDGE_LOOP('',(#6528,#6530,#6532,#6534));
#6536=FACE_BOUND('',#6535,.F.);
#6537=ADVANCED_FACE('',(#6526,#6536),#6518,.F.);
#6538=CARTESIAN_POINT('',(5.65E0,-2.95E0,-1.3E0));
#6539=DIRECTION('',(0.E0,1.E0,0.E0));
#6540=DIRECTION('',(0.E0,0.E0,1.E0));
#6541=AXIS2_PLACEMENT_3D('',#6538,#6539,#6540);
#6542=PLANE('',#6541);
#6544=ORIENTED_EDGE('',*,*,#6543,.T.);
#6545=ORIENTED_EDGE('',*,*,#6506,.F.);
#6547=ORIENTED_EDGE('',*,*,#6546,.T.);
#6549=ORIENTED_EDGE('',*,*,#6548,.T.);
#6551=ORIENTED_EDGE('',*,*,#6550,.F.);
#6553=ORIENTED_EDGE('',*,*,#6552,.F.);
#6555=ORIENTED_EDGE('',*,*,#6554,.T.);
#6557=ORIENTED_EDGE('',*,*,#6556,.T.);
#6558=EDGE_LOOP('',(#6544,#6545,#6547,#6549,#6551,#6553,#6555,#6557));
#6559=FACE_OUTER_BOUND('',#6558,.F.);
#6560=ADVANCED_FACE('',(#6559),#6542,.F.);
#6561=CARTESIAN_POINT('',(4.75E0,0.E0,0.E0));
#6562=DIRECTION('',(1.E0,0.E0,0.E0));
#6563=DIRECTION('',(0.E0,0.E0,-1.E0));
#6564=AXIS2_PLACEMENT_3D('',#6561,#6562,#6563);
#6565=PLANE('',#6564);
#6567=ORIENTED_EDGE('',*,*,#6566,.F.);
#6569=ORIENTED_EDGE('',*,*,#6568,.T.);
#6570=ORIENTED_EDGE('',*,*,#5804,.T.);
#6572=ORIENTED_EDGE('',*,*,#6571,.T.);
#6573=EDGE_LOOP('',(#6567,#6569,#6570,#6572));
#6574=FACE_OUTER_BOUND('',#6573,.F.);
#6575=ADVANCED_FACE('',(#6574),#6565,.F.);
#6576=CARTESIAN_POINT('',(4.75E0,0.E0,0.E0));
#6577=DIRECTION('',(1.E0,0.E0,0.E0));
#6578=DIRECTION('',(0.E0,0.E0,-1.E0));
#6579=AXIS2_PLACEMENT_3D('',#6576,#6577,#6578);
#6580=PLANE('',#6579);
#6582=ORIENTED_EDGE('',*,*,#6581,.F.);
#6584=ORIENTED_EDGE('',*,*,#6583,.T.);
#6585=ORIENTED_EDGE('',*,*,#5814,.T.);
#6587=ORIENTED_EDGE('',*,*,#6586,.T.);
#6588=EDGE_LOOP('',(#6582,#6584,#6585,#6587));
#6589=FACE_OUTER_BOUND('',#6588,.F.);
#6590=ADVANCED_FACE('',(#6589),#6580,.F.);
#6591=CARTESIAN_POINT('',(4.75E0,0.E0,0.E0));
#6592=DIRECTION('',(1.E0,0.E0,0.E0));
#6593=DIRECTION('',(0.E0,0.E0,-1.E0));
#6594=AXIS2_PLACEMENT_3D('',#6591,#6592,#6593);
#6595=PLANE('',#6594);
#6597=ORIENTED_EDGE('',*,*,#6596,.F.);
#6599=ORIENTED_EDGE('',*,*,#6598,.T.);
#6601=ORIENTED_EDGE('',*,*,#6600,.T.);
#6603=ORIENTED_EDGE('',*,*,#6602,.T.);
#6604=ORIENTED_EDGE('',*,*,#6552,.T.);
#6606=ORIENTED_EDGE('',*,*,#6605,.T.);
#6608=ORIENTED_EDGE('',*,*,#6607,.T.);
#6609=EDGE_LOOP('',(#6597,#6599,#6601,#6603,#6604,#6606,#6608));
#6610=FACE_OUTER_BOUND('',#6609,.F.);
#6611=ADVANCED_FACE('',(#6610),#6595,.F.);
#6612=CARTESIAN_POINT('',(4.75E0,0.E0,0.E0));
#6613=DIRECTION('',(1.E0,0.E0,0.E0));
#6614=DIRECTION('',(0.E0,0.E0,-1.E0));
#6615=AXIS2_PLACEMENT_3D('',#6612,#6613,#6614);
#6616=PLANE('',#6615);
#6618=ORIENTED_EDGE('',*,*,#6617,.F.);
#6620=ORIENTED_EDGE('',*,*,#6619,.T.);
#6622=ORIENTED_EDGE('',*,*,#6621,.T.);
#6624=ORIENTED_EDGE('',*,*,#6623,.T.);
#6625=ORIENTED_EDGE('',*,*,#6527,.T.);
#6627=ORIENTED_EDGE('',*,*,#6626,.T.);
#6629=ORIENTED_EDGE('',*,*,#6628,.T.);
#6631=ORIENTED_EDGE('',*,*,#6630,.T.);
#6632=EDGE_LOOP('',(#6618,#6620,#6622,#6624,#6625,#6627,#6629,#6631));
#6633=FACE_OUTER_BOUND('',#6632,.F.);
#6634=ADVANCED_FACE('',(#6633),#6616,.F.);
#6635=CARTESIAN_POINT('',(4.825E0,2.6E0,-1.E0));
#6636=DIRECTION('',(-9.701425001453E-1,2.425356250363E-1,0.E0));
#6637=DIRECTION('',(2.425356250363E-1,9.701425001453E-1,0.E0));
#6638=AXIS2_PLACEMENT_3D('',#6635,#6636,#6637);
#6639=PLANE('',#6638);
#6640=ORIENTED_EDGE('',*,*,#6566,.T.);
#6642=ORIENTED_EDGE('',*,*,#6641,.F.);
#6644=ORIENTED_EDGE('',*,*,#6643,.F.);
#6646=ORIENTED_EDGE('',*,*,#6645,.T.);
#6647=EDGE_LOOP('',(#6640,#6642,#6644,#6646));
#6648=FACE_OUTER_BOUND('',#6647,.F.);
#6649=ADVANCED_FACE('',(#6648),#6639,.T.);
#6650=CARTESIAN_POINT('',(5.E0,2.6E0,-1.175E0));
#6651=DIRECTION('',(0.E0,2.425356250363E-1,-9.701425001453E-1));
#6652=DIRECTION('',(0.E0,-9.701425001453E-1,-2.425356250363E-1));
#6653=AXIS2_PLACEMENT_3D('',#6650,#6651,#6652);
#6654=PLANE('',#6653);
#6656=ORIENTED_EDGE('',*,*,#6655,.F.);
#6658=ORIENTED_EDGE('',*,*,#6657,.F.);
#6660=ORIENTED_EDGE('',*,*,#6659,.T.);
#6661=ORIENTED_EDGE('',*,*,#6641,.T.);
#6662=EDGE_LOOP('',(#6656,#6658,#6660,#6661));
#6663=FACE_OUTER_BOUND('',#6662,.F.);
#6664=ADVANCED_FACE('',(#6663),#6654,.T.);
#6665=CARTESIAN_POINT('',(4.75E0,-2.75E0,-1.25E0));
#6666=DIRECTION('',(0.E0,0.E0,-1.E0));
#6667=DIRECTION('',(0.E0,1.E0,0.E0));
#6668=AXIS2_PLACEMENT_3D('',#6665,#6666,#6667);
#6669=PLANE('',#6668);
#6670=ORIENTED_EDGE('',*,*,#6655,.T.);
#6671=ORIENTED_EDGE('',*,*,#6571,.F.);
#6672=ORIENTED_EDGE('',*,*,#5810,.T.);
#6674=ORIENTED_EDGE('',*,*,#6673,.T.);
#6675=EDGE_LOOP('',(#6670,#6671,#6672,#6674));
#6676=FACE_OUTER_BOUND('',#6675,.F.);
#6677=ADVANCED_FACE('',(#6676),#6669,.T.);
#6678=CARTESIAN_POINT('',(5.25E0,0.E0,0.E0));
#6679=DIRECTION('',(1.E0,0.E0,0.E0));
#6680=DIRECTION('',(0.E0,0.E0,-1.E0));
#6681=AXIS2_PLACEMENT_3D('',#6678,#6679,#6680);
#6682=PLANE('',#6681);
#6684=ORIENTED_EDGE('',*,*,#6683,.F.);
#6685=ORIENTED_EDGE('',*,*,#6673,.F.);
#6686=ORIENTED_EDGE('',*,*,#5808,.F.);
#6688=ORIENTED_EDGE('',*,*,#6687,.F.);
#6689=EDGE_LOOP('',(#6684,#6685,#6686,#6688));
#6690=FACE_OUTER_BOUND('',#6689,.F.);
#6691=ADVANCED_FACE('',(#6690),#6682,.T.);
#6692=CARTESIAN_POINT('',(5.25E0,0.E0,0.E0));
#6693=DIRECTION('',(1.E0,0.E0,0.E0));
#6694=DIRECTION('',(0.E0,0.E0,-1.E0));
#6695=AXIS2_PLACEMENT_3D('',#6692,#6693,#6694);
#6696=PLANE('',#6695);
#6698=ORIENTED_EDGE('',*,*,#6697,.F.);
#6700=ORIENTED_EDGE('',*,*,#6699,.F.);
#6701=ORIENTED_EDGE('',*,*,#5818,.F.);
#6703=ORIENTED_EDGE('',*,*,#6702,.F.);
#6704=EDGE_LOOP('',(#6698,#6700,#6701,#6703));
#6705=FACE_OUTER_BOUND('',#6704,.F.);
#6706=ADVANCED_FACE('',(#6705),#6696,.T.);
#6707=CARTESIAN_POINT('',(5.25E0,0.E0,0.E0));
#6708=DIRECTION('',(1.E0,0.E0,0.E0));
#6709=DIRECTION('',(0.E0,0.E0,-1.E0));
#6710=AXIS2_PLACEMENT_3D('',#6707,#6708,#6709);
#6711=PLANE('',#6710);
#6713=ORIENTED_EDGE('',*,*,#6712,.F.);
#6715=ORIENTED_EDGE('',*,*,#6714,.F.);
#6717=ORIENTED_EDGE('',*,*,#6716,.F.);
#6718=ORIENTED_EDGE('',*,*,#6548,.F.);
#6720=ORIENTED_EDGE('',*,*,#6719,.F.);
#6722=ORIENTED_EDGE('',*,*,#6721,.F.);
#6724=ORIENTED_EDGE('',*,*,#6723,.F.);
#6725=EDGE_LOOP('',(#6713,#6715,#6717,#6718,#6720,#6722,#6724));
#6726=FACE_OUTER_BOUND('',#6725,.F.);
#6727=ADVANCED_FACE('',(#6726),#6711,.T.);
#6728=CARTESIAN_POINT('',(5.25E0,0.E0,0.E0));
#6729=DIRECTION('',(1.E0,0.E0,0.E0));
#6730=DIRECTION('',(0.E0,0.E0,-1.E0));
#6731=AXIS2_PLACEMENT_3D('',#6728,#6729,#6730);
#6732=PLANE('',#6731);
#6734=ORIENTED_EDGE('',*,*,#6733,.F.);
#6736=ORIENTED_EDGE('',*,*,#6735,.F.);
#6738=ORIENTED_EDGE('',*,*,#6737,.F.);
#6740=ORIENTED_EDGE('',*,*,#6739,.F.);
#6741=ORIENTED_EDGE('',*,*,#6531,.F.);
#6743=ORIENTED_EDGE('',*,*,#6742,.F.);
#6745=ORIENTED_EDGE('',*,*,#6744,.F.);
#6747=ORIENTED_EDGE('',*,*,#6746,.F.);
#6748=EDGE_LOOP('',(#6734,#6736,#6738,#6740,#6741,#6743,#6745,#6747));
#6749=FACE_OUTER_BOUND('',#6748,.F.);
#6750=ADVANCED_FACE('',(#6749),#6732,.T.);
#6751=CARTESIAN_POINT('',(5.175E0,2.6E0,-1.E0));
#6752=DIRECTION('',(9.701425001453E-1,2.425356250363E-1,0.E0));
#6753=DIRECTION('',(-2.425356250363E-1,9.701425001453E-1,0.E0));
#6754=AXIS2_PLACEMENT_3D('',#6751,#6752,#6753);
#6755=PLANE('',#6754);
#6757=ORIENTED_EDGE('',*,*,#6756,.F.);
#6758=ORIENTED_EDGE('',*,*,#6657,.T.);
#6759=ORIENTED_EDGE('',*,*,#6683,.T.);
#6761=ORIENTED_EDGE('',*,*,#6760,.T.);
#6762=EDGE_LOOP('',(#6757,#6758,#6759,#6761));
#6763=FACE_OUTER_BOUND('',#6762,.F.);
#6764=ADVANCED_FACE('',(#6763),#6755,.T.);
#6765=CARTESIAN_POINT('',(4.75E0,2.9E0,-1.25E0));
#6766=DIRECTION('',(0.E0,1.E0,0.E0));
#6767=DIRECTION('',(0.E0,0.E0,1.E0));
#6768=AXIS2_PLACEMENT_3D('',#6765,#6766,#6767);
#6769=PLANE('',#6768);
#6771=ORIENTED_EDGE('',*,*,#6770,.T.);
#6772=ORIENTED_EDGE('',*,*,#6643,.T.);
#6773=ORIENTED_EDGE('',*,*,#6659,.F.);
#6774=ORIENTED_EDGE('',*,*,#6756,.T.);
#6775=EDGE_LOOP('',(#6771,#6772,#6773,#6774));
#6776=FACE_OUTER_BOUND('',#6775,.F.);
#6777=ADVANCED_FACE('',(#6776),#6769,.T.);
#6778=CARTESIAN_POINT('',(5.E0,2.6E0,-8.25E-1));
#6779=DIRECTION('',(0.E0,2.425356250363E-1,9.701425001453E-1));
#6780=DIRECTION('',(0.E0,9.701425001453E-1,-2.425356250363E-1));
#6781=AXIS2_PLACEMENT_3D('',#6778,#6779,#6780);
#6782=PLANE('',#6781);
#6784=ORIENTED_EDGE('',*,*,#6783,.T.);
#6785=ORIENTED_EDGE('',*,*,#6645,.F.);
#6786=ORIENTED_EDGE('',*,*,#6770,.F.);
#6787=ORIENTED_EDGE('',*,*,#6760,.F.);
#6788=EDGE_LOOP('',(#6784,#6785,#6786,#6787));
#6789=FACE_OUTER_BOUND('',#6788,.F.);
#6790=ADVANCED_FACE('',(#6789),#6782,.T.);
#6791=CARTESIAN_POINT('',(4.75E0,2.9E0,-7.5E-1));
#6792=DIRECTION('',(0.E0,0.E0,1.E0));
#6793=DIRECTION('',(0.E0,-1.E0,0.E0));
#6794=AXIS2_PLACEMENT_3D('',#6791,#6792,#6793);
#6795=PLANE('',#6794);
#6796=ORIENTED_EDGE('',*,*,#6783,.F.);
#6797=ORIENTED_EDGE('',*,*,#6687,.T.);
#6798=ORIENTED_EDGE('',*,*,#5806,.F.);
#6799=ORIENTED_EDGE('',*,*,#6568,.F.);
#6800=EDGE_LOOP('',(#6796,#6797,#6798,#6799));
#6801=FACE_OUTER_BOUND('',#6800,.F.);
#6802=ADVANCED_FACE('',(#6801),#6795,.T.);
#6803=CARTESIAN_POINT('',(5.175E0,2.6E0,1.E0));
#6804=DIRECTION('',(9.701425001453E-1,2.425356250363E-1,0.E0));
#6805=DIRECTION('',(-2.425356250363E-1,9.701425001453E-1,0.E0));
#6806=AXIS2_PLACEMENT_3D('',#6803,#6804,#6805);
#6807=PLANE('',#6806);
#6809=ORIENTED_EDGE('',*,*,#6808,.F.);
#6811=ORIENTED_EDGE('',*,*,#6810,.T.);
#6812=ORIENTED_EDGE('',*,*,#6697,.T.);
#6814=ORIENTED_EDGE('',*,*,#6813,.F.);
#6815=EDGE_LOOP('',(#6809,#6811,#6812,#6814));
#6816=FACE_OUTER_BOUND('',#6815,.F.);
#6817=ADVANCED_FACE('',(#6816),#6807,.T.);
#6818=CARTESIAN_POINT('',(4.75E0,2.9E0,7.5E-1));
#6819=DIRECTION('',(0.E0,1.E0,0.E0));
#6820=DIRECTION('',(0.E0,0.E0,1.E0));
#6821=AXIS2_PLACEMENT_3D('',#6818,#6819,#6820);
#6822=PLANE('',#6821);
#6824=ORIENTED_EDGE('',*,*,#6823,.T.);
#6826=ORIENTED_EDGE('',*,*,#6825,.T.);
#6828=ORIENTED_EDGE('',*,*,#6827,.F.);
#6829=ORIENTED_EDGE('',*,*,#6808,.T.);
#6830=EDGE_LOOP('',(#6824,#6826,#6828,#6829));
#6831=FACE_OUTER_BOUND('',#6830,.F.);
#6832=ADVANCED_FACE('',(#6831),#6822,.T.);
#6833=CARTESIAN_POINT('',(5.E0,2.6E0,1.175E0));
#6834=DIRECTION('',(0.E0,2.425356250363E-1,9.701425001453E-1));
#6835=DIRECTION('',(0.E0,9.701425001453E-1,-2.425356250363E-1));
#6836=AXIS2_PLACEMENT_3D('',#6833,#6834,#6835);
#6837=PLANE('',#6836);
#6839=ORIENTED_EDGE('',*,*,#6838,.T.);
#6841=ORIENTED_EDGE('',*,*,#6840,.F.);
#6842=ORIENTED_EDGE('',*,*,#6823,.F.);
#6843=ORIENTED_EDGE('',*,*,#6813,.T.);
#6844=EDGE_LOOP('',(#6839,#6841,#6842,#6843));
#6845=FACE_OUTER_BOUND('',#6844,.F.);
#6846=ADVANCED_FACE('',(#6845),#6837,.T.);
#6847=CARTESIAN_POINT('',(4.75E0,2.9E0,1.25E0));
#6848=DIRECTION('',(0.E0,0.E0,1.E0));
#6849=DIRECTION('',(0.E0,-1.E0,0.E0));
#6850=AXIS2_PLACEMENT_3D('',#6847,#6848,#6849);
#6851=PLANE('',#6850);
#6852=ORIENTED_EDGE('',*,*,#6533,.T.);
#6853=ORIENTED_EDGE('',*,*,#6739,.T.);
#6855=ORIENTED_EDGE('',*,*,#6854,.F.);
#6856=ORIENTED_EDGE('',*,*,#6626,.F.);
#6857=EDGE_LOOP('',(#6852,#6853,#6855,#6856));
#6858=FACE_OUTER_BOUND('',#6857,.F.);
#6859=ADVANCED_FACE('',(#6858),#6851,.T.);
#6860=CARTESIAN_POINT('',(4.75E0,2.9E0,1.25E0));
#6861=DIRECTION('',(0.E0,0.E0,1.E0));
#6862=DIRECTION('',(0.E0,-1.E0,0.E0));
#6863=AXIS2_PLACEMENT_3D('',#6860,#6861,#6862);
#6864=PLANE('',#6863);
#6865=ORIENTED_EDGE('',*,*,#6838,.F.);
#6866=ORIENTED_EDGE('',*,*,#6702,.T.);
#6867=ORIENTED_EDGE('',*,*,#5816,.F.);
#6868=ORIENTED_EDGE('',*,*,#6583,.F.);
#6869=EDGE_LOOP('',(#6865,#6866,#6867,#6868));
#6870=FACE_OUTER_BOUND('',#6869,.F.);
#6871=ADVANCED_FACE('',(#6870),#6864,.T.);
#6872=CARTESIAN_POINT('',(4.75E0,-4.75E0,5.5E-1));
#6873=DIRECTION('',(1.E0,0.E0,0.E0));
#6874=DIRECTION('',(0.E0,0.E0,-1.E0));
#6875=AXIS2_PLACEMENT_3D('',#6872,#6873,#6874);
#6876=CYLINDRICAL_SURFACE('',#6875,7.E-1);
#6877=ORIENTED_EDGE('',*,*,#6628,.F.);
#6878=ORIENTED_EDGE('',*,*,#6854,.T.);
#6879=ORIENTED_EDGE('',*,*,#6737,.T.);
#6881=ORIENTED_EDGE('',*,*,#6880,.F.);
#6882=EDGE_LOOP('',(#6877,#6878,#6879,#6881));
#6883=FACE_OUTER_BOUND('',#6882,.F.);
#6884=ADVANCED_FACE('',(#6883),#6876,.T.);
#6885=CARTESIAN_POINT('',(4.75E0,-5.45E0,5.5E-1));
#6886=DIRECTION('',(0.E0,-1.E0,0.E0));
#6887=DIRECTION('',(0.E0,0.E0,-1.E0));
#6888=AXIS2_PLACEMENT_3D('',#6885,#6886,#6887);
#6889=PLANE('',#6888);
#6891=ORIENTED_EDGE('',*,*,#6890,.T.);
#6892=ORIENTED_EDGE('',*,*,#6630,.F.);
#6893=ORIENTED_EDGE('',*,*,#6880,.T.);
#6894=ORIENTED_EDGE('',*,*,#6735,.T.);
#6895=EDGE_LOOP('',(#6891,#6892,#6893,#6894));
#6896=FACE_OUTER_BOUND('',#6895,.F.);
#6897=ADVANCED_FACE('',(#6896),#6889,.T.);
#6898=CARTESIAN_POINT('',(5.E0,-5.375E0,-5.01E0));
#6899=DIRECTION('',(0.E0,-9.701425001453E-1,-2.425356250363E-1));
#6900=DIRECTION('',(0.E0,-2.425356250363E-1,9.701425001453E-1));
#6901=AXIS2_PLACEMENT_3D('',#6898,#6899,#6900);
#6902=PLANE('',#6901);
#6904=ORIENTED_EDGE('',*,*,#6903,.T.);
#6905=ORIENTED_EDGE('',*,*,#6890,.F.);
#6907=ORIENTED_EDGE('',*,*,#6906,.F.);
#6909=ORIENTED_EDGE('',*,*,#6908,.T.);
#6910=EDGE_LOOP('',(#6904,#6905,#6907,#6909));
#6911=FACE_OUTER_BOUND('',#6910,.F.);
#6912=ADVANCED_FACE('',(#6911),#6902,.T.);
#6913=CARTESIAN_POINT('',(4.825E0,-5.2E0,-5.01E0));
#6914=DIRECTION('',(-9.701425001453E-1,0.E0,-2.425356250363E-1));
#6915=DIRECTION('',(2.425356250363E-1,0.E0,-9.701425001453E-1));
#6916=AXIS2_PLACEMENT_3D('',#6913,#6914,#6915);
#6917=PLANE('',#6916);
#6918=ORIENTED_EDGE('',*,*,#6903,.F.);
#6920=ORIENTED_EDGE('',*,*,#6919,.F.);
#6922=ORIENTED_EDGE('',*,*,#6921,.T.);
#6923=ORIENTED_EDGE('',*,*,#6617,.T.);
#6924=EDGE_LOOP('',(#6918,#6920,#6922,#6923));
#6925=FACE_OUTER_BOUND('',#6924,.F.);
#6926=ADVANCED_FACE('',(#6925),#6917,.T.);
#6927=CARTESIAN_POINT('',(4.75E0,-5.45E0,-5.31E0));
#6928=DIRECTION('',(0.E0,0.E0,-1.E0));
#6929=DIRECTION('',(0.E0,1.E0,0.E0));
#6930=AXIS2_PLACEMENT_3D('',#6927,#6928,#6929);
#6931=PLANE('',#6930);
#6933=ORIENTED_EDGE('',*,*,#6932,.T.);
#6934=ORIENTED_EDGE('',*,*,#6919,.T.);
#6935=ORIENTED_EDGE('',*,*,#6908,.F.);
#6937=ORIENTED_EDGE('',*,*,#6936,.T.);
#6938=EDGE_LOOP('',(#6933,#6934,#6935,#6937));
#6939=FACE_OUTER_BOUND('',#6938,.F.);
#6940=ADVANCED_FACE('',(#6939),#6931,.T.);
#6941=CARTESIAN_POINT('',(5.E0,-5.025E0,-5.01E0));
#6942=DIRECTION('',(0.E0,9.701425001453E-1,-2.425356250363E-1));
#6943=DIRECTION('',(0.E0,-2.425356250363E-1,-9.701425001453E-1));
#6944=AXIS2_PLACEMENT_3D('',#6941,#6942,#6943);
#6945=PLANE('',#6944);
#6946=ORIENTED_EDGE('',*,*,#6921,.F.);
#6947=ORIENTED_EDGE('',*,*,#6932,.F.);
#6949=ORIENTED_EDGE('',*,*,#6948,.F.);
#6951=ORIENTED_EDGE('',*,*,#6950,.T.);
#6952=EDGE_LOOP('',(#6946,#6947,#6949,#6951));
#6953=FACE_OUTER_BOUND('',#6952,.F.);
#6954=ADVANCED_FACE('',(#6953),#6945,.T.);
#6955=CARTESIAN_POINT('',(5.175E0,-5.2E0,-5.01E0));
#6956=DIRECTION('',(9.701425001453E-1,0.E0,-2.425356250363E-1));
#6957=DIRECTION('',(-2.425356250363E-1,0.E0,-9.701425001453E-1));
#6958=AXIS2_PLACEMENT_3D('',#6955,#6956,#6957);
#6959=PLANE('',#6958);
#6960=ORIENTED_EDGE('',*,*,#6906,.T.);
#6961=ORIENTED_EDGE('',*,*,#6733,.T.);
#6962=ORIENTED_EDGE('',*,*,#6948,.T.);
#6963=ORIENTED_EDGE('',*,*,#6936,.F.);
#6964=EDGE_LOOP('',(#6960,#6961,#6962,#6963));
#6965=FACE_OUTER_BOUND('',#6964,.F.);
#6966=ADVANCED_FACE('',(#6965),#6959,.T.);
#6967=CARTESIAN_POINT('',(4.75E0,-4.95E0,-5.31E0));
#6968=DIRECTION('',(0.E0,1.E0,0.E0));
#6969=DIRECTION('',(0.E0,0.E0,1.E0));
#6970=AXIS2_PLACEMENT_3D('',#6967,#6968,#6969);
#6971=PLANE('',#6970);
#6972=ORIENTED_EDGE('',*,*,#6950,.F.);
#6973=ORIENTED_EDGE('',*,*,#6746,.T.);
#6975=ORIENTED_EDGE('',*,*,#6974,.F.);
#6976=ORIENTED_EDGE('',*,*,#6619,.F.);
#6977=EDGE_LOOP('',(#6972,#6973,#6975,#6976));
#6978=FACE_OUTER_BOUND('',#6977,.F.);
#6979=ADVANCED_FACE('',(#6978),#6971,.T.);
#6980=CARTESIAN_POINT('',(4.75E0,-4.75E0,5.5E-1));
#6981=DIRECTION('',(1.E0,0.E0,0.E0));
#6982=DIRECTION('',(0.E0,0.E0,-1.E0));
#6983=AXIS2_PLACEMENT_3D('',#6980,#6981,#6982);
#6984=CYLINDRICAL_SURFACE('',#6983,2.E-1);
#6985=ORIENTED_EDGE('',*,*,#6621,.F.);
#6986=ORIENTED_EDGE('',*,*,#6974,.T.);
#6987=ORIENTED_EDGE('',*,*,#6744,.T.);
#6989=ORIENTED_EDGE('',*,*,#6988,.F.);
#6990=EDGE_LOOP('',(#6985,#6986,#6987,#6989));
#6991=FACE_OUTER_BOUND('',#6990,.F.);
#6992=ADVANCED_FACE('',(#6991),#6984,.F.);
#6993=CARTESIAN_POINT('',(4.75E0,-4.75E0,7.5E-1));
#6994=DIRECTION('',(0.E0,0.E0,-1.E0));
#6995=DIRECTION('',(0.E0,1.E0,0.E0));
#6996=AXIS2_PLACEMENT_3D('',#6993,#6994,#6995);
#6997=PLANE('',#6996);
#6998=ORIENTED_EDGE('',*,*,#6529,.F.);
#6999=ORIENTED_EDGE('',*,*,#6623,.F.);
#7000=ORIENTED_EDGE('',*,*,#6988,.T.);
#7001=ORIENTED_EDGE('',*,*,#6742,.T.);
#7002=EDGE_LOOP('',(#6998,#6999,#7000,#7001));
#7003=FACE_OUTER_BOUND('',#7002,.F.);
#7004=ADVANCED_FACE('',(#7003),#6997,.T.);
#7005=CARTESIAN_POINT('',(4.75E0,-4.75E0,7.5E-1));
#7006=DIRECTION('',(0.E0,0.E0,-1.E0));
#7007=DIRECTION('',(0.E0,1.E0,0.E0));
#7008=AXIS2_PLACEMENT_3D('',#7005,#7006,#7007);
#7009=PLANE('',#7008);
#7011=ORIENTED_EDGE('',*,*,#7010,.T.);
#7012=ORIENTED_EDGE('',*,*,#6586,.F.);
#7013=ORIENTED_EDGE('',*,*,#5820,.T.);
#7014=ORIENTED_EDGE('',*,*,#6699,.T.);
#7015=EDGE_LOOP('',(#7011,#7012,#7013,#7014));
#7016=FACE_OUTER_BOUND('',#7015,.F.);
#7017=ADVANCED_FACE('',(#7016),#7009,.T.);
#7018=CARTESIAN_POINT('',(5.E0,2.6E0,8.25E-1));
#7019=DIRECTION('',(0.E0,2.425356250363E-1,-9.701425001453E-1));
#7020=DIRECTION('',(0.E0,-9.701425001453E-1,-2.425356250363E-1));
#7021=AXIS2_PLACEMENT_3D('',#7018,#7019,#7020);
#7022=PLANE('',#7021);
#7023=ORIENTED_EDGE('',*,*,#7010,.F.);
#7024=ORIENTED_EDGE('',*,*,#6810,.F.);
#7025=ORIENTED_EDGE('',*,*,#6827,.T.);
#7027=ORIENTED_EDGE('',*,*,#7026,.T.);
#7028=EDGE_LOOP('',(#7023,#7024,#7025,#7027));
#7029=FACE_OUTER_BOUND('',#7028,.F.);
#7030=ADVANCED_FACE('',(#7029),#7022,.T.);
#7031=CARTESIAN_POINT('',(4.825E0,2.6E0,1.E0));
#7032=DIRECTION('',(-9.701425001453E-1,2.425356250363E-1,0.E0));
#7033=DIRECTION('',(2.425356250363E-1,9.701425001453E-1,0.E0));
#7034=AXIS2_PLACEMENT_3D('',#7031,#7032,#7033);
#7035=PLANE('',#7034);
#7036=ORIENTED_EDGE('',*,*,#6581,.T.);
#7037=ORIENTED_EDGE('',*,*,#7026,.F.);
#7038=ORIENTED_EDGE('',*,*,#6825,.F.);
#7039=ORIENTED_EDGE('',*,*,#6840,.T.);
#7040=EDGE_LOOP('',(#7036,#7037,#7038,#7039));
#7041=FACE_OUTER_BOUND('',#7040,.F.);
#7042=ADVANCED_FACE('',(#7041),#7035,.T.);
#7043=CARTESIAN_POINT('',(5.175E0,-3.2E0,-5.01E0));
#7044=DIRECTION('',(9.701425001453E-1,0.E0,-2.425356250363E-1));
#7045=DIRECTION('',(-2.425356250363E-1,0.E0,-9.701425001453E-1));
#7046=AXIS2_PLACEMENT_3D('',#7043,#7044,#7045);
#7047=PLANE('',#7046);
#7049=ORIENTED_EDGE('',*,*,#7048,.F.);
#7051=ORIENTED_EDGE('',*,*,#7050,.T.);
#7052=ORIENTED_EDGE('',*,*,#6712,.T.);
#7054=ORIENTED_EDGE('',*,*,#7053,.T.);
#7055=EDGE_LOOP('',(#7049,#7051,#7052,#7054));
#7056=FACE_OUTER_BOUND('',#7055,.F.);
#7057=ADVANCED_FACE('',(#7056),#7047,.T.);
#7058=CARTESIAN_POINT('',(4.75E0,-3.45E0,-5.31E0));
#7059=DIRECTION('',(0.E0,0.E0,-1.E0));
#7060=DIRECTION('',(0.E0,1.E0,0.E0));
#7061=AXIS2_PLACEMENT_3D('',#7058,#7059,#7060);
#7062=PLANE('',#7061);
#7064=ORIENTED_EDGE('',*,*,#7063,.T.);
#7066=ORIENTED_EDGE('',*,*,#7065,.T.);
#7068=ORIENTED_EDGE('',*,*,#7067,.F.);
#7069=ORIENTED_EDGE('',*,*,#7048,.T.);
#7070=EDGE_LOOP('',(#7064,#7066,#7068,#7069));
#7071=FACE_OUTER_BOUND('',#7070,.F.);
#7072=ADVANCED_FACE('',(#7071),#7062,.T.);
#7073=CARTESIAN_POINT('',(5.E0,-3.025E0,-5.01E0));
#7074=DIRECTION('',(0.E0,9.701425001453E-1,-2.425356250363E-1));
#7075=DIRECTION('',(0.E0,-2.425356250363E-1,-9.701425001453E-1));
#7076=AXIS2_PLACEMENT_3D('',#7073,#7074,#7075);
#7077=PLANE('',#7076);
#7079=ORIENTED_EDGE('',*,*,#7078,.T.);
#7081=ORIENTED_EDGE('',*,*,#7080,.F.);
#7082=ORIENTED_EDGE('',*,*,#7063,.F.);
#7083=ORIENTED_EDGE('',*,*,#7053,.F.);
#7084=EDGE_LOOP('',(#7079,#7081,#7082,#7083));
#7085=FACE_OUTER_BOUND('',#7084,.F.);
#7086=ADVANCED_FACE('',(#7085),#7077,.T.);
#7087=CARTESIAN_POINT('',(4.75E0,-2.95E0,-5.31E0));
#7088=DIRECTION('',(0.E0,1.E0,0.E0));
#7089=DIRECTION('',(0.E0,0.E0,1.E0));
#7090=AXIS2_PLACEMENT_3D('',#7087,#7088,#7089);
#7091=PLANE('',#7090);
#7092=ORIENTED_EDGE('',*,*,#7078,.F.);
#7093=ORIENTED_EDGE('',*,*,#6723,.T.);
#7095=ORIENTED_EDGE('',*,*,#7094,.F.);
#7096=ORIENTED_EDGE('',*,*,#6598,.F.);
#7097=EDGE_LOOP('',(#7092,#7093,#7095,#7096));
#7098=FACE_OUTER_BOUND('',#7097,.F.);
#7099=ADVANCED_FACE('',(#7098),#7091,.T.);
#7100=CARTESIAN_POINT('',(4.75E0,-2.75E0,-1.45E0));
#7101=DIRECTION('',(1.E0,0.E0,0.E0));
#7102=DIRECTION('',(0.E0,0.E0,-1.E0));
#7103=AXIS2_PLACEMENT_3D('',#7100,#7101,#7102);
#7104=CYLINDRICAL_SURFACE('',#7103,2.E-1);
#7106=ORIENTED_EDGE('',*,*,#7105,.F.);
#7107=ORIENTED_EDGE('',*,*,#6600,.F.);
#7108=ORIENTED_EDGE('',*,*,#7094,.T.);
#7109=ORIENTED_EDGE('',*,*,#6721,.T.);
#7110=EDGE_LOOP('',(#7106,#7107,#7108,#7109));
#7111=FACE_OUTER_BOUND('',#7110,.F.);
#7112=ADVANCED_FACE('',(#7111),#7104,.F.);
#7113=CARTESIAN_POINT('',(5.65E0,-2.545854811567E0,-2.E0));
#7114=DIRECTION('',(0.E0,8.660254037844E-1,5.E-1));
#7115=DIRECTION('',(0.E0,-5.E-1,8.660254037844E-1));
#7116=AXIS2_PLACEMENT_3D('',#7113,#7114,#7115);
#7117=PLANE('',#7116);
#7118=ORIENTED_EDGE('',*,*,#6602,.F.);
#7119=ORIENTED_EDGE('',*,*,#7105,.T.);
#7120=ORIENTED_EDGE('',*,*,#6719,.T.);
#7121=ORIENTED_EDGE('',*,*,#6546,.F.);
#7122=ORIENTED_EDGE('',*,*,#6504,.F.);
#7124=ORIENTED_EDGE('',*,*,#7123,.F.);
#7126=ORIENTED_EDGE('',*,*,#7125,.T.);
#7127=ORIENTED_EDGE('',*,*,#6554,.F.);
#7128=EDGE_LOOP('',(#7118,#7119,#7120,#7121,#7122,#7124,#7126,#7127));
#7129=FACE_OUTER_BOUND('',#7128,.F.);
#7130=ADVANCED_FACE('',(#7129),#7117,.F.);
#7131=CARTESIAN_POINT('',(6.5E0,-3.2E0,-2.E0));
#7132=DIRECTION('',(0.E0,0.E0,1.E0));
#7133=DIRECTION('',(-1.E0,0.E0,0.E0));
#7134=AXIS2_PLACEMENT_3D('',#7131,#7132,#7133);
#7135=PLANE('',#7134);
#7136=ORIENTED_EDGE('',*,*,#6502,.F.);
#7138=ORIENTED_EDGE('',*,*,#7137,.F.);
#7140=ORIENTED_EDGE('',*,*,#7139,.T.);
#7142=ORIENTED_EDGE('',*,*,#7141,.T.);
#7144=ORIENTED_EDGE('',*,*,#7143,.F.);
#7146=ORIENTED_EDGE('',*,*,#7145,.F.);
#7147=ORIENTED_EDGE('',*,*,#6396,.T.);
#7149=ORIENTED_EDGE('',*,*,#7148,.T.);
#7150=ORIENTED_EDGE('',*,*,#6438,.F.);
#7152=ORIENTED_EDGE('',*,*,#7151,.F.);
#7154=ORIENTED_EDGE('',*,*,#7153,.T.);
#7156=ORIENTED_EDGE('',*,*,#7155,.T.);
#7158=ORIENTED_EDGE('',*,*,#7157,.F.);
#7160=ORIENTED_EDGE('',*,*,#7159,.F.);
#7162=ORIENTED_EDGE('',*,*,#7161,.T.);
#7164=ORIENTED_EDGE('',*,*,#7163,.T.);
#7166=ORIENTED_EDGE('',*,*,#7165,.F.);
#7168=ORIENTED_EDGE('',*,*,#7167,.F.);
#7170=ORIENTED_EDGE('',*,*,#7169,.T.);
#7172=ORIENTED_EDGE('',*,*,#7171,.T.);
#7174=ORIENTED_EDGE('',*,*,#7173,.F.);
#7176=ORIENTED_EDGE('',*,*,#7175,.F.);
#7178=ORIENTED_EDGE('',*,*,#7177,.T.);
#7180=ORIENTED_EDGE('',*,*,#7179,.T.);
#7182=ORIENTED_EDGE('',*,*,#7181,.F.);
#7184=ORIENTED_EDGE('',*,*,#7183,.F.);
#7186=ORIENTED_EDGE('',*,*,#7185,.T.);
#7187=ORIENTED_EDGE('',*,*,#7123,.T.);
#7188=EDGE_LOOP('',(#7136,#7138,#7140,#7142,#7144,#7146,#7147,#7149,#7150,#7152,
#7154,#7156,#7158,#7160,#7162,#7164,#7166,#7168,#7170,#7172,#7174,#7176,#7178,
#7180,#7182,#7184,#7186,#7187));
#7189=FACE_OUTER_BOUND('',#7188,.F.);
#7190=ADVANCED_FACE('',(#7189),#7135,.F.);
#7191=CARTESIAN_POINT('',(-7.325E0,-3.2E0,-3.15E0));
#7192=DIRECTION('',(0.E0,-1.E0,0.E0));
#7193=DIRECTION('',(1.E0,0.E0,0.E0));
#7194=AXIS2_PLACEMENT_3D('',#7191,#7192,#7193);
#7195=PLANE('',#7194);
#7197=ORIENTED_EDGE('',*,*,#7196,.T.);
#7198=ORIENTED_EDGE('',*,*,#6398,.F.);
#7199=ORIENTED_EDGE('',*,*,#7145,.T.);
#7201=ORIENTED_EDGE('',*,*,#7200,.T.);
#7202=EDGE_LOOP('',(#7197,#7198,#7199,#7201));
#7203=FACE_OUTER_BOUND('',#7202,.F.);
#7204=ADVANCED_FACE('',(#7203),#7195,.T.);
#7205=CARTESIAN_POINT('',(-7.325E0,-3.2E0,-3.15E0));
#7206=DIRECTION('',(0.E0,-1.E0,0.E0));
#7207=DIRECTION('',(1.E0,0.E0,0.E0));
#7208=AXIS2_PLACEMENT_3D('',#7205,#7206,#7207);
#7209=PLANE('',#7208);
#7211=ORIENTED_EDGE('',*,*,#7210,.F.);
#7212=ORIENTED_EDGE('',*,*,#7151,.T.);
#7213=ORIENTED_EDGE('',*,*,#6436,.T.);
#7215=ORIENTED_EDGE('',*,*,#7214,.T.);
#7216=EDGE_LOOP('',(#7211,#7212,#7213,#7215));
#7217=FACE_OUTER_BOUND('',#7216,.F.);
#7218=ADVANCED_FACE('',(#7217),#7209,.T.);
#7219=CARTESIAN_POINT('',(-7.325E0,-3.2E0,-3.15E0));
#7220=DIRECTION('',(0.E0,-1.E0,0.E0));
#7221=DIRECTION('',(1.E0,0.E0,0.E0));
#7222=AXIS2_PLACEMENT_3D('',#7219,#7220,#7221);
#7223=PLANE('',#7222);
#7224=ORIENTED_EDGE('',*,*,#6500,.T.);
#7226=ORIENTED_EDGE('',*,*,#7225,.T.);
#7228=ORIENTED_EDGE('',*,*,#7227,.T.);
#7229=ORIENTED_EDGE('',*,*,#7137,.T.);
#7230=EDGE_LOOP('',(#7224,#7226,#7228,#7229));
#7231=FACE_OUTER_BOUND('',#7230,.F.);
#7232=ADVANCED_FACE('',(#7231),#7223,.T.);
#7233=CARTESIAN_POINT('',(-7.325E0,-3.2E0,-3.15E0));
#7234=DIRECTION('',(0.E0,-1.E0,0.E0));
#7235=DIRECTION('',(1.E0,0.E0,0.E0));
#7236=AXIS2_PLACEMENT_3D('',#7233,#7234,#7235);
#7237=PLANE('',#7236);
#7239=ORIENTED_EDGE('',*,*,#7238,.F.);
#7240=ORIENTED_EDGE('',*,*,#7183,.T.);
#7242=ORIENTED_EDGE('',*,*,#7241,.T.);
#7244=ORIENTED_EDGE('',*,*,#7243,.T.);
#7245=EDGE_LOOP('',(#7239,#7240,#7242,#7244));
#7246=FACE_OUTER_BOUND('',#7245,.F.);
#7247=ADVANCED_FACE('',(#7246),#7237,.T.);
#7248=CARTESIAN_POINT('',(-7.325E0,-3.2E0,-3.15E0));
#7249=DIRECTION('',(0.E0,-1.E0,0.E0));
#7250=DIRECTION('',(1.E0,0.E0,0.E0));
#7251=AXIS2_PLACEMENT_3D('',#7248,#7249,#7250);
#7252=PLANE('',#7251);
#7254=ORIENTED_EDGE('',*,*,#7253,.T.);
#7256=ORIENTED_EDGE('',*,*,#7255,.F.);
#7257=ORIENTED_EDGE('',*,*,#7159,.T.);
#7259=ORIENTED_EDGE('',*,*,#7258,.T.);
#7260=EDGE_LOOP('',(#7254,#7256,#7257,#7259));
#7261=FACE_OUTER_BOUND('',#7260,.F.);
#7262=ADVANCED_FACE('',(#7261),#7252,.T.);
#7263=CARTESIAN_POINT('',(-7.325E0,-3.2E0,-3.15E0));
#7264=DIRECTION('',(0.E0,-1.E0,0.E0));
#7265=DIRECTION('',(1.E0,0.E0,0.E0));
#7266=AXIS2_PLACEMENT_3D('',#7263,#7264,#7265);
#7267=PLANE('',#7266);
#7269=ORIENTED_EDGE('',*,*,#7268,.T.);
#7271=ORIENTED_EDGE('',*,*,#7270,.F.);
#7272=ORIENTED_EDGE('',*,*,#7167,.T.);
#7274=ORIENTED_EDGE('',*,*,#7273,.T.);
#7275=EDGE_LOOP('',(#7269,#7271,#7272,#7274));
#7276=FACE_OUTER_BOUND('',#7275,.F.);
#7277=ADVANCED_FACE('',(#7276),#7267,.T.);
#7278=CARTESIAN_POINT('',(-7.325E0,-3.2E0,-3.15E0));
#7279=DIRECTION('',(0.E0,-1.E0,0.E0));
#7280=DIRECTION('',(1.E0,0.E0,0.E0));
#7281=AXIS2_PLACEMENT_3D('',#7278,#7279,#7280);
#7282=PLANE('',#7281);
#7284=ORIENTED_EDGE('',*,*,#7283,.T.);
#7286=ORIENTED_EDGE('',*,*,#7285,.F.);
#7287=ORIENTED_EDGE('',*,*,#7175,.T.);
#7289=ORIENTED_EDGE('',*,*,#7288,.T.);
#7290=EDGE_LOOP('',(#7284,#7286,#7287,#7289));
#7291=FACE_OUTER_BOUND('',#7290,.F.);
#7292=ADVANCED_FACE('',(#7291),#7282,.T.);
#7293=CARTESIAN_POINT('',(-7.325E0,-3.2E0,-3.15E0));
#7294=DIRECTION('',(0.E0,-1.E0,0.E0));
#7295=DIRECTION('',(1.E0,0.E0,0.E0));
#7296=AXIS2_PLACEMENT_3D('',#7293,#7294,#7295);
#7297=PLANE('',#7296);
#7299=ORIENTED_EDGE('',*,*,#7298,.T.);
#7301=ORIENTED_EDGE('',*,*,#7300,.T.);
#7303=ORIENTED_EDGE('',*,*,#7302,.T.);
#7305=ORIENTED_EDGE('',*,*,#7304,.F.);
#7306=EDGE_LOOP('',(#7299,#7301,#7303,#7305));
#7307=FACE_OUTER_BOUND('',#7306,.F.);
#7308=ADVANCED_FACE('',(#7307),#7297,.T.);
#7309=CARTESIAN_POINT('',(-7.325E0,-3.2E0,-3.15E0));
#7310=DIRECTION('',(0.E0,-1.E0,0.E0));
#7311=DIRECTION('',(1.E0,0.E0,0.E0));
#7312=AXIS2_PLACEMENT_3D('',#7309,#7310,#7311);
#7313=PLANE('',#7312);
#7315=ORIENTED_EDGE('',*,*,#7314,.T.);
#7317=ORIENTED_EDGE('',*,*,#7316,.T.);
#7319=ORIENTED_EDGE('',*,*,#7318,.T.);
#7321=ORIENTED_EDGE('',*,*,#7320,.F.);
#7322=EDGE_LOOP('',(#7315,#7317,#7319,#7321));
#7323=FACE_OUTER_BOUND('',#7322,.F.);
#7324=ADVANCED_FACE('',(#7323),#7313,.T.);
#7325=CARTESIAN_POINT('',(-7.325E0,-3.2E0,-3.15E0));
#7326=DIRECTION('',(0.E0,-1.E0,0.E0));
#7327=DIRECTION('',(1.E0,0.E0,0.E0));
#7328=AXIS2_PLACEMENT_3D('',#7325,#7326,#7327);
#7329=PLANE('',#7328);
#7331=ORIENTED_EDGE('',*,*,#7330,.T.);
#7333=ORIENTED_EDGE('',*,*,#7332,.T.);
#7335=ORIENTED_EDGE('',*,*,#7334,.T.);
#7337=ORIENTED_EDGE('',*,*,#7336,.F.);
#7338=EDGE_LOOP('',(#7331,#7333,#7335,#7337));
#7339=FACE_OUTER_BOUND('',#7338,.F.);
#7340=ADVANCED_FACE('',(#7339),#7329,.T.);
#7341=CARTESIAN_POINT('',(-6.5E0,-3.2E0,2.E0));
#7342=DIRECTION('',(0.E0,0.E0,-1.E0));
#7343=DIRECTION('',(1.E0,0.E0,0.E0));
#7344=AXIS2_PLACEMENT_3D('',#7341,#7342,#7343);
#7345=PLANE('',#7344);
#7346=ORIENTED_EDGE('',*,*,#6498,.T.);
#7348=ORIENTED_EDGE('',*,*,#7347,.F.);
#7350=ORIENTED_EDGE('',*,*,#7349,.F.);
#7351=ORIENTED_EDGE('',*,*,#7243,.F.);
#7353=ORIENTED_EDGE('',*,*,#7352,.T.);
#7355=ORIENTED_EDGE('',*,*,#7354,.F.);
#7357=ORIENTED_EDGE('',*,*,#7356,.F.);
#7358=ORIENTED_EDGE('',*,*,#7302,.F.);
#7360=ORIENTED_EDGE('',*,*,#7359,.T.);
#7362=ORIENTED_EDGE('',*,*,#7361,.F.);
#7364=ORIENTED_EDGE('',*,*,#7363,.F.);
#7365=ORIENTED_EDGE('',*,*,#7318,.F.);
#7367=ORIENTED_EDGE('',*,*,#7366,.T.);
#7369=ORIENTED_EDGE('',*,*,#7368,.F.);
#7371=ORIENTED_EDGE('',*,*,#7370,.F.);
#7372=ORIENTED_EDGE('',*,*,#7334,.F.);
#7374=ORIENTED_EDGE('',*,*,#7373,.T.);
#7376=ORIENTED_EDGE('',*,*,#7375,.F.);
#7378=ORIENTED_EDGE('',*,*,#7377,.F.);
#7379=ORIENTED_EDGE('',*,*,#7214,.F.);
#7380=ORIENTED_EDGE('',*,*,#6434,.T.);
#7382=ORIENTED_EDGE('',*,*,#7381,.F.);
#7383=ORIENTED_EDGE('',*,*,#6400,.F.);
#7384=ORIENTED_EDGE('',*,*,#7196,.F.);
#7386=ORIENTED_EDGE('',*,*,#7385,.T.);
#7388=ORIENTED_EDGE('',*,*,#7387,.T.);
#7390=ORIENTED_EDGE('',*,*,#7389,.F.);
#7391=ORIENTED_EDGE('',*,*,#7225,.F.);
#7392=EDGE_LOOP('',(#7346,#7348,#7350,#7351,#7353,#7355,#7357,#7358,#7360,#7362,
#7364,#7365,#7367,#7369,#7371,#7372,#7374,#7376,#7378,#7379,#7380,#7382,#7383,
#7384,#7386,#7388,#7390,#7391));
#7393=FACE_OUTER_BOUND('',#7392,.F.);
#7394=ADVANCED_FACE('',(#7393),#7345,.F.);
#7395=CARTESIAN_POINT('',(5.65E0,-2.95E0,1.3E0));
#7396=DIRECTION('',(0.E0,8.660254037844E-1,-5.E-1));
#7397=DIRECTION('',(0.E0,5.E-1,8.660254037844E-1));
#7398=AXIS2_PLACEMENT_3D('',#7395,#7396,#7397);
#7399=PLANE('',#7398);
#7400=ORIENTED_EDGE('',*,*,#7347,.T.);
#7401=ORIENTED_EDGE('',*,*,#6496,.F.);
#7402=ORIENTED_EDGE('',*,*,#6522,.T.);
#7404=ORIENTED_EDGE('',*,*,#7403,.T.);
#7405=EDGE_LOOP('',(#7400,#7401,#7402,#7404));
#7406=FACE_OUTER_BOUND('',#7405,.F.);
#7407=ADVANCED_FACE('',(#7406),#7399,.F.);
#7408=CARTESIAN_POINT('',(4.35E0,-2.95E0,2.5E-1));
#7409=DIRECTION('',(-1.E0,0.E0,0.E0));
#7410=DIRECTION('',(0.E0,0.E0,-1.E0));
#7411=AXIS2_PLACEMENT_3D('',#7408,#7409,#7410);
#7412=PLANE('',#7411);
#7414=ORIENTED_EDGE('',*,*,#7413,.F.);
#7415=ORIENTED_EDGE('',*,*,#6556,.F.);
#7416=ORIENTED_EDGE('',*,*,#7125,.F.);
#7417=ORIENTED_EDGE('',*,*,#7185,.F.);
#7418=ORIENTED_EDGE('',*,*,#7238,.T.);
#7419=ORIENTED_EDGE('',*,*,#7349,.T.);
#7420=ORIENTED_EDGE('',*,*,#7403,.F.);
#7421=ORIENTED_EDGE('',*,*,#6520,.F.);
#7422=ORIENTED_EDGE('',*,*,#6481,.T.);
#7423=ORIENTED_EDGE('',*,*,#6468,.T.);
#7424=EDGE_LOOP('',(#7414,#7415,#7416,#7417,#7418,#7419,#7420,#7421,#7422,
#7423));
#7425=FACE_OUTER_BOUND('',#7424,.F.);
#7426=ADVANCED_FACE('',(#7425),#7412,.F.);
#7427=CARTESIAN_POINT('',(4.35E0,-2.95E0,-2.5E-1));
#7428=DIRECTION('',(0.E0,0.E0,-1.E0));
#7429=DIRECTION('',(1.E0,0.E0,0.E0));
#7430=AXIS2_PLACEMENT_3D('',#7427,#7428,#7429);
#7431=PLANE('',#7430);
#7432=ORIENTED_EDGE('',*,*,#7413,.T.);
#7433=ORIENTED_EDGE('',*,*,#6466,.T.);
#7434=ORIENTED_EDGE('',*,*,#6508,.F.);
#7435=ORIENTED_EDGE('',*,*,#6543,.F.);
#7436=EDGE_LOOP('',(#7432,#7433,#7434,#7435));
#7437=FACE_OUTER_BOUND('',#7436,.F.);
#7438=ADVANCED_FACE('',(#7437),#7431,.F.);
#7439=CARTESIAN_POINT('',(3.65E0,-3.2E0,-2.5E-1));
#7440=DIRECTION('',(1.E0,0.E0,0.E0));
#7441=DIRECTION('',(0.E0,0.E0,1.E0));
#7442=AXIS2_PLACEMENT_3D('',#7439,#7440,#7441);
#7443=PLANE('',#7442);
#7445=ORIENTED_EDGE('',*,*,#7444,.F.);
#7447=ORIENTED_EDGE('',*,*,#7446,.T.);
#7449=ORIENTED_EDGE('',*,*,#7448,.T.);
#7450=ORIENTED_EDGE('',*,*,#7352,.F.);
#7451=ORIENTED_EDGE('',*,*,#7241,.F.);
#7452=ORIENTED_EDGE('',*,*,#7181,.T.);
#7454=ORIENTED_EDGE('',*,*,#7453,.T.);
#7456=ORIENTED_EDGE('',*,*,#7455,.T.);
#7458=ORIENTED_EDGE('',*,*,#7457,.T.);
#7460=ORIENTED_EDGE('',*,*,#7459,.T.);
#7461=EDGE_LOOP('',(#7445,#7447,#7449,#7450,#7451,#7452,#7454,#7456,#7458,
#7460));
#7462=FACE_OUTER_BOUND('',#7461,.F.);
#7463=ADVANCED_FACE('',(#7462),#7443,.F.);
#7464=CARTESIAN_POINT('',(3.65E0,-3.2E0,2.5E-1));
#7465=DIRECTION('',(0.E0,0.E0,1.E0));
#7466=DIRECTION('',(-1.E0,0.E0,0.E0));
#7467=AXIS2_PLACEMENT_3D('',#7464,#7465,#7466);
#7468=PLANE('',#7467);
#7469=ORIENTED_EDGE('',*,*,#7298,.F.);
#7471=ORIENTED_EDGE('',*,*,#7470,.T.);
#7473=ORIENTED_EDGE('',*,*,#7472,.T.);
#7474=ORIENTED_EDGE('',*,*,#7444,.T.);
#7476=ORIENTED_EDGE('',*,*,#7475,.T.);
#7478=ORIENTED_EDGE('',*,*,#7477,.F.);
#7480=ORIENTED_EDGE('',*,*,#7479,.T.);
#7482=ORIENTED_EDGE('',*,*,#7481,.F.);
#7483=ORIENTED_EDGE('',*,*,#7330,.F.);
#7485=ORIENTED_EDGE('',*,*,#7484,.T.);
#7487=ORIENTED_EDGE('',*,*,#7486,.T.);
#7489=ORIENTED_EDGE('',*,*,#7488,.F.);
#7490=ORIENTED_EDGE('',*,*,#7314,.F.);
#7492=ORIENTED_EDGE('',*,*,#7491,.T.);
#7494=ORIENTED_EDGE('',*,*,#7493,.T.);
#7496=ORIENTED_EDGE('',*,*,#7495,.F.);
#7497=EDGE_LOOP('',(#7469,#7471,#7473,#7474,#7476,#7478,#7480,#7482,#7483,#7485,
#7487,#7489,#7490,#7492,#7494,#7496));
#7498=FACE_OUTER_BOUND('',#7497,.F.);
#7499=ADVANCED_FACE('',(#7498),#7468,.F.);
#7500=CARTESIAN_POINT('',(2.35E0,0.E0,0.E0));
#7501=DIRECTION('',(1.E0,0.E0,0.E0));
#7502=DIRECTION('',(0.E0,0.E0,-1.E0));
#7503=AXIS2_PLACEMENT_3D('',#7500,#7501,#7502);
#7504=PLANE('',#7503);
#7506=ORIENTED_EDGE('',*,*,#7505,.T.);
#7508=ORIENTED_EDGE('',*,*,#7507,.F.);
#7510=ORIENTED_EDGE('',*,*,#7509,.F.);
#7511=ORIENTED_EDGE('',*,*,#7177,.F.);
#7512=ORIENTED_EDGE('',*,*,#7285,.T.);
#7513=EDGE_LOOP('',(#7506,#7508,#7510,#7511,#7512));
#7514=FACE_OUTER_BOUND('',#7513,.F.);
#7515=ADVANCED_FACE('',(#7514),#7504,.T.);
#7516=CARTESIAN_POINT('',(2.35E0,0.E0,0.E0));
#7517=DIRECTION('',(1.E0,0.E0,0.E0));
#7518=DIRECTION('',(0.E0,0.E0,-1.E0));
#7519=AXIS2_PLACEMENT_3D('',#7516,#7517,#7518);
#7520=PLANE('',#7519);
#7521=ORIENTED_EDGE('',*,*,#7470,.F.);
#7522=ORIENTED_EDGE('',*,*,#7304,.T.);
#7523=ORIENTED_EDGE('',*,*,#7356,.T.);
#7525=ORIENTED_EDGE('',*,*,#7524,.F.);
#7527=ORIENTED_EDGE('',*,*,#7526,.F.);
#7528=EDGE_LOOP('',(#7521,#7522,#7523,#7525,#7527));
#7529=FACE_OUTER_BOUND('',#7528,.F.);
#7530=ADVANCED_FACE('',(#7529),#7520,.T.);
#7531=CARTESIAN_POINT('',(-3.65E0,-3.2E0,-2.5E-1));
#7532=DIRECTION('',(0.E0,0.E0,-1.E0));
#7533=DIRECTION('',(1.E0,0.E0,0.E0));
#7534=AXIS2_PLACEMENT_3D('',#7531,#7532,#7533);
#7535=PLANE('',#7534);
#7536=ORIENTED_EDGE('',*,*,#7253,.F.);
#7538=ORIENTED_EDGE('',*,*,#7537,.T.);
#7540=ORIENTED_EDGE('',*,*,#7539,.F.);
#7542=ORIENTED_EDGE('',*,*,#7541,.T.);
#7544=ORIENTED_EDGE('',*,*,#7543,.T.);
#7545=ORIENTED_EDGE('',*,*,#7457,.F.);
#7547=ORIENTED_EDGE('',*,*,#7546,.F.);
#7548=ORIENTED_EDGE('',*,*,#7505,.F.);
#7549=ORIENTED_EDGE('',*,*,#7283,.F.);
#7551=ORIENTED_EDGE('',*,*,#7550,.T.);
#7553=ORIENTED_EDGE('',*,*,#7552,.F.);
#7555=ORIENTED_EDGE('',*,*,#7554,.F.);
#7556=ORIENTED_EDGE('',*,*,#7268,.F.);
#7558=ORIENTED_EDGE('',*,*,#7557,.T.);
#7560=ORIENTED_EDGE('',*,*,#7559,.F.);
#7562=ORIENTED_EDGE('',*,*,#7561,.F.);
#7563=EDGE_LOOP('',(#7536,#7538,#7540,#7542,#7544,#7545,#7547,#7548,#7549,#7551,
#7553,#7555,#7556,#7558,#7560,#7562));
#7564=FACE_OUTER_BOUND('',#7563,.F.);
#7565=ADVANCED_FACE('',(#7564),#7535,.F.);
#7566=CARTESIAN_POINT('',(-2.35E0,0.E0,0.E0));
#7567=DIRECTION('',(1.E0,0.E0,0.E0));
#7568=DIRECTION('',(0.E0,0.E0,-1.E0));
#7569=AXIS2_PLACEMENT_3D('',#7566,#7567,#7568);
#7570=PLANE('',#7569);
#7571=ORIENTED_EDGE('',*,*,#7537,.F.);
#7572=ORIENTED_EDGE('',*,*,#7258,.F.);
#7573=ORIENTED_EDGE('',*,*,#7157,.T.);
#7575=ORIENTED_EDGE('',*,*,#7574,.T.);
#7577=ORIENTED_EDGE('',*,*,#7576,.T.);
#7578=EDGE_LOOP('',(#7571,#7572,#7573,#7575,#7577));
#7579=FACE_OUTER_BOUND('',#7578,.F.);
#7580=ADVANCED_FACE('',(#7579),#7570,.F.);
#7581=CARTESIAN_POINT('',(-2.35E0,0.E0,0.E0));
#7582=DIRECTION('',(1.E0,0.E0,0.E0));
#7583=DIRECTION('',(0.E0,0.E0,-1.E0));
#7584=AXIS2_PLACEMENT_3D('',#7581,#7582,#7583);
#7585=PLANE('',#7584);
#7586=ORIENTED_EDGE('',*,*,#7481,.T.);
#7588=ORIENTED_EDGE('',*,*,#7587,.T.);
#7590=ORIENTED_EDGE('',*,*,#7589,.T.);
#7591=ORIENTED_EDGE('',*,*,#7373,.F.);
#7592=ORIENTED_EDGE('',*,*,#7332,.F.);
#7593=EDGE_LOOP('',(#7586,#7588,#7590,#7591,#7592));
#7594=FACE_OUTER_BOUND('',#7593,.F.);
#7595=ADVANCED_FACE('',(#7594),#7585,.F.);
#7596=CARTESIAN_POINT('',(-2.35E0,-2.545854811567E0,-2.E0));
#7597=DIRECTION('',(0.E0,8.660254037844E-1,5.E-1));
#7598=DIRECTION('',(0.E0,-5.E-1,8.660254037844E-1));
#7599=AXIS2_PLACEMENT_3D('',#7596,#7597,#7598);
#7600=PLANE('',#7599);
#7602=ORIENTED_EDGE('',*,*,#7601,.F.);
#7604=ORIENTED_EDGE('',*,*,#7603,.T.);
#7606=ORIENTED_EDGE('',*,*,#7605,.T.);
#7608=ORIENTED_EDGE('',*,*,#7607,.F.);
#7609=ORIENTED_EDGE('',*,*,#7574,.F.);
#7610=ORIENTED_EDGE('',*,*,#7155,.F.);
#7612=ORIENTED_EDGE('',*,*,#7611,.T.);
#7614=ORIENTED_EDGE('',*,*,#7613,.F.);
#7615=EDGE_LOOP('',(#7602,#7604,#7606,#7608,#7609,#7610,#7612,#7614));
#7616=FACE_OUTER_BOUND('',#7615,.F.);
#7617=ADVANCED_FACE('',(#7616),#7600,.F.);
#7618=CARTESIAN_POINT('',(-3.25E0,0.E0,0.E0));
#7619=DIRECTION('',(1.E0,0.E0,0.E0));
#7620=DIRECTION('',(0.E0,0.E0,-1.E0));
#7621=AXIS2_PLACEMENT_3D('',#7618,#7619,#7620);
#7622=PLANE('',#7621);
#7624=ORIENTED_EDGE('',*,*,#7623,.F.);
#7626=ORIENTED_EDGE('',*,*,#7625,.T.);
#7627=ORIENTED_EDGE('',*,*,#5724,.T.);
#7629=ORIENTED_EDGE('',*,*,#7628,.T.);
#7630=EDGE_LOOP('',(#7624,#7626,#7627,#7629));
#7631=FACE_OUTER_BOUND('',#7630,.F.);
#7632=ADVANCED_FACE('',(#7631),#7622,.F.);
#7633=CARTESIAN_POINT('',(-3.25E0,0.E0,0.E0));
#7634=DIRECTION('',(1.E0,0.E0,0.E0));
#7635=DIRECTION('',(0.E0,0.E0,-1.E0));
#7636=AXIS2_PLACEMENT_3D('',#7633,#7634,#7635);
#7637=PLANE('',#7636);
#7639=ORIENTED_EDGE('',*,*,#7638,.F.);
#7641=ORIENTED_EDGE('',*,*,#7640,.T.);
#7642=ORIENTED_EDGE('',*,*,#5734,.T.);
#7644=ORIENTED_EDGE('',*,*,#7643,.T.);
#7645=EDGE_LOOP('',(#7639,#7641,#7642,#7644));
#7646=FACE_OUTER_BOUND('',#7645,.F.);
#7647=ADVANCED_FACE('',(#7646),#7637,.F.);
#7648=CARTESIAN_POINT('',(-3.25E0,0.E0,0.E0));
#7649=DIRECTION('',(1.E0,0.E0,0.E0));
#7650=DIRECTION('',(0.E0,0.E0,-1.E0));
#7651=AXIS2_PLACEMENT_3D('',#7648,#7649,#7650);
#7652=PLANE('',#7651);
#7654=ORIENTED_EDGE('',*,*,#7653,.F.);
#7656=ORIENTED_EDGE('',*,*,#7655,.T.);
#7658=ORIENTED_EDGE('',*,*,#7657,.T.);
#7659=ORIENTED_EDGE('',*,*,#7601,.T.);
#7661=ORIENTED_EDGE('',*,*,#7660,.T.);
#7663=ORIENTED_EDGE('',*,*,#7662,.T.);
#7665=ORIENTED_EDGE('',*,*,#7664,.T.);
#7666=EDGE_LOOP('',(#7654,#7656,#7658,#7659,#7661,#7663,#7665));
#7667=FACE_OUTER_BOUND('',#7666,.F.);
#7668=ADVANCED_FACE('',(#7667),#7652,.F.);
#7669=CARTESIAN_POINT('',(-3.25E0,0.E0,0.E0));
#7670=DIRECTION('',(1.E0,0.E0,0.E0));
#7671=DIRECTION('',(0.E0,0.E0,-1.E0));
#7672=AXIS2_PLACEMENT_3D('',#7669,#7670,#7671);
#7673=PLANE('',#7672);
#7675=ORIENTED_EDGE('',*,*,#7674,.F.);
#7677=ORIENTED_EDGE('',*,*,#7676,.T.);
#7679=ORIENTED_EDGE('',*,*,#7678,.T.);
#7681=ORIENTED_EDGE('',*,*,#7680,.T.);
#7683=ORIENTED_EDGE('',*,*,#7682,.T.);
#7685=ORIENTED_EDGE('',*,*,#7684,.T.);
#7687=ORIENTED_EDGE('',*,*,#7686,.T.);
#7689=ORIENTED_EDGE('',*,*,#7688,.T.);
#7690=EDGE_LOOP('',(#7675,#7677,#7679,#7681,#7683,#7685,#7687,#7689));
#7691=FACE_OUTER_BOUND('',#7690,.F.);
#7692=ADVANCED_FACE('',(#7691),#7673,.F.);
#7693=CARTESIAN_POINT('',(-3.175E0,2.6E0,-1.E0));
#7694=DIRECTION('',(-9.701425001453E-1,2.425356250363E-1,0.E0));
#7695=DIRECTION('',(2.425356250363E-1,9.701425001453E-1,0.E0));
#7696=AXIS2_PLACEMENT_3D('',#7693,#7694,#7695);
#7697=PLANE('',#7696);
#7698=ORIENTED_EDGE('',*,*,#7623,.T.);
#7700=ORIENTED_EDGE('',*,*,#7699,.F.);
#7702=ORIENTED_EDGE('',*,*,#7701,.F.);
#7704=ORIENTED_EDGE('',*,*,#7703,.T.);
#7705=EDGE_LOOP('',(#7698,#7700,#7702,#7704));
#7706=FACE_OUTER_BOUND('',#7705,.F.);
#7707=ADVANCED_FACE('',(#7706),#7697,.T.);
#7708=CARTESIAN_POINT('',(-3.E0,2.6E0,-1.175E0));
#7709=DIRECTION('',(0.E0,2.425356250363E-1,-9.701425001453E-1));
#7710=DIRECTION('',(0.E0,-9.701425001453E-1,-2.425356250363E-1));
#7711=AXIS2_PLACEMENT_3D('',#7708,#7709,#7710);
#7712=PLANE('',#7711);
#7714=ORIENTED_EDGE('',*,*,#7713,.F.);
#7716=ORIENTED_EDGE('',*,*,#7715,.F.);
#7718=ORIENTED_EDGE('',*,*,#7717,.T.);
#7719=ORIENTED_EDGE('',*,*,#7699,.T.);
#7720=EDGE_LOOP('',(#7714,#7716,#7718,#7719));
#7721=FACE_OUTER_BOUND('',#7720,.F.);
#7722=ADVANCED_FACE('',(#7721),#7712,.T.);
#7723=CARTESIAN_POINT('',(-3.25E0,-2.75E0,-1.25E0));
#7724=DIRECTION('',(0.E0,0.E0,-1.E0));
#7725=DIRECTION('',(0.E0,1.E0,0.E0));
#7726=AXIS2_PLACEMENT_3D('',#7723,#7724,#7725);
#7727=PLANE('',#7726);
#7728=ORIENTED_EDGE('',*,*,#7713,.T.);
#7729=ORIENTED_EDGE('',*,*,#7628,.F.);
#7730=ORIENTED_EDGE('',*,*,#5730,.T.);
#7732=ORIENTED_EDGE('',*,*,#7731,.T.);
#7733=EDGE_LOOP('',(#7728,#7729,#7730,#7732));
#7734=FACE_OUTER_BOUND('',#7733,.F.);
#7735=ADVANCED_FACE('',(#7734),#7727,.T.);
#7736=CARTESIAN_POINT('',(-2.75E0,0.E0,0.E0));
#7737=DIRECTION('',(1.E0,0.E0,0.E0));
#7738=DIRECTION('',(0.E0,0.E0,-1.E0));
#7739=AXIS2_PLACEMENT_3D('',#7736,#7737,#7738);
#7740=PLANE('',#7739);
#7742=ORIENTED_EDGE('',*,*,#7741,.F.);
#7743=ORIENTED_EDGE('',*,*,#7731,.F.);
#7744=ORIENTED_EDGE('',*,*,#5728,.F.);
#7746=ORIENTED_EDGE('',*,*,#7745,.F.);
#7747=EDGE_LOOP('',(#7742,#7743,#7744,#7746));
#7748=FACE_OUTER_BOUND('',#7747,.F.);
#7749=ADVANCED_FACE('',(#7748),#7740,.T.);
#7750=CARTESIAN_POINT('',(-2.75E0,0.E0,0.E0));
#7751=DIRECTION('',(1.E0,0.E0,0.E0));
#7752=DIRECTION('',(0.E0,0.E0,-1.E0));
#7753=AXIS2_PLACEMENT_3D('',#7750,#7751,#7752);
#7754=PLANE('',#7753);
#7756=ORIENTED_EDGE('',*,*,#7755,.F.);
#7758=ORIENTED_EDGE('',*,*,#7757,.F.);
#7759=ORIENTED_EDGE('',*,*,#5738,.F.);
#7761=ORIENTED_EDGE('',*,*,#7760,.F.);
#7762=EDGE_LOOP('',(#7756,#7758,#7759,#7761));
#7763=FACE_OUTER_BOUND('',#7762,.F.);
#7764=ADVANCED_FACE('',(#7763),#7754,.T.);
#7765=CARTESIAN_POINT('',(-2.75E0,0.E0,0.E0));
#7766=DIRECTION('',(1.E0,0.E0,0.E0));
#7767=DIRECTION('',(0.E0,0.E0,-1.E0));
#7768=AXIS2_PLACEMENT_3D('',#7765,#7766,#7767);
#7769=PLANE('',#7768);
#7771=ORIENTED_EDGE('',*,*,#7770,.F.);
#7773=ORIENTED_EDGE('',*,*,#7772,.F.);
#7775=ORIENTED_EDGE('',*,*,#7774,.F.);
#7777=ORIENTED_EDGE('',*,*,#7776,.F.);
#7778=ORIENTED_EDGE('',*,*,#7605,.F.);
#7780=ORIENTED_EDGE('',*,*,#7779,.F.);
#7782=ORIENTED_EDGE('',*,*,#7781,.F.);
#7783=EDGE_LOOP('',(#7771,#7773,#7775,#7777,#7778,#7780,#7782));
#7784=FACE_OUTER_BOUND('',#7783,.F.);
#7785=ADVANCED_FACE('',(#7784),#7769,.T.);
#7786=CARTESIAN_POINT('',(-2.75E0,0.E0,0.E0));
#7787=DIRECTION('',(1.E0,0.E0,0.E0));
#7788=DIRECTION('',(0.E0,0.E0,-1.E0));
#7789=AXIS2_PLACEMENT_3D('',#7786,#7787,#7788);
#7790=PLANE('',#7789);
#7792=ORIENTED_EDGE('',*,*,#7791,.F.);
#7794=ORIENTED_EDGE('',*,*,#7793,.F.);
#7796=ORIENTED_EDGE('',*,*,#7795,.F.);
#7798=ORIENTED_EDGE('',*,*,#7797,.F.);
#7800=ORIENTED_EDGE('',*,*,#7799,.F.);
#7802=ORIENTED_EDGE('',*,*,#7801,.F.);
#7804=ORIENTED_EDGE('',*,*,#7803,.F.);
#7806=ORIENTED_EDGE('',*,*,#7805,.F.);
#7807=EDGE_LOOP('',(#7792,#7794,#7796,#7798,#7800,#7802,#7804,#7806));
#7808=FACE_OUTER_BOUND('',#7807,.F.);
#7809=ADVANCED_FACE('',(#7808),#7790,.T.);
#7810=CARTESIAN_POINT('',(-2.825E0,2.6E0,-1.E0));
#7811=DIRECTION('',(9.701425001453E-1,2.425356250363E-1,0.E0));
#7812=DIRECTION('',(-2.425356250363E-1,9.701425001453E-1,0.E0));
#7813=AXIS2_PLACEMENT_3D('',#7810,#7811,#7812);
#7814=PLANE('',#7813);
#7816=ORIENTED_EDGE('',*,*,#7815,.F.);
#7817=ORIENTED_EDGE('',*,*,#7715,.T.);
#7818=ORIENTED_EDGE('',*,*,#7741,.T.);
#7820=ORIENTED_EDGE('',*,*,#7819,.T.);
#7821=EDGE_LOOP('',(#7816,#7817,#7818,#7820));
#7822=FACE_OUTER_BOUND('',#7821,.F.);
#7823=ADVANCED_FACE('',(#7822),#7814,.T.);
#7824=CARTESIAN_POINT('',(-3.25E0,2.9E0,-1.25E0));
#7825=DIRECTION('',(0.E0,1.E0,0.E0));
#7826=DIRECTION('',(0.E0,0.E0,1.E0));
#7827=AXIS2_PLACEMENT_3D('',#7824,#7825,#7826);
#7828=PLANE('',#7827);
#7830=ORIENTED_EDGE('',*,*,#7829,.T.);
#7831=ORIENTED_EDGE('',*,*,#7701,.T.);
#7832=ORIENTED_EDGE('',*,*,#7717,.F.);
#7833=ORIENTED_EDGE('',*,*,#7815,.T.);
#7834=EDGE_LOOP('',(#7830,#7831,#7832,#7833));
#7835=FACE_OUTER_BOUND('',#7834,.F.);
#7836=ADVANCED_FACE('',(#7835),#7828,.T.);
#7837=CARTESIAN_POINT('',(-3.E0,2.6E0,-8.25E-1));
#7838=DIRECTION('',(0.E0,2.425356250363E-1,9.701425001453E-1));
#7839=DIRECTION('',(0.E0,9.701425001453E-1,-2.425356250363E-1));
#7840=AXIS2_PLACEMENT_3D('',#7837,#7838,#7839);
#7841=PLANE('',#7840);
#7843=ORIENTED_EDGE('',*,*,#7842,.T.);
#7844=ORIENTED_EDGE('',*,*,#7703,.F.);
#7845=ORIENTED_EDGE('',*,*,#7829,.F.);
#7846=ORIENTED_EDGE('',*,*,#7819,.F.);
#7847=EDGE_LOOP('',(#7843,#7844,#7845,#7846));
#7848=FACE_OUTER_BOUND('',#7847,.F.);
#7849=ADVANCED_FACE('',(#7848),#7841,.T.);
#7850=CARTESIAN_POINT('',(-3.25E0,2.9E0,-7.5E-1));
#7851=DIRECTION('',(0.E0,0.E0,1.E0));
#7852=DIRECTION('',(0.E0,-1.E0,0.E0));
#7853=AXIS2_PLACEMENT_3D('',#7850,#7851,#7852);
#7854=PLANE('',#7853);
#7855=ORIENTED_EDGE('',*,*,#7842,.F.);
#7856=ORIENTED_EDGE('',*,*,#7745,.T.);
#7857=ORIENTED_EDGE('',*,*,#5726,.F.);
#7858=ORIENTED_EDGE('',*,*,#7625,.F.);
#7859=EDGE_LOOP('',(#7855,#7856,#7857,#7858));
#7860=FACE_OUTER_BOUND('',#7859,.F.);
#7861=ADVANCED_FACE('',(#7860),#7854,.T.);
#7862=CARTESIAN_POINT('',(-2.825E0,2.6E0,1.E0));
#7863=DIRECTION('',(9.701425001453E-1,2.425356250363E-1,0.E0));
#7864=DIRECTION('',(-2.425356250363E-1,9.701425001453E-1,0.E0));
#7865=AXIS2_PLACEMENT_3D('',#7862,#7863,#7864);
#7866=PLANE('',#7865);
#7868=ORIENTED_EDGE('',*,*,#7867,.F.);
#7870=ORIENTED_EDGE('',*,*,#7869,.T.);
#7871=ORIENTED_EDGE('',*,*,#7755,.T.);
#7873=ORIENTED_EDGE('',*,*,#7872,.F.);
#7874=EDGE_LOOP('',(#7868,#7870,#7871,#7873));
#7875=FACE_OUTER_BOUND('',#7874,.F.);
#7876=ADVANCED_FACE('',(#7875),#7866,.T.);
#7877=CARTESIAN_POINT('',(-3.25E0,2.9E0,7.5E-1));
#7878=DIRECTION('',(0.E0,1.E0,0.E0));
#7879=DIRECTION('',(0.E0,0.E0,1.E0));
#7880=AXIS2_PLACEMENT_3D('',#7877,#7878,#7879);
#7881=PLANE('',#7880);
#7883=ORIENTED_EDGE('',*,*,#7882,.T.);
#7885=ORIENTED_EDGE('',*,*,#7884,.T.);
#7887=ORIENTED_EDGE('',*,*,#7886,.F.);
#7888=ORIENTED_EDGE('',*,*,#7867,.T.);
#7889=EDGE_LOOP('',(#7883,#7885,#7887,#7888));
#7890=FACE_OUTER_BOUND('',#7889,.F.);
#7891=ADVANCED_FACE('',(#7890),#7881,.T.);
#7892=CARTESIAN_POINT('',(-3.E0,2.6E0,1.175E0));
#7893=DIRECTION('',(0.E0,2.425356250363E-1,9.701425001453E-1));
#7894=DIRECTION('',(0.E0,9.701425001453E-1,-2.425356250363E-1));
#7895=AXIS2_PLACEMENT_3D('',#7892,#7893,#7894);
#7896=PLANE('',#7895);
#7898=ORIENTED_EDGE('',*,*,#7897,.T.);
#7900=ORIENTED_EDGE('',*,*,#7899,.F.);
#7901=ORIENTED_EDGE('',*,*,#7882,.F.);
#7902=ORIENTED_EDGE('',*,*,#7872,.T.);
#7903=EDGE_LOOP('',(#7898,#7900,#7901,#7902));
#7904=FACE_OUTER_BOUND('',#7903,.F.);
#7905=ADVANCED_FACE('',(#7904),#7896,.T.);
#7906=CARTESIAN_POINT('',(-3.25E0,2.9E0,1.25E0));
#7907=DIRECTION('',(0.E0,0.E0,1.E0));
#7908=DIRECTION('',(0.E0,-1.E0,0.E0));
#7909=AXIS2_PLACEMENT_3D('',#7906,#7907,#7908);
#7910=PLANE('',#7909);
#7912=ORIENTED_EDGE('',*,*,#7911,.T.);
#7913=ORIENTED_EDGE('',*,*,#7797,.T.);
#7915=ORIENTED_EDGE('',*,*,#7914,.F.);
#7916=ORIENTED_EDGE('',*,*,#7684,.F.);
#7917=EDGE_LOOP('',(#7912,#7913,#7915,#7916));
#7918=FACE_OUTER_BOUND('',#7917,.F.);
#7919=ADVANCED_FACE('',(#7918),#7910,.T.);
#7920=CARTESIAN_POINT('',(-3.25E0,2.9E0,1.25E0));
#7921=DIRECTION('',(0.E0,0.E0,1.E0));
#7922=DIRECTION('',(0.E0,-1.E0,0.E0));
#7923=AXIS2_PLACEMENT_3D('',#7920,#7921,#7922);
#7924=PLANE('',#7923);
#7925=ORIENTED_EDGE('',*,*,#7897,.F.);
#7926=ORIENTED_EDGE('',*,*,#7760,.T.);
#7927=ORIENTED_EDGE('',*,*,#5736,.F.);
#7928=ORIENTED_EDGE('',*,*,#7640,.F.);
#7929=EDGE_LOOP('',(#7925,#7926,#7927,#7928));
#7930=FACE_OUTER_BOUND('',#7929,.F.);
#7931=ADVANCED_FACE('',(#7930),#7924,.T.);
#7932=CARTESIAN_POINT('',(-2.35E0,-2.95E0,-1.3E0));
#7933=DIRECTION('',(0.E0,1.E0,0.E0));
#7934=DIRECTION('',(0.E0,0.E0,1.E0));
#7935=AXIS2_PLACEMENT_3D('',#7932,#7933,#7934);
#7936=PLANE('',#7935);
#7937=ORIENTED_EDGE('',*,*,#7539,.T.);
#7938=ORIENTED_EDGE('',*,*,#7576,.F.);
#7939=ORIENTED_EDGE('',*,*,#7607,.T.);
#7940=ORIENTED_EDGE('',*,*,#7776,.T.);
#7942=ORIENTED_EDGE('',*,*,#7941,.F.);
#7943=ORIENTED_EDGE('',*,*,#7660,.F.);
#7944=ORIENTED_EDGE('',*,*,#7613,.T.);
#7946=ORIENTED_EDGE('',*,*,#7945,.T.);
#7947=EDGE_LOOP('',(#7937,#7938,#7939,#7940,#7942,#7943,#7944,#7946));
#7948=FACE_OUTER_BOUND('',#7947,.F.);
#7949=ADVANCED_FACE('',(#7948),#7936,.F.);
#7950=CARTESIAN_POINT('',(-2.35E0,-2.95E0,-1.3E0));
#7951=DIRECTION('',(0.E0,1.E0,0.E0));
#7952=DIRECTION('',(0.E0,0.E0,1.E0));
#7953=AXIS2_PLACEMENT_3D('',#7950,#7951,#7952);
#7954=PLANE('',#7953);
#7955=ORIENTED_EDGE('',*,*,#7479,.F.);
#7957=ORIENTED_EDGE('',*,*,#7956,.T.);
#7959=ORIENTED_EDGE('',*,*,#7958,.F.);
#7960=ORIENTED_EDGE('',*,*,#7587,.F.);
#7961=EDGE_LOOP('',(#7955,#7957,#7959,#7960));
#7962=FACE_OUTER_BOUND('',#7961,.F.);
#7963=ORIENTED_EDGE('',*,*,#7682,.F.);
#7965=ORIENTED_EDGE('',*,*,#7964,.T.);
#7966=ORIENTED_EDGE('',*,*,#7799,.T.);
#7967=ORIENTED_EDGE('',*,*,#7911,.F.);
#7968=EDGE_LOOP('',(#7963,#7965,#7966,#7967));
#7969=FACE_BOUND('',#7968,.F.);
#7970=ADVANCED_FACE('',(#7962,#7969),#7954,.F.);
#7971=CARTESIAN_POINT('',(-3.25E0,-4.75E0,7.5E-1));
#7972=DIRECTION('',(0.E0,0.E0,-1.E0));
#7973=DIRECTION('',(0.E0,1.E0,0.E0));
#7974=AXIS2_PLACEMENT_3D('',#7971,#7972,#7973);
#7975=PLANE('',#7974);
#7976=ORIENTED_EDGE('',*,*,#7964,.F.);
#7977=ORIENTED_EDGE('',*,*,#7680,.F.);
#7979=ORIENTED_EDGE('',*,*,#7978,.T.);
#7980=ORIENTED_EDGE('',*,*,#7801,.T.);
#7981=EDGE_LOOP('',(#7976,#7977,#7979,#7980));
#7982=FACE_OUTER_BOUND('',#7981,.F.);
#7983=ADVANCED_FACE('',(#7982),#7975,.T.);
#7984=CARTESIAN_POINT('',(-3.25E0,-4.75E0,7.5E-1));
#7985=DIRECTION('',(0.E0,0.E0,-1.E0));
#7986=DIRECTION('',(0.E0,1.E0,0.E0));
#7987=AXIS2_PLACEMENT_3D('',#7984,#7985,#7986);
#7988=PLANE('',#7987);
#7990=ORIENTED_EDGE('',*,*,#7989,.T.);
#7991=ORIENTED_EDGE('',*,*,#7643,.F.);
#7992=ORIENTED_EDGE('',*,*,#5740,.T.);
#7993=ORIENTED_EDGE('',*,*,#7757,.T.);
#7994=EDGE_LOOP('',(#7990,#7991,#7992,#7993));
#7995=FACE_OUTER_BOUND('',#7994,.F.);
#7996=ADVANCED_FACE('',(#7995),#7988,.T.);
#7997=CARTESIAN_POINT('',(-3.25E0,-4.75E0,5.5E-1));
#7998=DIRECTION('',(1.E0,0.E0,0.E0));
#7999=DIRECTION('',(0.E0,0.E0,-1.E0));
#8000=AXIS2_PLACEMENT_3D('',#7997,#7998,#7999);
#8001=CYLINDRICAL_SURFACE('',#8000,2.E-1);
#8002=ORIENTED_EDGE('',*,*,#7678,.F.);
#8004=ORIENTED_EDGE('',*,*,#8003,.T.);
#8005=ORIENTED_EDGE('',*,*,#7803,.T.);
#8006=ORIENTED_EDGE('',*,*,#7978,.F.);
#8007=EDGE_LOOP('',(#8002,#8004,#8005,#8006));
#8008=FACE_OUTER_BOUND('',#8007,.F.);
#8009=ADVANCED_FACE('',(#8008),#8001,.F.);
#8010=CARTESIAN_POINT('',(-3.25E0,-4.95E0,-5.31E0));
#8011=DIRECTION('',(0.E0,1.E0,0.E0));
#8012=DIRECTION('',(0.E0,0.E0,1.E0));
#8013=AXIS2_PLACEMENT_3D('',#8010,#8011,#8012);
#8014=PLANE('',#8013);
#8016=ORIENTED_EDGE('',*,*,#8015,.F.);
#8017=ORIENTED_EDGE('',*,*,#7805,.T.);
#8018=ORIENTED_EDGE('',*,*,#8003,.F.);
#8019=ORIENTED_EDGE('',*,*,#7676,.F.);
#8020=EDGE_LOOP('',(#8016,#8017,#8018,#8019));
#8021=FACE_OUTER_BOUND('',#8020,.F.);
#8022=ADVANCED_FACE('',(#8021),#8014,.T.);
#8023=CARTESIAN_POINT('',(-3.E0,-5.025E0,-5.01E0));
#8024=DIRECTION('',(0.E0,9.701425001453E-1,-2.425356250363E-1));
#8025=DIRECTION('',(0.E0,-2.425356250363E-1,-9.701425001453E-1));
#8026=AXIS2_PLACEMENT_3D('',#8023,#8024,#8025);
#8027=PLANE('',#8026);
#8029=ORIENTED_EDGE('',*,*,#8028,.F.);
#8031=ORIENTED_EDGE('',*,*,#8030,.F.);
#8033=ORIENTED_EDGE('',*,*,#8032,.F.);
#8034=ORIENTED_EDGE('',*,*,#8015,.T.);
#8035=EDGE_LOOP('',(#8029,#8031,#8033,#8034));
#8036=FACE_OUTER_BOUND('',#8035,.F.);
#8037=ADVANCED_FACE('',(#8036),#8027,.T.);
#8038=CARTESIAN_POINT('',(-3.175E0,-5.2E0,-5.01E0));
#8039=DIRECTION('',(-9.701425001453E-1,0.E0,-2.425356250363E-1));
#8040=DIRECTION('',(2.425356250363E-1,0.E0,-9.701425001453E-1));
#8041=AXIS2_PLACEMENT_3D('',#8038,#8039,#8040);
#8042=PLANE('',#8041);
#8044=ORIENTED_EDGE('',*,*,#8043,.F.);
#8046=ORIENTED_EDGE('',*,*,#8045,.F.);
#8047=ORIENTED_EDGE('',*,*,#8028,.T.);
#8048=ORIENTED_EDGE('',*,*,#7674,.T.);
#8049=EDGE_LOOP('',(#8044,#8046,#8047,#8048));
#8050=FACE_OUTER_BOUND('',#8049,.F.);
#8051=ADVANCED_FACE('',(#8050),#8042,.T.);
#8052=CARTESIAN_POINT('',(-3.E0,-5.375E0,-5.01E0));
#8053=DIRECTION('',(0.E0,-9.701425001453E-1,-2.425356250363E-1));
#8054=DIRECTION('',(0.E0,-2.425356250363E-1,9.701425001453E-1));
#8055=AXIS2_PLACEMENT_3D('',#8052,#8053,#8054);
#8056=PLANE('',#8055);
#8057=ORIENTED_EDGE('',*,*,#8043,.T.);
#8059=ORIENTED_EDGE('',*,*,#8058,.F.);
#8061=ORIENTED_EDGE('',*,*,#8060,.F.);
#8063=ORIENTED_EDGE('',*,*,#8062,.T.);
#8064=EDGE_LOOP('',(#8057,#8059,#8061,#8063));
#8065=FACE_OUTER_BOUND('',#8064,.F.);
#8066=ADVANCED_FACE('',(#8065),#8056,.T.);
#8067=CARTESIAN_POINT('',(-3.25E0,-5.45E0,5.5E-1));
#8068=DIRECTION('',(0.E0,-1.E0,0.E0));
#8069=DIRECTION('',(0.E0,0.E0,-1.E0));
#8070=AXIS2_PLACEMENT_3D('',#8067,#8068,#8069);
#8071=PLANE('',#8070);
#8072=ORIENTED_EDGE('',*,*,#8058,.T.);
#8073=ORIENTED_EDGE('',*,*,#7688,.F.);
#8075=ORIENTED_EDGE('',*,*,#8074,.T.);
#8076=ORIENTED_EDGE('',*,*,#7793,.T.);
#8077=EDGE_LOOP('',(#8072,#8073,#8075,#8076));
#8078=FACE_OUTER_BOUND('',#8077,.F.);
#8079=ADVANCED_FACE('',(#8078),#8071,.T.);
#8080=CARTESIAN_POINT('',(-3.25E0,-4.75E0,5.5E-1));
#8081=DIRECTION('',(1.E0,0.E0,0.E0));
#8082=DIRECTION('',(0.E0,0.E0,-1.E0));
#8083=AXIS2_PLACEMENT_3D('',#8080,#8081,#8082);
#8084=CYLINDRICAL_SURFACE('',#8083,7.E-1);
#8085=ORIENTED_EDGE('',*,*,#7686,.F.);
#8086=ORIENTED_EDGE('',*,*,#7914,.T.);
#8087=ORIENTED_EDGE('',*,*,#7795,.T.);
#8088=ORIENTED_EDGE('',*,*,#8074,.F.);
#8089=EDGE_LOOP('',(#8085,#8086,#8087,#8088));
#8090=FACE_OUTER_BOUND('',#8089,.F.);
#8091=ADVANCED_FACE('',(#8090),#8084,.T.);
#8092=CARTESIAN_POINT('',(-2.825E0,-5.2E0,-5.01E0));
#8093=DIRECTION('',(9.701425001453E-1,0.E0,-2.425356250363E-1));
#8094=DIRECTION('',(-2.425356250363E-1,0.E0,-9.701425001453E-1));
#8095=AXIS2_PLACEMENT_3D('',#8092,#8093,#8094);
#8096=PLANE('',#8095);
#8097=ORIENTED_EDGE('',*,*,#8060,.T.);
#8098=ORIENTED_EDGE('',*,*,#7791,.T.);
#8099=ORIENTED_EDGE('',*,*,#8032,.T.);
#8101=ORIENTED_EDGE('',*,*,#8100,.F.);
#8102=EDGE_LOOP('',(#8097,#8098,#8099,#8101));
#8103=FACE_OUTER_BOUND('',#8102,.F.);
#8104=ADVANCED_FACE('',(#8103),#8096,.T.);
#8105=CARTESIAN_POINT('',(-3.25E0,-5.45E0,-5.31E0));
#8106=DIRECTION('',(0.E0,0.E0,-1.E0));
#8107=DIRECTION('',(0.E0,1.E0,0.E0));
#8108=AXIS2_PLACEMENT_3D('',#8105,#8106,#8107);
#8109=PLANE('',#8108);
#8110=ORIENTED_EDGE('',*,*,#8030,.T.);
#8111=ORIENTED_EDGE('',*,*,#8045,.T.);
#8112=ORIENTED_EDGE('',*,*,#8062,.F.);
#8113=ORIENTED_EDGE('',*,*,#8100,.T.);
#8114=EDGE_LOOP('',(#8110,#8111,#8112,#8113));
#8115=FACE_OUTER_BOUND('',#8114,.F.);
#8116=ADVANCED_FACE('',(#8115),#8109,.T.);
#8117=CARTESIAN_POINT('',(-3.E0,2.6E0,8.25E-1));
#8118=DIRECTION('',(0.E0,2.425356250363E-1,-9.701425001453E-1));
#8119=DIRECTION('',(0.E0,-9.701425001453E-1,-2.425356250363E-1));
#8120=AXIS2_PLACEMENT_3D('',#8117,#8118,#8119);
#8121=PLANE('',#8120);
#8122=ORIENTED_EDGE('',*,*,#7989,.F.);
#8123=ORIENTED_EDGE('',*,*,#7869,.F.);
#8124=ORIENTED_EDGE('',*,*,#7886,.T.);
#8126=ORIENTED_EDGE('',*,*,#8125,.T.);
#8127=EDGE_LOOP('',(#8122,#8123,#8124,#8126));
#8128=FACE_OUTER_BOUND('',#8127,.F.);
#8129=ADVANCED_FACE('',(#8128),#8121,.T.);
#8130=CARTESIAN_POINT('',(-3.175E0,2.6E0,1.E0));
#8131=DIRECTION('',(-9.701425001453E-1,2.425356250363E-1,0.E0));
#8132=DIRECTION('',(2.425356250363E-1,9.701425001453E-1,0.E0));
#8133=AXIS2_PLACEMENT_3D('',#8130,#8131,#8132);
#8134=PLANE('',#8133);
#8135=ORIENTED_EDGE('',*,*,#7638,.T.);
#8136=ORIENTED_EDGE('',*,*,#8125,.F.);
#8137=ORIENTED_EDGE('',*,*,#7884,.F.);
#8138=ORIENTED_EDGE('',*,*,#7899,.T.);
#8139=EDGE_LOOP('',(#8135,#8136,#8137,#8138));
#8140=FACE_OUTER_BOUND('',#8139,.F.);
#8141=ADVANCED_FACE('',(#8140),#8134,.T.);
#8142=CARTESIAN_POINT('',(-3.25E0,-2.75E0,-1.45E0));
#8143=DIRECTION('',(1.E0,0.E0,0.E0));
#8144=DIRECTION('',(0.E0,0.E0,-1.E0));
#8145=AXIS2_PLACEMENT_3D('',#8142,#8143,#8144);
#8146=CYLINDRICAL_SURFACE('',#8145,7.E-1);
#8147=ORIENTED_EDGE('',*,*,#7941,.T.);
#8148=ORIENTED_EDGE('',*,*,#7774,.T.);
#8150=ORIENTED_EDGE('',*,*,#8149,.F.);
#8151=ORIENTED_EDGE('',*,*,#7662,.F.);
#8152=EDGE_LOOP('',(#8147,#8148,#8150,#8151));
#8153=FACE_OUTER_BOUND('',#8152,.F.);
#8154=ADVANCED_FACE('',(#8153),#8146,.T.);
#8155=CARTESIAN_POINT('',(-3.25E0,-3.45E0,-1.45E0));
#8156=DIRECTION('',(0.E0,-1.E0,0.E0));
#8157=DIRECTION('',(0.E0,0.E0,-1.E0));
#8158=AXIS2_PLACEMENT_3D('',#8155,#8156,#8157);
#8159=PLANE('',#8158);
#8161=ORIENTED_EDGE('',*,*,#8160,.T.);
#8162=ORIENTED_EDGE('',*,*,#7664,.F.);
#8163=ORIENTED_EDGE('',*,*,#8149,.T.);
#8164=ORIENTED_EDGE('',*,*,#7772,.T.);
#8165=EDGE_LOOP('',(#8161,#8162,#8163,#8164));
#8166=FACE_OUTER_BOUND('',#8165,.F.);
#8167=ADVANCED_FACE('',(#8166),#8159,.T.);
#8168=CARTESIAN_POINT('',(-3.E0,-3.375E0,-5.01E0));
#8169=DIRECTION('',(0.E0,-9.701425001453E-1,-2.425356250363E-1));
#8170=DIRECTION('',(0.E0,-2.425356250363E-1,9.701425001453E-1));
#8171=AXIS2_PLACEMENT_3D('',#8168,#8169,#8170);
#8172=PLANE('',#8171);
#8173=ORIENTED_EDGE('',*,*,#8160,.F.);
#8175=ORIENTED_EDGE('',*,*,#8174,.F.);
#8177=ORIENTED_EDGE('',*,*,#8176,.T.);
#8179=ORIENTED_EDGE('',*,*,#8178,.T.);
#8180=EDGE_LOOP('',(#8173,#8175,#8177,#8179));
#8181=FACE_OUTER_BOUND('',#8180,.F.);
#8182=ADVANCED_FACE('',(#8181),#8172,.T.);
#8183=CARTESIAN_POINT('',(-2.825E0,-3.2E0,-5.01E0));
#8184=DIRECTION('',(9.701425001453E-1,0.E0,-2.425356250363E-1));
#8185=DIRECTION('',(-2.425356250363E-1,0.E0,-9.701425001453E-1));
#8186=AXIS2_PLACEMENT_3D('',#8183,#8184,#8185);
#8187=PLANE('',#8186);
#8189=ORIENTED_EDGE('',*,*,#8188,.F.);
#8190=ORIENTED_EDGE('',*,*,#8174,.T.);
#8191=ORIENTED_EDGE('',*,*,#7770,.T.);
#8193=ORIENTED_EDGE('',*,*,#8192,.T.);
#8194=EDGE_LOOP('',(#8189,#8190,#8191,#8193));
#8195=FACE_OUTER_BOUND('',#8194,.F.);
#8196=ADVANCED_FACE('',(#8195),#8187,.T.);
#8197=CARTESIAN_POINT('',(-3.25E0,-3.45E0,-5.31E0));
#8198=DIRECTION('',(0.E0,0.E0,-1.E0));
#8199=DIRECTION('',(0.E0,1.E0,0.E0));
#8200=AXIS2_PLACEMENT_3D('',#8197,#8198,#8199);
#8201=PLANE('',#8200);
#8203=ORIENTED_EDGE('',*,*,#8202,.T.);
#8205=ORIENTED_EDGE('',*,*,#8204,.T.);
#8206=ORIENTED_EDGE('',*,*,#8176,.F.);
#8207=ORIENTED_EDGE('',*,*,#8188,.T.);
#8208=EDGE_LOOP('',(#8203,#8205,#8206,#8207));
#8209=FACE_OUTER_BOUND('',#8208,.F.);
#8210=ADVANCED_FACE('',(#8209),#8201,.T.);
#8211=CARTESIAN_POINT('',(-3.E0,-3.025E0,-5.01E0));
#8212=DIRECTION('',(0.E0,9.701425001453E-1,-2.425356250363E-1));
#8213=DIRECTION('',(0.E0,-2.425356250363E-1,-9.701425001453E-1));
#8214=AXIS2_PLACEMENT_3D('',#8211,#8212,#8213);
#8215=PLANE('',#8214);
#8217=ORIENTED_EDGE('',*,*,#8216,.T.);
#8219=ORIENTED_EDGE('',*,*,#8218,.F.);
#8220=ORIENTED_EDGE('',*,*,#8202,.F.);
#8221=ORIENTED_EDGE('',*,*,#8192,.F.);
#8222=EDGE_LOOP('',(#8217,#8219,#8220,#8221));
#8223=FACE_OUTER_BOUND('',#8222,.F.);
#8224=ADVANCED_FACE('',(#8223),#8215,.T.);
#8225=CARTESIAN_POINT('',(-3.25E0,-2.95E0,-5.31E0));
#8226=DIRECTION('',(0.E0,1.E0,0.E0));
#8227=DIRECTION('',(0.E0,0.E0,1.E0));
#8228=AXIS2_PLACEMENT_3D('',#8225,#8226,#8227);
#8229=PLANE('',#8228);
#8230=ORIENTED_EDGE('',*,*,#8216,.F.);
#8231=ORIENTED_EDGE('',*,*,#7781,.T.);
#8233=ORIENTED_EDGE('',*,*,#8232,.F.);
#8234=ORIENTED_EDGE('',*,*,#7655,.F.);
#8235=EDGE_LOOP('',(#8230,#8231,#8233,#8234));
#8236=FACE_OUTER_BOUND('',#8235,.F.);
#8237=ADVANCED_FACE('',(#8236),#8229,.T.);
#8238=CARTESIAN_POINT('',(-3.25E0,-2.75E0,-1.45E0));
#8239=DIRECTION('',(1.E0,0.E0,0.E0));
#8240=DIRECTION('',(0.E0,0.E0,-1.E0));
#8241=AXIS2_PLACEMENT_3D('',#8238,#8239,#8240);
#8242=CYLINDRICAL_SURFACE('',#8241,2.E-1);
#8243=ORIENTED_EDGE('',*,*,#7603,.F.);
#8244=ORIENTED_EDGE('',*,*,#7657,.F.);
#8245=ORIENTED_EDGE('',*,*,#8232,.T.);
#8246=ORIENTED_EDGE('',*,*,#7779,.T.);
#8247=EDGE_LOOP('',(#8243,#8244,#8245,#8246));
#8248=FACE_OUTER_BOUND('',#8247,.F.);
#8249=ADVANCED_FACE('',(#8248),#8242,.F.);
#8250=CARTESIAN_POINT('',(-3.175E0,-3.2E0,-5.01E0));
#8251=DIRECTION('',(-9.701425001453E-1,0.E0,-2.425356250363E-1));
#8252=DIRECTION('',(2.425356250363E-1,0.E0,-9.701425001453E-1));
#8253=AXIS2_PLACEMENT_3D('',#8250,#8251,#8252);
#8254=PLANE('',#8253);
#8255=ORIENTED_EDGE('',*,*,#7653,.T.);
#8256=ORIENTED_EDGE('',*,*,#8178,.F.);
#8257=ORIENTED_EDGE('',*,*,#8204,.F.);
#8258=ORIENTED_EDGE('',*,*,#8218,.T.);
#8259=EDGE_LOOP('',(#8255,#8256,#8257,#8258));
#8260=FACE_OUTER_BOUND('',#8259,.F.);
#8261=ADVANCED_FACE('',(#8260),#8254,.T.);
#8262=CARTESIAN_POINT('',(-3.65E0,-3.2E0,2.5E-1));
#8263=DIRECTION('',(-1.E0,0.E0,0.E0));
#8264=DIRECTION('',(0.E0,0.E0,-1.E0));
#8265=AXIS2_PLACEMENT_3D('',#8262,#8263,#8264);
#8266=PLANE('',#8265);
#8267=ORIENTED_EDGE('',*,*,#7541,.F.);
#8268=ORIENTED_EDGE('',*,*,#7945,.F.);
#8269=ORIENTED_EDGE('',*,*,#7611,.F.);
#8270=ORIENTED_EDGE('',*,*,#7153,.F.);
#8271=ORIENTED_EDGE('',*,*,#7210,.T.);
#8272=ORIENTED_EDGE('',*,*,#7377,.T.);
#8274=ORIENTED_EDGE('',*,*,#8273,.F.);
#8275=ORIENTED_EDGE('',*,*,#7956,.F.);
#8276=ORIENTED_EDGE('',*,*,#7477,.T.);
#8278=ORIENTED_EDGE('',*,*,#8277,.T.);
#8279=EDGE_LOOP('',(#8267,#8268,#8269,#8270,#8271,#8272,#8274,#8275,#8276,
#8278));
#8280=FACE_OUTER_BOUND('',#8279,.F.);
#8281=ADVANCED_FACE('',(#8280),#8266,.F.);
#8282=CARTESIAN_POINT('',(-2.35E0,-2.95E0,1.3E0));
#8283=DIRECTION('',(0.E0,8.660254037844E-1,-5.E-1));
#8284=DIRECTION('',(0.E0,5.E-1,8.660254037844E-1));
#8285=AXIS2_PLACEMENT_3D('',#8282,#8283,#8284);
#8286=PLANE('',#8285);
#8287=ORIENTED_EDGE('',*,*,#7375,.T.);
#8288=ORIENTED_EDGE('',*,*,#7589,.F.);
#8289=ORIENTED_EDGE('',*,*,#7958,.T.);
#8290=ORIENTED_EDGE('',*,*,#8273,.T.);
#8291=EDGE_LOOP('',(#8287,#8288,#8289,#8290));
#8292=FACE_OUTER_BOUND('',#8291,.F.);
#8293=ADVANCED_FACE('',(#8292),#8286,.F.);
#8294=CARTESIAN_POINT('',(0.E0,-2.7E0,-3.15E0));
#8295=DIRECTION('',(0.E0,-1.E0,0.E0));
#8296=DIRECTION('',(1.E0,0.E0,0.E0));
#8297=AXIS2_PLACEMENT_3D('',#8294,#8295,#8296);
#8298=PLANE('',#8297);
#8299=ORIENTED_EDGE('',*,*,#8277,.F.);
#8300=ORIENTED_EDGE('',*,*,#7475,.F.);
#8301=ORIENTED_EDGE('',*,*,#7459,.F.);
#8302=ORIENTED_EDGE('',*,*,#7543,.F.);
#8303=EDGE_LOOP('',(#8299,#8300,#8301,#8302));
#8304=FACE_OUTER_BOUND('',#8303,.F.);
#8305=ADVANCED_FACE('',(#8304),#8298,.T.);
#8306=CARTESIAN_POINT('',(3.65E0,-2.95E0,-1.3E0));
#8307=DIRECTION('',(0.E0,1.E0,0.E0));
#8308=DIRECTION('',(0.E0,0.E0,1.E0));
#8309=AXIS2_PLACEMENT_3D('',#8306,#8307,#8308);
#8310=PLANE('',#8309);
#8311=ORIENTED_EDGE('',*,*,#7546,.T.);
#8312=ORIENTED_EDGE('',*,*,#7455,.F.);
#8314=ORIENTED_EDGE('',*,*,#8313,.T.);
#8316=ORIENTED_EDGE('',*,*,#8315,.T.);
#8318=ORIENTED_EDGE('',*,*,#8317,.F.);
#8320=ORIENTED_EDGE('',*,*,#8319,.F.);
#8322=ORIENTED_EDGE('',*,*,#8321,.T.);
#8323=ORIENTED_EDGE('',*,*,#7507,.T.);
#8324=EDGE_LOOP('',(#8311,#8312,#8314,#8316,#8318,#8320,#8322,#8323));
#8325=FACE_OUTER_BOUND('',#8324,.F.);
#8326=ADVANCED_FACE('',(#8325),#8310,.F.);
#8327=CARTESIAN_POINT('',(3.65E0,-2.95E0,-1.3E0));
#8328=DIRECTION('',(0.E0,1.E0,0.E0));
#8329=DIRECTION('',(0.E0,0.E0,1.E0));
#8330=AXIS2_PLACEMENT_3D('',#8327,#8328,#8329);
#8331=PLANE('',#8330);
#8332=ORIENTED_EDGE('',*,*,#7472,.F.);
#8333=ORIENTED_EDGE('',*,*,#7526,.T.);
#8335=ORIENTED_EDGE('',*,*,#8334,.F.);
#8336=ORIENTED_EDGE('',*,*,#7446,.F.);
#8337=EDGE_LOOP('',(#8332,#8333,#8335,#8336));
#8338=FACE_OUTER_BOUND('',#8337,.F.);
#8340=ORIENTED_EDGE('',*,*,#8339,.F.);
#8342=ORIENTED_EDGE('',*,*,#8341,.T.);
#8344=ORIENTED_EDGE('',*,*,#8343,.T.);
#8346=ORIENTED_EDGE('',*,*,#8345,.F.);
#8347=EDGE_LOOP('',(#8340,#8342,#8344,#8346));
#8348=FACE_BOUND('',#8347,.F.);
#8349=ADVANCED_FACE('',(#8338,#8348),#8331,.F.);
#8350=CARTESIAN_POINT('',(2.75E0,0.E0,0.E0));
#8351=DIRECTION('',(1.E0,0.E0,0.E0));
#8352=DIRECTION('',(0.E0,0.E0,-1.E0));
#8353=AXIS2_PLACEMENT_3D('',#8350,#8351,#8352);
#8354=PLANE('',#8353);
#8356=ORIENTED_EDGE('',*,*,#8355,.F.);
#8358=ORIENTED_EDGE('',*,*,#8357,.T.);
#8359=ORIENTED_EDGE('',*,*,#5784,.T.);
#8361=ORIENTED_EDGE('',*,*,#8360,.T.);
#8362=EDGE_LOOP('',(#8356,#8358,#8359,#8361));
#8363=FACE_OUTER_BOUND('',#8362,.F.);
#8364=ADVANCED_FACE('',(#8363),#8354,.F.);
#8365=CARTESIAN_POINT('',(2.75E0,0.E0,0.E0));
#8366=DIRECTION('',(1.E0,0.E0,0.E0));
#8367=DIRECTION('',(0.E0,0.E0,-1.E0));
#8368=AXIS2_PLACEMENT_3D('',#8365,#8366,#8367);
#8369=PLANE('',#8368);
#8371=ORIENTED_EDGE('',*,*,#8370,.F.);
#8373=ORIENTED_EDGE('',*,*,#8372,.T.);
#8374=ORIENTED_EDGE('',*,*,#5794,.T.);
#8376=ORIENTED_EDGE('',*,*,#8375,.T.);
#8377=EDGE_LOOP('',(#8371,#8373,#8374,#8376));
#8378=FACE_OUTER_BOUND('',#8377,.F.);
#8379=ADVANCED_FACE('',(#8378),#8369,.F.);
#8380=CARTESIAN_POINT('',(2.75E0,0.E0,0.E0));
#8381=DIRECTION('',(1.E0,0.E0,0.E0));
#8382=DIRECTION('',(0.E0,0.E0,-1.E0));
#8383=AXIS2_PLACEMENT_3D('',#8380,#8381,#8382);
#8384=PLANE('',#8383);
#8386=ORIENTED_EDGE('',*,*,#8385,.F.);
#8388=ORIENTED_EDGE('',*,*,#8387,.T.);
#8390=ORIENTED_EDGE('',*,*,#8389,.T.);
#8392=ORIENTED_EDGE('',*,*,#8391,.T.);
#8393=ORIENTED_EDGE('',*,*,#8319,.T.);
#8395=ORIENTED_EDGE('',*,*,#8394,.T.);
#8397=ORIENTED_EDGE('',*,*,#8396,.T.);
#8398=EDGE_LOOP('',(#8386,#8388,#8390,#8392,#8393,#8395,#8397));
#8399=FACE_OUTER_BOUND('',#8398,.F.);
#8400=ADVANCED_FACE('',(#8399),#8384,.F.);
#8401=CARTESIAN_POINT('',(2.75E0,0.E0,0.E0));
#8402=DIRECTION('',(1.E0,0.E0,0.E0));
#8403=DIRECTION('',(0.E0,0.E0,-1.E0));
#8404=AXIS2_PLACEMENT_3D('',#8401,#8402,#8403);
#8405=PLANE('',#8404);
#8407=ORIENTED_EDGE('',*,*,#8406,.F.);
#8409=ORIENTED_EDGE('',*,*,#8408,.T.);
#8411=ORIENTED_EDGE('',*,*,#8410,.T.);
#8413=ORIENTED_EDGE('',*,*,#8412,.T.);
#8414=ORIENTED_EDGE('',*,*,#8339,.T.);
#8416=ORIENTED_EDGE('',*,*,#8415,.T.);
#8418=ORIENTED_EDGE('',*,*,#8417,.T.);
#8420=ORIENTED_EDGE('',*,*,#8419,.T.);
#8421=EDGE_LOOP('',(#8407,#8409,#8411,#8413,#8414,#8416,#8418,#8420));
#8422=FACE_OUTER_BOUND('',#8421,.F.);
#8423=ADVANCED_FACE('',(#8422),#8405,.F.);
#8424=CARTESIAN_POINT('',(2.825E0,2.6E0,-1.E0));
#8425=DIRECTION('',(-9.701425001453E-1,2.425356250363E-1,0.E0));
#8426=DIRECTION('',(2.425356250363E-1,9.701425001453E-1,0.E0));
#8427=AXIS2_PLACEMENT_3D('',#8424,#8425,#8426);
#8428=PLANE('',#8427);
#8429=ORIENTED_EDGE('',*,*,#8355,.T.);
#8431=ORIENTED_EDGE('',*,*,#8430,.F.);
#8433=ORIENTED_EDGE('',*,*,#8432,.F.);
#8435=ORIENTED_EDGE('',*,*,#8434,.T.);
#8436=EDGE_LOOP('',(#8429,#8431,#8433,#8435));
#8437=FACE_OUTER_BOUND('',#8436,.F.);
#8438=ADVANCED_FACE('',(#8437),#8428,.T.);
#8439=CARTESIAN_POINT('',(3.E0,2.6E0,-1.175E0));
#8440=DIRECTION('',(0.E0,2.425356250363E-1,-9.701425001453E-1));
#8441=DIRECTION('',(0.E0,-9.701425001453E-1,-2.425356250363E-1));
#8442=AXIS2_PLACEMENT_3D('',#8439,#8440,#8441);
#8443=PLANE('',#8442);
#8445=ORIENTED_EDGE('',*,*,#8444,.F.);
#8447=ORIENTED_EDGE('',*,*,#8446,.F.);
#8449=ORIENTED_EDGE('',*,*,#8448,.T.);
#8450=ORIENTED_EDGE('',*,*,#8430,.T.);
#8451=EDGE_LOOP('',(#8445,#8447,#8449,#8450));
#8452=FACE_OUTER_BOUND('',#8451,.F.);
#8453=ADVANCED_FACE('',(#8452),#8443,.T.);
#8454=CARTESIAN_POINT('',(2.75E0,-2.75E0,-1.25E0));
#8455=DIRECTION('',(0.E0,0.E0,-1.E0));
#8456=DIRECTION('',(0.E0,1.E0,0.E0));
#8457=AXIS2_PLACEMENT_3D('',#8454,#8455,#8456);
#8458=PLANE('',#8457);
#8459=ORIENTED_EDGE('',*,*,#8444,.T.);
#8460=ORIENTED_EDGE('',*,*,#8360,.F.);
#8461=ORIENTED_EDGE('',*,*,#5790,.T.);
#8463=ORIENTED_EDGE('',*,*,#8462,.T.);
#8464=EDGE_LOOP('',(#8459,#8460,#8461,#8463));
#8465=FACE_OUTER_BOUND('',#8464,.F.);
#8466=ADVANCED_FACE('',(#8465),#8458,.T.);
#8467=CARTESIAN_POINT('',(3.25E0,0.E0,0.E0));
#8468=DIRECTION('',(1.E0,0.E0,0.E0));
#8469=DIRECTION('',(0.E0,0.E0,-1.E0));
#8470=AXIS2_PLACEMENT_3D('',#8467,#8468,#8469);
#8471=PLANE('',#8470);
#8473=ORIENTED_EDGE('',*,*,#8472,.F.);
#8474=ORIENTED_EDGE('',*,*,#8462,.F.);
#8475=ORIENTED_EDGE('',*,*,#5788,.F.);
#8477=ORIENTED_EDGE('',*,*,#8476,.F.);
#8478=EDGE_LOOP('',(#8473,#8474,#8475,#8477));
#8479=FACE_OUTER_BOUND('',#8478,.F.);
#8480=ADVANCED_FACE('',(#8479),#8471,.T.);
#8481=CARTESIAN_POINT('',(3.25E0,0.E0,0.E0));
#8482=DIRECTION('',(1.E0,0.E0,0.E0));
#8483=DIRECTION('',(0.E0,0.E0,-1.E0));
#8484=AXIS2_PLACEMENT_3D('',#8481,#8482,#8483);
#8485=PLANE('',#8484);
#8487=ORIENTED_EDGE('',*,*,#8486,.F.);
#8489=ORIENTED_EDGE('',*,*,#8488,.F.);
#8490=ORIENTED_EDGE('',*,*,#5798,.F.);
#8492=ORIENTED_EDGE('',*,*,#8491,.F.);
#8493=EDGE_LOOP('',(#8487,#8489,#8490,#8492));
#8494=FACE_OUTER_BOUND('',#8493,.F.);
#8495=ADVANCED_FACE('',(#8494),#8485,.T.);
#8496=CARTESIAN_POINT('',(3.25E0,0.E0,0.E0));
#8497=DIRECTION('',(1.E0,0.E0,0.E0));
#8498=DIRECTION('',(0.E0,0.E0,-1.E0));
#8499=AXIS2_PLACEMENT_3D('',#8496,#8497,#8498);
#8500=PLANE('',#8499);
#8502=ORIENTED_EDGE('',*,*,#8501,.F.);
#8504=ORIENTED_EDGE('',*,*,#8503,.F.);
#8506=ORIENTED_EDGE('',*,*,#8505,.F.);
#8507=ORIENTED_EDGE('',*,*,#8315,.F.);
#8509=ORIENTED_EDGE('',*,*,#8508,.F.);
#8511=ORIENTED_EDGE('',*,*,#8510,.F.);
#8513=ORIENTED_EDGE('',*,*,#8512,.F.);
#8514=EDGE_LOOP('',(#8502,#8504,#8506,#8507,#8509,#8511,#8513));
#8515=FACE_OUTER_BOUND('',#8514,.F.);
#8516=ADVANCED_FACE('',(#8515),#8500,.T.);
#8517=CARTESIAN_POINT('',(3.25E0,0.E0,0.E0));
#8518=DIRECTION('',(1.E0,0.E0,0.E0));
#8519=DIRECTION('',(0.E0,0.E0,-1.E0));
#8520=AXIS2_PLACEMENT_3D('',#8517,#8518,#8519);
#8521=PLANE('',#8520);
#8523=ORIENTED_EDGE('',*,*,#8522,.F.);
#8525=ORIENTED_EDGE('',*,*,#8524,.F.);
#8527=ORIENTED_EDGE('',*,*,#8526,.F.);
#8529=ORIENTED_EDGE('',*,*,#8528,.F.);
#8530=ORIENTED_EDGE('',*,*,#8343,.F.);
#8532=ORIENTED_EDGE('',*,*,#8531,.F.);
#8534=ORIENTED_EDGE('',*,*,#8533,.F.);
#8536=ORIENTED_EDGE('',*,*,#8535,.F.);
#8537=EDGE_LOOP('',(#8523,#8525,#8527,#8529,#8530,#8532,#8534,#8536));
#8538=FACE_OUTER_BOUND('',#8537,.F.);
#8539=ADVANCED_FACE('',(#8538),#8521,.T.);
#8540=CARTESIAN_POINT('',(3.175E0,2.6E0,-1.E0));
#8541=DIRECTION('',(9.701425001453E-1,2.425356250363E-1,0.E0));
#8542=DIRECTION('',(-2.425356250363E-1,9.701425001453E-1,0.E0));
#8543=AXIS2_PLACEMENT_3D('',#8540,#8541,#8542);
#8544=PLANE('',#8543);
#8546=ORIENTED_EDGE('',*,*,#8545,.F.);
#8547=ORIENTED_EDGE('',*,*,#8446,.T.);
#8548=ORIENTED_EDGE('',*,*,#8472,.T.);
#8550=ORIENTED_EDGE('',*,*,#8549,.T.);
#8551=EDGE_LOOP('',(#8546,#8547,#8548,#8550));
#8552=FACE_OUTER_BOUND('',#8551,.F.);
#8553=ADVANCED_FACE('',(#8552),#8544,.T.);
#8554=CARTESIAN_POINT('',(2.75E0,2.9E0,-1.25E0));
#8555=DIRECTION('',(0.E0,1.E0,0.E0));
#8556=DIRECTION('',(0.E0,0.E0,1.E0));
#8557=AXIS2_PLACEMENT_3D('',#8554,#8555,#8556);
#8558=PLANE('',#8557);
#8560=ORIENTED_EDGE('',*,*,#8559,.T.);
#8561=ORIENTED_EDGE('',*,*,#8432,.T.);
#8562=ORIENTED_EDGE('',*,*,#8448,.F.);
#8563=ORIENTED_EDGE('',*,*,#8545,.T.);
#8564=EDGE_LOOP('',(#8560,#8561,#8562,#8563));
#8565=FACE_OUTER_BOUND('',#8564,.F.);
#8566=ADVANCED_FACE('',(#8565),#8558,.T.);
#8567=CARTESIAN_POINT('',(3.E0,2.6E0,-8.25E-1));
#8568=DIRECTION('',(0.E0,2.425356250363E-1,9.701425001453E-1));
#8569=DIRECTION('',(0.E0,9.701425001453E-1,-2.425356250363E-1));
#8570=AXIS2_PLACEMENT_3D('',#8567,#8568,#8569);
#8571=PLANE('',#8570);
#8573=ORIENTED_EDGE('',*,*,#8572,.T.);
#8574=ORIENTED_EDGE('',*,*,#8434,.F.);
#8575=ORIENTED_EDGE('',*,*,#8559,.F.);
#8576=ORIENTED_EDGE('',*,*,#8549,.F.);
#8577=EDGE_LOOP('',(#8573,#8574,#8575,#8576));
#8578=FACE_OUTER_BOUND('',#8577,.F.);
#8579=ADVANCED_FACE('',(#8578),#8571,.T.);
#8580=CARTESIAN_POINT('',(2.75E0,2.9E0,-7.5E-1));
#8581=DIRECTION('',(0.E0,0.E0,1.E0));
#8582=DIRECTION('',(0.E0,-1.E0,0.E0));
#8583=AXIS2_PLACEMENT_3D('',#8580,#8581,#8582);
#8584=PLANE('',#8583);
#8585=ORIENTED_EDGE('',*,*,#8572,.F.);
#8586=ORIENTED_EDGE('',*,*,#8476,.T.);
#8587=ORIENTED_EDGE('',*,*,#5786,.F.);
#8588=ORIENTED_EDGE('',*,*,#8357,.F.);
#8589=EDGE_LOOP('',(#8585,#8586,#8587,#8588));
#8590=FACE_OUTER_BOUND('',#8589,.F.);
#8591=ADVANCED_FACE('',(#8590),#8584,.T.);
#8592=CARTESIAN_POINT('',(3.175E0,2.6E0,1.E0));
#8593=DIRECTION('',(9.701425001453E-1,2.425356250363E-1,0.E0));
#8594=DIRECTION('',(-2.425356250363E-1,9.701425001453E-1,0.E0));
#8595=AXIS2_PLACEMENT_3D('',#8592,#8593,#8594);
#8596=PLANE('',#8595);
#8598=ORIENTED_EDGE('',*,*,#8597,.F.);
#8600=ORIENTED_EDGE('',*,*,#8599,.T.);
#8601=ORIENTED_EDGE('',*,*,#8486,.T.);
#8603=ORIENTED_EDGE('',*,*,#8602,.F.);
#8604=EDGE_LOOP('',(#8598,#8600,#8601,#8603));
#8605=FACE_OUTER_BOUND('',#8604,.F.);
#8606=ADVANCED_FACE('',(#8605),#8596,.T.);
#8607=CARTESIAN_POINT('',(2.75E0,2.9E0,7.5E-1));
#8608=DIRECTION('',(0.E0,1.E0,0.E0));
#8609=DIRECTION('',(0.E0,0.E0,1.E0));
#8610=AXIS2_PLACEMENT_3D('',#8607,#8608,#8609);
#8611=PLANE('',#8610);
#8613=ORIENTED_EDGE('',*,*,#8612,.T.);
#8615=ORIENTED_EDGE('',*,*,#8614,.T.);
#8617=ORIENTED_EDGE('',*,*,#8616,.F.);
#8618=ORIENTED_EDGE('',*,*,#8597,.T.);
#8619=EDGE_LOOP('',(#8613,#8615,#8617,#8618));
#8620=FACE_OUTER_BOUND('',#8619,.F.);
#8621=ADVANCED_FACE('',(#8620),#8611,.T.);
#8622=CARTESIAN_POINT('',(3.E0,2.6E0,1.175E0));
#8623=DIRECTION('',(0.E0,2.425356250363E-1,9.701425001453E-1));
#8624=DIRECTION('',(0.E0,9.701425001453E-1,-2.425356250363E-1));
#8625=AXIS2_PLACEMENT_3D('',#8622,#8623,#8624);
#8626=PLANE('',#8625);
#8628=ORIENTED_EDGE('',*,*,#8627,.T.);
#8630=ORIENTED_EDGE('',*,*,#8629,.F.);
#8631=ORIENTED_EDGE('',*,*,#8612,.F.);
#8632=ORIENTED_EDGE('',*,*,#8602,.T.);
#8633=EDGE_LOOP('',(#8628,#8630,#8631,#8632));
#8634=FACE_OUTER_BOUND('',#8633,.F.);
#8635=ADVANCED_FACE('',(#8634),#8626,.T.);
#8636=CARTESIAN_POINT('',(2.75E0,2.9E0,1.25E0));
#8637=DIRECTION('',(0.E0,0.E0,1.E0));
#8638=DIRECTION('',(0.E0,-1.E0,0.E0));
#8639=AXIS2_PLACEMENT_3D('',#8636,#8637,#8638);
#8640=PLANE('',#8639);
#8641=ORIENTED_EDGE('',*,*,#8345,.T.);
#8642=ORIENTED_EDGE('',*,*,#8528,.T.);
#8644=ORIENTED_EDGE('',*,*,#8643,.F.);
#8645=ORIENTED_EDGE('',*,*,#8415,.F.);
#8646=EDGE_LOOP('',(#8641,#8642,#8644,#8645));
#8647=FACE_OUTER_BOUND('',#8646,.F.);
#8648=ADVANCED_FACE('',(#8647),#8640,.T.);
#8649=CARTESIAN_POINT('',(2.75E0,2.9E0,1.25E0));
#8650=DIRECTION('',(0.E0,0.E0,1.E0));
#8651=DIRECTION('',(0.E0,-1.E0,0.E0));
#8652=AXIS2_PLACEMENT_3D('',#8649,#8650,#8651);
#8653=PLANE('',#8652);
#8654=ORIENTED_EDGE('',*,*,#8627,.F.);
#8655=ORIENTED_EDGE('',*,*,#8491,.T.);
#8656=ORIENTED_EDGE('',*,*,#5796,.F.);
#8657=ORIENTED_EDGE('',*,*,#8372,.F.);
#8658=EDGE_LOOP('',(#8654,#8655,#8656,#8657));
#8659=FACE_OUTER_BOUND('',#8658,.F.);
#8660=ADVANCED_FACE('',(#8659),#8653,.T.);
#8661=CARTESIAN_POINT('',(2.75E0,-4.75E0,5.5E-1));
#8662=DIRECTION('',(1.E0,0.E0,0.E0));
#8663=DIRECTION('',(0.E0,0.E0,-1.E0));
#8664=AXIS2_PLACEMENT_3D('',#8661,#8662,#8663);
#8665=CYLINDRICAL_SURFACE('',#8664,7.E-1);
#8666=ORIENTED_EDGE('',*,*,#8417,.F.);
#8667=ORIENTED_EDGE('',*,*,#8643,.T.);
#8668=ORIENTED_EDGE('',*,*,#8526,.T.);
#8670=ORIENTED_EDGE('',*,*,#8669,.F.);
#8671=EDGE_LOOP('',(#8666,#8667,#8668,#8670));
#8672=FACE_OUTER_BOUND('',#8671,.F.);
#8673=ADVANCED_FACE('',(#8672),#8665,.T.);
#8674=CARTESIAN_POINT('',(2.75E0,-5.45E0,5.5E-1));
#8675=DIRECTION('',(0.E0,-1.E0,0.E0));
#8676=DIRECTION('',(0.E0,0.E0,-1.E0));
#8677=AXIS2_PLACEMENT_3D('',#8674,#8675,#8676);
#8678=PLANE('',#8677);
#8680=ORIENTED_EDGE('',*,*,#8679,.T.);
#8681=ORIENTED_EDGE('',*,*,#8419,.F.);
#8682=ORIENTED_EDGE('',*,*,#8669,.T.);
#8683=ORIENTED_EDGE('',*,*,#8524,.T.);
#8684=EDGE_LOOP('',(#8680,#8681,#8682,#8683));
#8685=FACE_OUTER_BOUND('',#8684,.F.);
#8686=ADVANCED_FACE('',(#8685),#8678,.T.);
#8687=CARTESIAN_POINT('',(3.E0,-5.375E0,-5.01E0));
#8688=DIRECTION('',(0.E0,-9.701425001453E-1,-2.425356250363E-1));
#8689=DIRECTION('',(0.E0,-2.425356250363E-1,9.701425001453E-1));
#8690=AXIS2_PLACEMENT_3D('',#8687,#8688,#8689);
#8691=PLANE('',#8690);
#8693=ORIENTED_EDGE('',*,*,#8692,.T.);
#8694=ORIENTED_EDGE('',*,*,#8679,.F.);
#8696=ORIENTED_EDGE('',*,*,#8695,.F.);
#8698=ORIENTED_EDGE('',*,*,#8697,.T.);
#8699=EDGE_LOOP('',(#8693,#8694,#8696,#8698));
#8700=FACE_OUTER_BOUND('',#8699,.F.);
#8701=ADVANCED_FACE('',(#8700),#8691,.T.);
#8702=CARTESIAN_POINT('',(2.825E0,-5.2E0,-5.01E0));
#8703=DIRECTION('',(-9.701425001453E-1,0.E0,-2.425356250363E-1));
#8704=DIRECTION('',(2.425356250363E-1,0.E0,-9.701425001453E-1));
#8705=AXIS2_PLACEMENT_3D('',#8702,#8703,#8704);
#8706=PLANE('',#8705);
#8707=ORIENTED_EDGE('',*,*,#8692,.F.);
#8709=ORIENTED_EDGE('',*,*,#8708,.F.);
#8711=ORIENTED_EDGE('',*,*,#8710,.T.);
#8712=ORIENTED_EDGE('',*,*,#8406,.T.);
#8713=EDGE_LOOP('',(#8707,#8709,#8711,#8712));
#8714=FACE_OUTER_BOUND('',#8713,.F.);
#8715=ADVANCED_FACE('',(#8714),#8706,.T.);
#8716=CARTESIAN_POINT('',(2.75E0,-5.45E0,-5.31E0));
#8717=DIRECTION('',(0.E0,0.E0,-1.E0));
#8718=DIRECTION('',(0.E0,1.E0,0.E0));
#8719=AXIS2_PLACEMENT_3D('',#8716,#8717,#8718);
#8720=PLANE('',#8719);
#8722=ORIENTED_EDGE('',*,*,#8721,.T.);
#8723=ORIENTED_EDGE('',*,*,#8708,.T.);
#8724=ORIENTED_EDGE('',*,*,#8697,.F.);
#8726=ORIENTED_EDGE('',*,*,#8725,.T.);
#8727=EDGE_LOOP('',(#8722,#8723,#8724,#8726));
#8728=FACE_OUTER_BOUND('',#8727,.F.);
#8729=ADVANCED_FACE('',(#8728),#8720,.T.);
#8730=CARTESIAN_POINT('',(3.E0,-5.025E0,-5.01E0));
#8731=DIRECTION('',(0.E0,9.701425001453E-1,-2.425356250363E-1));
#8732=DIRECTION('',(0.E0,-2.425356250363E-1,-9.701425001453E-1));
#8733=AXIS2_PLACEMENT_3D('',#8730,#8731,#8732);
#8734=PLANE('',#8733);
#8735=ORIENTED_EDGE('',*,*,#8710,.F.);
#8736=ORIENTED_EDGE('',*,*,#8721,.F.);
#8738=ORIENTED_EDGE('',*,*,#8737,.F.);
#8740=ORIENTED_EDGE('',*,*,#8739,.T.);
#8741=EDGE_LOOP('',(#8735,#8736,#8738,#8740));
#8742=FACE_OUTER_BOUND('',#8741,.F.);
#8743=ADVANCED_FACE('',(#8742),#8734,.T.);
#8744=CARTESIAN_POINT('',(3.175E0,-5.2E0,-5.01E0));
#8745=DIRECTION('',(9.701425001453E-1,0.E0,-2.425356250363E-1));
#8746=DIRECTION('',(-2.425356250363E-1,0.E0,-9.701425001453E-1));
#8747=AXIS2_PLACEMENT_3D('',#8744,#8745,#8746);
#8748=PLANE('',#8747);
#8749=ORIENTED_EDGE('',*,*,#8695,.T.);
#8750=ORIENTED_EDGE('',*,*,#8522,.T.);
#8751=ORIENTED_EDGE('',*,*,#8737,.T.);
#8752=ORIENTED_EDGE('',*,*,#8725,.F.);
#8753=EDGE_LOOP('',(#8749,#8750,#8751,#8752));
#8754=FACE_OUTER_BOUND('',#8753,.F.);
#8755=ADVANCED_FACE('',(#8754),#8748,.T.);
#8756=CARTESIAN_POINT('',(2.75E0,-4.95E0,-5.31E0));
#8757=DIRECTION('',(0.E0,1.E0,0.E0));
#8758=DIRECTION('',(0.E0,0.E0,1.E0));
#8759=AXIS2_PLACEMENT_3D('',#8756,#8757,#8758);
#8760=PLANE('',#8759);
#8761=ORIENTED_EDGE('',*,*,#8739,.F.);
#8762=ORIENTED_EDGE('',*,*,#8535,.T.);
#8764=ORIENTED_EDGE('',*,*,#8763,.F.);
#8765=ORIENTED_EDGE('',*,*,#8408,.F.);
#8766=EDGE_LOOP('',(#8761,#8762,#8764,#8765));
#8767=FACE_OUTER_BOUND('',#8766,.F.);
#8768=ADVANCED_FACE('',(#8767),#8760,.T.);
#8769=CARTESIAN_POINT('',(2.75E0,-4.75E0,5.5E-1));
#8770=DIRECTION('',(1.E0,0.E0,0.E0));
#8771=DIRECTION('',(0.E0,0.E0,-1.E0));
#8772=AXIS2_PLACEMENT_3D('',#8769,#8770,#8771);
#8773=CYLINDRICAL_SURFACE('',#8772,2.E-1);
#8774=ORIENTED_EDGE('',*,*,#8410,.F.);
#8775=ORIENTED_EDGE('',*,*,#8763,.T.);
#8776=ORIENTED_EDGE('',*,*,#8533,.T.);
#8778=ORIENTED_EDGE('',*,*,#8777,.F.);
#8779=EDGE_LOOP('',(#8774,#8775,#8776,#8778));
#8780=FACE_OUTER_BOUND('',#8779,.F.);
#8781=ADVANCED_FACE('',(#8780),#8773,.F.);
#8782=CARTESIAN_POINT('',(2.75E0,-4.75E0,7.5E-1));
#8783=DIRECTION('',(0.E0,0.E0,-1.E0));
#8784=DIRECTION('',(0.E0,1.E0,0.E0));
#8785=AXIS2_PLACEMENT_3D('',#8782,#8783,#8784);
#8786=PLANE('',#8785);
#8787=ORIENTED_EDGE('',*,*,#8341,.F.);
#8788=ORIENTED_EDGE('',*,*,#8412,.F.);
#8789=ORIENTED_EDGE('',*,*,#8777,.T.);
#8790=ORIENTED_EDGE('',*,*,#8531,.T.);
#8791=EDGE_LOOP('',(#8787,#8788,#8789,#8790));
#8792=FACE_OUTER_BOUND('',#8791,.F.);
#8793=ADVANCED_FACE('',(#8792),#8786,.T.);
#8794=CARTESIAN_POINT('',(2.75E0,-4.75E0,7.5E-1));
#8795=DIRECTION('',(0.E0,0.E0,-1.E0));
#8796=DIRECTION('',(0.E0,1.E0,0.E0));
#8797=AXIS2_PLACEMENT_3D('',#8794,#8795,#8796);
#8798=PLANE('',#8797);
#8800=ORIENTED_EDGE('',*,*,#8799,.T.);
#8801=ORIENTED_EDGE('',*,*,#8375,.F.);
#8802=ORIENTED_EDGE('',*,*,#5800,.T.);
#8803=ORIENTED_EDGE('',*,*,#8488,.T.);
#8804=EDGE_LOOP('',(#8800,#8801,#8802,#8803));
#8805=FACE_OUTER_BOUND('',#8804,.F.);
#8806=ADVANCED_FACE('',(#8805),#8798,.T.);
#8807=CARTESIAN_POINT('',(3.E0,2.6E0,8.25E-1));
#8808=DIRECTION('',(0.E0,2.425356250363E-1,-9.701425001453E-1));
#8809=DIRECTION('',(0.E0,-9.701425001453E-1,-2.425356250363E-1));
#8810=AXIS2_PLACEMENT_3D('',#8807,#8808,#8809);
#8811=PLANE('',#8810);
#8812=ORIENTED_EDGE('',*,*,#8799,.F.);
#8813=ORIENTED_EDGE('',*,*,#8599,.F.);
#8814=ORIENTED_EDGE('',*,*,#8616,.T.);
#8816=ORIENTED_EDGE('',*,*,#8815,.T.);
#8817=EDGE_LOOP('',(#8812,#8813,#8814,#8816));
#8818=FACE_OUTER_BOUND('',#8817,.F.);
#8819=ADVANCED_FACE('',(#8818),#8811,.T.);
#8820=CARTESIAN_POINT('',(2.825E0,2.6E0,1.E0));
#8821=DIRECTION('',(-9.701425001453E-1,2.425356250363E-1,0.E0));
#8822=DIRECTION('',(2.425356250363E-1,9.701425001453E-1,0.E0));
#8823=AXIS2_PLACEMENT_3D('',#8820,#8821,#8822);
#8824=PLANE('',#8823);
#8825=ORIENTED_EDGE('',*,*,#8370,.T.);
#8826=ORIENTED_EDGE('',*,*,#8815,.F.);
#8827=ORIENTED_EDGE('',*,*,#8614,.F.);
#8828=ORIENTED_EDGE('',*,*,#8629,.T.);
#8829=EDGE_LOOP('',(#8825,#8826,#8827,#8828));
#8830=FACE_OUTER_BOUND('',#8829,.F.);
#8831=ADVANCED_FACE('',(#8830),#8824,.T.);
#8832=CARTESIAN_POINT('',(3.175E0,-3.2E0,-5.01E0));
#8833=DIRECTION('',(9.701425001453E-1,0.E0,-2.425356250363E-1));
#8834=DIRECTION('',(-2.425356250363E-1,0.E0,-9.701425001453E-1));
#8835=AXIS2_PLACEMENT_3D('',#8832,#8833,#8834);
#8836=PLANE('',#8835);
#8838=ORIENTED_EDGE('',*,*,#8837,.F.);
#8840=ORIENTED_EDGE('',*,*,#8839,.T.);
#8841=ORIENTED_EDGE('',*,*,#8501,.T.);
#8843=ORIENTED_EDGE('',*,*,#8842,.T.);
#8844=EDGE_LOOP('',(#8838,#8840,#8841,#8843));
#8845=FACE_OUTER_BOUND('',#8844,.F.);
#8846=ADVANCED_FACE('',(#8845),#8836,.T.);
#8847=CARTESIAN_POINT('',(2.75E0,-3.45E0,-5.31E0));
#8848=DIRECTION('',(0.E0,0.E0,-1.E0));
#8849=DIRECTION('',(0.E0,1.E0,0.E0));
#8850=AXIS2_PLACEMENT_3D('',#8847,#8848,#8849);
#8851=PLANE('',#8850);
#8853=ORIENTED_EDGE('',*,*,#8852,.T.);
#8855=ORIENTED_EDGE('',*,*,#8854,.T.);
#8857=ORIENTED_EDGE('',*,*,#8856,.F.);
#8858=ORIENTED_EDGE('',*,*,#8837,.T.);
#8859=EDGE_LOOP('',(#8853,#8855,#8857,#8858));
#8860=FACE_OUTER_BOUND('',#8859,.F.);
#8861=ADVANCED_FACE('',(#8860),#8851,.T.);
#8862=CARTESIAN_POINT('',(3.E0,-3.025E0,-5.01E0));
#8863=DIRECTION('',(0.E0,9.701425001453E-1,-2.425356250363E-1));
#8864=DIRECTION('',(0.E0,-2.425356250363E-1,-9.701425001453E-1));
#8865=AXIS2_PLACEMENT_3D('',#8862,#8863,#8864);
#8866=PLANE('',#8865);
#8868=ORIENTED_EDGE('',*,*,#8867,.T.);
#8870=ORIENTED_EDGE('',*,*,#8869,.F.);
#8871=ORIENTED_EDGE('',*,*,#8852,.F.);
#8872=ORIENTED_EDGE('',*,*,#8842,.F.);
#8873=EDGE_LOOP('',(#8868,#8870,#8871,#8872));
#8874=FACE_OUTER_BOUND('',#8873,.F.);
#8875=ADVANCED_FACE('',(#8874),#8866,.T.);
#8876=CARTESIAN_POINT('',(2.75E0,-2.95E0,-5.31E0));
#8877=DIRECTION('',(0.E0,1.E0,0.E0));
#8878=DIRECTION('',(0.E0,0.E0,1.E0));
#8879=AXIS2_PLACEMENT_3D('',#8876,#8877,#8878);
#8880=PLANE('',#8879);
#8881=ORIENTED_EDGE('',*,*,#8867,.F.);
#8882=ORIENTED_EDGE('',*,*,#8512,.T.);
#8884=ORIENTED_EDGE('',*,*,#8883,.F.);
#8885=ORIENTED_EDGE('',*,*,#8387,.F.);
#8886=EDGE_LOOP('',(#8881,#8882,#8884,#8885));
#8887=FACE_OUTER_BOUND('',#8886,.F.);
#8888=ADVANCED_FACE('',(#8887),#8880,.T.);
#8889=CARTESIAN_POINT('',(2.75E0,-2.75E0,-1.45E0));
#8890=DIRECTION('',(1.E0,0.E0,0.E0));
#8891=DIRECTION('',(0.E0,0.E0,-1.E0));
#8892=AXIS2_PLACEMENT_3D('',#8889,#8890,#8891);
#8893=CYLINDRICAL_SURFACE('',#8892,2.E-1);
#8895=ORIENTED_EDGE('',*,*,#8894,.F.);
#8896=ORIENTED_EDGE('',*,*,#8389,.F.);
#8897=ORIENTED_EDGE('',*,*,#8883,.T.);
#8898=ORIENTED_EDGE('',*,*,#8510,.T.);
#8899=EDGE_LOOP('',(#8895,#8896,#8897,#8898));
#8900=FACE_OUTER_BOUND('',#8899,.F.);
#8901=ADVANCED_FACE('',(#8900),#8893,.F.);
#8902=CARTESIAN_POINT('',(3.65E0,-2.545854811567E0,-2.E0));
#8903=DIRECTION('',(0.E0,8.660254037844E-1,5.E-1));
#8904=DIRECTION('',(0.E0,-5.E-1,8.660254037844E-1));
#8905=AXIS2_PLACEMENT_3D('',#8902,#8903,#8904);
#8906=PLANE('',#8905);
#8907=ORIENTED_EDGE('',*,*,#8391,.F.);
#8908=ORIENTED_EDGE('',*,*,#8894,.T.);
#8909=ORIENTED_EDGE('',*,*,#8508,.T.);
#8910=ORIENTED_EDGE('',*,*,#8313,.F.);
#8911=ORIENTED_EDGE('',*,*,#7453,.F.);
#8912=ORIENTED_EDGE('',*,*,#7179,.F.);
#8913=ORIENTED_EDGE('',*,*,#7509,.T.);
#8914=ORIENTED_EDGE('',*,*,#8321,.F.);
#8915=EDGE_LOOP('',(#8907,#8908,#8909,#8910,#8911,#8912,#8913,#8914));
#8916=FACE_OUTER_BOUND('',#8915,.F.);
#8917=ADVANCED_FACE('',(#8916),#8906,.F.);
#8918=CARTESIAN_POINT('',(2.825E0,-3.2E0,-5.01E0));
#8919=DIRECTION('',(-9.701425001453E-1,0.E0,-2.425356250363E-1));
#8920=DIRECTION('',(2.425356250363E-1,0.E0,-9.701425001453E-1));
#8921=AXIS2_PLACEMENT_3D('',#8918,#8919,#8920);
#8922=PLANE('',#8921);
#8923=ORIENTED_EDGE('',*,*,#8385,.T.);
#8925=ORIENTED_EDGE('',*,*,#8924,.F.);
#8926=ORIENTED_EDGE('',*,*,#8854,.F.);
#8927=ORIENTED_EDGE('',*,*,#8869,.T.);
#8928=EDGE_LOOP('',(#8923,#8925,#8926,#8927));
#8929=FACE_OUTER_BOUND('',#8928,.F.);
#8930=ADVANCED_FACE('',(#8929),#8922,.T.);
#8931=CARTESIAN_POINT('',(3.E0,-3.375E0,-5.01E0));
#8932=DIRECTION('',(0.E0,-9.701425001453E-1,-2.425356250363E-1));
#8933=DIRECTION('',(0.E0,-2.425356250363E-1,9.701425001453E-1));
#8934=AXIS2_PLACEMENT_3D('',#8931,#8932,#8933);
#8935=PLANE('',#8934);
#8937=ORIENTED_EDGE('',*,*,#8936,.F.);
#8938=ORIENTED_EDGE('',*,*,#8839,.F.);
#8939=ORIENTED_EDGE('',*,*,#8856,.T.);
#8940=ORIENTED_EDGE('',*,*,#8924,.T.);
#8941=EDGE_LOOP('',(#8937,#8938,#8939,#8940));
#8942=FACE_OUTER_BOUND('',#8941,.F.);
#8943=ADVANCED_FACE('',(#8942),#8935,.T.);
#8944=CARTESIAN_POINT('',(2.75E0,-3.45E0,-1.45E0));
#8945=DIRECTION('',(0.E0,-1.E0,0.E0));
#8946=DIRECTION('',(0.E0,0.E0,-1.E0));
#8947=AXIS2_PLACEMENT_3D('',#8944,#8945,#8946);
#8948=PLANE('',#8947);
#8949=ORIENTED_EDGE('',*,*,#8936,.T.);
#8950=ORIENTED_EDGE('',*,*,#8396,.F.);
#8952=ORIENTED_EDGE('',*,*,#8951,.T.);
#8953=ORIENTED_EDGE('',*,*,#8503,.T.);
#8954=EDGE_LOOP('',(#8949,#8950,#8952,#8953));
#8955=FACE_OUTER_BOUND('',#8954,.F.);
#8956=ADVANCED_FACE('',(#8955),#8948,.T.);
#8957=CARTESIAN_POINT('',(2.75E0,-2.75E0,-1.45E0));
#8958=DIRECTION('',(1.E0,0.E0,0.E0));
#8959=DIRECTION('',(0.E0,0.E0,-1.E0));
#8960=AXIS2_PLACEMENT_3D('',#8957,#8958,#8959);
#8961=CYLINDRICAL_SURFACE('',#8960,7.E-1);
#8962=ORIENTED_EDGE('',*,*,#8317,.T.);
#8963=ORIENTED_EDGE('',*,*,#8505,.T.);
#8964=ORIENTED_EDGE('',*,*,#8951,.F.);
#8965=ORIENTED_EDGE('',*,*,#8394,.F.);
#8966=EDGE_LOOP('',(#8962,#8963,#8964,#8965));
#8967=FACE_OUTER_BOUND('',#8966,.F.);
#8968=ADVANCED_FACE('',(#8967),#8961,.T.);
#8969=CARTESIAN_POINT('',(3.65E0,-2.95E0,1.3E0));
#8970=DIRECTION('',(0.E0,8.660254037844E-1,-5.E-1));
#8971=DIRECTION('',(0.E0,5.E-1,8.660254037844E-1));
#8972=AXIS2_PLACEMENT_3D('',#8969,#8970,#8971);
#8973=PLANE('',#8972);
#8974=ORIENTED_EDGE('',*,*,#7354,.T.);
#8975=ORIENTED_EDGE('',*,*,#7448,.F.);
#8976=ORIENTED_EDGE('',*,*,#8334,.T.);
#8977=ORIENTED_EDGE('',*,*,#7524,.T.);
#8978=EDGE_LOOP('',(#8974,#8975,#8976,#8977));
#8979=FACE_OUTER_BOUND('',#8978,.F.);
#8980=ADVANCED_FACE('',(#8979),#8973,.F.);
#8981=CARTESIAN_POINT('',(1.65E0,0.E0,0.E0));
#8982=DIRECTION('',(1.E0,0.E0,0.E0));
#8983=DIRECTION('',(0.E0,0.E0,-1.E0));
#8984=AXIS2_PLACEMENT_3D('',#8981,#8982,#8983);
#8985=PLANE('',#8984);
#8986=ORIENTED_EDGE('',*,*,#7550,.F.);
#8987=ORIENTED_EDGE('',*,*,#7288,.F.);
#8988=ORIENTED_EDGE('',*,*,#7173,.T.);
#8990=ORIENTED_EDGE('',*,*,#8989,.T.);
#8992=ORIENTED_EDGE('',*,*,#8991,.T.);
#8993=EDGE_LOOP('',(#8986,#8987,#8988,#8990,#8992));
#8994=FACE_OUTER_BOUND('',#8993,.F.);
#8995=ADVANCED_FACE('',(#8994),#8985,.F.);
#8996=CARTESIAN_POINT('',(1.65E0,0.E0,0.E0));
#8997=DIRECTION('',(1.E0,0.E0,0.E0));
#8998=DIRECTION('',(0.E0,0.E0,-1.E0));
#8999=AXIS2_PLACEMENT_3D('',#8996,#8997,#8998);
#9000=PLANE('',#8999);
#9001=ORIENTED_EDGE('',*,*,#7495,.T.);
#9003=ORIENTED_EDGE('',*,*,#9002,.T.);
#9005=ORIENTED_EDGE('',*,*,#9004,.T.);
#9006=ORIENTED_EDGE('',*,*,#7359,.F.);
#9007=ORIENTED_EDGE('',*,*,#7300,.F.);
#9008=EDGE_LOOP('',(#9001,#9003,#9005,#9006,#9007));
#9009=FACE_OUTER_BOUND('',#9008,.F.);
#9010=ADVANCED_FACE('',(#9009),#9000,.F.);
#9011=CARTESIAN_POINT('',(1.65E0,-2.545854811567E0,-2.E0));
#9012=DIRECTION('',(0.E0,8.660254037844E-1,5.E-1));
#9013=DIRECTION('',(0.E0,-5.E-1,8.660254037844E-1));
#9014=AXIS2_PLACEMENT_3D('',#9011,#9012,#9013);
#9015=PLANE('',#9014);
#9017=ORIENTED_EDGE('',*,*,#9016,.F.);
#9019=ORIENTED_EDGE('',*,*,#9018,.T.);
#9021=ORIENTED_EDGE('',*,*,#9020,.T.);
#9023=ORIENTED_EDGE('',*,*,#9022,.F.);
#9024=ORIENTED_EDGE('',*,*,#8989,.F.);
#9025=ORIENTED_EDGE('',*,*,#7171,.F.);
#9027=ORIENTED_EDGE('',*,*,#9026,.T.);
#9029=ORIENTED_EDGE('',*,*,#9028,.F.);
#9030=EDGE_LOOP('',(#9017,#9019,#9021,#9023,#9024,#9025,#9027,#9029));
#9031=FACE_OUTER_BOUND('',#9030,.F.);
#9032=ADVANCED_FACE('',(#9031),#9015,.F.);
#9033=CARTESIAN_POINT('',(7.5E-1,0.E0,0.E0));
#9034=DIRECTION('',(1.E0,0.E0,0.E0));
#9035=DIRECTION('',(0.E0,0.E0,-1.E0));
#9036=AXIS2_PLACEMENT_3D('',#9033,#9034,#9035);
#9037=PLANE('',#9036);
#9039=ORIENTED_EDGE('',*,*,#9038,.F.);
#9041=ORIENTED_EDGE('',*,*,#9040,.T.);
#9042=ORIENTED_EDGE('',*,*,#5764,.T.);
#9044=ORIENTED_EDGE('',*,*,#9043,.T.);
#9045=EDGE_LOOP('',(#9039,#9041,#9042,#9044));
#9046=FACE_OUTER_BOUND('',#9045,.F.);
#9047=ADVANCED_FACE('',(#9046),#9037,.F.);
#9048=CARTESIAN_POINT('',(7.5E-1,0.E0,0.E0));
#9049=DIRECTION('',(1.E0,0.E0,0.E0));
#9050=DIRECTION('',(0.E0,0.E0,-1.E0));
#9051=AXIS2_PLACEMENT_3D('',#9048,#9049,#9050);
#9052=PLANE('',#9051);
#9054=ORIENTED_EDGE('',*,*,#9053,.F.);
#9056=ORIENTED_EDGE('',*,*,#9055,.T.);
#9057=ORIENTED_EDGE('',*,*,#5774,.T.);
#9059=ORIENTED_EDGE('',*,*,#9058,.T.);
#9060=EDGE_LOOP('',(#9054,#9056,#9057,#9059));
#9061=FACE_OUTER_BOUND('',#9060,.F.);
#9062=ADVANCED_FACE('',(#9061),#9052,.F.);
#9063=CARTESIAN_POINT('',(7.5E-1,0.E0,0.E0));
#9064=DIRECTION('',(1.E0,0.E0,0.E0));
#9065=DIRECTION('',(0.E0,0.E0,-1.E0));
#9066=AXIS2_PLACEMENT_3D('',#9063,#9064,#9065);
#9067=PLANE('',#9066);
#9069=ORIENTED_EDGE('',*,*,#9068,.F.);
#9071=ORIENTED_EDGE('',*,*,#9070,.T.);
#9073=ORIENTED_EDGE('',*,*,#9072,.T.);
#9074=ORIENTED_EDGE('',*,*,#9016,.T.);
#9076=ORIENTED_EDGE('',*,*,#9075,.T.);
#9078=ORIENTED_EDGE('',*,*,#9077,.T.);
#9080=ORIENTED_EDGE('',*,*,#9079,.T.);
#9081=EDGE_LOOP('',(#9069,#9071,#9073,#9074,#9076,#9078,#9080));
#9082=FACE_OUTER_BOUND('',#9081,.F.);
#9083=ADVANCED_FACE('',(#9082),#9067,.F.);
#9084=CARTESIAN_POINT('',(7.5E-1,0.E0,0.E0));
#9085=DIRECTION('',(1.E0,0.E0,0.E0));
#9086=DIRECTION('',(0.E0,0.E0,-1.E0));
#9087=AXIS2_PLACEMENT_3D('',#9084,#9085,#9086);
#9088=PLANE('',#9087);
#9090=ORIENTED_EDGE('',*,*,#9089,.F.);
#9092=ORIENTED_EDGE('',*,*,#9091,.T.);
#9094=ORIENTED_EDGE('',*,*,#9093,.T.);
#9096=ORIENTED_EDGE('',*,*,#9095,.T.);
#9098=ORIENTED_EDGE('',*,*,#9097,.T.);
#9100=ORIENTED_EDGE('',*,*,#9099,.T.);
#9102=ORIENTED_EDGE('',*,*,#9101,.T.);
#9104=ORIENTED_EDGE('',*,*,#9103,.T.);
#9105=EDGE_LOOP('',(#9090,#9092,#9094,#9096,#9098,#9100,#9102,#9104));
#9106=FACE_OUTER_BOUND('',#9105,.F.);
#9107=ADVANCED_FACE('',(#9106),#9088,.F.);
#9108=CARTESIAN_POINT('',(8.25E-1,2.6E0,-1.E0));
#9109=DIRECTION('',(-9.701425001453E-1,2.425356250363E-1,0.E0));
#9110=DIRECTION('',(2.425356250363E-1,9.701425001453E-1,0.E0));
#9111=AXIS2_PLACEMENT_3D('',#9108,#9109,#9110);
#9112=PLANE('',#9111);
#9113=ORIENTED_EDGE('',*,*,#9038,.T.);
#9115=ORIENTED_EDGE('',*,*,#9114,.F.);
#9117=ORIENTED_EDGE('',*,*,#9116,.F.);
#9119=ORIENTED_EDGE('',*,*,#9118,.T.);
#9120=EDGE_LOOP('',(#9113,#9115,#9117,#9119));
#9121=FACE_OUTER_BOUND('',#9120,.F.);
#9122=ADVANCED_FACE('',(#9121),#9112,.T.);
#9123=CARTESIAN_POINT('',(1.E0,2.6E0,-1.175E0));
#9124=DIRECTION('',(0.E0,2.425356250363E-1,-9.701425001453E-1));
#9125=DIRECTION('',(0.E0,-9.701425001453E-1,-2.425356250363E-1));
#9126=AXIS2_PLACEMENT_3D('',#9123,#9124,#9125);
#9127=PLANE('',#9126);
#9129=ORIENTED_EDGE('',*,*,#9128,.F.);
#9131=ORIENTED_EDGE('',*,*,#9130,.F.);
#9133=ORIENTED_EDGE('',*,*,#9132,.T.);
#9134=ORIENTED_EDGE('',*,*,#9114,.T.);
#9135=EDGE_LOOP('',(#9129,#9131,#9133,#9134));
#9136=FACE_OUTER_BOUND('',#9135,.F.);
#9137=ADVANCED_FACE('',(#9136),#9127,.T.);
#9138=CARTESIAN_POINT('',(7.5E-1,-2.75E0,-1.25E0));
#9139=DIRECTION('',(0.E0,0.E0,-1.E0));
#9140=DIRECTION('',(0.E0,1.E0,0.E0));
#9141=AXIS2_PLACEMENT_3D('',#9138,#9139,#9140);
#9142=PLANE('',#9141);
#9143=ORIENTED_EDGE('',*,*,#9128,.T.);
#9144=ORIENTED_EDGE('',*,*,#9043,.F.);
#9145=ORIENTED_EDGE('',*,*,#5770,.T.);
#9147=ORIENTED_EDGE('',*,*,#9146,.T.);
#9148=EDGE_LOOP('',(#9143,#9144,#9145,#9147));
#9149=FACE_OUTER_BOUND('',#9148,.F.);
#9150=ADVANCED_FACE('',(#9149),#9142,.T.);
#9151=CARTESIAN_POINT('',(1.25E0,0.E0,0.E0));
#9152=DIRECTION('',(1.E0,0.E0,0.E0));
#9153=DIRECTION('',(0.E0,0.E0,-1.E0));
#9154=AXIS2_PLACEMENT_3D('',#9151,#9152,#9153);
#9155=PLANE('',#9154);
#9157=ORIENTED_EDGE('',*,*,#9156,.F.);
#9158=ORIENTED_EDGE('',*,*,#9146,.F.);
#9159=ORIENTED_EDGE('',*,*,#5768,.F.);
#9161=ORIENTED_EDGE('',*,*,#9160,.F.);
#9162=EDGE_LOOP('',(#9157,#9158,#9159,#9161));
#9163=FACE_OUTER_BOUND('',#9162,.F.);
#9164=ADVANCED_FACE('',(#9163),#9155,.T.);
#9165=CARTESIAN_POINT('',(1.25E0,0.E0,0.E0));
#9166=DIRECTION('',(1.E0,0.E0,0.E0));
#9167=DIRECTION('',(0.E0,0.E0,-1.E0));
#9168=AXIS2_PLACEMENT_3D('',#9165,#9166,#9167);
#9169=PLANE('',#9168);
#9171=ORIENTED_EDGE('',*,*,#9170,.F.);
#9173=ORIENTED_EDGE('',*,*,#9172,.F.);
#9174=ORIENTED_EDGE('',*,*,#5778,.F.);
#9176=ORIENTED_EDGE('',*,*,#9175,.F.);
#9177=EDGE_LOOP('',(#9171,#9173,#9174,#9176));
#9178=FACE_OUTER_BOUND('',#9177,.F.);
#9179=ADVANCED_FACE('',(#9178),#9169,.T.);
#9180=CARTESIAN_POINT('',(1.25E0,0.E0,0.E0));
#9181=DIRECTION('',(1.E0,0.E0,0.E0));
#9182=DIRECTION('',(0.E0,0.E0,-1.E0));
#9183=AXIS2_PLACEMENT_3D('',#9180,#9181,#9182);
#9184=PLANE('',#9183);
#9186=ORIENTED_EDGE('',*,*,#9185,.F.);
#9188=ORIENTED_EDGE('',*,*,#9187,.F.);
#9190=ORIENTED_EDGE('',*,*,#9189,.F.);
#9192=ORIENTED_EDGE('',*,*,#9191,.F.);
#9193=ORIENTED_EDGE('',*,*,#9020,.F.);
#9195=ORIENTED_EDGE('',*,*,#9194,.F.);
#9197=ORIENTED_EDGE('',*,*,#9196,.F.);
#9198=EDGE_LOOP('',(#9186,#9188,#9190,#9192,#9193,#9195,#9197));
#9199=FACE_OUTER_BOUND('',#9198,.F.);
#9200=ADVANCED_FACE('',(#9199),#9184,.T.);
#9201=CARTESIAN_POINT('',(1.25E0,0.E0,0.E0));
#9202=DIRECTION('',(1.E0,0.E0,0.E0));
#9203=DIRECTION('',(0.E0,0.E0,-1.E0));
#9204=AXIS2_PLACEMENT_3D('',#9201,#9202,#9203);
#9205=PLANE('',#9204);
#9207=ORIENTED_EDGE('',*,*,#9206,.F.);
#9209=ORIENTED_EDGE('',*,*,#9208,.F.);
#9211=ORIENTED_EDGE('',*,*,#9210,.F.);
#9213=ORIENTED_EDGE('',*,*,#9212,.F.);
#9215=ORIENTED_EDGE('',*,*,#9214,.F.);
#9217=ORIENTED_EDGE('',*,*,#9216,.F.);
#9219=ORIENTED_EDGE('',*,*,#9218,.F.);
#9221=ORIENTED_EDGE('',*,*,#9220,.F.);
#9222=EDGE_LOOP('',(#9207,#9209,#9211,#9213,#9215,#9217,#9219,#9221));
#9223=FACE_OUTER_BOUND('',#9222,.F.);
#9224=ADVANCED_FACE('',(#9223),#9205,.T.);
#9225=CARTESIAN_POINT('',(1.175E0,2.6E0,-1.E0));
#9226=DIRECTION('',(9.701425001453E-1,2.425356250363E-1,0.E0));
#9227=DIRECTION('',(-2.425356250363E-1,9.701425001453E-1,0.E0));
#9228=AXIS2_PLACEMENT_3D('',#9225,#9226,#9227);
#9229=PLANE('',#9228);
#9231=ORIENTED_EDGE('',*,*,#9230,.F.);
#9232=ORIENTED_EDGE('',*,*,#9130,.T.);
#9233=ORIENTED_EDGE('',*,*,#9156,.T.);
#9235=ORIENTED_EDGE('',*,*,#9234,.T.);
#9236=EDGE_LOOP('',(#9231,#9232,#9233,#9235));
#9237=FACE_OUTER_BOUND('',#9236,.F.);
#9238=ADVANCED_FACE('',(#9237),#9229,.T.);
#9239=CARTESIAN_POINT('',(7.5E-1,2.9E0,-1.25E0));
#9240=DIRECTION('',(0.E0,1.E0,0.E0));
#9241=DIRECTION('',(0.E0,0.E0,1.E0));
#9242=AXIS2_PLACEMENT_3D('',#9239,#9240,#9241);
#9243=PLANE('',#9242);
#9245=ORIENTED_EDGE('',*,*,#9244,.T.);
#9246=ORIENTED_EDGE('',*,*,#9116,.T.);
#9247=ORIENTED_EDGE('',*,*,#9132,.F.);
#9248=ORIENTED_EDGE('',*,*,#9230,.T.);
#9249=EDGE_LOOP('',(#9245,#9246,#9247,#9248));
#9250=FACE_OUTER_BOUND('',#9249,.F.);
#9251=ADVANCED_FACE('',(#9250),#9243,.T.);
#9252=CARTESIAN_POINT('',(1.E0,2.6E0,-8.25E-1));
#9253=DIRECTION('',(0.E0,2.425356250363E-1,9.701425001453E-1));
#9254=DIRECTION('',(0.E0,9.701425001453E-1,-2.425356250363E-1));
#9255=AXIS2_PLACEMENT_3D('',#9252,#9253,#9254);
#9256=PLANE('',#9255);
#9258=ORIENTED_EDGE('',*,*,#9257,.T.);
#9259=ORIENTED_EDGE('',*,*,#9118,.F.);
#9260=ORIENTED_EDGE('',*,*,#9244,.F.);
#9261=ORIENTED_EDGE('',*,*,#9234,.F.);
#9262=EDGE_LOOP('',(#9258,#9259,#9260,#9261));
#9263=FACE_OUTER_BOUND('',#9262,.F.);
#9264=ADVANCED_FACE('',(#9263),#9256,.T.);
#9265=CARTESIAN_POINT('',(7.5E-1,2.9E0,-7.5E-1));
#9266=DIRECTION('',(0.E0,0.E0,1.E0));
#9267=DIRECTION('',(0.E0,-1.E0,0.E0));
#9268=AXIS2_PLACEMENT_3D('',#9265,#9266,#9267);
#9269=PLANE('',#9268);
#9270=ORIENTED_EDGE('',*,*,#9257,.F.);
#9271=ORIENTED_EDGE('',*,*,#9160,.T.);
#9272=ORIENTED_EDGE('',*,*,#5766,.F.);
#9273=ORIENTED_EDGE('',*,*,#9040,.F.);
#9274=EDGE_LOOP('',(#9270,#9271,#9272,#9273));
#9275=FACE_OUTER_BOUND('',#9274,.F.);
#9276=ADVANCED_FACE('',(#9275),#9269,.T.);
#9277=CARTESIAN_POINT('',(1.175E0,2.6E0,1.E0));
#9278=DIRECTION('',(9.701425001453E-1,2.425356250363E-1,0.E0));
#9279=DIRECTION('',(-2.425356250363E-1,9.701425001453E-1,0.E0));
#9280=AXIS2_PLACEMENT_3D('',#9277,#9278,#9279);
#9281=PLANE('',#9280);
#9283=ORIENTED_EDGE('',*,*,#9282,.F.);
#9285=ORIENTED_EDGE('',*,*,#9284,.T.);
#9286=ORIENTED_EDGE('',*,*,#9170,.T.);
#9288=ORIENTED_EDGE('',*,*,#9287,.F.);
#9289=EDGE_LOOP('',(#9283,#9285,#9286,#9288));
#9290=FACE_OUTER_BOUND('',#9289,.F.);
#9291=ADVANCED_FACE('',(#9290),#9281,.T.);
#9292=CARTESIAN_POINT('',(7.5E-1,2.9E0,7.5E-1));
#9293=DIRECTION('',(0.E0,1.E0,0.E0));
#9294=DIRECTION('',(0.E0,0.E0,1.E0));
#9295=AXIS2_PLACEMENT_3D('',#9292,#9293,#9294);
#9296=PLANE('',#9295);
#9298=ORIENTED_EDGE('',*,*,#9297,.T.);
#9300=ORIENTED_EDGE('',*,*,#9299,.T.);
#9302=ORIENTED_EDGE('',*,*,#9301,.F.);
#9303=ORIENTED_EDGE('',*,*,#9282,.T.);
#9304=EDGE_LOOP('',(#9298,#9300,#9302,#9303));
#9305=FACE_OUTER_BOUND('',#9304,.F.);
#9306=ADVANCED_FACE('',(#9305),#9296,.T.);
#9307=CARTESIAN_POINT('',(1.E0,2.6E0,1.175E0));
#9308=DIRECTION('',(0.E0,2.425356250363E-1,9.701425001453E-1));
#9309=DIRECTION('',(0.E0,9.701425001453E-1,-2.425356250363E-1));
#9310=AXIS2_PLACEMENT_3D('',#9307,#9308,#9309);
#9311=PLANE('',#9310);
#9313=ORIENTED_EDGE('',*,*,#9312,.T.);
#9315=ORIENTED_EDGE('',*,*,#9314,.F.);
#9316=ORIENTED_EDGE('',*,*,#9297,.F.);
#9317=ORIENTED_EDGE('',*,*,#9287,.T.);
#9318=EDGE_LOOP('',(#9313,#9315,#9316,#9317));
#9319=FACE_OUTER_BOUND('',#9318,.F.);
#9320=ADVANCED_FACE('',(#9319),#9311,.T.);
#9321=CARTESIAN_POINT('',(7.5E-1,2.9E0,1.25E0));
#9322=DIRECTION('',(0.E0,0.E0,1.E0));
#9323=DIRECTION('',(0.E0,-1.E0,0.E0));
#9324=AXIS2_PLACEMENT_3D('',#9321,#9322,#9323);
#9325=PLANE('',#9324);
#9327=ORIENTED_EDGE('',*,*,#9326,.T.);
#9328=ORIENTED_EDGE('',*,*,#9212,.T.);
#9330=ORIENTED_EDGE('',*,*,#9329,.F.);
#9331=ORIENTED_EDGE('',*,*,#9099,.F.);
#9332=EDGE_LOOP('',(#9327,#9328,#9330,#9331));
#9333=FACE_OUTER_BOUND('',#9332,.F.);
#9334=ADVANCED_FACE('',(#9333),#9325,.T.);
#9335=CARTESIAN_POINT('',(7.5E-1,2.9E0,1.25E0));
#9336=DIRECTION('',(0.E0,0.E0,1.E0));
#9337=DIRECTION('',(0.E0,-1.E0,0.E0));
#9338=AXIS2_PLACEMENT_3D('',#9335,#9336,#9337);
#9339=PLANE('',#9338);
#9340=ORIENTED_EDGE('',*,*,#9312,.F.);
#9341=ORIENTED_EDGE('',*,*,#9175,.T.);
#9342=ORIENTED_EDGE('',*,*,#5776,.F.);
#9343=ORIENTED_EDGE('',*,*,#9055,.F.);
#9344=EDGE_LOOP('',(#9340,#9341,#9342,#9343));
#9345=FACE_OUTER_BOUND('',#9344,.F.);
#9346=ADVANCED_FACE('',(#9345),#9339,.T.);
#9347=CARTESIAN_POINT('',(1.65E0,-2.95E0,-1.3E0));
#9348=DIRECTION('',(0.E0,1.E0,0.E0));
#9349=DIRECTION('',(0.E0,0.E0,1.E0));
#9350=AXIS2_PLACEMENT_3D('',#9347,#9348,#9349);
#9351=PLANE('',#9350);
#9352=ORIENTED_EDGE('',*,*,#7552,.T.);
#9353=ORIENTED_EDGE('',*,*,#8991,.F.);
#9354=ORIENTED_EDGE('',*,*,#9022,.T.);
#9355=ORIENTED_EDGE('',*,*,#9191,.T.);
#9357=ORIENTED_EDGE('',*,*,#9356,.F.);
#9358=ORIENTED_EDGE('',*,*,#9075,.F.);
#9359=ORIENTED_EDGE('',*,*,#9028,.T.);
#9361=ORIENTED_EDGE('',*,*,#9360,.T.);
#9362=EDGE_LOOP('',(#9352,#9353,#9354,#9355,#9357,#9358,#9359,#9361));
#9363=FACE_OUTER_BOUND('',#9362,.F.);
#9364=ADVANCED_FACE('',(#9363),#9351,.F.);
#9365=CARTESIAN_POINT('',(1.65E0,-2.95E0,-1.3E0));
#9366=DIRECTION('',(0.E0,1.E0,0.E0));
#9367=DIRECTION('',(0.E0,0.E0,1.E0));
#9368=AXIS2_PLACEMENT_3D('',#9365,#9366,#9367);
#9369=PLANE('',#9368);
#9370=ORIENTED_EDGE('',*,*,#7493,.F.);
#9372=ORIENTED_EDGE('',*,*,#9371,.T.);
#9374=ORIENTED_EDGE('',*,*,#9373,.F.);
#9375=ORIENTED_EDGE('',*,*,#9002,.F.);
#9376=EDGE_LOOP('',(#9370,#9372,#9374,#9375));
#9377=FACE_OUTER_BOUND('',#9376,.F.);
#9378=ORIENTED_EDGE('',*,*,#9097,.F.);
#9380=ORIENTED_EDGE('',*,*,#9379,.T.);
#9381=ORIENTED_EDGE('',*,*,#9214,.T.);
#9382=ORIENTED_EDGE('',*,*,#9326,.F.);
#9383=EDGE_LOOP('',(#9378,#9380,#9381,#9382));
#9384=FACE_BOUND('',#9383,.F.);
#9385=ADVANCED_FACE('',(#9377,#9384),#9369,.F.);
#9386=CARTESIAN_POINT('',(7.5E-1,-4.75E0,7.5E-1));
#9387=DIRECTION('',(0.E0,0.E0,-1.E0));
#9388=DIRECTION('',(0.E0,1.E0,0.E0));
#9389=AXIS2_PLACEMENT_3D('',#9386,#9387,#9388);
#9390=PLANE('',#9389);
#9391=ORIENTED_EDGE('',*,*,#9379,.F.);
#9392=ORIENTED_EDGE('',*,*,#9095,.F.);
#9394=ORIENTED_EDGE('',*,*,#9393,.T.);
#9395=ORIENTED_EDGE('',*,*,#9216,.T.);
#9396=EDGE_LOOP('',(#9391,#9392,#9394,#9395));
#9397=FACE_OUTER_BOUND('',#9396,.F.);
#9398=ADVANCED_FACE('',(#9397),#9390,.T.);
#9399=CARTESIAN_POINT('',(7.5E-1,-4.75E0,7.5E-1));
#9400=DIRECTION('',(0.E0,0.E0,-1.E0));
#9401=DIRECTION('',(0.E0,1.E0,0.E0));
#9402=AXIS2_PLACEMENT_3D('',#9399,#9400,#9401);
#9403=PLANE('',#9402);
#9405=ORIENTED_EDGE('',*,*,#9404,.T.);
#9406=ORIENTED_EDGE('',*,*,#9058,.F.);
#9407=ORIENTED_EDGE('',*,*,#5780,.T.);
#9408=ORIENTED_EDGE('',*,*,#9172,.T.);
#9409=EDGE_LOOP('',(#9405,#9406,#9407,#9408));
#9410=FACE_OUTER_BOUND('',#9409,.F.);
#9411=ADVANCED_FACE('',(#9410),#9403,.T.);
#9412=CARTESIAN_POINT('',(7.5E-1,-4.75E0,5.5E-1));
#9413=DIRECTION('',(1.E0,0.E0,0.E0));
#9414=DIRECTION('',(0.E0,0.E0,-1.E0));
#9415=AXIS2_PLACEMENT_3D('',#9412,#9413,#9414);
#9416=CYLINDRICAL_SURFACE('',#9415,2.E-1);
#9417=ORIENTED_EDGE('',*,*,#9093,.F.);
#9419=ORIENTED_EDGE('',*,*,#9418,.T.);
#9420=ORIENTED_EDGE('',*,*,#9218,.T.);
#9421=ORIENTED_EDGE('',*,*,#9393,.F.);
#9422=EDGE_LOOP('',(#9417,#9419,#9420,#9421));
#9423=FACE_OUTER_BOUND('',#9422,.F.);
#9424=ADVANCED_FACE('',(#9423),#9416,.F.);
#9425=CARTESIAN_POINT('',(7.5E-1,-4.95E0,-5.31E0));
#9426=DIRECTION('',(0.E0,1.E0,0.E0));
#9427=DIRECTION('',(0.E0,0.E0,1.E0));
#9428=AXIS2_PLACEMENT_3D('',#9425,#9426,#9427);
#9429=PLANE('',#9428);
#9431=ORIENTED_EDGE('',*,*,#9430,.F.);
#9432=ORIENTED_EDGE('',*,*,#9220,.T.);
#9433=ORIENTED_EDGE('',*,*,#9418,.F.);
#9434=ORIENTED_EDGE('',*,*,#9091,.F.);
#9435=EDGE_LOOP('',(#9431,#9432,#9433,#9434));
#9436=FACE_OUTER_BOUND('',#9435,.F.);
#9437=ADVANCED_FACE('',(#9436),#9429,.T.);
#9438=CARTESIAN_POINT('',(1.E0,-5.025E0,-5.01E0));
#9439=DIRECTION('',(0.E0,9.701425001453E-1,-2.425356250363E-1));
#9440=DIRECTION('',(0.E0,-2.425356250363E-1,-9.701425001453E-1));
#9441=AXIS2_PLACEMENT_3D('',#9438,#9439,#9440);
#9442=PLANE('',#9441);
#9444=ORIENTED_EDGE('',*,*,#9443,.F.);
#9446=ORIENTED_EDGE('',*,*,#9445,.F.);
#9448=ORIENTED_EDGE('',*,*,#9447,.F.);
#9449=ORIENTED_EDGE('',*,*,#9430,.T.);
#9450=EDGE_LOOP('',(#9444,#9446,#9448,#9449));
#9451=FACE_OUTER_BOUND('',#9450,.F.);
#9452=ADVANCED_FACE('',(#9451),#9442,.T.);
#9453=CARTESIAN_POINT('',(8.25E-1,-5.2E0,-5.01E0));
#9454=DIRECTION('',(-9.701425001453E-1,0.E0,-2.425356250363E-1));
#9455=DIRECTION('',(2.425356250363E-1,0.E0,-9.701425001453E-1));
#9456=AXIS2_PLACEMENT_3D('',#9453,#9454,#9455);
#9457=PLANE('',#9456);
#9459=ORIENTED_EDGE('',*,*,#9458,.F.);
#9461=ORIENTED_EDGE('',*,*,#9460,.F.);
#9462=ORIENTED_EDGE('',*,*,#9443,.T.);
#9463=ORIENTED_EDGE('',*,*,#9089,.T.);
#9464=EDGE_LOOP('',(#9459,#9461,#9462,#9463));
#9465=FACE_OUTER_BOUND('',#9464,.F.);
#9466=ADVANCED_FACE('',(#9465),#9457,.T.);
#9467=CARTESIAN_POINT('',(1.E0,-5.375E0,-5.01E0));
#9468=DIRECTION('',(0.E0,-9.701425001453E-1,-2.425356250363E-1));
#9469=DIRECTION('',(0.E0,-2.425356250363E-1,9.701425001453E-1));
#9470=AXIS2_PLACEMENT_3D('',#9467,#9468,#9469);
#9471=PLANE('',#9470);
#9472=ORIENTED_EDGE('',*,*,#9458,.T.);
#9474=ORIENTED_EDGE('',*,*,#9473,.F.);
#9476=ORIENTED_EDGE('',*,*,#9475,.F.);
#9478=ORIENTED_EDGE('',*,*,#9477,.T.);
#9479=EDGE_LOOP('',(#9472,#9474,#9476,#9478));
#9480=FACE_OUTER_BOUND('',#9479,.F.);
#9481=ADVANCED_FACE('',(#9480),#9471,.T.);
#9482=CARTESIAN_POINT('',(7.5E-1,-5.45E0,5.5E-1));
#9483=DIRECTION('',(0.E0,-1.E0,0.E0));
#9484=DIRECTION('',(0.E0,0.E0,-1.E0));
#9485=AXIS2_PLACEMENT_3D('',#9482,#9483,#9484);
#9486=PLANE('',#9485);
#9487=ORIENTED_EDGE('',*,*,#9473,.T.);
#9488=ORIENTED_EDGE('',*,*,#9103,.F.);
#9490=ORIENTED_EDGE('',*,*,#9489,.T.);
#9491=ORIENTED_EDGE('',*,*,#9208,.T.);
#9492=EDGE_LOOP('',(#9487,#9488,#9490,#9491));
#9493=FACE_OUTER_BOUND('',#9492,.F.);
#9494=ADVANCED_FACE('',(#9493),#9486,.T.);
#9495=CARTESIAN_POINT('',(7.5E-1,-4.75E0,5.5E-1));
#9496=DIRECTION('',(1.E0,0.E0,0.E0));
#9497=DIRECTION('',(0.E0,0.E0,-1.E0));
#9498=AXIS2_PLACEMENT_3D('',#9495,#9496,#9497);
#9499=CYLINDRICAL_SURFACE('',#9498,7.E-1);
#9500=ORIENTED_EDGE('',*,*,#9101,.F.);
#9501=ORIENTED_EDGE('',*,*,#9329,.T.);
#9502=ORIENTED_EDGE('',*,*,#9210,.T.);
#9503=ORIENTED_EDGE('',*,*,#9489,.F.);
#9504=EDGE_LOOP('',(#9500,#9501,#9502,#9503));
#9505=FACE_OUTER_BOUND('',#9504,.F.);
#9506=ADVANCED_FACE('',(#9505),#9499,.T.);
#9507=CARTESIAN_POINT('',(1.175E0,-5.2E0,-5.01E0));
#9508=DIRECTION('',(9.701425001453E-1,0.E0,-2.425356250363E-1));
#9509=DIRECTION('',(-2.425356250363E-1,0.E0,-9.701425001453E-1));
#9510=AXIS2_PLACEMENT_3D('',#9507,#9508,#9509);
#9511=PLANE('',#9510);
#9512=ORIENTED_EDGE('',*,*,#9475,.T.);
#9513=ORIENTED_EDGE('',*,*,#9206,.T.);
#9514=ORIENTED_EDGE('',*,*,#9447,.T.);
#9516=ORIENTED_EDGE('',*,*,#9515,.F.);
#9517=EDGE_LOOP('',(#9512,#9513,#9514,#9516));
#9518=FACE_OUTER_BOUND('',#9517,.F.);
#9519=ADVANCED_FACE('',(#9518),#9511,.T.);
#9520=CARTESIAN_POINT('',(7.5E-1,-5.45E0,-5.31E0));
#9521=DIRECTION('',(0.E0,0.E0,-1.E0));
#9522=DIRECTION('',(0.E0,1.E0,0.E0));
#9523=AXIS2_PLACEMENT_3D('',#9520,#9521,#9522);
#9524=PLANE('',#9523);
#9525=ORIENTED_EDGE('',*,*,#9445,.T.);
#9526=ORIENTED_EDGE('',*,*,#9460,.T.);
#9527=ORIENTED_EDGE('',*,*,#9477,.F.);
#9528=ORIENTED_EDGE('',*,*,#9515,.T.);
#9529=EDGE_LOOP('',(#9525,#9526,#9527,#9528));
#9530=FACE_OUTER_BOUND('',#9529,.F.);
#9531=ADVANCED_FACE('',(#9530),#9524,.T.);
#9532=CARTESIAN_POINT('',(1.E0,2.6E0,8.25E-1));
#9533=DIRECTION('',(0.E0,2.425356250363E-1,-9.701425001453E-1));
#9534=DIRECTION('',(0.E0,-9.701425001453E-1,-2.425356250363E-1));
#9535=AXIS2_PLACEMENT_3D('',#9532,#9533,#9534);
#9536=PLANE('',#9535);
#9537=ORIENTED_EDGE('',*,*,#9404,.F.);
#9538=ORIENTED_EDGE('',*,*,#9284,.F.);
#9539=ORIENTED_EDGE('',*,*,#9301,.T.);
#9541=ORIENTED_EDGE('',*,*,#9540,.T.);
#9542=EDGE_LOOP('',(#9537,#9538,#9539,#9541));
#9543=FACE_OUTER_BOUND('',#9542,.F.);
#9544=ADVANCED_FACE('',(#9543),#9536,.T.);
#9545=CARTESIAN_POINT('',(8.25E-1,2.6E0,1.E0));
#9546=DIRECTION('',(-9.701425001453E-1,2.425356250363E-1,0.E0));
#9547=DIRECTION('',(2.425356250363E-1,9.701425001453E-1,0.E0));
#9548=AXIS2_PLACEMENT_3D('',#9545,#9546,#9547);
#9549=PLANE('',#9548);
#9550=ORIENTED_EDGE('',*,*,#9053,.T.);
#9551=ORIENTED_EDGE('',*,*,#9540,.F.);
#9552=ORIENTED_EDGE('',*,*,#9299,.F.);
#9553=ORIENTED_EDGE('',*,*,#9314,.T.);
#9554=EDGE_LOOP('',(#9550,#9551,#9552,#9553));
#9555=FACE_OUTER_BOUND('',#9554,.F.);
#9556=ADVANCED_FACE('',(#9555),#9549,.T.);
#9557=CARTESIAN_POINT('',(7.5E-1,-2.75E0,-1.45E0));
#9558=DIRECTION('',(1.E0,0.E0,0.E0));
#9559=DIRECTION('',(0.E0,0.E0,-1.E0));
#9560=AXIS2_PLACEMENT_3D('',#9557,#9558,#9559);
#9561=CYLINDRICAL_SURFACE('',#9560,7.E-1);
#9562=ORIENTED_EDGE('',*,*,#9356,.T.);
#9563=ORIENTED_EDGE('',*,*,#9189,.T.);
#9565=ORIENTED_EDGE('',*,*,#9564,.F.);
#9566=ORIENTED_EDGE('',*,*,#9077,.F.);
#9567=EDGE_LOOP('',(#9562,#9563,#9565,#9566));
#9568=FACE_OUTER_BOUND('',#9567,.F.);
#9569=ADVANCED_FACE('',(#9568),#9561,.T.);
#9570=CARTESIAN_POINT('',(7.5E-1,-3.45E0,-1.45E0));
#9571=DIRECTION('',(0.E0,-1.E0,0.E0));
#9572=DIRECTION('',(0.E0,0.E0,-1.E0));
#9573=AXIS2_PLACEMENT_3D('',#9570,#9571,#9572);
#9574=PLANE('',#9573);
#9576=ORIENTED_EDGE('',*,*,#9575,.T.);
#9577=ORIENTED_EDGE('',*,*,#9079,.F.);
#9578=ORIENTED_EDGE('',*,*,#9564,.T.);
#9579=ORIENTED_EDGE('',*,*,#9187,.T.);
#9580=EDGE_LOOP('',(#9576,#9577,#9578,#9579));
#9581=FACE_OUTER_BOUND('',#9580,.F.);
#9582=ADVANCED_FACE('',(#9581),#9574,.T.);
#9583=CARTESIAN_POINT('',(1.E0,-3.375E0,-5.01E0));
#9584=DIRECTION('',(0.E0,-9.701425001453E-1,-2.425356250363E-1));
#9585=DIRECTION('',(0.E0,-2.425356250363E-1,9.701425001453E-1));
#9586=AXIS2_PLACEMENT_3D('',#9583,#9584,#9585);
#9587=PLANE('',#9586);
#9588=ORIENTED_EDGE('',*,*,#9575,.F.);
#9590=ORIENTED_EDGE('',*,*,#9589,.F.);
#9592=ORIENTED_EDGE('',*,*,#9591,.T.);
#9594=ORIENTED_EDGE('',*,*,#9593,.T.);
#9595=EDGE_LOOP('',(#9588,#9590,#9592,#9594));
#9596=FACE_OUTER_BOUND('',#9595,.F.);
#9597=ADVANCED_FACE('',(#9596),#9587,.T.);
#9598=CARTESIAN_POINT('',(1.175E0,-3.2E0,-5.01E0));
#9599=DIRECTION('',(9.701425001453E-1,0.E0,-2.425356250363E-1));
#9600=DIRECTION('',(-2.425356250363E-1,0.E0,-9.701425001453E-1));
#9601=AXIS2_PLACEMENT_3D('',#9598,#9599,#9600);
#9602=PLANE('',#9601);
#9604=ORIENTED_EDGE('',*,*,#9603,.F.);
#9605=ORIENTED_EDGE('',*,*,#9589,.T.);
#9606=ORIENTED_EDGE('',*,*,#9185,.T.);
#9608=ORIENTED_EDGE('',*,*,#9607,.T.);
#9609=EDGE_LOOP('',(#9604,#9605,#9606,#9608));
#9610=FACE_OUTER_BOUND('',#9609,.F.);
#9611=ADVANCED_FACE('',(#9610),#9602,.T.);
#9612=CARTESIAN_POINT('',(7.5E-1,-3.45E0,-5.31E0));
#9613=DIRECTION('',(0.E0,0.E0,-1.E0));
#9614=DIRECTION('',(0.E0,1.E0,0.E0));
#9615=AXIS2_PLACEMENT_3D('',#9612,#9613,#9614);
#9616=PLANE('',#9615);
#9618=ORIENTED_EDGE('',*,*,#9617,.T.);
#9620=ORIENTED_EDGE('',*,*,#9619,.T.);
#9621=ORIENTED_EDGE('',*,*,#9591,.F.);
#9622=ORIENTED_EDGE('',*,*,#9603,.T.);
#9623=EDGE_LOOP('',(#9618,#9620,#9621,#9622));
#9624=FACE_OUTER_BOUND('',#9623,.F.);
#9625=ADVANCED_FACE('',(#9624),#9616,.T.);
#9626=CARTESIAN_POINT('',(1.E0,-3.025E0,-5.01E0));
#9627=DIRECTION('',(0.E0,9.701425001453E-1,-2.425356250363E-1));
#9628=DIRECTION('',(0.E0,-2.425356250363E-1,-9.701425001453E-1));
#9629=AXIS2_PLACEMENT_3D('',#9626,#9627,#9628);
#9630=PLANE('',#9629);
#9632=ORIENTED_EDGE('',*,*,#9631,.T.);
#9634=ORIENTED_EDGE('',*,*,#9633,.F.);
#9635=ORIENTED_EDGE('',*,*,#9617,.F.);
#9636=ORIENTED_EDGE('',*,*,#9607,.F.);
#9637=EDGE_LOOP('',(#9632,#9634,#9635,#9636));
#9638=FACE_OUTER_BOUND('',#9637,.F.);
#9639=ADVANCED_FACE('',(#9638),#9630,.T.);
#9640=CARTESIAN_POINT('',(7.5E-1,-2.95E0,-5.31E0));
#9641=DIRECTION('',(0.E0,1.E0,0.E0));
#9642=DIRECTION('',(0.E0,0.E0,1.E0));
#9643=AXIS2_PLACEMENT_3D('',#9640,#9641,#9642);
#9644=PLANE('',#9643);
#9645=ORIENTED_EDGE('',*,*,#9631,.F.);
#9646=ORIENTED_EDGE('',*,*,#9196,.T.);
#9648=ORIENTED_EDGE('',*,*,#9647,.F.);
#9649=ORIENTED_EDGE('',*,*,#9070,.F.);
#9650=EDGE_LOOP('',(#9645,#9646,#9648,#9649));
#9651=FACE_OUTER_BOUND('',#9650,.F.);
#9652=ADVANCED_FACE('',(#9651),#9644,.T.);
#9653=CARTESIAN_POINT('',(7.5E-1,-2.75E0,-1.45E0));
#9654=DIRECTION('',(1.E0,0.E0,0.E0));
#9655=DIRECTION('',(0.E0,0.E0,-1.E0));
#9656=AXIS2_PLACEMENT_3D('',#9653,#9654,#9655);
#9657=CYLINDRICAL_SURFACE('',#9656,2.E-1);
#9658=ORIENTED_EDGE('',*,*,#9018,.F.);
#9659=ORIENTED_EDGE('',*,*,#9072,.F.);
#9660=ORIENTED_EDGE('',*,*,#9647,.T.);
#9661=ORIENTED_EDGE('',*,*,#9194,.T.);
#9662=EDGE_LOOP('',(#9658,#9659,#9660,#9661));
#9663=FACE_OUTER_BOUND('',#9662,.F.);
#9664=ADVANCED_FACE('',(#9663),#9657,.F.);
#9665=CARTESIAN_POINT('',(8.25E-1,-3.2E0,-5.01E0));
#9666=DIRECTION('',(-9.701425001453E-1,0.E0,-2.425356250363E-1));
#9667=DIRECTION('',(2.425356250363E-1,0.E0,-9.701425001453E-1));
#9668=AXIS2_PLACEMENT_3D('',#9665,#9666,#9667);
#9669=PLANE('',#9668);
#9670=ORIENTED_EDGE('',*,*,#9068,.T.);
#9671=ORIENTED_EDGE('',*,*,#9593,.F.);
#9672=ORIENTED_EDGE('',*,*,#9619,.F.);
#9673=ORIENTED_EDGE('',*,*,#9633,.T.);
#9674=EDGE_LOOP('',(#9670,#9671,#9672,#9673));
#9675=FACE_OUTER_BOUND('',#9674,.F.);
#9676=ADVANCED_FACE('',(#9675),#9669,.T.);
#9677=CARTESIAN_POINT('',(3.5E-1,0.E0,0.E0));
#9678=DIRECTION('',(1.E0,0.E0,0.E0));
#9679=DIRECTION('',(0.E0,0.E0,-1.E0));
#9680=AXIS2_PLACEMENT_3D('',#9677,#9678,#9679);
#9681=PLANE('',#9680);
#9682=ORIENTED_EDGE('',*,*,#7554,.T.);
#9683=ORIENTED_EDGE('',*,*,#9360,.F.);
#9684=ORIENTED_EDGE('',*,*,#9026,.F.);
#9685=ORIENTED_EDGE('',*,*,#7169,.F.);
#9686=ORIENTED_EDGE('',*,*,#7270,.T.);
#9687=EDGE_LOOP('',(#9682,#9683,#9684,#9685,#9686));
#9688=FACE_OUTER_BOUND('',#9687,.F.);
#9689=ADVANCED_FACE('',(#9688),#9681,.T.);
#9690=CARTESIAN_POINT('',(3.5E-1,0.E0,0.E0));
#9691=DIRECTION('',(1.E0,0.E0,0.E0));
#9692=DIRECTION('',(0.E0,0.E0,-1.E0));
#9693=AXIS2_PLACEMENT_3D('',#9690,#9691,#9692);
#9694=PLANE('',#9693);
#9695=ORIENTED_EDGE('',*,*,#7491,.F.);
#9696=ORIENTED_EDGE('',*,*,#7320,.T.);
#9697=ORIENTED_EDGE('',*,*,#7363,.T.);
#9699=ORIENTED_EDGE('',*,*,#9698,.F.);
#9700=ORIENTED_EDGE('',*,*,#9371,.F.);
#9701=EDGE_LOOP('',(#9695,#9696,#9697,#9699,#9700));
#9702=FACE_OUTER_BOUND('',#9701,.F.);
#9703=ADVANCED_FACE('',(#9702),#9694,.T.);
#9704=CARTESIAN_POINT('',(1.65E0,-2.95E0,1.3E0));
#9705=DIRECTION('',(0.E0,8.660254037844E-1,-5.E-1));
#9706=DIRECTION('',(0.E0,5.E-1,8.660254037844E-1));
#9707=AXIS2_PLACEMENT_3D('',#9704,#9705,#9706);
#9708=PLANE('',#9707);
#9709=ORIENTED_EDGE('',*,*,#7361,.T.);
#9710=ORIENTED_EDGE('',*,*,#9004,.F.);
#9711=ORIENTED_EDGE('',*,*,#9373,.T.);
#9712=ORIENTED_EDGE('',*,*,#9698,.T.);
#9713=EDGE_LOOP('',(#9709,#9710,#9711,#9712));
#9714=FACE_OUTER_BOUND('',#9713,.F.);
#9715=ADVANCED_FACE('',(#9714),#9708,.F.);
#9716=CARTESIAN_POINT('',(-3.5E-1,0.E0,0.E0));
#9717=DIRECTION('',(1.E0,0.E0,0.E0));
#9718=DIRECTION('',(0.E0,0.E0,-1.E0));
#9719=AXIS2_PLACEMENT_3D('',#9716,#9717,#9718);
#9720=PLANE('',#9719);
#9721=ORIENTED_EDGE('',*,*,#7557,.F.);
#9722=ORIENTED_EDGE('',*,*,#7273,.F.);
#9723=ORIENTED_EDGE('',*,*,#7165,.T.);
#9725=ORIENTED_EDGE('',*,*,#9724,.T.);
#9727=ORIENTED_EDGE('',*,*,#9726,.T.);
#9728=EDGE_LOOP('',(#9721,#9722,#9723,#9725,#9727));
#9729=FACE_OUTER_BOUND('',#9728,.F.);
#9730=ADVANCED_FACE('',(#9729),#9720,.F.);
#9731=CARTESIAN_POINT('',(-3.5E-1,0.E0,0.E0));
#9732=DIRECTION('',(1.E0,0.E0,0.E0));
#9733=DIRECTION('',(0.E0,0.E0,-1.E0));
#9734=AXIS2_PLACEMENT_3D('',#9731,#9732,#9733);
#9735=PLANE('',#9734);
#9736=ORIENTED_EDGE('',*,*,#7488,.T.);
#9738=ORIENTED_EDGE('',*,*,#9737,.T.);
#9740=ORIENTED_EDGE('',*,*,#9739,.T.);
#9741=ORIENTED_EDGE('',*,*,#7366,.F.);
#9742=ORIENTED_EDGE('',*,*,#7316,.F.);
#9743=EDGE_LOOP('',(#9736,#9738,#9740,#9741,#9742));
#9744=FACE_OUTER_BOUND('',#9743,.F.);
#9745=ADVANCED_FACE('',(#9744),#9735,.F.);
#9746=CARTESIAN_POINT('',(-3.5E-1,-2.545854811567E0,-2.E0));
#9747=DIRECTION('',(0.E0,8.660254037844E-1,5.E-1));
#9748=DIRECTION('',(0.E0,-5.E-1,8.660254037844E-1));
#9749=AXIS2_PLACEMENT_3D('',#9746,#9747,#9748);
#9750=PLANE('',#9749);
#9752=ORIENTED_EDGE('',*,*,#9751,.F.);
#9754=ORIENTED_EDGE('',*,*,#9753,.T.);
#9756=ORIENTED_EDGE('',*,*,#9755,.T.);
#9758=ORIENTED_EDGE('',*,*,#9757,.F.);
#9759=ORIENTED_EDGE('',*,*,#9724,.F.);
#9760=ORIENTED_EDGE('',*,*,#7163,.F.);
#9762=ORIENTED_EDGE('',*,*,#9761,.T.);
#9764=ORIENTED_EDGE('',*,*,#9763,.F.);
#9765=EDGE_LOOP('',(#9752,#9754,#9756,#9758,#9759,#9760,#9762,#9764));
#9766=FACE_OUTER_BOUND('',#9765,.F.);
#9767=ADVANCED_FACE('',(#9766),#9750,.F.);
#9768=CARTESIAN_POINT('',(-1.25E0,0.E0,0.E0));
#9769=DIRECTION('',(1.E0,0.E0,0.E0));
#9770=DIRECTION('',(0.E0,0.E0,-1.E0));
#9771=AXIS2_PLACEMENT_3D('',#9768,#9769,#9770);
#9772=PLANE('',#9771);
#9774=ORIENTED_EDGE('',*,*,#9773,.F.);
#9776=ORIENTED_EDGE('',*,*,#9775,.T.);
#9777=ORIENTED_EDGE('',*,*,#5744,.T.);
#9779=ORIENTED_EDGE('',*,*,#9778,.T.);
#9780=EDGE_LOOP('',(#9774,#9776,#9777,#9779));
#9781=FACE_OUTER_BOUND('',#9780,.F.);
#9782=ADVANCED_FACE('',(#9781),#9772,.F.);
#9783=CARTESIAN_POINT('',(-1.25E0,0.E0,0.E0));
#9784=DIRECTION('',(1.E0,0.E0,0.E0));
#9785=DIRECTION('',(0.E0,0.E0,-1.E0));
#9786=AXIS2_PLACEMENT_3D('',#9783,#9784,#9785);
#9787=PLANE('',#9786);
#9789=ORIENTED_EDGE('',*,*,#9788,.F.);
#9791=ORIENTED_EDGE('',*,*,#9790,.T.);
#9792=ORIENTED_EDGE('',*,*,#5754,.T.);
#9794=ORIENTED_EDGE('',*,*,#9793,.T.);
#9795=EDGE_LOOP('',(#9789,#9791,#9792,#9794));
#9796=FACE_OUTER_BOUND('',#9795,.F.);
#9797=ADVANCED_FACE('',(#9796),#9787,.F.);
#9798=CARTESIAN_POINT('',(-1.25E0,0.E0,0.E0));
#9799=DIRECTION('',(1.E0,0.E0,0.E0));
#9800=DIRECTION('',(0.E0,0.E0,-1.E0));
#9801=AXIS2_PLACEMENT_3D('',#9798,#9799,#9800);
#9802=PLANE('',#9801);
#9804=ORIENTED_EDGE('',*,*,#9803,.F.);
#9806=ORIENTED_EDGE('',*,*,#9805,.T.);
#9808=ORIENTED_EDGE('',*,*,#9807,.T.);
#9809=ORIENTED_EDGE('',*,*,#9751,.T.);
#9811=ORIENTED_EDGE('',*,*,#9810,.T.);
#9813=ORIENTED_EDGE('',*,*,#9812,.T.);
#9815=ORIENTED_EDGE('',*,*,#9814,.T.);
#9816=EDGE_LOOP('',(#9804,#9806,#9808,#9809,#9811,#9813,#9815));
#9817=FACE_OUTER_BOUND('',#9816,.F.);
#9818=ADVANCED_FACE('',(#9817),#9802,.F.);
#9819=CARTESIAN_POINT('',(-1.25E0,0.E0,0.E0));
#9820=DIRECTION('',(1.E0,0.E0,0.E0));
#9821=DIRECTION('',(0.E0,0.E0,-1.E0));
#9822=AXIS2_PLACEMENT_3D('',#9819,#9820,#9821);
#9823=PLANE('',#9822);
#9825=ORIENTED_EDGE('',*,*,#9824,.F.);
#9827=ORIENTED_EDGE('',*,*,#9826,.T.);
#9829=ORIENTED_EDGE('',*,*,#9828,.T.);
#9831=ORIENTED_EDGE('',*,*,#9830,.T.);
#9833=ORIENTED_EDGE('',*,*,#9832,.T.);
#9835=ORIENTED_EDGE('',*,*,#9834,.T.);
#9837=ORIENTED_EDGE('',*,*,#9836,.T.);
#9839=ORIENTED_EDGE('',*,*,#9838,.T.);
#9840=EDGE_LOOP('',(#9825,#9827,#9829,#9831,#9833,#9835,#9837,#9839));
#9841=FACE_OUTER_BOUND('',#9840,.F.);
#9842=ADVANCED_FACE('',(#9841),#9823,.F.);
#9843=CARTESIAN_POINT('',(-1.175E0,2.6E0,-1.E0));
#9844=DIRECTION('',(-9.701425001453E-1,2.425356250363E-1,0.E0));
#9845=DIRECTION('',(2.425356250363E-1,9.701425001453E-1,0.E0));
#9846=AXIS2_PLACEMENT_3D('',#9843,#9844,#9845);
#9847=PLANE('',#9846);
#9848=ORIENTED_EDGE('',*,*,#9773,.T.);
#9850=ORIENTED_EDGE('',*,*,#9849,.F.);
#9852=ORIENTED_EDGE('',*,*,#9851,.F.);
#9854=ORIENTED_EDGE('',*,*,#9853,.T.);
#9855=EDGE_LOOP('',(#9848,#9850,#9852,#9854));
#9856=FACE_OUTER_BOUND('',#9855,.F.);
#9857=ADVANCED_FACE('',(#9856),#9847,.T.);
#9858=CARTESIAN_POINT('',(-1.E0,2.6E0,-1.175E0));
#9859=DIRECTION('',(0.E0,2.425356250363E-1,-9.701425001453E-1));
#9860=DIRECTION('',(0.E0,-9.701425001453E-1,-2.425356250363E-1));
#9861=AXIS2_PLACEMENT_3D('',#9858,#9859,#9860);
#9862=PLANE('',#9861);
#9864=ORIENTED_EDGE('',*,*,#9863,.F.);
#9866=ORIENTED_EDGE('',*,*,#9865,.F.);
#9868=ORIENTED_EDGE('',*,*,#9867,.T.);
#9869=ORIENTED_EDGE('',*,*,#9849,.T.);
#9870=EDGE_LOOP('',(#9864,#9866,#9868,#9869));
#9871=FACE_OUTER_BOUND('',#9870,.F.);
#9872=ADVANCED_FACE('',(#9871),#9862,.T.);
#9873=CARTESIAN_POINT('',(-1.25E0,-2.75E0,-1.25E0));
#9874=DIRECTION('',(0.E0,0.E0,-1.E0));
#9875=DIRECTION('',(0.E0,1.E0,0.E0));
#9876=AXIS2_PLACEMENT_3D('',#9873,#9874,#9875);
#9877=PLANE('',#9876);
#9878=ORIENTED_EDGE('',*,*,#9863,.T.);
#9879=ORIENTED_EDGE('',*,*,#9778,.F.);
#9880=ORIENTED_EDGE('',*,*,#5750,.T.);
#9882=ORIENTED_EDGE('',*,*,#9881,.T.);
#9883=EDGE_LOOP('',(#9878,#9879,#9880,#9882));
#9884=FACE_OUTER_BOUND('',#9883,.F.);
#9885=ADVANCED_FACE('',(#9884),#9877,.T.);
#9886=CARTESIAN_POINT('',(-7.5E-1,0.E0,0.E0));
#9887=DIRECTION('',(1.E0,0.E0,0.E0));
#9888=DIRECTION('',(0.E0,0.E0,-1.E0));
#9889=AXIS2_PLACEMENT_3D('',#9886,#9887,#9888);
#9890=PLANE('',#9889);
#9892=ORIENTED_EDGE('',*,*,#9891,.F.);
#9893=ORIENTED_EDGE('',*,*,#9881,.F.);
#9894=ORIENTED_EDGE('',*,*,#5748,.F.);
#9896=ORIENTED_EDGE('',*,*,#9895,.F.);
#9897=EDGE_LOOP('',(#9892,#9893,#9894,#9896));
#9898=FACE_OUTER_BOUND('',#9897,.F.);
#9899=ADVANCED_FACE('',(#9898),#9890,.T.);
#9900=CARTESIAN_POINT('',(-7.5E-1,0.E0,0.E0));
#9901=DIRECTION('',(1.E0,0.E0,0.E0));
#9902=DIRECTION('',(0.E0,0.E0,-1.E0));
#9903=AXIS2_PLACEMENT_3D('',#9900,#9901,#9902);
#9904=PLANE('',#9903);
#9906=ORIENTED_EDGE('',*,*,#9905,.F.);
#9908=ORIENTED_EDGE('',*,*,#9907,.F.);
#9909=ORIENTED_EDGE('',*,*,#5758,.F.);
#9911=ORIENTED_EDGE('',*,*,#9910,.F.);
#9912=EDGE_LOOP('',(#9906,#9908,#9909,#9911));
#9913=FACE_OUTER_BOUND('',#9912,.F.);
#9914=ADVANCED_FACE('',(#9913),#9904,.T.);
#9915=CARTESIAN_POINT('',(-7.5E-1,0.E0,0.E0));
#9916=DIRECTION('',(1.E0,0.E0,0.E0));
#9917=DIRECTION('',(0.E0,0.E0,-1.E0));
#9918=AXIS2_PLACEMENT_3D('',#9915,#9916,#9917);
#9919=PLANE('',#9918);
#9921=ORIENTED_EDGE('',*,*,#9920,.F.);
#9923=ORIENTED_EDGE('',*,*,#9922,.F.);
#9925=ORIENTED_EDGE('',*,*,#9924,.F.);
#9927=ORIENTED_EDGE('',*,*,#9926,.F.);
#9928=ORIENTED_EDGE('',*,*,#9755,.F.);
#9930=ORIENTED_EDGE('',*,*,#9929,.F.);
#9932=ORIENTED_EDGE('',*,*,#9931,.F.);
#9933=EDGE_LOOP('',(#9921,#9923,#9925,#9927,#9928,#9930,#9932));
#9934=FACE_OUTER_BOUND('',#9933,.F.);
#9935=ADVANCED_FACE('',(#9934),#9919,.T.);
#9936=CARTESIAN_POINT('',(-7.5E-1,0.E0,0.E0));
#9937=DIRECTION('',(1.E0,0.E0,0.E0));
#9938=DIRECTION('',(0.E0,0.E0,-1.E0));
#9939=AXIS2_PLACEMENT_3D('',#9936,#9937,#9938);
#9940=PLANE('',#9939);
#9942=ORIENTED_EDGE('',*,*,#9941,.F.);
#9944=ORIENTED_EDGE('',*,*,#9943,.F.);
#9946=ORIENTED_EDGE('',*,*,#9945,.F.);
#9948=ORIENTED_EDGE('',*,*,#9947,.F.);
#9950=ORIENTED_EDGE('',*,*,#9949,.F.);
#9952=ORIENTED_EDGE('',*,*,#9951,.F.);
#9954=ORIENTED_EDGE('',*,*,#9953,.F.);
#9956=ORIENTED_EDGE('',*,*,#9955,.F.);
#9957=EDGE_LOOP('',(#9942,#9944,#9946,#9948,#9950,#9952,#9954,#9956));
#9958=FACE_OUTER_BOUND('',#9957,.F.);
#9959=ADVANCED_FACE('',(#9958),#9940,.T.);
#9960=CARTESIAN_POINT('',(-8.25E-1,2.6E0,-1.E0));
#9961=DIRECTION('',(9.701425001453E-1,2.425356250363E-1,0.E0));
#9962=DIRECTION('',(-2.425356250363E-1,9.701425001453E-1,0.E0));
#9963=AXIS2_PLACEMENT_3D('',#9960,#9961,#9962);
#9964=PLANE('',#9963);
#9966=ORIENTED_EDGE('',*,*,#9965,.F.);
#9967=ORIENTED_EDGE('',*,*,#9865,.T.);
#9968=ORIENTED_EDGE('',*,*,#9891,.T.);
#9970=ORIENTED_EDGE('',*,*,#9969,.T.);
#9971=EDGE_LOOP('',(#9966,#9967,#9968,#9970));
#9972=FACE_OUTER_BOUND('',#9971,.F.);
#9973=ADVANCED_FACE('',(#9972),#9964,.T.);
#9974=CARTESIAN_POINT('',(-1.25E0,2.9E0,-1.25E0));
#9975=DIRECTION('',(0.E0,1.E0,0.E0));
#9976=DIRECTION('',(0.E0,0.E0,1.E0));
#9977=AXIS2_PLACEMENT_3D('',#9974,#9975,#9976);
#9978=PLANE('',#9977);
#9980=ORIENTED_EDGE('',*,*,#9979,.T.);
#9981=ORIENTED_EDGE('',*,*,#9851,.T.);
#9982=ORIENTED_EDGE('',*,*,#9867,.F.);
#9983=ORIENTED_EDGE('',*,*,#9965,.T.);
#9984=EDGE_LOOP('',(#9980,#9981,#9982,#9983));
#9985=FACE_OUTER_BOUND('',#9984,.F.);
#9986=ADVANCED_FACE('',(#9985),#9978,.T.);
#9987=CARTESIAN_POINT('',(-1.E0,2.6E0,-8.25E-1));
#9988=DIRECTION('',(0.E0,2.425356250363E-1,9.701425001453E-1));
#9989=DIRECTION('',(0.E0,9.701425001453E-1,-2.425356250363E-1));
#9990=AXIS2_PLACEMENT_3D('',#9987,#9988,#9989);
#9991=PLANE('',#9990);
#9993=ORIENTED_EDGE('',*,*,#9992,.T.);
#9994=ORIENTED_EDGE('',*,*,#9853,.F.);
#9995=ORIENTED_EDGE('',*,*,#9979,.F.);
#9996=ORIENTED_EDGE('',*,*,#9969,.F.);
#9997=EDGE_LOOP('',(#9993,#9994,#9995,#9996));
#9998=FACE_OUTER_BOUND('',#9997,.F.);
#9999=ADVANCED_FACE('',(#9998),#9991,.T.);
#10000=CARTESIAN_POINT('',(-1.25E0,2.9E0,-7.5E-1));
#10001=DIRECTION('',(0.E0,0.E0,1.E0));
#10002=DIRECTION('',(0.E0,-1.E0,0.E0));
#10003=AXIS2_PLACEMENT_3D('',#10000,#10001,#10002);
#10004=PLANE('',#10003);
#10005=ORIENTED_EDGE('',*,*,#9992,.F.);
#10006=ORIENTED_EDGE('',*,*,#9895,.T.);
#10007=ORIENTED_EDGE('',*,*,#5746,.F.);
#10008=ORIENTED_EDGE('',*,*,#9775,.F.);
#10009=EDGE_LOOP('',(#10005,#10006,#10007,#10008));
#10010=FACE_OUTER_BOUND('',#10009,.F.);
#10011=ADVANCED_FACE('',(#10010),#10004,.T.);
#10012=CARTESIAN_POINT('',(-8.25E-1,2.6E0,1.E0));
#10013=DIRECTION('',(9.701425001453E-1,2.425356250363E-1,0.E0));
#10014=DIRECTION('',(-2.425356250363E-1,9.701425001453E-1,0.E0));
#10015=AXIS2_PLACEMENT_3D('',#10012,#10013,#10014);
#10016=PLANE('',#10015);
#10018=ORIENTED_EDGE('',*,*,#10017,.F.);
#10020=ORIENTED_EDGE('',*,*,#10019,.T.);
#10021=ORIENTED_EDGE('',*,*,#9905,.T.);
#10023=ORIENTED_EDGE('',*,*,#10022,.F.);
#10024=EDGE_LOOP('',(#10018,#10020,#10021,#10023));
#10025=FACE_OUTER_BOUND('',#10024,.F.);
#10026=ADVANCED_FACE('',(#10025),#10016,.T.);
#10027=CARTESIAN_POINT('',(-1.25E0,2.9E0,7.5E-1));
#10028=DIRECTION('',(0.E0,1.E0,0.E0));
#10029=DIRECTION('',(0.E0,0.E0,1.E0));
#10030=AXIS2_PLACEMENT_3D('',#10027,#10028,#10029);
#10031=PLANE('',#10030);
#10033=ORIENTED_EDGE('',*,*,#10032,.T.);
#10035=ORIENTED_EDGE('',*,*,#10034,.T.);
#10037=ORIENTED_EDGE('',*,*,#10036,.F.);
#10038=ORIENTED_EDGE('',*,*,#10017,.T.);
#10039=EDGE_LOOP('',(#10033,#10035,#10037,#10038));
#10040=FACE_OUTER_BOUND('',#10039,.F.);
#10041=ADVANCED_FACE('',(#10040),#10031,.T.);
#10042=CARTESIAN_POINT('',(-1.E0,2.6E0,1.175E0));
#10043=DIRECTION('',(0.E0,2.425356250363E-1,9.701425001453E-1));
#10044=DIRECTION('',(0.E0,9.701425001453E-1,-2.425356250363E-1));
#10045=AXIS2_PLACEMENT_3D('',#10042,#10043,#10044);
#10046=PLANE('',#10045);
#10048=ORIENTED_EDGE('',*,*,#10047,.T.);
#10050=ORIENTED_EDGE('',*,*,#10049,.F.);
#10051=ORIENTED_EDGE('',*,*,#10032,.F.);
#10052=ORIENTED_EDGE('',*,*,#10022,.T.);
#10053=EDGE_LOOP('',(#10048,#10050,#10051,#10052));
#10054=FACE_OUTER_BOUND('',#10053,.F.);
#10055=ADVANCED_FACE('',(#10054),#10046,.T.);
#10056=CARTESIAN_POINT('',(-1.25E0,2.9E0,1.25E0));
#10057=DIRECTION('',(0.E0,0.E0,1.E0));
#10058=DIRECTION('',(0.E0,-1.E0,0.E0));
#10059=AXIS2_PLACEMENT_3D('',#10056,#10057,#10058);
#10060=PLANE('',#10059);
#10062=ORIENTED_EDGE('',*,*,#10061,.T.);
#10063=ORIENTED_EDGE('',*,*,#9947,.T.);
#10065=ORIENTED_EDGE('',*,*,#10064,.F.);
#10066=ORIENTED_EDGE('',*,*,#9834,.F.);
#10067=EDGE_LOOP('',(#10062,#10063,#10065,#10066));
#10068=FACE_OUTER_BOUND('',#10067,.F.);
#10069=ADVANCED_FACE('',(#10068),#10060,.T.);
#10070=CARTESIAN_POINT('',(-1.25E0,2.9E0,1.25E0));
#10071=DIRECTION('',(0.E0,0.E0,1.E0));
#10072=DIRECTION('',(0.E0,-1.E0,0.E0));
#10073=AXIS2_PLACEMENT_3D('',#10070,#10071,#10072);
#10074=PLANE('',#10073);
#10075=ORIENTED_EDGE('',*,*,#10047,.F.);
#10076=ORIENTED_EDGE('',*,*,#9910,.T.);
#10077=ORIENTED_EDGE('',*,*,#5756,.F.);
#10078=ORIENTED_EDGE('',*,*,#9790,.F.);
#10079=EDGE_LOOP('',(#10075,#10076,#10077,#10078));
#10080=FACE_OUTER_BOUND('',#10079,.F.);
#10081=ADVANCED_FACE('',(#10080),#10074,.T.);
#10082=CARTESIAN_POINT('',(-3.5E-1,-2.95E0,-1.3E0));
#10083=DIRECTION('',(0.E0,1.E0,0.E0));
#10084=DIRECTION('',(0.E0,0.E0,1.E0));
#10085=AXIS2_PLACEMENT_3D('',#10082,#10083,#10084);
#10086=PLANE('',#10085);
#10087=ORIENTED_EDGE('',*,*,#7559,.T.);
#10088=ORIENTED_EDGE('',*,*,#9726,.F.);
#10089=ORIENTED_EDGE('',*,*,#9757,.T.);
#10090=ORIENTED_EDGE('',*,*,#9926,.T.);
#10092=ORIENTED_EDGE('',*,*,#10091,.F.);
#10093=ORIENTED_EDGE('',*,*,#9810,.F.);
#10094=ORIENTED_EDGE('',*,*,#9763,.T.);
#10096=ORIENTED_EDGE('',*,*,#10095,.T.);
#10097=EDGE_LOOP('',(#10087,#10088,#10089,#10090,#10092,#10093,#10094,#10096));
#10098=FACE_OUTER_BOUND('',#10097,.F.);
#10099=ADVANCED_FACE('',(#10098),#10086,.F.);
#10100=CARTESIAN_POINT('',(-3.5E-1,-2.95E0,-1.3E0));
#10101=DIRECTION('',(0.E0,1.E0,0.E0));
#10102=DIRECTION('',(0.E0,0.E0,1.E0));
#10103=AXIS2_PLACEMENT_3D('',#10100,#10101,#10102);
#10104=PLANE('',#10103);
#10105=ORIENTED_EDGE('',*,*,#7486,.F.);
#10107=ORIENTED_EDGE('',*,*,#10106,.T.);
#10109=ORIENTED_EDGE('',*,*,#10108,.F.);
#10110=ORIENTED_EDGE('',*,*,#9737,.F.);
#10111=EDGE_LOOP('',(#10105,#10107,#10109,#10110));
#10112=FACE_OUTER_BOUND('',#10111,.F.);
#10113=ORIENTED_EDGE('',*,*,#9832,.F.);
#10115=ORIENTED_EDGE('',*,*,#10114,.T.);
#10116=ORIENTED_EDGE('',*,*,#9949,.T.);
#10117=ORIENTED_EDGE('',*,*,#10061,.F.);
#10118=EDGE_LOOP('',(#10113,#10115,#10116,#10117));
#10119=FACE_BOUND('',#10118,.F.);
#10120=ADVANCED_FACE('',(#10112,#10119),#10104,.F.);
#10121=CARTESIAN_POINT('',(-1.25E0,-4.75E0,7.5E-1));
#10122=DIRECTION('',(0.E0,0.E0,-1.E0));
#10123=DIRECTION('',(0.E0,1.E0,0.E0));
#10124=AXIS2_PLACEMENT_3D('',#10121,#10122,#10123);
#10125=PLANE('',#10124);
#10126=ORIENTED_EDGE('',*,*,#10114,.F.);
#10127=ORIENTED_EDGE('',*,*,#9830,.F.);
#10129=ORIENTED_EDGE('',*,*,#10128,.T.);
#10130=ORIENTED_EDGE('',*,*,#9951,.T.);
#10131=EDGE_LOOP('',(#10126,#10127,#10129,#10130));
#10132=FACE_OUTER_BOUND('',#10131,.F.);
#10133=ADVANCED_FACE('',(#10132),#10125,.T.);
#10134=CARTESIAN_POINT('',(-1.25E0,-4.75E0,7.5E-1));
#10135=DIRECTION('',(0.E0,0.E0,-1.E0));
#10136=DIRECTION('',(0.E0,1.E0,0.E0));
#10137=AXIS2_PLACEMENT_3D('',#10134,#10135,#10136);
#10138=PLANE('',#10137);
#10140=ORIENTED_EDGE('',*,*,#10139,.T.);
#10141=ORIENTED_EDGE('',*,*,#9793,.F.);
#10142=ORIENTED_EDGE('',*,*,#5760,.T.);
#10143=ORIENTED_EDGE('',*,*,#9907,.T.);
#10144=EDGE_LOOP('',(#10140,#10141,#10142,#10143));
#10145=FACE_OUTER_BOUND('',#10144,.F.);
#10146=ADVANCED_FACE('',(#10145),#10138,.T.);
#10147=CARTESIAN_POINT('',(-1.25E0,-4.75E0,5.5E-1));
#10148=DIRECTION('',(1.E0,0.E0,0.E0));
#10149=DIRECTION('',(0.E0,0.E0,-1.E0));
#10150=AXIS2_PLACEMENT_3D('',#10147,#10148,#10149);
#10151=CYLINDRICAL_SURFACE('',#10150,2.E-1);
#10152=ORIENTED_EDGE('',*,*,#9828,.F.);
#10154=ORIENTED_EDGE('',*,*,#10153,.T.);
#10155=ORIENTED_EDGE('',*,*,#9953,.T.);
#10156=ORIENTED_EDGE('',*,*,#10128,.F.);
#10157=EDGE_LOOP('',(#10152,#10154,#10155,#10156));
#10158=FACE_OUTER_BOUND('',#10157,.F.);
#10159=ADVANCED_FACE('',(#10158),#10151,.F.);
#10160=CARTESIAN_POINT('',(-1.25E0,-4.95E0,-5.31E0));
#10161=DIRECTION('',(0.E0,1.E0,0.E0));
#10162=DIRECTION('',(0.E0,0.E0,1.E0));
#10163=AXIS2_PLACEMENT_3D('',#10160,#10161,#10162);
#10164=PLANE('',#10163);
#10166=ORIENTED_EDGE('',*,*,#10165,.F.);
#10167=ORIENTED_EDGE('',*,*,#9955,.T.);
#10168=ORIENTED_EDGE('',*,*,#10153,.F.);
#10169=ORIENTED_EDGE('',*,*,#9826,.F.);
#10170=EDGE_LOOP('',(#10166,#10167,#10168,#10169));
#10171=FACE_OUTER_BOUND('',#10170,.F.);
#10172=ADVANCED_FACE('',(#10171),#10164,.T.);
#10173=CARTESIAN_POINT('',(-1.E0,-5.025E0,-5.01E0));
#10174=DIRECTION('',(0.E0,9.701425001453E-1,-2.425356250363E-1));
#10175=DIRECTION('',(0.E0,-2.425356250363E-1,-9.701425001453E-1));
#10176=AXIS2_PLACEMENT_3D('',#10173,#10174,#10175);
#10177=PLANE('',#10176);
#10179=ORIENTED_EDGE('',*,*,#10178,.F.);
#10181=ORIENTED_EDGE('',*,*,#10180,.F.);
#10183=ORIENTED_EDGE('',*,*,#10182,.F.);
#10184=ORIENTED_EDGE('',*,*,#10165,.T.);
#10185=EDGE_LOOP('',(#10179,#10181,#10183,#10184));
#10186=FACE_OUTER_BOUND('',#10185,.F.);
#10187=ADVANCED_FACE('',(#10186),#10177,.T.);
#10188=CARTESIAN_POINT('',(-1.175E0,-5.2E0,-5.01E0));
#10189=DIRECTION('',(-9.701425001453E-1,0.E0,-2.425356250363E-1));
#10190=DIRECTION('',(2.425356250363E-1,0.E0,-9.701425001453E-1));
#10191=AXIS2_PLACEMENT_3D('',#10188,#10189,#10190);
#10192=PLANE('',#10191);
#10194=ORIENTED_EDGE('',*,*,#10193,.F.);
#10196=ORIENTED_EDGE('',*,*,#10195,.F.);
#10197=ORIENTED_EDGE('',*,*,#10178,.T.);
#10198=ORIENTED_EDGE('',*,*,#9824,.T.);
#10199=EDGE_LOOP('',(#10194,#10196,#10197,#10198));
#10200=FACE_OUTER_BOUND('',#10199,.F.);
#10201=ADVANCED_FACE('',(#10200),#10192,.T.);
#10202=CARTESIAN_POINT('',(-1.E0,-5.375E0,-5.01E0));
#10203=DIRECTION('',(0.E0,-9.701425001453E-1,-2.425356250363E-1));
#10204=DIRECTION('',(0.E0,-2.425356250363E-1,9.701425001453E-1));
#10205=AXIS2_PLACEMENT_3D('',#10202,#10203,#10204);
#10206=PLANE('',#10205);
#10207=ORIENTED_EDGE('',*,*,#10193,.T.);
#10209=ORIENTED_EDGE('',*,*,#10208,.F.);
#10211=ORIENTED_EDGE('',*,*,#10210,.F.);
#10213=ORIENTED_EDGE('',*,*,#10212,.T.);
#10214=EDGE_LOOP('',(#10207,#10209,#10211,#10213));
#10215=FACE_OUTER_BOUND('',#10214,.F.);
#10216=ADVANCED_FACE('',(#10215),#10206,.T.);
#10217=CARTESIAN_POINT('',(-1.25E0,-5.45E0,5.5E-1));
#10218=DIRECTION('',(0.E0,-1.E0,0.E0));
#10219=DIRECTION('',(0.E0,0.E0,-1.E0));
#10220=AXIS2_PLACEMENT_3D('',#10217,#10218,#10219);
#10221=PLANE('',#10220);
#10222=ORIENTED_EDGE('',*,*,#10208,.T.);
#10223=ORIENTED_EDGE('',*,*,#9838,.F.);
#10225=ORIENTED_EDGE('',*,*,#10224,.T.);
#10226=ORIENTED_EDGE('',*,*,#9943,.T.);
#10227=EDGE_LOOP('',(#10222,#10223,#10225,#10226));
#10228=FACE_OUTER_BOUND('',#10227,.F.);
#10229=ADVANCED_FACE('',(#10228),#10221,.T.);
#10230=CARTESIAN_POINT('',(-1.25E0,-4.75E0,5.5E-1));
#10231=DIRECTION('',(1.E0,0.E0,0.E0));
#10232=DIRECTION('',(0.E0,0.E0,-1.E0));
#10233=AXIS2_PLACEMENT_3D('',#10230,#10231,#10232);
#10234=CYLINDRICAL_SURFACE('',#10233,7.E-1);
#10235=ORIENTED_EDGE('',*,*,#9836,.F.);
#10236=ORIENTED_EDGE('',*,*,#10064,.T.);
#10237=ORIENTED_EDGE('',*,*,#9945,.T.);
#10238=ORIENTED_EDGE('',*,*,#10224,.F.);
#10239=EDGE_LOOP('',(#10235,#10236,#10237,#10238));
#10240=FACE_OUTER_BOUND('',#10239,.F.);
#10241=ADVANCED_FACE('',(#10240),#10234,.T.);
#10242=CARTESIAN_POINT('',(-8.25E-1,-5.2E0,-5.01E0));
#10243=DIRECTION('',(9.701425001453E-1,0.E0,-2.425356250363E-1));
#10244=DIRECTION('',(-2.425356250363E-1,0.E0,-9.701425001453E-1));
#10245=AXIS2_PLACEMENT_3D('',#10242,#10243,#10244);
#10246=PLANE('',#10245);
#10247=ORIENTED_EDGE('',*,*,#10210,.T.);
#10248=ORIENTED_EDGE('',*,*,#9941,.T.);
#10249=ORIENTED_EDGE('',*,*,#10182,.T.);
#10251=ORIENTED_EDGE('',*,*,#10250,.F.);
#10252=EDGE_LOOP('',(#10247,#10248,#10249,#10251));
#10253=FACE_OUTER_BOUND('',#10252,.F.);
#10254=ADVANCED_FACE('',(#10253),#10246,.T.);
#10255=CARTESIAN_POINT('',(-1.25E0,-5.45E0,-5.31E0));
#10256=DIRECTION('',(0.E0,0.E0,-1.E0));
#10257=DIRECTION('',(0.E0,1.E0,0.E0));
#10258=AXIS2_PLACEMENT_3D('',#10255,#10256,#10257);
#10259=PLANE('',#10258);
#10260=ORIENTED_EDGE('',*,*,#10180,.T.);
#10261=ORIENTED_EDGE('',*,*,#10195,.T.);
#10262=ORIENTED_EDGE('',*,*,#10212,.F.);
#10263=ORIENTED_EDGE('',*,*,#10250,.T.);
#10264=EDGE_LOOP('',(#10260,#10261,#10262,#10263));
#10265=FACE_OUTER_BOUND('',#10264,.F.);
#10266=ADVANCED_FACE('',(#10265),#10259,.T.);
#10267=CARTESIAN_POINT('',(-1.E0,2.6E0,8.25E-1));
#10268=DIRECTION('',(0.E0,2.425356250363E-1,-9.701425001453E-1));
#10269=DIRECTION('',(0.E0,-9.701425001453E-1,-2.425356250363E-1));
#10270=AXIS2_PLACEMENT_3D('',#10267,#10268,#10269);
#10271=PLANE('',#10270);
#10272=ORIENTED_EDGE('',*,*,#10139,.F.);
#10273=ORIENTED_EDGE('',*,*,#10019,.F.);
#10274=ORIENTED_EDGE('',*,*,#10036,.T.);
#10276=ORIENTED_EDGE('',*,*,#10275,.T.);
#10277=EDGE_LOOP('',(#10272,#10273,#10274,#10276));
#10278=FACE_OUTER_BOUND('',#10277,.F.);
#10279=ADVANCED_FACE('',(#10278),#10271,.T.);
#10280=CARTESIAN_POINT('',(-1.175E0,2.6E0,1.E0));
#10281=DIRECTION('',(-9.701425001453E-1,2.425356250363E-1,0.E0));
#10282=DIRECTION('',(2.425356250363E-1,9.701425001453E-1,0.E0));
#10283=AXIS2_PLACEMENT_3D('',#10280,#10281,#10282);
#10284=PLANE('',#10283);
#10285=ORIENTED_EDGE('',*,*,#9788,.T.);
#10286=ORIENTED_EDGE('',*,*,#10275,.F.);
#10287=ORIENTED_EDGE('',*,*,#10034,.F.);
#10288=ORIENTED_EDGE('',*,*,#10049,.T.);
#10289=EDGE_LOOP('',(#10285,#10286,#10287,#10288));
#10290=FACE_OUTER_BOUND('',#10289,.F.);
#10291=ADVANCED_FACE('',(#10290),#10284,.T.);
#10292=CARTESIAN_POINT('',(-1.25E0,-2.75E0,-1.45E0));
#10293=DIRECTION('',(1.E0,0.E0,0.E0));
#10294=DIRECTION('',(0.E0,0.E0,-1.E0));
#10295=AXIS2_PLACEMENT_3D('',#10292,#10293,#10294);
#10296=CYLINDRICAL_SURFACE('',#10295,7.E-1);
#10297=ORIENTED_EDGE('',*,*,#10091,.T.);
#10298=ORIENTED_EDGE('',*,*,#9924,.T.);
#10300=ORIENTED_EDGE('',*,*,#10299,.F.);
#10301=ORIENTED_EDGE('',*,*,#9812,.F.);
#10302=EDGE_LOOP('',(#10297,#10298,#10300,#10301));
#10303=FACE_OUTER_BOUND('',#10302,.F.);
#10304=ADVANCED_FACE('',(#10303),#10296,.T.);
#10305=CARTESIAN_POINT('',(-1.25E0,-3.45E0,-1.45E0));
#10306=DIRECTION('',(0.E0,-1.E0,0.E0));
#10307=DIRECTION('',(0.E0,0.E0,-1.E0));
#10308=AXIS2_PLACEMENT_3D('',#10305,#10306,#10307);
#10309=PLANE('',#10308);
#10311=ORIENTED_EDGE('',*,*,#10310,.T.);
#10312=ORIENTED_EDGE('',*,*,#9814,.F.);
#10313=ORIENTED_EDGE('',*,*,#10299,.T.);
#10314=ORIENTED_EDGE('',*,*,#9922,.T.);
#10315=EDGE_LOOP('',(#10311,#10312,#10313,#10314));
#10316=FACE_OUTER_BOUND('',#10315,.F.);
#10317=ADVANCED_FACE('',(#10316),#10309,.T.);
#10318=CARTESIAN_POINT('',(-1.E0,-3.375E0,-5.01E0));
#10319=DIRECTION('',(0.E0,-9.701425001453E-1,-2.425356250363E-1));
#10320=DIRECTION('',(0.E0,-2.425356250363E-1,9.701425001453E-1));
#10321=AXIS2_PLACEMENT_3D('',#10318,#10319,#10320);
#10322=PLANE('',#10321);
#10323=ORIENTED_EDGE('',*,*,#10310,.F.);
#10325=ORIENTED_EDGE('',*,*,#10324,.F.);
#10327=ORIENTED_EDGE('',*,*,#10326,.T.);
#10329=ORIENTED_EDGE('',*,*,#10328,.T.);
#10330=EDGE_LOOP('',(#10323,#10325,#10327,#10329));
#10331=FACE_OUTER_BOUND('',#10330,.F.);
#10332=ADVANCED_FACE('',(#10331),#10322,.T.);
#10333=CARTESIAN_POINT('',(-8.25E-1,-3.2E0,-5.01E0));
#10334=DIRECTION('',(9.701425001453E-1,0.E0,-2.425356250363E-1));
#10335=DIRECTION('',(-2.425356250363E-1,0.E0,-9.701425001453E-1));
#10336=AXIS2_PLACEMENT_3D('',#10333,#10334,#10335);
#10337=PLANE('',#10336);
#10339=ORIENTED_EDGE('',*,*,#10338,.F.);
#10340=ORIENTED_EDGE('',*,*,#10324,.T.);
#10341=ORIENTED_EDGE('',*,*,#9920,.T.);
#10343=ORIENTED_EDGE('',*,*,#10342,.T.);
#10344=EDGE_LOOP('',(#10339,#10340,#10341,#10343));
#10345=FACE_OUTER_BOUND('',#10344,.F.);
#10346=ADVANCED_FACE('',(#10345),#10337,.T.);
#10347=CARTESIAN_POINT('',(-1.25E0,-3.45E0,-5.31E0));
#10348=DIRECTION('',(0.E0,0.E0,-1.E0));
#10349=DIRECTION('',(0.E0,1.E0,0.E0));
#10350=AXIS2_PLACEMENT_3D('',#10347,#10348,#10349);
#10351=PLANE('',#10350);
#10353=ORIENTED_EDGE('',*,*,#10352,.T.);
#10355=ORIENTED_EDGE('',*,*,#10354,.T.);
#10356=ORIENTED_EDGE('',*,*,#10326,.F.);
#10357=ORIENTED_EDGE('',*,*,#10338,.T.);
#10358=EDGE_LOOP('',(#10353,#10355,#10356,#10357));
#10359=FACE_OUTER_BOUND('',#10358,.F.);
#10360=ADVANCED_FACE('',(#10359),#10351,.T.);
#10361=CARTESIAN_POINT('',(-1.E0,-3.025E0,-5.01E0));
#10362=DIRECTION('',(0.E0,9.701425001453E-1,-2.425356250363E-1));
#10363=DIRECTION('',(0.E0,-2.425356250363E-1,-9.701425001453E-1));
#10364=AXIS2_PLACEMENT_3D('',#10361,#10362,#10363);
#10365=PLANE('',#10364);
#10367=ORIENTED_EDGE('',*,*,#10366,.T.);
#10369=ORIENTED_EDGE('',*,*,#10368,.F.);
#10370=ORIENTED_EDGE('',*,*,#10352,.F.);
#10371=ORIENTED_EDGE('',*,*,#10342,.F.);
#10372=EDGE_LOOP('',(#10367,#10369,#10370,#10371));
#10373=FACE_OUTER_BOUND('',#10372,.F.);
#10374=ADVANCED_FACE('',(#10373),#10365,.T.);
#10375=CARTESIAN_POINT('',(-1.25E0,-2.95E0,-5.31E0));
#10376=DIRECTION('',(0.E0,1.E0,0.E0));
#10377=DIRECTION('',(0.E0,0.E0,1.E0));
#10378=AXIS2_PLACEMENT_3D('',#10375,#10376,#10377);
#10379=PLANE('',#10378);
#10380=ORIENTED_EDGE('',*,*,#10366,.F.);
#10381=ORIENTED_EDGE('',*,*,#9931,.T.);
#10383=ORIENTED_EDGE('',*,*,#10382,.F.);
#10384=ORIENTED_EDGE('',*,*,#9805,.F.);
#10385=EDGE_LOOP('',(#10380,#10381,#10383,#10384));
#10386=FACE_OUTER_BOUND('',#10385,.F.);
#10387=ADVANCED_FACE('',(#10386),#10379,.T.);
#10388=CARTESIAN_POINT('',(-1.25E0,-2.75E0,-1.45E0));
#10389=DIRECTION('',(1.E0,0.E0,0.E0));
#10390=DIRECTION('',(0.E0,0.E0,-1.E0));
#10391=AXIS2_PLACEMENT_3D('',#10388,#10389,#10390);
#10392=CYLINDRICAL_SURFACE('',#10391,2.E-1);
#10393=ORIENTED_EDGE('',*,*,#9753,.F.);
#10394=ORIENTED_EDGE('',*,*,#9807,.F.);
#10395=ORIENTED_EDGE('',*,*,#10382,.T.);
#10396=ORIENTED_EDGE('',*,*,#9929,.T.);
#10397=EDGE_LOOP('',(#10393,#10394,#10395,#10396));
#10398=FACE_OUTER_BOUND('',#10397,.F.);
#10399=ADVANCED_FACE('',(#10398),#10392,.F.);
#10400=CARTESIAN_POINT('',(-1.175E0,-3.2E0,-5.01E0));
#10401=DIRECTION('',(-9.701425001453E-1,0.E0,-2.425356250363E-1));
#10402=DIRECTION('',(2.425356250363E-1,0.E0,-9.701425001453E-1));
#10403=AXIS2_PLACEMENT_3D('',#10400,#10401,#10402);
#10404=PLANE('',#10403);
#10405=ORIENTED_EDGE('',*,*,#9803,.T.);
#10406=ORIENTED_EDGE('',*,*,#10328,.F.);
#10407=ORIENTED_EDGE('',*,*,#10354,.F.);
#10408=ORIENTED_EDGE('',*,*,#10368,.T.);
#10409=EDGE_LOOP('',(#10405,#10406,#10407,#10408));
#10410=FACE_OUTER_BOUND('',#10409,.F.);
#10411=ADVANCED_FACE('',(#10410),#10404,.T.);
#10412=CARTESIAN_POINT('',(-1.65E0,0.E0,0.E0));
#10413=DIRECTION('',(1.E0,0.E0,0.E0));
#10414=DIRECTION('',(0.E0,0.E0,-1.E0));
#10415=AXIS2_PLACEMENT_3D('',#10412,#10413,#10414);
#10416=PLANE('',#10415);
#10417=ORIENTED_EDGE('',*,*,#7561,.T.);
#10418=ORIENTED_EDGE('',*,*,#10095,.F.);
#10419=ORIENTED_EDGE('',*,*,#9761,.F.);
#10420=ORIENTED_EDGE('',*,*,#7161,.F.);
#10421=ORIENTED_EDGE('',*,*,#7255,.T.);
#10422=EDGE_LOOP('',(#10417,#10418,#10419,#10420,#10421));
#10423=FACE_OUTER_BOUND('',#10422,.F.);
#10424=ADVANCED_FACE('',(#10423),#10416,.T.);
#10425=CARTESIAN_POINT('',(-1.65E0,0.E0,0.E0));
#10426=DIRECTION('',(1.E0,0.E0,0.E0));
#10427=DIRECTION('',(0.E0,0.E0,-1.E0));
#10428=AXIS2_PLACEMENT_3D('',#10425,#10426,#10427);
#10429=PLANE('',#10428);
#10430=ORIENTED_EDGE('',*,*,#7484,.F.);
#10431=ORIENTED_EDGE('',*,*,#7336,.T.);
#10432=ORIENTED_EDGE('',*,*,#7370,.T.);
#10434=ORIENTED_EDGE('',*,*,#10433,.F.);
#10435=ORIENTED_EDGE('',*,*,#10106,.F.);
#10436=EDGE_LOOP('',(#10430,#10431,#10432,#10434,#10435));
#10437=FACE_OUTER_BOUND('',#10436,.F.);
#10438=ADVANCED_FACE('',(#10437),#10429,.T.);
#10439=CARTESIAN_POINT('',(-3.5E-1,-2.95E0,1.3E0));
#10440=DIRECTION('',(0.E0,8.660254037844E-1,-5.E-1));
#10441=DIRECTION('',(0.E0,5.E-1,8.660254037844E-1));
#10442=AXIS2_PLACEMENT_3D('',#10439,#10440,#10441);
#10443=PLANE('',#10442);
#10444=ORIENTED_EDGE('',*,*,#7368,.T.);
#10445=ORIENTED_EDGE('',*,*,#9739,.F.);
#10446=ORIENTED_EDGE('',*,*,#10108,.T.);
#10447=ORIENTED_EDGE('',*,*,#10433,.T.);
#10448=EDGE_LOOP('',(#10444,#10445,#10446,#10447));
#10449=FACE_OUTER_BOUND('',#10448,.F.);
#10450=ADVANCED_FACE('',(#10449),#10443,.F.);
#10451=CARTESIAN_POINT('',(-4.35E0,-2.95E0,1.3E0));
#10452=DIRECTION('',(0.E0,8.660254037844E-1,-5.E-1));
#10453=DIRECTION('',(0.E0,5.E-1,8.660254037844E-1));
#10454=AXIS2_PLACEMENT_3D('',#10451,#10452,#10453);
#10455=PLANE('',#10454);
#10456=ORIENTED_EDGE('',*,*,#7381,.T.);
#10457=ORIENTED_EDGE('',*,*,#6432,.F.);
#10458=ORIENTED_EDGE('',*,*,#6182,.T.);
#10459=ORIENTED_EDGE('',*,*,#6402,.T.);
#10460=EDGE_LOOP('',(#10456,#10457,#10458,#10459));
#10461=FACE_OUTER_BOUND('',#10460,.F.);
#10462=ADVANCED_FACE('',(#10461),#10455,.F.);
#10463=CARTESIAN_POINT('',(-6.5E0,-3.2E0,-2.E0));
#10464=DIRECTION('',(1.E0,0.E0,0.E0));
#10465=DIRECTION('',(0.E0,0.E0,1.E0));
#10466=AXIS2_PLACEMENT_3D('',#10463,#10464,#10465);
#10467=PLANE('',#10466);
#10468=ORIENTED_EDGE('',*,*,#7200,.F.);
#10469=ORIENTED_EDGE('',*,*,#7143,.T.);
#10471=ORIENTED_EDGE('',*,*,#10470,.T.);
#10472=ORIENTED_EDGE('',*,*,#7385,.F.);
#10473=EDGE_LOOP('',(#10468,#10469,#10471,#10472));
#10474=FACE_OUTER_BOUND('',#10473,.F.);
#10475=ADVANCED_FACE('',(#10474),#10467,.F.);
#10476=CARTESIAN_POINT('',(0.E0,-1.5E0,-3.15E0));
#10477=DIRECTION('',(0.E0,-1.E0,0.E0));
#10478=DIRECTION('',(0.E0,0.E0,1.E0));
#10479=AXIS2_PLACEMENT_3D('',#10476,#10477,#10478);
#10480=PLANE('',#10479);
#10481=ORIENTED_EDGE('',*,*,#5426,.F.);
#10482=ORIENTED_EDGE('',*,*,#5454,.T.);
#10484=ORIENTED_EDGE('',*,*,#10483,.T.);
#10485=ORIENTED_EDGE('',*,*,#5554,.F.);
#10486=EDGE_LOOP('',(#10481,#10482,#10484,#10485));
#10487=FACE_OUTER_BOUND('',#10486,.F.);
#10488=ORIENTED_EDGE('',*,*,#10470,.F.);
#10489=ORIENTED_EDGE('',*,*,#7141,.F.);
#10491=ORIENTED_EDGE('',*,*,#10490,.F.);
#10492=ORIENTED_EDGE('',*,*,#7387,.F.);
#10493=EDGE_LOOP('',(#10488,#10489,#10491,#10492));
#10494=FACE_BOUND('',#10493,.F.);
#10495=ADVANCED_FACE('',(#10487,#10494),#10480,.T.);
#10496=CARTESIAN_POINT('',(6.5E0,-3.2E0,2.E0));
#10497=DIRECTION('',(-1.E0,0.E0,0.E0));
#10498=DIRECTION('',(0.E0,0.E0,-1.E0));
#10499=AXIS2_PLACEMENT_3D('',#10496,#10497,#10498);
#10500=PLANE('',#10499);
#10501=ORIENTED_EDGE('',*,*,#7227,.F.);
#10502=ORIENTED_EDGE('',*,*,#7389,.T.);
#10503=ORIENTED_EDGE('',*,*,#10490,.T.);
#10504=ORIENTED_EDGE('',*,*,#7139,.F.);
#10505=EDGE_LOOP('',(#10501,#10502,#10503,#10504));
#10506=FACE_OUTER_BOUND('',#10505,.F.);
#10507=ADVANCED_FACE('',(#10506),#10500,.F.);
#10508=CARTESIAN_POINT('',(0.E0,0.E0,3.15E0));
#10509=DIRECTION('',(0.E0,0.E0,1.E0));
#10510=DIRECTION('',(1.E0,0.E0,0.E0));
#10511=AXIS2_PLACEMENT_3D('',#10508,#10509,#10510);
#10512=PLANE('',#10511);
#10514=ORIENTED_EDGE('',*,*,#10513,.T.);
#10516=ORIENTED_EDGE('',*,*,#10515,.T.);
#10517=ORIENTED_EDGE('',*,*,#5536,.F.);
#10519=ORIENTED_EDGE('',*,*,#10518,.F.);
#10521=ORIENTED_EDGE('',*,*,#10520,.T.);
#10522=ORIENTED_EDGE('',*,*,#5607,.T.);
#10524=ORIENTED_EDGE('',*,*,#10523,.T.);
#10526=ORIENTED_EDGE('',*,*,#10525,.F.);
#10527=ORIENTED_EDGE('',*,*,#5503,.F.);
#10528=ORIENTED_EDGE('',*,*,#5556,.F.);
#10529=ORIENTED_EDGE('',*,*,#10483,.F.);
#10530=ORIENTED_EDGE('',*,*,#5452,.F.);
#10531=ORIENTED_EDGE('',*,*,#5525,.F.);
#10532=EDGE_LOOP('',(#10514,#10516,#10517,#10519,#10521,#10522,#10524,#10526,
#10527,#10528,#10529,#10530,#10531));
#10533=FACE_OUTER_BOUND('',#10532,.F.);
#10534=ADVANCED_FACE('',(#10533),#10512,.T.);
#10535=CARTESIAN_POINT('',(-5.325E0,3.2E0,3.15E0));
#10536=DIRECTION('',(-9.396926207859E-1,-3.420201433257E-1,0.E0));
#10537=DIRECTION('',(3.420201433257E-1,-9.396926207859E-1,0.E0));
#10538=AXIS2_PLACEMENT_3D('',#10535,#10536,#10537);
#10539=PLANE('',#10538);
#10540=ORIENTED_EDGE('',*,*,#10513,.F.);
#10541=ORIENTED_EDGE('',*,*,#5523,.T.);
#10543=ORIENTED_EDGE('',*,*,#10542,.T.);
#10545=ORIENTED_EDGE('',*,*,#10544,.F.);
#10546=EDGE_LOOP('',(#10540,#10541,#10543,#10545));
#10547=FACE_OUTER_BOUND('',#10546,.F.);
#10548=ADVANCED_FACE('',(#10547),#10539,.F.);
#10549=CARTESIAN_POINT('',(0.E0,0.E0,3.13E0));
#10550=DIRECTION('',(0.E0,0.E0,1.E0));
#10551=DIRECTION('',(1.E0,0.E0,0.E0));
#10552=AXIS2_PLACEMENT_3D('',#10549,#10550,#10551);
#10553=PLANE('',#10552);
#10554=ORIENTED_EDGE('',*,*,#5540,.T.);
#10556=ORIENTED_EDGE('',*,*,#10555,.F.);
#10557=ORIENTED_EDGE('',*,*,#10542,.F.);
#10558=EDGE_LOOP('',(#10554,#10556,#10557));
#10559=FACE_OUTER_BOUND('',#10558,.F.);
#10560=ADVANCED_FACE('',(#10559),#10553,.T.);
#10561=CARTESIAN_POINT('',(-4.825E0,1.826261290273E0,3.15E0));
#10562=DIRECTION('',(9.396926207859E-1,-3.420201433257E-1,0.E0));
#10563=DIRECTION('',(3.420201433257E-1,9.396926207859E-1,0.E0));
#10564=AXIS2_PLACEMENT_3D('',#10561,#10562,#10563);
#10565=PLANE('',#10564);
#10566=ORIENTED_EDGE('',*,*,#10515,.F.);
#10567=ORIENTED_EDGE('',*,*,#10544,.T.);
#10568=ORIENTED_EDGE('',*,*,#10555,.T.);
#10569=ORIENTED_EDGE('',*,*,#5538,.F.);
#10570=EDGE_LOOP('',(#10566,#10567,#10568,#10569));
#10571=FACE_OUTER_BOUND('',#10570,.F.);
#10572=ADVANCED_FACE('',(#10571),#10565,.F.);
#10573=CARTESIAN_POINT('',(-2.E0,2.4E0,3.15E0));
#10574=DIRECTION('',(0.E0,0.E0,1.E0));
#10575=DIRECTION('',(1.E0,0.E0,0.E0));
#10576=AXIS2_PLACEMENT_3D('',#10573,#10574,#10575);
#10577=CYLINDRICAL_SURFACE('',#10576,8.E-1);
#10578=ORIENTED_EDGE('',*,*,#10518,.T.);
#10579=ORIENTED_EDGE('',*,*,#5534,.F.);
#10581=ORIENTED_EDGE('',*,*,#10580,.F.);
#10583=ORIENTED_EDGE('',*,*,#10582,.F.);
#10585=ORIENTED_EDGE('',*,*,#10584,.F.);
#10586=EDGE_LOOP('',(#10578,#10579,#10581,#10583,#10585));
#10587=FACE_OUTER_BOUND('',#10586,.F.);
#10588=ADVANCED_FACE('',(#10587),#10577,.T.);
#10589=CARTESIAN_POINT('',(0.E0,2.9E0,2.55E0));
#10590=DIRECTION('',(0.E0,7.071067811865E-1,-7.071067811865E-1));
#10591=DIRECTION('',(0.E0,-7.071067811865E-1,-7.071067811865E-1));
#10592=AXIS2_PLACEMENT_3D('',#10589,#10590,#10591);
#10593=PLANE('',#10592);
#10594=ORIENTED_EDGE('',*,*,#5507,.T.);
#10596=ORIENTED_EDGE('',*,*,#10595,.T.);
#10598=ORIENTED_EDGE('',*,*,#10597,.T.);
#10600=ORIENTED_EDGE('',*,*,#10599,.F.);
#10602=ORIENTED_EDGE('',*,*,#10601,.F.);
#10604=ORIENTED_EDGE('',*,*,#10603,.F.);
#10606=ORIENTED_EDGE('',*,*,#10605,.T.);
#10608=ORIENTED_EDGE('',*,*,#10607,.F.);
#10610=ORIENTED_EDGE('',*,*,#10609,.F.);
#10612=ORIENTED_EDGE('',*,*,#10611,.T.);
#10614=ORIENTED_EDGE('',*,*,#10613,.T.);
#10616=ORIENTED_EDGE('',*,*,#10615,.F.);
#10618=ORIENTED_EDGE('',*,*,#10617,.F.);
#10620=ORIENTED_EDGE('',*,*,#10619,.T.);
#10621=EDGE_LOOP('',(#10594,#10596,#10598,#10600,#10602,#10604,#10606,#10608,
#10610,#10612,#10614,#10616,#10618,#10620));
#10622=FACE_OUTER_BOUND('',#10621,.F.);
#10623=ADVANCED_FACE('',(#10622),#10593,.T.);
#10624=CARTESIAN_POINT('',(0.E0,2.9E0,2.55E0));
#10625=DIRECTION('',(0.E0,7.071067811865E-1,-7.071067811865E-1));
#10626=DIRECTION('',(0.E0,-7.071067811865E-1,-7.071067811865E-1));
#10627=AXIS2_PLACEMENT_3D('',#10624,#10625,#10626);
#10628=PLANE('',#10627);
#10629=ORIENTED_EDGE('',*,*,#5532,.T.);
#10631=ORIENTED_EDGE('',*,*,#10630,.F.);
#10633=ORIENTED_EDGE('',*,*,#10632,.F.);
#10635=ORIENTED_EDGE('',*,*,#10634,.T.);
#10637=ORIENTED_EDGE('',*,*,#10636,.T.);
#10639=ORIENTED_EDGE('',*,*,#10638,.F.);
#10641=ORIENTED_EDGE('',*,*,#10640,.F.);
#10643=ORIENTED_EDGE('',*,*,#10642,.T.);
#10645=ORIENTED_EDGE('',*,*,#10644,.T.);
#10647=ORIENTED_EDGE('',*,*,#10646,.F.);
#10649=ORIENTED_EDGE('',*,*,#10648,.F.);
#10651=ORIENTED_EDGE('',*,*,#10650,.F.);
#10653=ORIENTED_EDGE('',*,*,#10652,.T.);
#10654=ORIENTED_EDGE('',*,*,#10580,.T.);
#10655=EDGE_LOOP('',(#10629,#10631,#10633,#10635,#10637,#10639,#10641,#10643,
#10645,#10647,#10649,#10651,#10653,#10654));
#10656=FACE_OUTER_BOUND('',#10655,.F.);
#10657=ADVANCED_FACE('',(#10656),#10628,.T.);
#10658=CARTESIAN_POINT('',(2.E0,2.4E0,3.15E0));
#10659=DIRECTION('',(0.E0,0.E0,1.E0));
#10660=DIRECTION('',(1.E0,0.E0,0.E0));
#10661=AXIS2_PLACEMENT_3D('',#10658,#10659,#10660);
#10662=CYLINDRICAL_SURFACE('',#10661,8.E-1);
#10663=ORIENTED_EDGE('',*,*,#10525,.T.);
#10665=ORIENTED_EDGE('',*,*,#10664,.T.);
#10667=ORIENTED_EDGE('',*,*,#10666,.F.);
#10668=ORIENTED_EDGE('',*,*,#10595,.F.);
#10669=ORIENTED_EDGE('',*,*,#5505,.T.);
#10670=EDGE_LOOP('',(#10663,#10665,#10667,#10668,#10669));
#10671=FACE_OUTER_BOUND('',#10670,.F.);
#10672=ADVANCED_FACE('',(#10671),#10662,.T.);
#10673=CARTESIAN_POINT('',(1.2E0,-7.E-1,3.15E0));
#10674=DIRECTION('',(1.E0,0.E0,0.E0));
#10675=DIRECTION('',(0.E0,1.E0,0.E0));
#10676=AXIS2_PLACEMENT_3D('',#10673,#10674,#10675);
#10677=PLANE('',#10676);
#10678=ORIENTED_EDGE('',*,*,#10523,.F.);
#10679=ORIENTED_EDGE('',*,*,#5605,.T.);
#10681=ORIENTED_EDGE('',*,*,#10680,.T.);
#10682=ORIENTED_EDGE('',*,*,#10664,.F.);
#10683=EDGE_LOOP('',(#10678,#10679,#10681,#10682));
#10684=FACE_OUTER_BOUND('',#10683,.F.);
#10685=ADVANCED_FACE('',(#10684),#10677,.F.);
#10686=CARTESIAN_POINT('',(-4.6E0,3.2E0,2.5E0));
#10687=DIRECTION('',(0.E0,0.E0,1.E0));
#10688=DIRECTION('',(1.E0,0.E0,0.E0));
#10689=AXIS2_PLACEMENT_3D('',#10686,#10687,#10688);
#10690=PLANE('',#10689);
#10691=ORIENTED_EDGE('',*,*,#5619,.T.);
#10693=ORIENTED_EDGE('',*,*,#10692,.T.);
#10694=ORIENTED_EDGE('',*,*,#10644,.F.);
#10696=ORIENTED_EDGE('',*,*,#10695,.T.);
#10697=EDGE_LOOP('',(#10691,#10693,#10694,#10696));
#10698=FACE_OUTER_BOUND('',#10697,.F.);
#10699=ADVANCED_FACE('',(#10698),#10690,.F.);
#10700=CARTESIAN_POINT('',(-4.6E0,3.2E0,2.5E0));
#10701=DIRECTION('',(0.E0,0.E0,1.E0));
#10702=DIRECTION('',(1.E0,0.E0,0.E0));
#10703=AXIS2_PLACEMENT_3D('',#10700,#10701,#10702);
#10704=PLANE('',#10703);
#10706=ORIENTED_EDGE('',*,*,#10705,.F.);
#10707=ORIENTED_EDGE('',*,*,#5704,.T.);
#10709=ORIENTED_EDGE('',*,*,#10708,.F.);
#10710=ORIENTED_EDGE('',*,*,#10605,.F.);
#10711=EDGE_LOOP('',(#10706,#10707,#10709,#10710));
#10712=FACE_OUTER_BOUND('',#10711,.F.);
#10713=ADVANCED_FACE('',(#10712),#10704,.F.);
#10714=CARTESIAN_POINT('',(-4.6E0,3.2E0,2.5E0));
#10715=DIRECTION('',(0.E0,0.E0,1.E0));
#10716=DIRECTION('',(1.E0,0.E0,0.E0));
#10717=AXIS2_PLACEMENT_3D('',#10714,#10715,#10716);
#10718=PLANE('',#10717);
#10720=ORIENTED_EDGE('',*,*,#10719,.T.);
#10721=ORIENTED_EDGE('',*,*,#10582,.T.);
#10722=ORIENTED_EDGE('',*,*,#10652,.F.);
#10724=ORIENTED_EDGE('',*,*,#10723,.F.);
#10725=ORIENTED_EDGE('',*,*,#5611,.T.);
#10726=EDGE_LOOP('',(#10720,#10721,#10722,#10724,#10725));
#10727=FACE_OUTER_BOUND('',#10726,.F.);
#10728=ADVANCED_FACE('',(#10727),#10718,.F.);
#10729=CARTESIAN_POINT('',(-4.6E0,3.2E0,2.5E0));
#10730=DIRECTION('',(0.E0,0.E0,1.E0));
#10731=DIRECTION('',(1.E0,0.E0,0.E0));
#10732=AXIS2_PLACEMENT_3D('',#10729,#10730,#10731);
#10733=PLANE('',#10732);
#10734=ORIENTED_EDGE('',*,*,#10680,.F.);
#10735=ORIENTED_EDGE('',*,*,#5603,.T.);
#10737=ORIENTED_EDGE('',*,*,#10736,.T.);
#10738=ORIENTED_EDGE('',*,*,#10597,.F.);
#10739=ORIENTED_EDGE('',*,*,#10666,.T.);
#10740=EDGE_LOOP('',(#10734,#10735,#10737,#10738,#10739));
#10741=FACE_OUTER_BOUND('',#10740,.F.);
#10742=ADVANCED_FACE('',(#10741),#10733,.F.);
#10743=CARTESIAN_POINT('',(-3.4E0,-7.E-1,2.25E0));
#10744=DIRECTION('',(-1.E0,0.E0,0.E0));
#10745=DIRECTION('',(0.E0,0.E0,1.E0));
#10746=AXIS2_PLACEMENT_3D('',#10743,#10744,#10745);
#10747=PLANE('',#10746);
#10748=ORIENTED_EDGE('',*,*,#10646,.T.);
#10749=ORIENTED_EDGE('',*,*,#10692,.F.);
#10750=ORIENTED_EDGE('',*,*,#5617,.T.);
#10752=ORIENTED_EDGE('',*,*,#10751,.T.);
#10753=EDGE_LOOP('',(#10748,#10749,#10750,#10752));
#10754=FACE_OUTER_BOUND('',#10753,.F.);
#10755=ADVANCED_FACE('',(#10754),#10747,.T.);
#10756=CARTESIAN_POINT('',(-2.6E0,-7.E-1,2.25E0));
#10757=DIRECTION('',(0.E0,0.E0,-1.E0));
#10758=DIRECTION('',(-1.E0,0.E0,0.E0));
#10759=AXIS2_PLACEMENT_3D('',#10756,#10757,#10758);
#10760=PLANE('',#10759);
#10761=ORIENTED_EDGE('',*,*,#5615,.F.);
#10763=ORIENTED_EDGE('',*,*,#10762,.T.);
#10764=ORIENTED_EDGE('',*,*,#10648,.T.);
#10765=ORIENTED_EDGE('',*,*,#10751,.F.);
#10766=EDGE_LOOP('',(#10761,#10763,#10764,#10765));
#10767=FACE_OUTER_BOUND('',#10766,.F.);
#10768=ADVANCED_FACE('',(#10767),#10760,.T.);
#10769=CARTESIAN_POINT('',(-2.6E0,-7.E-1,2.5E0));
#10770=DIRECTION('',(1.E0,0.E0,0.E0));
#10771=DIRECTION('',(0.E0,0.E0,-1.E0));
#10772=AXIS2_PLACEMENT_3D('',#10769,#10770,#10771);
#10773=PLANE('',#10772);
#10774=ORIENTED_EDGE('',*,*,#10650,.T.);
#10775=ORIENTED_EDGE('',*,*,#10762,.F.);
#10776=ORIENTED_EDGE('',*,*,#5613,.F.);
#10777=ORIENTED_EDGE('',*,*,#10723,.T.);
#10778=EDGE_LOOP('',(#10774,#10775,#10776,#10777));
#10779=FACE_OUTER_BOUND('',#10778,.F.);
#10780=ADVANCED_FACE('',(#10779),#10773,.T.);
#10781=CARTESIAN_POINT('',(-4.6E0,3.2E0,2.25E0));
#10782=DIRECTION('',(-1.E0,0.E0,0.E0));
#10783=DIRECTION('',(0.E0,0.E0,1.E0));
#10784=AXIS2_PLACEMENT_3D('',#10781,#10782,#10783);
#10785=PLANE('',#10784);
#10787=ORIENTED_EDGE('',*,*,#10786,.T.);
#10788=ORIENTED_EDGE('',*,*,#5621,.T.);
#10789=ORIENTED_EDGE('',*,*,#10695,.F.);
#10790=ORIENTED_EDGE('',*,*,#10642,.F.);
#10791=EDGE_LOOP('',(#10787,#10788,#10789,#10790));
#10792=FACE_OUTER_BOUND('',#10791,.F.);
#10793=ADVANCED_FACE('',(#10792),#10785,.F.);
#10794=CARTESIAN_POINT('',(-6.425E0,3.2E0,2.25E0));
#10795=DIRECTION('',(0.E0,0.E0,1.E0));
#10796=DIRECTION('',(0.E0,-1.E0,0.E0));
#10797=AXIS2_PLACEMENT_3D('',#10794,#10795,#10796);
#10798=PLANE('',#10797);
#10799=ORIENTED_EDGE('',*,*,#5692,.F.);
#10801=ORIENTED_EDGE('',*,*,#10800,.F.);
#10802=ORIENTED_EDGE('',*,*,#10617,.T.);
#10804=ORIENTED_EDGE('',*,*,#10803,.T.);
#10805=EDGE_LOOP('',(#10799,#10801,#10802,#10804));
#10806=FACE_OUTER_BOUND('',#10805,.F.);
#10807=ADVANCED_FACE('',(#10806),#10798,.F.);
#10808=CARTESIAN_POINT('',(-6.425E0,3.2E0,2.25E0));
#10809=DIRECTION('',(0.E0,0.E0,1.E0));
#10810=DIRECTION('',(0.E0,-1.E0,0.E0));
#10811=AXIS2_PLACEMENT_3D('',#10808,#10809,#10810);
#10812=PLANE('',#10811);
#10813=ORIENTED_EDGE('',*,*,#5700,.F.);
#10815=ORIENTED_EDGE('',*,*,#10814,.F.);
#10816=ORIENTED_EDGE('',*,*,#10609,.T.);
#10818=ORIENTED_EDGE('',*,*,#10817,.T.);
#10819=EDGE_LOOP('',(#10813,#10815,#10816,#10818));
#10820=FACE_OUTER_BOUND('',#10819,.F.);
#10821=ADVANCED_FACE('',(#10820),#10812,.F.);
#10822=CARTESIAN_POINT('',(-6.425E0,3.2E0,2.25E0));
#10823=DIRECTION('',(0.E0,0.E0,1.E0));
#10824=DIRECTION('',(0.E0,-1.E0,0.E0));
#10825=AXIS2_PLACEMENT_3D('',#10822,#10823,#10824);
#10826=PLANE('',#10825);
#10827=ORIENTED_EDGE('',*,*,#5623,.F.);
#10828=ORIENTED_EDGE('',*,*,#10786,.F.);
#10829=ORIENTED_EDGE('',*,*,#10640,.T.);
#10831=ORIENTED_EDGE('',*,*,#10830,.T.);
#10832=EDGE_LOOP('',(#10827,#10828,#10829,#10831));
#10833=FACE_OUTER_BOUND('',#10832,.F.);
#10834=ADVANCED_FACE('',(#10833),#10826,.F.);
#10835=CARTESIAN_POINT('',(-6.425E0,3.2E0,2.25E0));
#10836=DIRECTION('',(0.E0,0.E0,1.E0));
#10837=DIRECTION('',(0.E0,-1.E0,0.E0));
#10838=AXIS2_PLACEMENT_3D('',#10835,#10836,#10837);
#10839=PLANE('',#10838);
#10840=ORIENTED_EDGE('',*,*,#5631,.F.);
#10842=ORIENTED_EDGE('',*,*,#10841,.F.);
#10843=ORIENTED_EDGE('',*,*,#10632,.T.);
#10845=ORIENTED_EDGE('',*,*,#10844,.T.);
#10846=EDGE_LOOP('',(#10840,#10842,#10843,#10845));
#10847=FACE_OUTER_BOUND('',#10846,.F.);
#10848=ADVANCED_FACE('',(#10847),#10839,.F.);
#10849=CARTESIAN_POINT('',(6.425E0,0.E0,0.E0));
#10850=DIRECTION('',(1.E0,0.E0,0.E0));
#10851=DIRECTION('',(0.E0,0.E0,-1.E0));
#10852=AXIS2_PLACEMENT_3D('',#10849,#10850,#10851);
#10853=PLANE('',#10852);
#10855=ORIENTED_EDGE('',*,*,#10854,.T.);
#10856=ORIENTED_EDGE('',*,*,#5593,.F.);
#10857=ORIENTED_EDGE('',*,*,#5684,.F.);
#10859=ORIENTED_EDGE('',*,*,#10858,.T.);
#10860=EDGE_LOOP('',(#10855,#10856,#10857,#10859));
#10861=FACE_OUTER_BOUND('',#10860,.F.);
#10862=ADVANCED_FACE('',(#10861),#10853,.F.);
#10863=CARTESIAN_POINT('',(6.425E0,0.E0,0.E0));
#10864=DIRECTION('',(1.E0,0.E0,0.E0));
#10865=DIRECTION('',(0.E0,0.E0,-1.E0));
#10866=AXIS2_PLACEMENT_3D('',#10863,#10864,#10865);
#10867=PLANE('',#10866);
#10869=ORIENTED_EDGE('',*,*,#10868,.T.);
#10870=ORIENTED_EDGE('',*,*,#10800,.T.);
#10871=ORIENTED_EDGE('',*,*,#5690,.F.);
#10873=ORIENTED_EDGE('',*,*,#10872,.T.);
#10874=EDGE_LOOP('',(#10869,#10870,#10871,#10873));
#10875=FACE_OUTER_BOUND('',#10874,.F.);
#10876=ADVANCED_FACE('',(#10875),#10867,.F.);
#10877=CARTESIAN_POINT('',(6.725E0,2.9E0,-1.7E0));
#10878=DIRECTION('',(-7.071067811865E-1,7.071067811865E-1,0.E0));
#10879=DIRECTION('',(-7.071067811865E-1,-7.071067811865E-1,0.E0));
#10880=AXIS2_PLACEMENT_3D('',#10877,#10878,#10879);
#10881=PLANE('',#10880);
#10882=ORIENTED_EDGE('',*,*,#10854,.F.);
#10884=ORIENTED_EDGE('',*,*,#10883,.T.);
#10885=ORIENTED_EDGE('',*,*,#5489,.T.);
#10886=ORIENTED_EDGE('',*,*,#5578,.F.);
#10887=EDGE_LOOP('',(#10882,#10884,#10885,#10886));
#10888=FACE_OUTER_BOUND('',#10887,.F.);
#10889=ADVANCED_FACE('',(#10888),#10881,.T.);
#10890=CARTESIAN_POINT('',(0.E0,2.9E0,-2.55E0));
#10891=DIRECTION('',(0.E0,7.071067811865E-1,7.071067811865E-1));
#10892=DIRECTION('',(0.E0,-7.071067811865E-1,7.071067811865E-1));
#10893=AXIS2_PLACEMENT_3D('',#10890,#10891,#10892);
#10894=PLANE('',#10893);
#10896=ORIENTED_EDGE('',*,*,#10895,.T.);
#10898=ORIENTED_EDGE('',*,*,#10897,.F.);
#10900=ORIENTED_EDGE('',*,*,#10899,.F.);
#10902=ORIENTED_EDGE('',*,*,#10901,.F.);
#10904=ORIENTED_EDGE('',*,*,#10903,.T.);
#10906=ORIENTED_EDGE('',*,*,#10905,.F.);
#10908=ORIENTED_EDGE('',*,*,#10907,.F.);
#10910=ORIENTED_EDGE('',*,*,#10909,.F.);
#10912=ORIENTED_EDGE('',*,*,#10911,.T.);
#10914=ORIENTED_EDGE('',*,*,#10913,.F.);
#10916=ORIENTED_EDGE('',*,*,#10915,.F.);
#10918=ORIENTED_EDGE('',*,*,#10917,.T.);
#10920=ORIENTED_EDGE('',*,*,#10919,.T.);
#10922=ORIENTED_EDGE('',*,*,#10921,.F.);
#10924=ORIENTED_EDGE('',*,*,#10923,.F.);
#10926=ORIENTED_EDGE('',*,*,#10925,.T.);
#10927=ORIENTED_EDGE('',*,*,#5491,.T.);
#10928=ORIENTED_EDGE('',*,*,#10883,.F.);
#10930=ORIENTED_EDGE('',*,*,#10929,.F.);
#10932=ORIENTED_EDGE('',*,*,#10931,.T.);
#10934=ORIENTED_EDGE('',*,*,#10933,.T.);
#10936=ORIENTED_EDGE('',*,*,#10935,.F.);
#10938=ORIENTED_EDGE('',*,*,#10937,.F.);
#10940=ORIENTED_EDGE('',*,*,#10939,.T.);
#10941=EDGE_LOOP('',(#10896,#10898,#10900,#10902,#10904,#10906,#10908,#10910,
#10912,#10914,#10916,#10918,#10920,#10922,#10924,#10926,#10927,#10928,#10930,
#10932,#10934,#10936,#10938,#10940));
#10942=FACE_OUTER_BOUND('',#10941,.F.);
#10943=ADVANCED_FACE('',(#10942),#10894,.T.);
#10944=CARTESIAN_POINT('',(4.6E0,3.2E0,-2.5E0));
#10945=DIRECTION('',(0.E0,0.E0,-1.E0));
#10946=DIRECTION('',(-1.E0,0.E0,0.E0));
#10947=AXIS2_PLACEMENT_3D('',#10944,#10945,#10946);
#10948=PLANE('',#10947);
#10950=ORIENTED_EDGE('',*,*,#10949,.F.);
#10951=ORIENTED_EDGE('',*,*,#5654,.T.);
#10953=ORIENTED_EDGE('',*,*,#10952,.F.);
#10954=ORIENTED_EDGE('',*,*,#10911,.F.);
#10955=EDGE_LOOP('',(#10950,#10951,#10953,#10954));
#10956=FACE_OUTER_BOUND('',#10955,.F.);
#10957=ADVANCED_FACE('',(#10956),#10948,.F.);
#10958=CARTESIAN_POINT('',(4.6E0,3.2E0,-2.5E0));
#10959=DIRECTION('',(0.E0,0.E0,-1.E0));
#10960=DIRECTION('',(-1.E0,0.E0,0.E0));
#10961=AXIS2_PLACEMENT_3D('',#10958,#10959,#10960);
#10962=PLANE('',#10961);
#10964=ORIENTED_EDGE('',*,*,#10963,.T.);
#10965=ORIENTED_EDGE('',*,*,#10903,.F.);
#10967=ORIENTED_EDGE('',*,*,#10966,.F.);
#10968=ORIENTED_EDGE('',*,*,#5662,.T.);
#10969=EDGE_LOOP('',(#10964,#10965,#10967,#10968));
#10970=FACE_OUTER_BOUND('',#10969,.F.);
#10971=ADVANCED_FACE('',(#10970),#10962,.F.);
#10972=CARTESIAN_POINT('',(4.6E0,3.2E0,-2.5E0));
#10973=DIRECTION('',(0.E0,0.E0,-1.E0));
#10974=DIRECTION('',(-1.E0,0.E0,0.E0));
#10975=AXIS2_PLACEMENT_3D('',#10972,#10973,#10974);
#10976=PLANE('',#10975);
#10978=ORIENTED_EDGE('',*,*,#10977,.T.);
#10979=ORIENTED_EDGE('',*,*,#10895,.F.);
#10981=ORIENTED_EDGE('',*,*,#10980,.T.);
#10982=ORIENTED_EDGE('',*,*,#5670,.T.);
#10983=EDGE_LOOP('',(#10978,#10979,#10981,#10982));
#10984=FACE_OUTER_BOUND('',#10983,.F.);
#10985=ADVANCED_FACE('',(#10984),#10976,.F.);
#10986=CARTESIAN_POINT('',(-1.4E0,-7.E-1,-2.5E0));
#10987=DIRECTION('',(-1.E0,0.E0,0.E0));
#10988=DIRECTION('',(0.E0,0.E0,1.E0));
#10989=AXIS2_PLACEMENT_3D('',#10986,#10987,#10988);
#10990=PLANE('',#10989);
#10991=ORIENTED_EDGE('',*,*,#5656,.F.);
#10992=ORIENTED_EDGE('',*,*,#10949,.T.);
#10993=ORIENTED_EDGE('',*,*,#10909,.T.);
#10995=ORIENTED_EDGE('',*,*,#10994,.F.);
#10996=EDGE_LOOP('',(#10991,#10992,#10993,#10995));
#10997=FACE_OUTER_BOUND('',#10996,.F.);
#10998=ADVANCED_FACE('',(#10997),#10990,.T.);
#10999=CARTESIAN_POINT('',(-1.4E0,-7.E-1,-2.25E0));
#11000=DIRECTION('',(0.E0,0.E0,1.E0));
#11001=DIRECTION('',(1.E0,0.E0,0.E0));
#11002=AXIS2_PLACEMENT_3D('',#10999,#11000,#11001);
#11003=PLANE('',#11002);
#11004=ORIENTED_EDGE('',*,*,#5658,.F.);
#11005=ORIENTED_EDGE('',*,*,#10994,.T.);
#11006=ORIENTED_EDGE('',*,*,#10907,.T.);
#11008=ORIENTED_EDGE('',*,*,#11007,.F.);
#11009=EDGE_LOOP('',(#11004,#11005,#11006,#11008));
#11010=FACE_OUTER_BOUND('',#11009,.F.);
#11011=ADVANCED_FACE('',(#11010),#11003,.T.);
#11012=CARTESIAN_POINT('',(-6.E-1,-7.E-1,-2.25E0));
#11013=DIRECTION('',(1.E0,0.E0,0.E0));
#11014=DIRECTION('',(0.E0,0.E0,-1.E0));
#11015=AXIS2_PLACEMENT_3D('',#11012,#11013,#11014);
#11016=PLANE('',#11015);
#11017=ORIENTED_EDGE('',*,*,#5660,.T.);
#11018=ORIENTED_EDGE('',*,*,#11007,.T.);
#11019=ORIENTED_EDGE('',*,*,#10905,.T.);
#11020=ORIENTED_EDGE('',*,*,#10963,.F.);
#11021=EDGE_LOOP('',(#11017,#11018,#11019,#11020));
#11022=FACE_OUTER_BOUND('',#11021,.F.);
#11023=ADVANCED_FACE('',(#11022),#11016,.T.);
#11024=CARTESIAN_POINT('',(-4.6E0,3.2E0,-2.5E0));
#11025=DIRECTION('',(-1.E0,0.E0,0.E0));
#11026=DIRECTION('',(0.E0,0.E0,1.E0));
#11027=AXIS2_PLACEMENT_3D('',#11024,#11025,#11026);
#11028=PLANE('',#11027);
#11030=ORIENTED_EDGE('',*,*,#11029,.T.);
#11031=ORIENTED_EDGE('',*,*,#10913,.T.);
#11032=ORIENTED_EDGE('',*,*,#10952,.T.);
#11033=ORIENTED_EDGE('',*,*,#5652,.T.);
#11034=EDGE_LOOP('',(#11030,#11031,#11032,#11033));
#11035=FACE_OUTER_BOUND('',#11034,.F.);
#11036=ADVANCED_FACE('',(#11035),#11028,.F.);
#11037=CARTESIAN_POINT('',(-6.425E0,-7.E-1,-2.25E0));
#11038=DIRECTION('',(0.E0,0.E0,-1.E0));
#11039=DIRECTION('',(0.E0,1.E0,0.E0));
#11040=AXIS2_PLACEMENT_3D('',#11037,#11038,#11039);
#11041=PLANE('',#11040);
#11043=ORIENTED_EDGE('',*,*,#11042,.T.);
#11044=ORIENTED_EDGE('',*,*,#10915,.T.);
#11045=ORIENTED_EDGE('',*,*,#11029,.F.);
#11046=ORIENTED_EDGE('',*,*,#5650,.T.);
#11047=EDGE_LOOP('',(#11043,#11044,#11045,#11046));
#11048=FACE_OUTER_BOUND('',#11047,.F.);
#11049=ADVANCED_FACE('',(#11048),#11041,.F.);
#11050=CARTESIAN_POINT('',(-6.425E0,-7.E-1,-2.25E0));
#11051=DIRECTION('',(0.E0,0.E0,-1.E0));
#11052=DIRECTION('',(0.E0,1.E0,0.E0));
#11053=AXIS2_PLACEMENT_3D('',#11050,#11051,#11052);
#11054=PLANE('',#11053);
#11056=ORIENTED_EDGE('',*,*,#11055,.F.);
#11057=ORIENTED_EDGE('',*,*,#5674,.T.);
#11059=ORIENTED_EDGE('',*,*,#11058,.T.);
#11060=ORIENTED_EDGE('',*,*,#10937,.T.);
#11061=EDGE_LOOP('',(#11056,#11057,#11059,#11060));
#11062=FACE_OUTER_BOUND('',#11061,.F.);
#11063=ADVANCED_FACE('',(#11062),#11054,.F.);
#11064=CARTESIAN_POINT('',(-6.425E0,-7.E-1,-2.25E0));
#11065=DIRECTION('',(0.E0,0.E0,-1.E0));
#11066=DIRECTION('',(0.E0,1.E0,0.E0));
#11067=AXIS2_PLACEMENT_3D('',#11064,#11065,#11066);
#11068=PLANE('',#11067);
#11069=ORIENTED_EDGE('',*,*,#5682,.T.);
#11071=ORIENTED_EDGE('',*,*,#11070,.T.);
#11072=ORIENTED_EDGE('',*,*,#10929,.T.);
#11073=ORIENTED_EDGE('',*,*,#10858,.F.);
#11074=EDGE_LOOP('',(#11069,#11071,#11072,#11073));
#11075=FACE_OUTER_BOUND('',#11074,.F.);
#11076=ADVANCED_FACE('',(#11075),#11068,.F.);
#11077=CARTESIAN_POINT('',(-6.425E0,-7.E-1,-2.25E0));
#11078=DIRECTION('',(0.E0,0.E0,-1.E0));
#11079=DIRECTION('',(0.E0,1.E0,0.E0));
#11080=AXIS2_PLACEMENT_3D('',#11077,#11078,#11079);
#11081=PLANE('',#11080);
#11083=ORIENTED_EDGE('',*,*,#11082,.F.);
#11084=ORIENTED_EDGE('',*,*,#5642,.T.);
#11086=ORIENTED_EDGE('',*,*,#11085,.T.);
#11087=ORIENTED_EDGE('',*,*,#10923,.T.);
#11088=EDGE_LOOP('',(#11083,#11084,#11086,#11087));
#11089=FACE_OUTER_BOUND('',#11088,.F.);
#11090=ADVANCED_FACE('',(#11089),#11081,.F.);
#11091=CARTESIAN_POINT('',(-5.4E0,3.2E0,-2.25E0));
#11092=DIRECTION('',(1.E0,0.E0,0.E0));
#11093=DIRECTION('',(0.E0,0.E0,-1.E0));
#11094=AXIS2_PLACEMENT_3D('',#11091,#11092,#11093);
#11095=PLANE('',#11094);
#11096=ORIENTED_EDGE('',*,*,#11042,.F.);
#11097=ORIENTED_EDGE('',*,*,#5648,.T.);
#11099=ORIENTED_EDGE('',*,*,#11098,.F.);
#11100=ORIENTED_EDGE('',*,*,#10917,.F.);
#11101=EDGE_LOOP('',(#11096,#11097,#11099,#11100));
#11102=FACE_OUTER_BOUND('',#11101,.F.);
#11103=ADVANCED_FACE('',(#11102),#11095,.F.);
#11104=CARTESIAN_POINT('',(-5.4E0,3.2E0,-2.5E0));
#11105=DIRECTION('',(0.E0,0.E0,-1.E0));
#11106=DIRECTION('',(-1.E0,0.E0,0.E0));
#11107=AXIS2_PLACEMENT_3D('',#11104,#11105,#11106);
#11108=PLANE('',#11107);
#11109=ORIENTED_EDGE('',*,*,#11098,.T.);
#11110=ORIENTED_EDGE('',*,*,#5646,.T.);
#11112=ORIENTED_EDGE('',*,*,#11111,.F.);
#11113=ORIENTED_EDGE('',*,*,#10919,.F.);
#11114=EDGE_LOOP('',(#11109,#11110,#11112,#11113));
#11115=FACE_OUTER_BOUND('',#11114,.F.);
#11116=ADVANCED_FACE('',(#11115),#11108,.F.);
#11117=CARTESIAN_POINT('',(-6.025E0,3.2E0,-2.5E0));
#11118=DIRECTION('',(-1.E0,0.E0,0.E0));
#11119=DIRECTION('',(0.E0,0.E0,1.E0));
#11120=AXIS2_PLACEMENT_3D('',#11117,#11118,#11119);
#11121=PLANE('',#11120);
#11122=ORIENTED_EDGE('',*,*,#11082,.T.);
#11123=ORIENTED_EDGE('',*,*,#10921,.T.);
#11124=ORIENTED_EDGE('',*,*,#11111,.T.);
#11125=ORIENTED_EDGE('',*,*,#5644,.T.);
#11126=EDGE_LOOP('',(#11122,#11123,#11124,#11125));
#11127=FACE_OUTER_BOUND('',#11126,.F.);
#11128=ADVANCED_FACE('',(#11127),#11121,.F.);
#11129=CARTESIAN_POINT('',(5.4E0,3.2E0,-2.5E0));
#11130=DIRECTION('',(-1.E0,0.E0,0.E0));
#11131=DIRECTION('',(0.E0,0.E0,1.E0));
#11132=AXIS2_PLACEMENT_3D('',#11129,#11130,#11131);
#11133=PLANE('',#11132);
#11134=ORIENTED_EDGE('',*,*,#11055,.T.);
#11135=ORIENTED_EDGE('',*,*,#10935,.T.);
#11137=ORIENTED_EDGE('',*,*,#11136,.T.);
#11138=ORIENTED_EDGE('',*,*,#5676,.T.);
#11139=EDGE_LOOP('',(#11134,#11135,#11137,#11138));
#11140=FACE_OUTER_BOUND('',#11139,.F.);
#11141=ADVANCED_FACE('',(#11140),#11133,.F.);
#11142=CARTESIAN_POINT('',(6.025E0,3.2E0,-2.5E0));
#11143=DIRECTION('',(0.E0,0.E0,-1.E0));
#11144=DIRECTION('',(-1.E0,0.E0,0.E0));
#11145=AXIS2_PLACEMENT_3D('',#11142,#11143,#11144);
#11146=PLANE('',#11145);
#11148=ORIENTED_EDGE('',*,*,#11147,.T.);
#11149=ORIENTED_EDGE('',*,*,#5678,.T.);
#11150=ORIENTED_EDGE('',*,*,#11136,.F.);
#11151=ORIENTED_EDGE('',*,*,#10933,.F.);
#11152=EDGE_LOOP('',(#11148,#11149,#11150,#11151));
#11153=FACE_OUTER_BOUND('',#11152,.F.);
#11154=ADVANCED_FACE('',(#11153),#11146,.F.);
#11155=CARTESIAN_POINT('',(6.025E0,3.2E0,-2.25E0));
#11156=DIRECTION('',(1.E0,0.E0,0.E0));
#11157=DIRECTION('',(0.E0,0.E0,-1.E0));
#11158=AXIS2_PLACEMENT_3D('',#11155,#11156,#11157);
#11159=PLANE('',#11158);
#11160=ORIENTED_EDGE('',*,*,#11070,.F.);
#11161=ORIENTED_EDGE('',*,*,#5680,.T.);
#11162=ORIENTED_EDGE('',*,*,#11147,.F.);
#11163=ORIENTED_EDGE('',*,*,#10931,.F.);
#11164=EDGE_LOOP('',(#11160,#11161,#11162,#11163));
#11165=FACE_OUTER_BOUND('',#11164,.F.);
#11166=ADVANCED_FACE('',(#11165),#11159,.F.);
#11167=CARTESIAN_POINT('',(4.6E0,3.2E0,-2.25E0));
#11168=DIRECTION('',(1.E0,0.E0,0.E0));
#11169=DIRECTION('',(0.E0,0.E0,-1.E0));
#11170=AXIS2_PLACEMENT_3D('',#11167,#11168,#11169);
#11171=PLANE('',#11170);
#11172=ORIENTED_EDGE('',*,*,#11058,.F.);
#11173=ORIENTED_EDGE('',*,*,#5672,.T.);
#11174=ORIENTED_EDGE('',*,*,#10980,.F.);
#11175=ORIENTED_EDGE('',*,*,#10939,.F.);
#11176=EDGE_LOOP('',(#11172,#11173,#11174,#11175));
#11177=FACE_OUTER_BOUND('',#11176,.F.);
#11178=ADVANCED_FACE('',(#11177),#11171,.F.);
#11179=CARTESIAN_POINT('',(-6.425E0,0.E0,0.E0));
#11180=DIRECTION('',(1.E0,0.E0,0.E0));
#11181=DIRECTION('',(0.E0,0.E0,-1.E0));
#11182=AXIS2_PLACEMENT_3D('',#11179,#11180,#11181);
#11183=PLANE('',#11182);
#11185=ORIENTED_EDGE('',*,*,#11184,.T.);
#11186=ORIENTED_EDGE('',*,*,#11085,.F.);
#11187=ORIENTED_EDGE('',*,*,#5640,.T.);
#11189=ORIENTED_EDGE('',*,*,#11188,.T.);
#11190=EDGE_LOOP('',(#11185,#11186,#11187,#11189));
#11191=FACE_OUTER_BOUND('',#11190,.F.);
#11192=ADVANCED_FACE('',(#11191),#11183,.T.);
#11193=CARTESIAN_POINT('',(-6.425E0,0.E0,0.E0));
#11194=DIRECTION('',(1.E0,0.E0,0.E0));
#11195=DIRECTION('',(0.E0,0.E0,-1.E0));
#11196=AXIS2_PLACEMENT_3D('',#11193,#11194,#11195);
#11197=PLANE('',#11196);
#11199=ORIENTED_EDGE('',*,*,#11198,.T.);
#11201=ORIENTED_EDGE('',*,*,#11200,.F.);
#11202=ORIENTED_EDGE('',*,*,#5633,.T.);
#11203=ORIENTED_EDGE('',*,*,#10844,.F.);
#11204=EDGE_LOOP('',(#11199,#11201,#11202,#11203));
#11205=FACE_OUTER_BOUND('',#11204,.F.);
#11206=ADVANCED_FACE('',(#11205),#11197,.T.);
#11207=CARTESIAN_POINT('',(-6.725E0,2.9E0,-1.2E0));
#11208=DIRECTION('',(7.071067811865E-1,7.071067811865E-1,0.E0));
#11209=DIRECTION('',(7.071067811865E-1,-7.071067811865E-1,0.E0));
#11210=AXIS2_PLACEMENT_3D('',#11207,#11208,#11209);
#11211=PLANE('',#11210);
#11212=ORIENTED_EDGE('',*,*,#11184,.F.);
#11213=ORIENTED_EDGE('',*,*,#5470,.T.);
#11214=ORIENTED_EDGE('',*,*,#5493,.T.);
#11215=ORIENTED_EDGE('',*,*,#10925,.F.);
#11216=EDGE_LOOP('',(#11212,#11213,#11214,#11215));
#11217=FACE_OUTER_BOUND('',#11216,.F.);
#11218=ADVANCED_FACE('',(#11217),#11211,.T.);
#11219=CARTESIAN_POINT('',(-6.425E0,3.2E0,-1.5E-1));
#11220=DIRECTION('',(0.E0,0.E0,-1.E0));
#11221=DIRECTION('',(-1.E0,0.E0,0.E0));
#11222=AXIS2_PLACEMENT_3D('',#11219,#11220,#11221);
#11223=PLANE('',#11222);
#11224=ORIENTED_EDGE('',*,*,#5472,.T.);
#11225=ORIENTED_EDGE('',*,*,#11188,.F.);
#11226=ORIENTED_EDGE('',*,*,#5638,.T.);
#11227=ORIENTED_EDGE('',*,*,#5442,.F.);
#11228=EDGE_LOOP('',(#11224,#11225,#11226,#11227));
#11229=FACE_OUTER_BOUND('',#11228,.F.);
#11230=ADVANCED_FACE('',(#11229),#11223,.F.);
#11231=CARTESIAN_POINT('',(-6.725E0,2.9E0,1.7E0));
#11232=DIRECTION('',(7.071067811865E-1,7.071067811865E-1,0.E0));
#11233=DIRECTION('',(7.071067811865E-1,-7.071067811865E-1,0.E0));
#11234=AXIS2_PLACEMENT_3D('',#11231,#11232,#11233);
#11235=PLANE('',#11234);
#11236=ORIENTED_EDGE('',*,*,#11198,.F.);
#11237=ORIENTED_EDGE('',*,*,#10630,.T.);
#11238=ORIENTED_EDGE('',*,*,#5530,.T.);
#11240=ORIENTED_EDGE('',*,*,#11239,.F.);
#11241=EDGE_LOOP('',(#11236,#11237,#11238,#11240));
#11242=FACE_OUTER_BOUND('',#11241,.F.);
#11243=ADVANCED_FACE('',(#11242),#11235,.T.);
#11244=CARTESIAN_POINT('',(-6.875E0,2.9E0,1.45E0));
#11245=DIRECTION('',(0.E0,7.071067811865E-1,-7.071067811865E-1));
#11246=DIRECTION('',(0.E0,-7.071067811865E-1,-7.071067811865E-1));
#11247=AXIS2_PLACEMENT_3D('',#11244,#11245,#11246);
#11248=PLANE('',#11247);
#11249=ORIENTED_EDGE('',*,*,#5448,.T.);
#11251=ORIENTED_EDGE('',*,*,#11250,.F.);
#11252=ORIENTED_EDGE('',*,*,#11239,.T.);
#11253=ORIENTED_EDGE('',*,*,#5528,.T.);
#11254=EDGE_LOOP('',(#11249,#11251,#11252,#11253));
#11255=FACE_OUTER_BOUND('',#11254,.F.);
#11256=ADVANCED_FACE('',(#11255),#11248,.T.);
#11257=CARTESIAN_POINT('',(-7.325E0,3.2E0,1.15E0));
#11258=DIRECTION('',(0.E0,0.E0,1.E0));
#11259=DIRECTION('',(1.E0,0.E0,0.E0));
#11260=AXIS2_PLACEMENT_3D('',#11257,#11258,#11259);
#11261=PLANE('',#11260);
#11262=ORIENTED_EDGE('',*,*,#11250,.T.);
#11263=ORIENTED_EDGE('',*,*,#5446,.T.);
#11264=ORIENTED_EDGE('',*,*,#5635,.T.);
#11265=ORIENTED_EDGE('',*,*,#11200,.T.);
#11266=EDGE_LOOP('',(#11262,#11263,#11264,#11265));
#11267=FACE_OUTER_BOUND('',#11266,.F.);
#11268=ADVANCED_FACE('',(#11267),#11261,.F.);
#11269=CARTESIAN_POINT('',(6.E-1,-7.E-1,-2.5E0));
#11270=DIRECTION('',(-1.E0,0.E0,0.E0));
#11271=DIRECTION('',(0.E0,0.E0,1.E0));
#11272=AXIS2_PLACEMENT_3D('',#11269,#11270,#11271);
#11273=PLANE('',#11272);
#11274=ORIENTED_EDGE('',*,*,#5664,.F.);
#11275=ORIENTED_EDGE('',*,*,#10966,.T.);
#11276=ORIENTED_EDGE('',*,*,#10901,.T.);
#11278=ORIENTED_EDGE('',*,*,#11277,.F.);
#11279=EDGE_LOOP('',(#11274,#11275,#11276,#11278));
#11280=FACE_OUTER_BOUND('',#11279,.F.);
#11281=ADVANCED_FACE('',(#11280),#11273,.T.);
#11282=CARTESIAN_POINT('',(6.E-1,-7.E-1,-2.25E0));
#11283=DIRECTION('',(0.E0,0.E0,1.E0));
#11284=DIRECTION('',(1.E0,0.E0,0.E0));
#11285=AXIS2_PLACEMENT_3D('',#11282,#11283,#11284);
#11286=PLANE('',#11285);
#11287=ORIENTED_EDGE('',*,*,#5666,.F.);
#11288=ORIENTED_EDGE('',*,*,#11277,.T.);
#11289=ORIENTED_EDGE('',*,*,#10899,.T.);
#11291=ORIENTED_EDGE('',*,*,#11290,.F.);
#11292=EDGE_LOOP('',(#11287,#11288,#11289,#11291));
#11293=FACE_OUTER_BOUND('',#11292,.F.);
#11294=ADVANCED_FACE('',(#11293),#11286,.T.);
#11295=CARTESIAN_POINT('',(1.4E0,-7.E-1,-2.25E0));
#11296=DIRECTION('',(1.E0,0.E0,0.E0));
#11297=DIRECTION('',(0.E0,0.E0,-1.E0));
#11298=AXIS2_PLACEMENT_3D('',#11295,#11296,#11297);
#11299=PLANE('',#11298);
#11300=ORIENTED_EDGE('',*,*,#5668,.T.);
#11301=ORIENTED_EDGE('',*,*,#11290,.T.);
#11302=ORIENTED_EDGE('',*,*,#10897,.T.);
#11303=ORIENTED_EDGE('',*,*,#10977,.F.);
#11304=EDGE_LOOP('',(#11300,#11301,#11302,#11303));
#11305=FACE_OUTER_BOUND('',#11304,.F.);
#11306=ADVANCED_FACE('',(#11305),#11299,.T.);
#11307=CARTESIAN_POINT('',(6.725E0,2.9E0,1.2E0));
#11308=DIRECTION('',(-7.071067811865E-1,7.071067811865E-1,0.E0));
#11309=DIRECTION('',(-7.071067811865E-1,-7.071067811865E-1,0.E0));
#11310=AXIS2_PLACEMENT_3D('',#11307,#11308,#11309);
#11311=PLANE('',#11310);
#11312=ORIENTED_EDGE('',*,*,#10868,.F.);
#11314=ORIENTED_EDGE('',*,*,#11313,.T.);
#11315=ORIENTED_EDGE('',*,*,#5509,.T.);
#11316=ORIENTED_EDGE('',*,*,#10619,.F.);
#11317=EDGE_LOOP('',(#11312,#11314,#11315,#11316));
#11318=FACE_OUTER_BOUND('',#11317,.F.);
#11319=ADVANCED_FACE('',(#11318),#11311,.T.);
#11320=CARTESIAN_POINT('',(6.875E0,2.9E0,4.5E-1));
#11321=DIRECTION('',(0.E0,7.071067811865E-1,-7.071067811865E-1));
#11322=DIRECTION('',(0.E0,-7.071067811865E-1,-7.071067811865E-1));
#11323=AXIS2_PLACEMENT_3D('',#11320,#11321,#11322);
#11324=PLANE('',#11323);
#11325=ORIENTED_EDGE('',*,*,#5559,.T.);
#11326=ORIENTED_EDGE('',*,*,#5511,.T.);
#11327=ORIENTED_EDGE('',*,*,#11313,.F.);
#11329=ORIENTED_EDGE('',*,*,#11328,.F.);
#11330=EDGE_LOOP('',(#11325,#11326,#11327,#11329));
#11331=FACE_OUTER_BOUND('',#11330,.F.);
#11332=ADVANCED_FACE('',(#11331),#11324,.T.);
#11333=CARTESIAN_POINT('',(6.425E0,3.2E0,1.5E-1));
#11334=DIRECTION('',(0.E0,0.E0,1.E0));
#11335=DIRECTION('',(1.E0,0.E0,0.E0));
#11336=AXIS2_PLACEMENT_3D('',#11333,#11334,#11335);
#11337=PLANE('',#11336);
#11338=ORIENTED_EDGE('',*,*,#11328,.T.);
#11339=ORIENTED_EDGE('',*,*,#10872,.F.);
#11340=ORIENTED_EDGE('',*,*,#5688,.T.);
#11341=ORIENTED_EDGE('',*,*,#5561,.F.);
#11342=EDGE_LOOP('',(#11338,#11339,#11340,#11341));
#11343=FACE_OUTER_BOUND('',#11342,.F.);
#11344=ADVANCED_FACE('',(#11343),#11337,.F.);
#11345=CARTESIAN_POINT('',(6.025E0,3.2E0,2.5E0));
#11346=DIRECTION('',(1.E0,0.E0,0.E0));
#11347=DIRECTION('',(0.E0,0.E0,-1.E0));
#11348=AXIS2_PLACEMENT_3D('',#11345,#11346,#11347);
#11349=PLANE('',#11348);
#11350=ORIENTED_EDGE('',*,*,#10803,.F.);
#11351=ORIENTED_EDGE('',*,*,#10615,.T.);
#11353=ORIENTED_EDGE('',*,*,#11352,.T.);
#11354=ORIENTED_EDGE('',*,*,#5694,.T.);
#11355=EDGE_LOOP('',(#11350,#11351,#11353,#11354));
#11356=FACE_OUTER_BOUND('',#11355,.F.);
#11357=ADVANCED_FACE('',(#11356),#11349,.F.);
#11358=CARTESIAN_POINT('',(5.4E0,3.2E0,2.5E0));
#11359=DIRECTION('',(0.E0,0.E0,1.E0));
#11360=DIRECTION('',(1.E0,0.E0,0.E0));
#11361=AXIS2_PLACEMENT_3D('',#11358,#11359,#11360);
#11362=PLANE('',#11361);
#11363=ORIENTED_EDGE('',*,*,#10613,.F.);
#11365=ORIENTED_EDGE('',*,*,#11364,.T.);
#11366=ORIENTED_EDGE('',*,*,#5696,.T.);
#11367=ORIENTED_EDGE('',*,*,#11352,.F.);
#11368=EDGE_LOOP('',(#11363,#11365,#11366,#11367));
#11369=FACE_OUTER_BOUND('',#11368,.F.);
#11370=ADVANCED_FACE('',(#11369),#11362,.F.);
#11371=CARTESIAN_POINT('',(5.4E0,3.2E0,2.25E0));
#11372=DIRECTION('',(-1.E0,0.E0,0.E0));
#11373=DIRECTION('',(0.E0,0.E0,1.E0));
#11374=AXIS2_PLACEMENT_3D('',#11371,#11372,#11373);
#11375=PLANE('',#11374);
#11376=ORIENTED_EDGE('',*,*,#10814,.T.);
#11377=ORIENTED_EDGE('',*,*,#5698,.T.);
#11378=ORIENTED_EDGE('',*,*,#11364,.F.);
#11379=ORIENTED_EDGE('',*,*,#10611,.F.);
#11380=EDGE_LOOP('',(#11376,#11377,#11378,#11379));
#11381=FACE_OUTER_BOUND('',#11380,.F.);
#11382=ADVANCED_FACE('',(#11381),#11375,.F.);
#11383=CARTESIAN_POINT('',(4.6E0,3.2E0,2.5E0));
#11384=DIRECTION('',(1.E0,0.E0,0.E0));
#11385=DIRECTION('',(0.E0,0.E0,-1.E0));
#11386=AXIS2_PLACEMENT_3D('',#11383,#11384,#11385);
#11387=PLANE('',#11386);
#11388=ORIENTED_EDGE('',*,*,#10817,.F.);
#11389=ORIENTED_EDGE('',*,*,#10607,.T.);
#11390=ORIENTED_EDGE('',*,*,#10708,.T.);
#11391=ORIENTED_EDGE('',*,*,#5702,.T.);
#11392=EDGE_LOOP('',(#11388,#11389,#11390,#11391));
#11393=FACE_OUTER_BOUND('',#11392,.F.);
#11394=ADVANCED_FACE('',(#11393),#11387,.F.);
#11395=CARTESIAN_POINT('',(-5.4E0,3.2E0,2.5E0));
#11396=DIRECTION('',(1.E0,0.E0,0.E0));
#11397=DIRECTION('',(0.E0,0.E0,-1.E0));
#11398=AXIS2_PLACEMENT_3D('',#11395,#11396,#11397);
#11399=PLANE('',#11398);
#11400=ORIENTED_EDGE('',*,*,#10830,.F.);
#11401=ORIENTED_EDGE('',*,*,#10638,.T.);
#11403=ORIENTED_EDGE('',*,*,#11402,.T.);
#11404=ORIENTED_EDGE('',*,*,#5625,.T.);
#11405=EDGE_LOOP('',(#11400,#11401,#11403,#11404));
#11406=FACE_OUTER_BOUND('',#11405,.F.);
#11407=ADVANCED_FACE('',(#11406),#11399,.F.);
#11408=CARTESIAN_POINT('',(-6.025E0,3.2E0,2.5E0));
#11409=DIRECTION('',(0.E0,0.E0,1.E0));
#11410=DIRECTION('',(1.E0,0.E0,0.E0));
#11411=AXIS2_PLACEMENT_3D('',#11408,#11409,#11410);
#11412=PLANE('',#11411);
#11413=ORIENTED_EDGE('',*,*,#10636,.F.);
#11415=ORIENTED_EDGE('',*,*,#11414,.T.);
#11416=ORIENTED_EDGE('',*,*,#5627,.T.);
#11417=ORIENTED_EDGE('',*,*,#11402,.F.);
#11418=EDGE_LOOP('',(#11413,#11415,#11416,#11417));
#11419=FACE_OUTER_BOUND('',#11418,.F.);
#11420=ADVANCED_FACE('',(#11419),#11412,.F.);
#11421=CARTESIAN_POINT('',(-6.025E0,3.2E0,2.25E0));
#11422=DIRECTION('',(-1.E0,0.E0,0.E0));
#11423=DIRECTION('',(0.E0,0.E0,1.E0));
#11424=AXIS2_PLACEMENT_3D('',#11421,#11422,#11423);
#11425=PLANE('',#11424);
#11426=ORIENTED_EDGE('',*,*,#10841,.T.);
#11427=ORIENTED_EDGE('',*,*,#5629,.T.);
#11428=ORIENTED_EDGE('',*,*,#11414,.F.);
#11429=ORIENTED_EDGE('',*,*,#10634,.F.);
#11430=EDGE_LOOP('',(#11426,#11427,#11428,#11429));
#11431=FACE_OUTER_BOUND('',#11430,.F.);
#11432=ADVANCED_FACE('',(#11431),#11425,.F.);
#11433=CARTESIAN_POINT('',(3.4E0,-7.E-1,2.5E0));
#11434=DIRECTION('',(1.E0,0.E0,0.E0));
#11435=DIRECTION('',(0.E0,0.E0,-1.E0));
#11436=AXIS2_PLACEMENT_3D('',#11433,#11434,#11435);
#11437=PLANE('',#11436);
#11438=ORIENTED_EDGE('',*,*,#5706,.F.);
#11439=ORIENTED_EDGE('',*,*,#10705,.T.);
#11440=ORIENTED_EDGE('',*,*,#10603,.T.);
#11442=ORIENTED_EDGE('',*,*,#11441,.F.);
#11443=EDGE_LOOP('',(#11438,#11439,#11440,#11442));
#11444=FACE_OUTER_BOUND('',#11443,.F.);
#11445=ADVANCED_FACE('',(#11444),#11437,.T.);
#11446=CARTESIAN_POINT('',(3.4E0,-7.E-1,2.25E0));
#11447=DIRECTION('',(0.E0,0.E0,-1.E0));
#11448=DIRECTION('',(-1.E0,0.E0,0.E0));
#11449=AXIS2_PLACEMENT_3D('',#11446,#11447,#11448);
#11450=PLANE('',#11449);
#11451=ORIENTED_EDGE('',*,*,#5708,.F.);
#11452=ORIENTED_EDGE('',*,*,#11441,.T.);
#11453=ORIENTED_EDGE('',*,*,#10601,.T.);
#11455=ORIENTED_EDGE('',*,*,#11454,.F.);
#11456=EDGE_LOOP('',(#11451,#11452,#11453,#11455));
#11457=FACE_OUTER_BOUND('',#11456,.F.);
#11458=ADVANCED_FACE('',(#11457),#11450,.T.);
#11459=CARTESIAN_POINT('',(2.6E0,-7.E-1,2.25E0));
#11460=DIRECTION('',(-1.E0,0.E0,0.E0));
#11461=DIRECTION('',(0.E0,0.E0,1.E0));
#11462=AXIS2_PLACEMENT_3D('',#11459,#11460,#11461);
#11463=PLANE('',#11462);
#11464=ORIENTED_EDGE('',*,*,#5710,.T.);
#11465=ORIENTED_EDGE('',*,*,#11454,.T.);
#11466=ORIENTED_EDGE('',*,*,#10599,.T.);
#11467=ORIENTED_EDGE('',*,*,#10736,.F.);
#11468=EDGE_LOOP('',(#11464,#11465,#11466,#11467));
#11469=FACE_OUTER_BOUND('',#11468,.F.);
#11470=ADVANCED_FACE('',(#11469),#11463,.T.);
#11471=CARTESIAN_POINT('',(-1.2E0,2.4E0,3.15E0));
#11472=DIRECTION('',(-1.E0,0.E0,0.E0));
#11473=DIRECTION('',(0.E0,-1.E0,0.E0));
#11474=AXIS2_PLACEMENT_3D('',#11471,#11472,#11473);
#11475=PLANE('',#11474);
#11476=ORIENTED_EDGE('',*,*,#10520,.F.);
#11477=ORIENTED_EDGE('',*,*,#10584,.T.);
#11478=ORIENTED_EDGE('',*,*,#10719,.F.);
#11479=ORIENTED_EDGE('',*,*,#5609,.F.);
#11480=EDGE_LOOP('',(#11476,#11477,#11478,#11479));
#11481=FACE_OUTER_BOUND('',#11480,.F.);
#11482=ADVANCED_FACE('',(#11481),#11475,.F.);
#11483=CARTESIAN_POINT('',(-4.35E0,-2.545854811567E0,-2.E0));
#11484=DIRECTION('',(0.E0,8.660254037844E-1,5.E-1));
#11485=DIRECTION('',(0.E0,-5.E-1,8.660254037844E-1));
#11486=AXIS2_PLACEMENT_3D('',#11483,#11484,#11485);
#11487=PLANE('',#11486);
#11488=ORIENTED_EDGE('',*,*,#5876,.F.);
#11490=ORIENTED_EDGE('',*,*,#11489,.T.);
#11491=ORIENTED_EDGE('',*,*,#5996,.T.);
#11492=ORIENTED_EDGE('',*,*,#6160,.F.);
#11493=ORIENTED_EDGE('',*,*,#6440,.F.);
#11494=ORIENTED_EDGE('',*,*,#7148,.F.);
#11495=ORIENTED_EDGE('',*,*,#6394,.T.);
#11496=ORIENTED_EDGE('',*,*,#6166,.F.);
#11497=EDGE_LOOP('',(#11488,#11490,#11491,#11492,#11493,#11494,#11495,#11496));
#11498=FACE_OUTER_BOUND('',#11497,.F.);
#11499=ADVANCED_FACE('',(#11498),#11487,.F.);
#11500=CARTESIAN_POINT('',(-5.25E0,-2.75E0,-1.45E0));
#11501=DIRECTION('',(1.E0,0.E0,0.E0));
#11502=DIRECTION('',(0.E0,0.E0,-1.E0));
#11503=AXIS2_PLACEMENT_3D('',#11500,#11501,#11502);
#11504=CYLINDRICAL_SURFACE('',#11503,2.E-1);
#11505=ORIENTED_EDGE('',*,*,#11489,.F.);
#11506=ORIENTED_EDGE('',*,*,#5874,.F.);
#11508=ORIENTED_EDGE('',*,*,#11507,.T.);
#11509=ORIENTED_EDGE('',*,*,#5998,.T.);
#11510=EDGE_LOOP('',(#11505,#11506,#11508,#11509));
#11511=FACE_OUTER_BOUND('',#11510,.F.);
#11512=ADVANCED_FACE('',(#11511),#11504,.F.);
#11513=CARTESIAN_POINT('',(-5.25E0,-2.95E0,-5.31E0));
#11514=DIRECTION('',(0.E0,1.E0,0.E0));
#11515=DIRECTION('',(0.E0,0.E0,1.E0));
#11516=AXIS2_PLACEMENT_3D('',#11513,#11514,#11515);
#11517=PLANE('',#11516);
#11519=ORIENTED_EDGE('',*,*,#11518,.F.);
#11520=ORIENTED_EDGE('',*,*,#6000,.T.);
#11521=ORIENTED_EDGE('',*,*,#11507,.F.);
#11522=ORIENTED_EDGE('',*,*,#5872,.F.);
#11523=EDGE_LOOP('',(#11519,#11520,#11521,#11522));
#11524=FACE_OUTER_BOUND('',#11523,.F.);
#11525=ADVANCED_FACE('',(#11524),#11517,.T.);
#11526=CARTESIAN_POINT('',(-5.E0,-3.025E0,-5.01E0));
#11527=DIRECTION('',(0.E0,9.701425001453E-1,-2.425356250363E-1));
#11528=DIRECTION('',(0.E0,-2.425356250363E-1,-9.701425001453E-1));
#11529=AXIS2_PLACEMENT_3D('',#11526,#11527,#11528);
#11530=PLANE('',#11529);
#11531=ORIENTED_EDGE('',*,*,#11518,.T.);
#11533=ORIENTED_EDGE('',*,*,#11532,.F.);
#11535=ORIENTED_EDGE('',*,*,#11534,.F.);
#11537=ORIENTED_EDGE('',*,*,#11536,.F.);
#11538=EDGE_LOOP('',(#11531,#11533,#11535,#11537));
#11539=FACE_OUTER_BOUND('',#11538,.F.);
#11540=ADVANCED_FACE('',(#11539),#11530,.T.);
#11541=CARTESIAN_POINT('',(-5.175E0,-3.2E0,-5.01E0));
#11542=DIRECTION('',(-9.701425001453E-1,0.E0,-2.425356250363E-1));
#11543=DIRECTION('',(2.425356250363E-1,0.E0,-9.701425001453E-1));
#11544=AXIS2_PLACEMENT_3D('',#11541,#11542,#11543);
#11545=PLANE('',#11544);
#11546=ORIENTED_EDGE('',*,*,#5870,.T.);
#11548=ORIENTED_EDGE('',*,*,#11547,.F.);
#11550=ORIENTED_EDGE('',*,*,#11549,.F.);
#11551=ORIENTED_EDGE('',*,*,#11532,.T.);
#11552=EDGE_LOOP('',(#11546,#11548,#11550,#11551));
#11553=FACE_OUTER_BOUND('',#11552,.F.);
#11554=ADVANCED_FACE('',(#11553),#11545,.T.);
#11555=CARTESIAN_POINT('',(-5.E0,-3.375E0,-5.01E0));
#11556=DIRECTION('',(0.E0,-9.701425001453E-1,-2.425356250363E-1));
#11557=DIRECTION('',(0.E0,-2.425356250363E-1,9.701425001453E-1));
#11558=AXIS2_PLACEMENT_3D('',#11555,#11556,#11557);
#11559=PLANE('',#11558);
#11561=ORIENTED_EDGE('',*,*,#11560,.F.);
#11563=ORIENTED_EDGE('',*,*,#11562,.F.);
#11565=ORIENTED_EDGE('',*,*,#11564,.T.);
#11566=ORIENTED_EDGE('',*,*,#11547,.T.);
#11567=EDGE_LOOP('',(#11561,#11563,#11565,#11566));
#11568=FACE_OUTER_BOUND('',#11567,.F.);
#11569=ADVANCED_FACE('',(#11568),#11559,.T.);
#11570=CARTESIAN_POINT('',(-5.25E0,-3.45E0,-1.45E0));
#11571=DIRECTION('',(0.E0,-1.E0,0.E0));
#11572=DIRECTION('',(0.E0,0.E0,-1.E0));
#11573=AXIS2_PLACEMENT_3D('',#11570,#11571,#11572);
#11574=PLANE('',#11573);
#11575=ORIENTED_EDGE('',*,*,#11560,.T.);
#11576=ORIENTED_EDGE('',*,*,#5882,.F.);
#11578=ORIENTED_EDGE('',*,*,#11577,.T.);
#11579=ORIENTED_EDGE('',*,*,#5990,.T.);
#11580=EDGE_LOOP('',(#11575,#11576,#11578,#11579));
#11581=FACE_OUTER_BOUND('',#11580,.F.);
#11582=ADVANCED_FACE('',(#11581),#11574,.T.);
#11583=CARTESIAN_POINT('',(-5.25E0,-2.75E0,-1.45E0));
#11584=DIRECTION('',(1.E0,0.E0,0.E0));
#11585=DIRECTION('',(0.E0,0.E0,-1.E0));
#11586=AXIS2_PLACEMENT_3D('',#11583,#11584,#11585);
#11587=CYLINDRICAL_SURFACE('',#11586,7.E-1);
#11588=ORIENTED_EDGE('',*,*,#6163,.T.);
#11589=ORIENTED_EDGE('',*,*,#5992,.T.);
#11590=ORIENTED_EDGE('',*,*,#11577,.F.);
#11591=ORIENTED_EDGE('',*,*,#5880,.F.);
#11592=EDGE_LOOP('',(#11588,#11589,#11590,#11591));
#11593=FACE_OUTER_BOUND('',#11592,.F.);
#11594=ADVANCED_FACE('',(#11593),#11587,.T.);
#11595=CARTESIAN_POINT('',(-4.825E0,-3.2E0,-5.01E0));
#11596=DIRECTION('',(9.701425001453E-1,0.E0,-2.425356250363E-1));
#11597=DIRECTION('',(-2.425356250363E-1,0.E0,-9.701425001453E-1));
#11598=AXIS2_PLACEMENT_3D('',#11595,#11596,#11597);
#11599=PLANE('',#11598);
#11601=ORIENTED_EDGE('',*,*,#11600,.F.);
#11602=ORIENTED_EDGE('',*,*,#11562,.T.);
#11603=ORIENTED_EDGE('',*,*,#5988,.T.);
#11604=ORIENTED_EDGE('',*,*,#11536,.T.);
#11605=EDGE_LOOP('',(#11601,#11602,#11603,#11604));
#11606=FACE_OUTER_BOUND('',#11605,.F.);
#11607=ADVANCED_FACE('',(#11606),#11599,.T.);
#11608=CARTESIAN_POINT('',(-5.25E0,-3.45E0,-5.31E0));
#11609=DIRECTION('',(0.E0,0.E0,-1.E0));
#11610=DIRECTION('',(0.E0,1.E0,0.E0));
#11611=AXIS2_PLACEMENT_3D('',#11608,#11609,#11610);
#11612=PLANE('',#11611);
#11613=ORIENTED_EDGE('',*,*,#11534,.T.);
#11614=ORIENTED_EDGE('',*,*,#11549,.T.);
#11615=ORIENTED_EDGE('',*,*,#11564,.F.);
#11616=ORIENTED_EDGE('',*,*,#11600,.T.);
#11617=EDGE_LOOP('',(#11613,#11614,#11615,#11616));
#11618=FACE_OUTER_BOUND('',#11617,.F.);
#11619=ADVANCED_FACE('',(#11618),#11612,.T.);
#11620=CARTESIAN_POINT('',(4.825E0,-3.2E0,-5.01E0));
#11621=DIRECTION('',(-9.701425001453E-1,0.E0,-2.425356250363E-1));
#11622=DIRECTION('',(2.425356250363E-1,0.E0,-9.701425001453E-1));
#11623=AXIS2_PLACEMENT_3D('',#11620,#11621,#11622);
#11624=PLANE('',#11623);
#11625=ORIENTED_EDGE('',*,*,#6596,.T.);
#11627=ORIENTED_EDGE('',*,*,#11626,.F.);
#11628=ORIENTED_EDGE('',*,*,#7065,.F.);
#11629=ORIENTED_EDGE('',*,*,#7080,.T.);
#11630=EDGE_LOOP('',(#11625,#11627,#11628,#11629));
#11631=FACE_OUTER_BOUND('',#11630,.F.);
#11632=ADVANCED_FACE('',(#11631),#11624,.T.);
#11633=CARTESIAN_POINT('',(5.E0,-3.375E0,-5.01E0));
#11634=DIRECTION('',(0.E0,-9.701425001453E-1,-2.425356250363E-1));
#11635=DIRECTION('',(0.E0,-2.425356250363E-1,9.701425001453E-1));
#11636=AXIS2_PLACEMENT_3D('',#11633,#11634,#11635);
#11637=PLANE('',#11636);
#11639=ORIENTED_EDGE('',*,*,#11638,.F.);
#11640=ORIENTED_EDGE('',*,*,#7050,.F.);
#11641=ORIENTED_EDGE('',*,*,#7067,.T.);
#11642=ORIENTED_EDGE('',*,*,#11626,.T.);
#11643=EDGE_LOOP('',(#11639,#11640,#11641,#11642));
#11644=FACE_OUTER_BOUND('',#11643,.F.);
#11645=ADVANCED_FACE('',(#11644),#11637,.T.);
#11646=CARTESIAN_POINT('',(4.75E0,-3.45E0,-1.45E0));
#11647=DIRECTION('',(0.E0,-1.E0,0.E0));
#11648=DIRECTION('',(0.E0,0.E0,-1.E0));
#11649=AXIS2_PLACEMENT_3D('',#11646,#11647,#11648);
#11650=PLANE('',#11649);
#11651=ORIENTED_EDGE('',*,*,#11638,.T.);
#11652=ORIENTED_EDGE('',*,*,#6607,.F.);
#11654=ORIENTED_EDGE('',*,*,#11653,.T.);
#11655=ORIENTED_EDGE('',*,*,#6714,.T.);
#11656=EDGE_LOOP('',(#11651,#11652,#11654,#11655));
#11657=FACE_OUTER_BOUND('',#11656,.F.);
#11658=ADVANCED_FACE('',(#11657),#11650,.T.);
#11659=CARTESIAN_POINT('',(4.75E0,-2.75E0,-1.45E0));
#11660=DIRECTION('',(1.E0,0.E0,0.E0));
#11661=DIRECTION('',(0.E0,0.E0,-1.E0));
#11662=AXIS2_PLACEMENT_3D('',#11659,#11660,#11661);
#11663=CYLINDRICAL_SURFACE('',#11662,7.E-1);
#11664=ORIENTED_EDGE('',*,*,#6550,.T.);
#11665=ORIENTED_EDGE('',*,*,#6716,.T.);
#11666=ORIENTED_EDGE('',*,*,#11653,.F.);
#11667=ORIENTED_EDGE('',*,*,#6605,.F.);
#11668=EDGE_LOOP('',(#11664,#11665,#11666,#11667));
#11669=FACE_OUTER_BOUND('',#11668,.F.);
#11670=ADVANCED_FACE('',(#11669),#11663,.T.);
#11671=CLOSED_SHELL('',(#5434,#5461,#5476,#5497,#5517,#5544,#5569,#5583,#5597,
#5834,#5849,#5864,#5886,#5910,#5925,#5940,#5953,#5967,#5982,#6004,#6028,#6042,
#6055,#6068,#6080,#6095,#6110,#6124,#6138,#6150,#6172,#6195,#6208,#6221,#6234,
#6247,#6262,#6276,#6291,#6304,#6316,#6329,#6341,#6354,#6366,#6381,#6406,#6420,
#6444,#6456,#6472,#6487,#6513,#6537,#6560,#6575,#6590,#6611,#6634,#6649,#6664,
#6677,#6691,#6706,#6727,#6750,#6764,#6777,#6790,#6802,#6817,#6832,#6846,#6859,
#6871,#6884,#6897,#6912,#6926,#6940,#6954,#6966,#6979,#6992,#7004,#7017,#7030,
#7042,#7057,#7072,#7086,#7099,#7112,#7130,#7190,#7204,#7218,#7232,#7247,#7262,
#7277,#7292,#7308,#7324,#7340,#7394,#7407,#7426,#7438,#7463,#7499,#7515,#7530,
#7565,#7580,#7595,#7617,#7632,#7647,#7668,#7692,#7707,#7722,#7735,#7749,#7764,
#7785,#7809,#7823,#7836,#7849,#7861,#7876,#7891,#7905,#7919,#7931,#7949,#7970,
#7983,#7996,#8009,#8022,#8037,#8051,#8066,#8079,#8091,#8104,#8116,#8129,#8141,
#8154,#8167,#8182,#8196,#8210,#8224,#8237,#8249,#8261,#8281,#8293,#8305,#8326,
#8349,#8364,#8379,#8400,#8423,#8438,#8453,#8466,#8480,#8495,#8516,#8539,#8553,
#8566,#8579,#8591,#8606,#8621,#8635,#8648,#8660,#8673,#8686,#8701,#8715,#8729,
#8743,#8755,#8768,#8781,#8793,#8806,#8819,#8831,#8846,#8861,#8875,#8888,#8901,
#8917,#8930,#8943,#8956,#8968,#8980,#8995,#9010,#9032,#9047,#9062,#9083,#9107,
#9122,#9137,#9150,#9164,#9179,#9200,#9224,#9238,#9251,#9264,#9276,#9291,#9306,
#9320,#9334,#9346,#9364,#9385,#9398,#9411,#9424,#9437,#9452,#9466,#9481,#9494,
#9506,#9519,#9531,#9544,#9556,#9569,#9582,#9597,#9611,#9625,#9639,#9652,#9664,
#9676,#9689,#9703,#9715,#9730,#9745,#9767,#9782,#9797,#9818,#9842,#9857,#9872,
#9885,#9899,#9914,#9935,#9959,#9973,#9986,#9999,#10011,#10026,#10041,#10055,
#10069,#10081,#10099,#10120,#10133,#10146,#10159,#10172,#10187,#10201,#10216,
#10229,#10241,#10254,#10266,#10279,#10291,#10304,#10317,#10332,#10346,#10360,
#10374,#10387,#10399,#10411,#10424,#10438,#10450,#10462,#10475,#10495,#10507,
#10534,#10548,#10560,#10572,#10588,#10623,#10657,#10672,#10685,#10699,#10713,
#10728,#10742,#10755,#10768,#10780,#10793,#10807,#10821,#10834,#10848,#10862,
#10876,#10889,#10943,#10957,#10971,#10985,#10998,#11011,#11023,#11036,#11049,
#11063,#11076,#11090,#11103,#11116,#11128,#11141,#11154,#11166,#11178,#11192,
#11206,#11218,#11230,#11243,#11256,#11268,#11281,#11294,#11306,#11319,#11332,
#11344,#11357,#11370,#11382,#11394,#11407,#11420,#11432,#11445,#11458,#11470,
#11482,#11499,#11512,#11525,#11540,#11554,#11569,#11582,#11594,#11607,#11619,
#11632,#11645,#11658,#11670));
#11672=MANIFOLD_SOLID_BREP('',#11671);
#11673=CARTESIAN_POINT('',(0.E0,0.E0,0.E0));
#11674=DIRECTION('',(0.E0,0.E0,1.E0));
#11675=DIRECTION('',(1.E0,0.E0,0.E0));
#11676=AXIS2_PLACEMENT_3D('CSYS',#11673,#11674,#11675);
#11677=CARTESIAN_POINT('',(-5.E0,-5.2E0,-3.15E0));
#11678=DIRECTION('',(0.E0,0.E0,-1.E0));
#11679=DIRECTION('',(1.E0,0.E0,0.E0));
#11680=AXIS2_PLACEMENT_3D('',#11677,#11678,#11679);
#11684=CARTESIAN_POINT('',(-5.E0,-5.2E0,-3.15E0));
#11685=DIRECTION('',(0.E0,0.E0,-1.E0));
#11686=DIRECTION('',(-1.E0,0.E0,0.E0));
#11687=AXIS2_PLACEMENT_3D('',#11684,#11685,#11686);
#11693=CARTESIAN_POINT('',(-5.E0,-3.2E0,-3.15E0));
#11694=DIRECTION('',(0.E0,0.E0,-1.E0));
#11695=DIRECTION('',(1.E0,0.E0,0.E0));
#11696=AXIS2_PLACEMENT_3D('',#11693,#11694,#11695);
#11700=CARTESIAN_POINT('',(-5.E0,-3.2E0,-3.15E0));
#11701=DIRECTION('',(0.E0,0.E0,-1.E0));
#11702=DIRECTION('',(-1.E0,0.E0,0.E0));
#11703=AXIS2_PLACEMENT_3D('',#11700,#11701,#11702);
#11708=CARTESIAN_POINT('',(-3.E0,-5.2E0,-3.15E0));
#11709=DIRECTION('',(0.E0,0.E0,-1.E0));
#11710=DIRECTION('',(1.E0,0.E0,0.E0));
#11711=AXIS2_PLACEMENT_3D('',#11708,#11709,#11710);
#11715=CARTESIAN_POINT('',(-3.E0,-5.2E0,-3.15E0));
#11716=DIRECTION('',(0.E0,0.E0,-1.E0));
#11717=DIRECTION('',(-1.E0,0.E0,0.E0));
#11718=AXIS2_PLACEMENT_3D('',#11715,#11716,#11717);
#11723=CARTESIAN_POINT('',(-3.E0,-3.2E0,-3.15E0));
#11724=DIRECTION('',(0.E0,0.E0,-1.E0));
#11725=DIRECTION('',(1.E0,0.E0,0.E0));
#11726=AXIS2_PLACEMENT_3D('',#11723,#11724,#11725);
#11730=CARTESIAN_POINT('',(-3.E0,-3.2E0,-3.15E0));
#11731=DIRECTION('',(0.E0,0.E0,-1.E0));
#11732=DIRECTION('',(-1.E0,0.E0,0.E0));
#11733=AXIS2_PLACEMENT_3D('',#11730,#11731,#11732);
#11738=CARTESIAN_POINT('',(-1.E0,-5.2E0,-3.15E0));
#11739=DIRECTION('',(0.E0,0.E0,-1.E0));
#11740=DIRECTION('',(1.E0,0.E0,0.E0));
#11741=AXIS2_PLACEMENT_3D('',#11738,#11739,#11740);
#11745=CARTESIAN_POINT('',(-1.E0,-5.2E0,-3.15E0));
#11746=DIRECTION('',(0.E0,0.E0,-1.E0));
#11747=DIRECTION('',(-1.E0,0.E0,0.E0));
#11748=AXIS2_PLACEMENT_3D('',#11745,#11746,#11747);
#11753=CARTESIAN_POINT('',(-1.E0,-3.2E0,-3.15E0));
#11754=DIRECTION('',(0.E0,0.E0,-1.E0));
#11755=DIRECTION('',(1.E0,0.E0,0.E0));
#11756=AXIS2_PLACEMENT_3D('',#11753,#11754,#11755);
#11760=CARTESIAN_POINT('',(-1.E0,-3.2E0,-3.15E0));
#11761=DIRECTION('',(0.E0,0.E0,-1.E0));
#11762=DIRECTION('',(-1.E0,0.E0,0.E0));
#11763=AXIS2_PLACEMENT_3D('',#11760,#11761,#11762);
#11768=CARTESIAN_POINT('',(1.E0,-5.2E0,-3.15E0));
#11769=DIRECTION('',(0.E0,0.E0,-1.E0));
#11770=DIRECTION('',(1.E0,0.E0,0.E0));
#11771=AXIS2_PLACEMENT_3D('',#11768,#11769,#11770);
#11775=CARTESIAN_POINT('',(1.E0,-5.2E0,-3.15E0));
#11776=DIRECTION('',(0.E0,0.E0,-1.E0));
#11777=DIRECTION('',(-1.E0,0.E0,0.E0));
#11778=AXIS2_PLACEMENT_3D('',#11775,#11776,#11777);
#11783=CARTESIAN_POINT('',(1.E0,-3.2E0,-3.15E0));
#11784=DIRECTION('',(0.E0,0.E0,-1.E0));
#11785=DIRECTION('',(1.E0,0.E0,0.E0));
#11786=AXIS2_PLACEMENT_3D('',#11783,#11784,#11785);
#11790=CARTESIAN_POINT('',(1.E0,-3.2E0,-3.15E0));
#11791=DIRECTION('',(0.E0,0.E0,-1.E0));
#11792=DIRECTION('',(-1.E0,0.E0,0.E0));
#11793=AXIS2_PLACEMENT_3D('',#11790,#11791,#11792);
#11798=CARTESIAN_POINT('',(3.E0,-5.2E0,-3.15E0));
#11799=DIRECTION('',(0.E0,0.E0,-1.E0));
#11800=DIRECTION('',(1.E0,0.E0,0.E0));
#11801=AXIS2_PLACEMENT_3D('',#11798,#11799,#11800);
#11805=CARTESIAN_POINT('',(3.E0,-5.2E0,-3.15E0));
#11806=DIRECTION('',(0.E0,0.E0,-1.E0));
#11807=DIRECTION('',(-1.E0,0.E0,0.E0));
#11808=AXIS2_PLACEMENT_3D('',#11805,#11806,#11807);
#11813=CARTESIAN_POINT('',(3.E0,-3.2E0,-3.15E0));
#11814=DIRECTION('',(0.E0,0.E0,-1.E0));
#11815=DIRECTION('',(1.E0,0.E0,0.E0));
#11816=AXIS2_PLACEMENT_3D('',#11813,#11814,#11815);
#11820=CARTESIAN_POINT('',(3.E0,-3.2E0,-3.15E0));
#11821=DIRECTION('',(0.E0,0.E0,-1.E0));
#11822=DIRECTION('',(-1.E0,0.E0,0.E0));
#11823=AXIS2_PLACEMENT_3D('',#11820,#11821,#11822);
#11828=CARTESIAN_POINT('',(5.E0,-5.2E0,-3.15E0));
#11829=DIRECTION('',(0.E0,0.E0,-1.E0));
#11830=DIRECTION('',(1.E0,0.E0,0.E0));
#11831=AXIS2_PLACEMENT_3D('',#11828,#11829,#11830);
#11835=CARTESIAN_POINT('',(5.E0,-5.2E0,-3.15E0));
#11836=DIRECTION('',(0.E0,0.E0,-1.E0));
#11837=DIRECTION('',(-1.E0,0.E0,0.E0));
#11838=AXIS2_PLACEMENT_3D('',#11835,#11836,#11837);
#11843=CARTESIAN_POINT('',(5.E0,-3.2E0,-3.15E0));
#11844=DIRECTION('',(0.E0,0.E0,-1.E0));
#11845=DIRECTION('',(1.E0,0.E0,0.E0));
#11846=AXIS2_PLACEMENT_3D('',#11843,#11844,#11845);
#11850=CARTESIAN_POINT('',(5.E0,-3.2E0,-3.15E0));
#11851=DIRECTION('',(0.E0,0.E0,-1.E0));
#11852=DIRECTION('',(-1.E0,0.E0,0.E0));
#11853=AXIS2_PLACEMENT_3D('',#11850,#11851,#11852);
#11859=DIMENSIONAL_EXPONENTS(0.E0,0.E0,0.E0,0.E0,0.E0,0.E0,0.E0);
#11861=PLANE_ANGLE_MEASURE_WITH_UNIT(PLANE_ANGLE_MEASURE(1.745329251994E-2),
#11860);
#11862=(CONVERSION_BASED_UNIT('DEGREE',#11861)NAMED_UNIT(*)PLANE_ANGLE_UNIT());
#11864=UNCERTAINTY_MEASURE_WITH_UNIT(LENGTH_MEASURE(1.908135531445E-3),#11858,
'closure',
'Maximum model space distance between geometric entities at asserted connectivities');
#11865=(GEOMETRIC_REPRESENTATION_CONTEXT(3)GLOBAL_UNCERTAINTY_ASSIGNED_CONTEXT((
#11864))GLOBAL_UNIT_ASSIGNED_CONTEXT((#11858,#11862,#11863))REPRESENTATION_CONTEXT('ID1','3'));
#11692=GEOMETRIC_SET('',(#11691,#11707,#11722,#11737,#11752,#11767,#11782,
#11797,#11812,#11827,#11842,#11857));
#11869=SHAPE_REPRESENTATION_RELATIONSHIP('','',#11868,#11866);
#11870=SHAPE_REPRESENTATION_RELATIONSHIP('','',#11868,#11867);
#11871=APPLICATION_CONTEXT(
'CONFIGURATION CONTROLLED 3D DESIGNS OF MECHANICAL PARTS AND ASSEMBLIES');
#11872=APPLICATION_PROTOCOL_DEFINITION('international standard',
'config_control_design',1994,#11871);
#11873=DESIGN_CONTEXT('',#11871,'design');
#11874=MECHANICAL_CONTEXT('',#11871,'mechanical');
#11875=PRODUCT('878331220','878331220','NOT SPECIFIED',(#11874));
#11876=PRODUCT_DEFINITION_FORMATION_WITH_SPECIFIED_SOURCE('1','LAST_VERSION',
#11875,.MADE.);
#11880=PRODUCT_CATEGORY('part','');
#11881=PRODUCT_RELATED_PRODUCT_CATEGORY('detail','',(#11875));
#11882=PRODUCT_CATEGORY_RELATIONSHIP('','',#11880,#11881);
#11883=SECURITY_CLASSIFICATION_LEVEL('unclassified');
#11884=SECURITY_CLASSIFICATION('','',#11883);
#11885=CC_DESIGN_SECURITY_CLASSIFICATION(#11884,(#11876));
#11886=APPROVAL_STATUS('approved');
#11887=APPROVAL(#11886,'');
#11888=CC_DESIGN_APPROVAL(#11887,(#11884,#11876,#11877));
#11889=CALENDAR_DATE(118,13,12);
#11890=COORDINATED_UNIVERSAL_TIME_OFFSET(5,30,.AHEAD.);
#11891=LOCAL_TIME(9,41,1.E1,#11890);
#11892=DATE_AND_TIME(#11889,#11891);
#11893=APPROVAL_DATE_TIME(#11892,#11887);
#11894=DATE_TIME_ROLE('creation_date');
#11895=CC_DESIGN_DATE_AND_TIME_ASSIGNMENT(#11892,#11894,(#11877));
#11896=DATE_TIME_ROLE('classification_date');
#11897=CC_DESIGN_DATE_AND_TIME_ASSIGNMENT(#11892,#11896,(#11884));
#11898=PERSON('UNSPECIFIED','UNSPECIFIED',$,$,$,$);
#11899=ORGANIZATION('UNSPECIFIED','UNSPECIFIED','UNSPECIFIED');
#11900=PERSON_AND_ORGANIZATION(#11898,#11899);
#11901=APPROVAL_ROLE('approver');
#11902=APPROVAL_PERSON_ORGANIZATION(#11900,#11887,#11901);
#11903=PERSON_AND_ORGANIZATION_ROLE('creator');
#11904=CC_DESIGN_PERSON_AND_ORGANIZATION_ASSIGNMENT(#11900,#11903,(#11876,
#11877));
#11905=PERSON_AND_ORGANIZATION_ROLE('design_supplier');
#11906=CC_DESIGN_PERSON_AND_ORGANIZATION_ASSIGNMENT(#11900,#11905,(#11876));
#11907=PERSON_AND_ORGANIZATION_ROLE('classification_officer');
#11908=CC_DESIGN_PERSON_AND_ORGANIZATION_ASSIGNMENT(#11900,#11907,(#11884));
#11909=PERSON_AND_ORGANIZATION_ROLE('design_owner');
#11910=CC_DESIGN_PERSON_AND_ORGANIZATION_ASSIGNMENT(#11900,#11909,(#11875));
#557=CIRCLE('',#556,2.E-1);
#562=CIRCLE('',#561,7.E-1);
#579=CIRCLE('',#578,2.E-1);
#592=CIRCLE('',#591,7.E-1);
#645=CIRCLE('',#644,7.E-1);
#650=CIRCLE('',#649,2.E-1);
#667=CIRCLE('',#666,7.E-1);
#680=CIRCLE('',#679,2.E-1);
#1037=CIRCLE('',#1036,2.E-1);
#1042=CIRCLE('',#1041,7.E-1);
#1059=CIRCLE('',#1058,2.E-1);
#1072=CIRCLE('',#1071,7.E-1);
#1125=CIRCLE('',#1124,7.E-1);
#1130=CIRCLE('',#1129,2.E-1);
#1147=CIRCLE('',#1146,7.E-1);
#1160=CIRCLE('',#1159,2.E-1);
#1797=CIRCLE('',#1796,2.E-1);
#1802=CIRCLE('',#1801,7.E-1);
#1819=CIRCLE('',#1818,2.E-1);
#1832=CIRCLE('',#1831,7.E-1);
#1885=CIRCLE('',#1884,7.E-1);
#1890=CIRCLE('',#1889,2.E-1);
#1907=CIRCLE('',#1906,7.E-1);
#1920=CIRCLE('',#1919,2.E-1);
#2261=CIRCLE('',#2260,2.E-1);
#2266=CIRCLE('',#2265,7.E-1);
#2283=CIRCLE('',#2282,2.E-1);
#2296=CIRCLE('',#2295,7.E-1);
#2349=CIRCLE('',#2348,7.E-1);
#2354=CIRCLE('',#2353,2.E-1);
#2371=CIRCLE('',#2370,7.E-1);
#2384=CIRCLE('',#2383,2.E-1);
#2649=CIRCLE('',#2648,2.E-1);
#2654=CIRCLE('',#2653,7.E-1);
#2671=CIRCLE('',#2670,2.E-1);
#2684=CIRCLE('',#2683,7.E-1);
#2737=CIRCLE('',#2736,7.E-1);
#2742=CIRCLE('',#2741,2.E-1);
#2759=CIRCLE('',#2758,7.E-1);
#2772=CIRCLE('',#2771,2.E-1);
#3093=CIRCLE('',#3092,2.E-1);
#3098=CIRCLE('',#3097,7.E-1);
#3115=CIRCLE('',#3114,2.E-1);
#3128=CIRCLE('',#3127,7.E-1);
#3181=CIRCLE('',#3180,7.E-1);
#3186=CIRCLE('',#3185,2.E-1);
#3203=CIRCLE('',#3202,7.E-1);
#3216=CIRCLE('',#3215,2.E-1);
#3509=CIRCLE('',#3508,8.E-1);
#3526=CIRCLE('',#3525,8.E-1);
#3565=B_SPLINE_CURVE_WITH_KNOTS('',3,(#3559,#3560,#3561,#3562,#3563,#3564),
.UNSPECIFIED.,.F.,.F.,(4,1,1,4),(0.E0,2.5E-1,5.E-1,1.E0),.UNSPECIFIED.);
#3648=B_SPLINE_CURVE_WITH_KNOTS('',3,(#3642,#3643,#3644,#3645,#3646,#3647),
.UNSPECIFIED.,.F.,.F.,(4,1,1,4),(0.E0,5.E-1,7.5E-1,1.E0),.UNSPECIFIED.);
#3677=CIRCLE('',#3676,8.E-1);
#3694=CIRCLE('',#3693,8.E-1);
#5424=EDGE_CURVE('',#4134,#4152,#4,.T.);
#5426=EDGE_CURVE('',#4152,#4154,#8,.T.);
#5428=EDGE_CURVE('',#4154,#4133,#12,.T.);
#5430=EDGE_CURVE('',#4133,#4134,#16,.T.);
#5440=EDGE_CURVE('',#4461,#4462,#20,.T.);
#5442=EDGE_CURVE('',#4461,#4218,#24,.T.);
#5444=EDGE_CURVE('',#4217,#4218,#28,.T.);
#5446=EDGE_CURVE('',#4506,#4217,#32,.T.);
#5448=EDGE_CURVE('',#4505,#4506,#36,.T.);
#5450=EDGE_CURVE('',#4505,#4157,#40,.T.);
#5452=EDGE_CURVE('',#4157,#4158,#3542,.T.);
#5454=EDGE_CURVE('',#4152,#4158,#44,.T.);
#5457=EDGE_CURVE('',#4134,#4462,#48,.T.);
#5468=EDGE_CURVE('',#4462,#4464,#56,.T.);
#5470=EDGE_CURVE('',#4466,#4464,#52,.T.);
#5472=EDGE_CURVE('',#4461,#4466,#3994,.T.);
#5485=EDGE_CURVE('',#4133,#4481,#60,.T.);
#5487=EDGE_CURVE('',#4478,#4481,#64,.T.);
#5489=EDGE_CURVE('',#4472,#4478,#68,.T.);
#5491=EDGE_CURVE('',#4470,#4472,#72,.T.);
#5493=EDGE_CURVE('',#4464,#4470,#76,.T.);
#5503=EDGE_CURVE('',#4162,#5224,#3530,.T.);
#5505=EDGE_CURVE('',#5236,#5224,#80,.T.);
#5507=EDGE_CURVE('',#4494,#5236,#84,.T.);
#5509=EDGE_CURVE('',#4488,#4494,#88,.T.);
#5511=EDGE_CURVE('',#4486,#4488,#92,.T.);
#5513=EDGE_CURVE('',#4486,#4162,#96,.T.);
#5523=EDGE_CURVE('',#4281,#4286,#100,.T.);
#5525=EDGE_CURVE('',#4281,#4157,#3546,.T.);
#5528=EDGE_CURVE('',#4502,#4505,#104,.T.);
#5530=EDGE_CURVE('',#4501,#4502,#108,.T.);
#5532=EDGE_CURVE('',#5238,#4501,#112,.T.);
#5534=EDGE_CURVE('',#5238,#5226,#116,.T.);
#5536=EDGE_CURVE('',#5226,#4284,#3504,.T.);
#5538=EDGE_CURVE('',#4284,#4288,#120,.T.);
#5540=EDGE_CURVE('',#4286,#4288,#124,.T.);
#5550=EDGE_CURVE('',#4481,#4482,#128,.T.);
#5554=EDGE_CURVE('',#4154,#4161,#132,.T.);
#5556=EDGE_CURVE('',#4161,#4162,#3534,.T.);
#5559=EDGE_CURVE('',#4485,#4486,#136,.T.);
#5561=EDGE_CURVE('',#4485,#4221,#140,.T.);
#5563=EDGE_CURVE('',#4221,#4222,#144,.T.);
#5565=EDGE_CURVE('',#4482,#4222,#148,.T.);
#5576=EDGE_CURVE('',#4476,#4482,#152,.T.);
#5578=EDGE_CURVE('',#4476,#4478,#3778,.T.);
#5591=EDGE_CURVE('',#4222,#4226,#476,.T.);
#5593=EDGE_CURVE('',#4226,#4476,#3750,.T.);
#5603=EDGE_CURVE('',#5232,#5336,#348,.T.);
#5605=EDGE_CURVE('',#5220,#5232,#3656,.T.);
#5607=EDGE_CURVE('',#5218,#5220,#3517,.T.);
#5609=EDGE_CURVE('',#5218,#5230,#352,.T.);
#5611=EDGE_CURVE('',#5329,#5230,#356,.T.);
#5613=EDGE_CURVE('',#5329,#5330,#360,.T.);
#5615=EDGE_CURVE('',#5330,#5326,#364,.T.);
#5617=EDGE_CURVE('',#5296,#5326,#368,.T.);
#5619=EDGE_CURVE('',#5294,#5296,#372,.T.);
#5621=EDGE_CURVE('',#4243,#5294,#376,.T.);
#5623=EDGE_CURVE('',#4243,#4244,#380,.T.);
#5625=EDGE_CURVE('',#5262,#4244,#384,.T.);
#5627=EDGE_CURVE('',#5261,#5262,#388,.T.);
#5629=EDGE_CURVE('',#4259,#5261,#392,.T.);
#5631=EDGE_CURVE('',#4259,#4260,#396,.T.);
#5633=EDGE_CURVE('',#4228,#4260,#3982,.T.);
#5635=EDGE_CURVE('',#4217,#4228,#400,.T.);
#5638=EDGE_CURVE('',#4230,#4218,#404,.T.);
#5640=EDGE_CURVE('',#4262,#4230,#3966,.T.);
#5642=EDGE_CURVE('',#4233,#4262,#3934,.T.);
#5644=EDGE_CURVE('',#4194,#4233,#408,.T.);
#5646=EDGE_CURVE('',#4193,#4194,#412,.T.);
#5648=EDGE_CURVE('',#4201,#4193,#416,.T.);
#5650=EDGE_CURVE('',#4248,#4201,#3898,.T.);
#5652=EDGE_CURVE('',#5256,#4248,#420,.T.);
#5654=EDGE_CURVE('',#5299,#5256,#424,.T.);
#5656=EDGE_CURVE('',#5299,#5300,#428,.T.);
#5658=EDGE_CURVE('',#5300,#5302,#432,.T.);
#5660=EDGE_CURVE('',#5304,#5302,#436,.T.);
#5662=EDGE_CURVE('',#5307,#5304,#440,.T.);
#5664=EDGE_CURVE('',#5307,#5308,#444,.T.);
#5666=EDGE_CURVE('',#5308,#5310,#448,.T.);
#5668=EDGE_CURVE('',#5312,#5310,#452,.T.);
#5670=EDGE_CURVE('',#5258,#5312,#456,.T.);
#5672=EDGE_CURVE('',#4246,#5258,#460,.T.);
#5674=EDGE_CURVE('',#4205,#4246,#3906,.T.);
#5676=EDGE_CURVE('',#4198,#4205,#464,.T.);
#5678=EDGE_CURVE('',#4197,#4198,#468,.T.);
#5680=EDGE_CURVE('',#4214,#4197,#472,.T.);
#5682=EDGE_CURVE('',#4213,#4214,#3918,.T.);
#5684=EDGE_CURVE('',#4213,#4226,#3754,.T.);
#5688=EDGE_CURVE('',#4224,#4221,#480,.T.);
#5690=EDGE_CURVE('',#4224,#4209,#3770,.T.);
#5692=EDGE_CURVE('',#4209,#4210,#484,.T.);
#5694=EDGE_CURVE('',#5266,#4210,#488,.T.);
#5696=EDGE_CURVE('',#5265,#5266,#492,.T.);
#5698=EDGE_CURVE('',#4239,#5265,#496,.T.);
#5700=EDGE_CURVE('',#4239,#4240,#500,.T.);
#5702=EDGE_CURVE('',#5292,#4240,#504,.T.);
#5704=EDGE_CURVE('',#5338,#5292,#508,.T.);
#5706=EDGE_CURVE('',#5338,#5333,#512,.T.);
#5708=EDGE_CURVE('',#5333,#5334,#516,.T.);
#5710=EDGE_CURVE('',#5336,#5334,#520,.T.);
#5714=EDGE_CURVE('',#4269,#4270,#172,.T.);
#5716=EDGE_CURVE('',#4269,#4277,#176,.T.);
#5718=EDGE_CURVE('',#4277,#4278,#180,.T.);
#5720=EDGE_CURVE('',#4270,#4278,#184,.T.);
#5724=EDGE_CURVE('',#4641,#4642,#188,.T.);
#5726=EDGE_CURVE('',#4641,#4649,#192,.T.);
#5728=EDGE_CURVE('',#4649,#4650,#196,.T.);
#5730=EDGE_CURVE('',#4642,#4650,#200,.T.);
#5734=EDGE_CURVE('',#4645,#4646,#204,.T.);
#5736=EDGE_CURVE('',#4645,#4653,#208,.T.);
#5738=EDGE_CURVE('',#4653,#4654,#212,.T.);
#5740=EDGE_CURVE('',#4646,#4654,#216,.T.);
#5744=EDGE_CURVE('',#4689,#4690,#220,.T.);
#5746=EDGE_CURVE('',#4689,#4697,#224,.T.);
#5748=EDGE_CURVE('',#4697,#4698,#228,.T.);
#5750=EDGE_CURVE('',#4690,#4698,#232,.T.);
#5754=EDGE_CURVE('',#4693,#4694,#236,.T.);
#5756=EDGE_CURVE('',#4693,#4701,#240,.T.);
#5758=EDGE_CURVE('',#4701,#4702,#244,.T.);
#5760=EDGE_CURVE('',#4694,#4702,#248,.T.);
#5764=EDGE_CURVE('',#4737,#4738,#252,.T.);
#5766=EDGE_CURVE('',#4737,#4745,#256,.T.);
#5768=EDGE_CURVE('',#4745,#4746,#260,.T.);
#5770=EDGE_CURVE('',#4738,#4746,#264,.T.);
#5774=EDGE_CURVE('',#4741,#4742,#268,.T.);
#5776=EDGE_CURVE('',#4741,#4749,#272,.T.);
#5778=EDGE_CURVE('',#4749,#4750,#276,.T.);
#5780=EDGE_CURVE('',#4742,#4750,#280,.T.);
#5784=EDGE_CURVE('',#4785,#4786,#284,.T.);
#5786=EDGE_CURVE('',#4785,#4793,#288,.T.);
#5788=EDGE_CURVE('',#4793,#4794,#292,.T.);
#5790=EDGE_CURVE('',#4786,#4794,#296,.T.);
#5794=EDGE_CURVE('',#4789,#4790,#300,.T.);
#5796=EDGE_CURVE('',#4789,#4797,#304,.T.);
#5798=EDGE_CURVE('',#4797,#4798,#308,.T.);
#5800=EDGE_CURVE('',#4790,#4798,#312,.T.);
#5804=EDGE_CURVE('',#5113,#5114,#316,.T.);
#5806=EDGE_CURVE('',#5113,#5121,#320,.T.);
#5808=EDGE_CURVE('',#5121,#5122,#324,.T.);
#5810=EDGE_CURVE('',#5114,#5122,#328,.T.);
#5814=EDGE_CURVE('',#5117,#5118,#332,.T.);
#5816=EDGE_CURVE('',#5117,#5125,#336,.T.);
#5818=EDGE_CURVE('',#5125,#5126,#340,.T.);
#5820=EDGE_CURVE('',#5118,#5126,#344,.T.);
#5824=EDGE_CURVE('',#4265,#4266,#156,.T.);
#5826=EDGE_CURVE('',#4265,#4273,#160,.T.);
#5828=EDGE_CURVE('',#4273,#4274,#164,.T.);
#5830=EDGE_CURVE('',#4266,#4274,#168,.T.);
#5840=EDGE_CURVE('',#4398,#4408,#524,.T.);
#5842=EDGE_CURVE('',#4398,#4265,#528,.T.);
#5845=EDGE_CURVE('',#4266,#4408,#532,.T.);
#5855=EDGE_CURVE('',#4414,#4424,#536,.T.);
#5857=EDGE_CURVE('',#4414,#4269,#540,.T.);
#5860=EDGE_CURVE('',#4270,#4424,#544,.T.);
#5870=EDGE_CURVE('',#4430,#4440,#548,.T.);
#5872=EDGE_CURVE('',#4430,#4329,#552,.T.);
#5874=EDGE_CURVE('',#4329,#5356,#557,.T.);
#5876=EDGE_CURVE('',#5356,#4170,#4058,.T.);
#5878=EDGE_CURVE('',#4169,#4170,#776,.T.);
#5880=EDGE_CURVE('',#4169,#4325,#562,.T.);
#5882=EDGE_CURVE('',#4325,#4440,#566,.T.);
#5892=EDGE_CURVE('',#4454,#4446,#570,.T.);
#5894=EDGE_CURVE('',#4454,#5350,#574,.T.);
#5896=EDGE_CURVE('',#5350,#4186,#579,.T.);
#5898=EDGE_CURVE('',#4186,#4174,#583,.T.);
#5900=EDGE_CURVE('',#4173,#4174,#744,.T.);
#5902=EDGE_CURVE('',#4173,#4184,#587,.T.);
#5904=EDGE_CURVE('',#4184,#5348,#592,.T.);
#5906=EDGE_CURVE('',#5348,#4446,#596,.T.);
#5917=EDGE_CURVE('',#4410,#4408,#600,.T.);
#5919=EDGE_CURVE('',#4402,#4410,#692,.T.);
#5921=EDGE_CURVE('',#4402,#4398,#704,.T.);
#5931=EDGE_CURVE('',#4406,#4408,#608,.T.);
#5933=EDGE_CURVE('',#4404,#4406,#604,.T.);
#5935=EDGE_CURVE('',#4404,#4410,#696,.T.);
#5949=EDGE_CURVE('',#4274,#4406,#616,.T.);
#5959=EDGE_CURVE('',#4406,#4397,#612,.T.);
#5963=EDGE_CURVE('',#4397,#4273,#620,.T.);
#5973=EDGE_CURVE('',#4422,#4413,#624,.T.);
#5975=EDGE_CURVE('',#4278,#4422,#628,.T.);
#5978=EDGE_CURVE('',#4413,#4277,#632,.T.);
#5988=EDGE_CURVE('',#4438,#4429,#636,.T.);
#5990=EDGE_CURVE('',#4326,#4438,#640,.T.);
#5992=EDGE_CURVE('',#4177,#4326,#645,.T.);
#5994=EDGE_CURVE('',#4177,#4178,#768,.T.);
#5996=EDGE_CURVE('',#5358,#4178,#4066,.T.);
#5998=EDGE_CURVE('',#4330,#5358,#650,.T.);
#6000=EDGE_CURVE('',#4429,#4330,#654,.T.);
#6010=EDGE_CURVE('',#4450,#4457,#658,.T.);
#6012=EDGE_CURVE('',#5352,#4450,#662,.T.);
#6014=EDGE_CURVE('',#4188,#5352,#667,.T.);
#6016=EDGE_CURVE('',#4181,#4188,#671,.T.);
#6018=EDGE_CURVE('',#4181,#4182,#752,.T.);
#6020=EDGE_CURVE('',#4190,#4182,#675,.T.);
#6022=EDGE_CURVE('',#5354,#4190,#680,.T.);
#6024=EDGE_CURVE('',#4457,#5354,#684,.T.);
#6034=EDGE_CURVE('',#4404,#4401,#700,.T.);
#6038=EDGE_CURVE('',#4397,#4401,#708,.T.);
#6048=EDGE_CURVE('',#4401,#4402,#688,.T.);
#6061=EDGE_CURVE('',#4397,#4398,#712,.T.);
#6086=EDGE_CURVE('',#4420,#4417,#732,.T.);
#6088=EDGE_CURVE('',#4420,#4422,#848,.T.);
#6091=EDGE_CURVE('',#4417,#4413,#716,.T.);
#6101=EDGE_CURVE('',#4417,#4418,#720,.T.);
#6103=EDGE_CURVE('',#4418,#4426,#724,.T.);
#6105=EDGE_CURVE('',#4420,#4426,#728,.T.);
#6116=EDGE_CURVE('',#4413,#4414,#740,.T.);
#6118=EDGE_CURVE('',#4418,#4414,#736,.T.);
#6130=EDGE_CURVE('',#4173,#4181,#756,.T.);
#6133=EDGE_CURVE('',#4184,#4188,#828,.T.);
#6156=EDGE_CURVE('',#4361,#4362,#760,.T.);
#6158=EDGE_CURVE('',#4392,#4361,#884,.T.);
#6160=EDGE_CURVE('',#4392,#4178,#764,.T.);
#6163=EDGE_CURVE('',#4169,#4177,#772,.T.);
#6166=EDGE_CURVE('',#4170,#4394,#780,.T.);
#6168=EDGE_CURVE('',#4394,#4362,#868,.T.);
#6178=EDGE_CURVE('',#4365,#4366,#784,.T.);
#6180=EDGE_CURVE('',#4366,#4378,#860,.T.);
#6182=EDGE_CURVE('',#4377,#4378,#3468,.T.);
#6184=EDGE_CURVE('',#4365,#4377,#892,.T.);
#6189=EDGE_CURVE('',#4174,#4182,#748,.T.);
#6203=EDGE_CURVE('',#4186,#4190,#788,.T.);
#6214=EDGE_CURVE('',#4422,#4424,#792,.T.);
#6228=EDGE_CURVE('',#5350,#5354,#796,.T.);
#6240=EDGE_CURVE('',#4457,#4454,#800,.T.);
#6253=EDGE_CURVE('',#4453,#4454,#804,.T.);
#6255=EDGE_CURVE('',#4458,#4453,#832,.T.);
#6257=EDGE_CURVE('',#4457,#4458,#808,.T.);
#6268=EDGE_CURVE('',#4445,#4446,#812,.T.);
#6270=EDGE_CURVE('',#4453,#4445,#836,.T.);
#6283=EDGE_CURVE('',#4450,#4446,#820,.T.);
#6285=EDGE_CURVE('',#4449,#4450,#816,.T.);
#6287=EDGE_CURVE('',#4449,#4445,#840,.T.);
#6299=EDGE_CURVE('',#5348,#5352,#824,.T.);
#6325=EDGE_CURVE('',#4449,#4458,#844,.T.);
#6350=EDGE_CURVE('',#4426,#4424,#852,.T.);
#6373=EDGE_CURVE('',#4362,#4346,#856,.T.);
#6375=EDGE_CURVE('',#4346,#4348,#916,.T.);
#6377=EDGE_CURVE('',#4361,#4348,#888,.T.);
#6388=EDGE_CURVE('',#4366,#4345,#864,.T.);
#6390=EDGE_CURVE('',#4345,#4346,#904,.T.);
#6394=EDGE_CURVE('',#4390,#4394,#872,.T.);
#6396=EDGE_CURVE('',#4166,#4390,#1344,.T.);
#6398=EDGE_CURVE('',#4166,#4164,#1416,.T.);
#6400=EDGE_CURVE('',#4164,#4386,#1640,.T.);
#6402=EDGE_CURVE('',#4378,#4386,#876,.T.);
#6413=EDGE_CURVE('',#4365,#4350,#880,.T.);
#6415=EDGE_CURVE('',#4350,#4345,#908,.T.);
#6428=EDGE_CURVE('',#4348,#4350,#912,.T.);
#6432=EDGE_CURVE('',#4377,#4384,#896,.T.);
#6434=EDGE_CURVE('',#4382,#4384,#1632,.T.);
#6436=EDGE_CURVE('',#4381,#4382,#1436,.T.);
#6438=EDGE_CURVE('',#4381,#4388,#1352,.T.);
#6440=EDGE_CURVE('',#4388,#4392,#900,.T.);
#6462=EDGE_CURVE('',#4353,#4354,#920,.T.);
#6464=EDGE_CURVE('',#4358,#4353,#924,.T.);
#6466=EDGE_CURVE('',#4356,#4358,#928,.T.);
#6468=EDGE_CURVE('',#4354,#4356,#932,.T.);
#6478=EDGE_CURVE('',#4368,#4353,#936,.T.);
#6481=EDGE_CURVE('',#4370,#4354,#1668,.T.);
#6483=EDGE_CURVE('',#4370,#4368,#976,.T.);
#6494=EDGE_CURVE('',#4368,#5081,#940,.T.);
#6496=EDGE_CURVE('',#5081,#5092,#944,.T.);
#6498=EDGE_CURVE('',#5086,#5092,#1572,.T.);
#6500=EDGE_CURVE('',#5085,#5086,#1444,.T.);
#6502=EDGE_CURVE('',#5085,#5096,#1336,.T.);
#6504=EDGE_CURVE('',#5096,#5100,#948,.T.);
#6506=EDGE_CURVE('',#5100,#4374,#952,.T.);
#6508=EDGE_CURVE('',#4374,#4358,#956,.T.);
#6520=EDGE_CURVE('',#4370,#5082,#1664,.T.);
#6522=EDGE_CURVE('',#5081,#5082,#1648,.T.);
#6527=EDGE_CURVE('',#5133,#5134,#960,.T.);
#6529=EDGE_CURVE('',#5133,#5141,#964,.T.);
#6531=EDGE_CURVE('',#5141,#5142,#968,.T.);
#6533=EDGE_CURVE('',#5134,#5142,#972,.T.);
#6543=EDGE_CURVE('',#4372,#4374,#980,.T.);
#6546=EDGE_CURVE('',#5100,#5137,#984,.T.);
#6548=EDGE_CURVE('',#5137,#5138,#988,.T.);
#6550=EDGE_CURVE('',#5130,#5138,#992,.T.);
#6552=EDGE_CURVE('',#5129,#5130,#996,.T.);
#6554=EDGE_CURVE('',#5129,#5102,#1000,.T.);
#6556=EDGE_CURVE('',#5102,#4372,#1652,.T.);
#6566=EDGE_CURVE('',#5154,#5164,#1004,.T.);
#6568=EDGE_CURVE('',#5154,#5113,#1008,.T.);
#6571=EDGE_CURVE('',#5114,#5164,#1012,.T.);
#6581=EDGE_CURVE('',#5170,#5180,#1016,.T.);
#6583=EDGE_CURVE('',#5170,#5117,#1020,.T.);
#6586=EDGE_CURVE('',#5118,#5180,#1024,.T.);
#6596=EDGE_CURVE('',#5186,#5196,#1028,.T.);
#6598=EDGE_CURVE('',#5186,#5109,#1032,.T.);
#6600=EDGE_CURVE('',#5109,#5416,#1037,.T.);
#6602=EDGE_CURVE('',#5416,#5129,#1324,.T.);
#6605=EDGE_CURVE('',#5130,#5105,#1042,.T.);
#6607=EDGE_CURVE('',#5105,#5196,#1046,.T.);
#6617=EDGE_CURVE('',#5210,#5202,#1050,.T.);
#6619=EDGE_CURVE('',#5210,#5410,#1054,.T.);
#6621=EDGE_CURVE('',#5410,#5146,#1059,.T.);
#6623=EDGE_CURVE('',#5146,#5133,#1063,.T.);
#6626=EDGE_CURVE('',#5134,#5144,#1067,.T.);
#6628=EDGE_CURVE('',#5144,#5408,#1072,.T.);
#6630=EDGE_CURVE('',#5408,#5202,#1076,.T.);
#6641=EDGE_CURVE('',#5166,#5164,#1080,.T.);
#6643=EDGE_CURVE('',#5158,#5166,#1172,.T.);
#6645=EDGE_CURVE('',#5158,#5154,#1184,.T.);
#6655=EDGE_CURVE('',#5162,#5164,#1088,.T.);
#6657=EDGE_CURVE('',#5160,#5162,#1084,.T.);
#6659=EDGE_CURVE('',#5160,#5166,#1176,.T.);
#6673=EDGE_CURVE('',#5122,#5162,#1096,.T.);
#6683=EDGE_CURVE('',#5162,#5153,#1092,.T.);
#6687=EDGE_CURVE('',#5153,#5121,#1100,.T.);
#6697=EDGE_CURVE('',#5178,#5169,#1104,.T.);
#6699=EDGE_CURVE('',#5126,#5178,#1108,.T.);
#6702=EDGE_CURVE('',#5169,#5125,#1112,.T.);
#6712=EDGE_CURVE('',#5194,#5185,#1116,.T.);
#6714=EDGE_CURVE('',#5106,#5194,#1120,.T.);
#6716=EDGE_CURVE('',#5138,#5106,#1125,.T.);
#6719=EDGE_CURVE('',#5418,#5137,#1332,.T.);
#6721=EDGE_CURVE('',#5110,#5418,#1130,.T.);
#6723=EDGE_CURVE('',#5185,#5110,#1134,.T.);
#6733=EDGE_CURVE('',#5206,#5213,#1138,.T.);
#6735=EDGE_CURVE('',#5412,#5206,#1142,.T.);
#6737=EDGE_CURVE('',#5148,#5412,#1147,.T.);
#6739=EDGE_CURVE('',#5142,#5148,#1151,.T.);
#6742=EDGE_CURVE('',#5150,#5141,#1155,.T.);
#6744=EDGE_CURVE('',#5414,#5150,#1160,.T.);
#6746=EDGE_CURVE('',#5213,#5414,#1164,.T.);
#6756=EDGE_CURVE('',#5160,#5157,#1180,.T.);
#6760=EDGE_CURVE('',#5153,#5157,#1188,.T.);
#6770=EDGE_CURVE('',#5157,#5158,#1168,.T.);
#6783=EDGE_CURVE('',#5153,#5154,#1192,.T.);
#6808=EDGE_CURVE('',#5176,#5173,#1212,.T.);
#6810=EDGE_CURVE('',#5176,#5178,#1284,.T.);
#6813=EDGE_CURVE('',#5173,#5169,#1196,.T.);
#6823=EDGE_CURVE('',#5173,#5174,#1200,.T.);
#6825=EDGE_CURVE('',#5174,#5182,#1204,.T.);
#6827=EDGE_CURVE('',#5176,#5182,#1208,.T.);
#6838=EDGE_CURVE('',#5169,#5170,#1220,.T.);
#6840=EDGE_CURVE('',#5174,#5170,#1216,.T.);
#6854=EDGE_CURVE('',#5144,#5148,#1224,.T.);
#6880=EDGE_CURVE('',#5408,#5412,#1232,.T.);
#6890=EDGE_CURVE('',#5206,#5202,#1228,.T.);
#6903=EDGE_CURVE('',#5201,#5202,#1240,.T.);
#6906=EDGE_CURVE('',#5205,#5206,#1236,.T.);
#6908=EDGE_CURVE('',#5205,#5201,#1252,.T.);
#6919=EDGE_CURVE('',#5209,#5201,#1248,.T.);
#6921=EDGE_CURVE('',#5209,#5210,#1260,.T.);
#6932=EDGE_CURVE('',#5214,#5209,#1244,.T.);
#6936=EDGE_CURVE('',#5205,#5214,#1256,.T.);
#6948=EDGE_CURVE('',#5213,#5214,#1264,.T.);
#6950=EDGE_CURVE('',#5213,#5210,#1268,.T.);
#6974=EDGE_CURVE('',#5410,#5414,#1272,.T.);
#6988=EDGE_CURVE('',#5146,#5150,#1276,.T.);
#7010=EDGE_CURVE('',#5178,#5180,#1280,.T.);
#7026=EDGE_CURVE('',#5182,#5180,#1288,.T.);
#7048=EDGE_CURVE('',#5192,#5189,#1304,.T.);
#7050=EDGE_CURVE('',#5192,#5194,#4122,.T.);
#7053=EDGE_CURVE('',#5185,#5189,#1312,.T.);
#7063=EDGE_CURVE('',#5189,#5190,#1292,.T.);
#7065=EDGE_CURVE('',#5190,#5198,#1296,.T.);
#7067=EDGE_CURVE('',#5192,#5198,#1300,.T.);
#7078=EDGE_CURVE('',#5185,#5186,#1316,.T.);
#7080=EDGE_CURVE('',#5190,#5186,#1308,.T.);
#7094=EDGE_CURVE('',#5109,#5110,#1320,.T.);
#7105=EDGE_CURVE('',#5416,#5418,#1328,.T.);
#7123=EDGE_CURVE('',#5098,#5096,#1408,.T.);
#7125=EDGE_CURVE('',#5098,#5102,#1656,.T.);
#7137=EDGE_CURVE('',#4150,#5085,#1456,.T.);
#7139=EDGE_CURVE('',#4150,#4142,#1340,.T.);
#7141=EDGE_CURVE('',#4142,#4137,#3480,.T.);
#7143=EDGE_CURVE('',#4145,#4137,#3472,.T.);
#7145=EDGE_CURVE('',#4166,#4145,#1420,.T.);
#7148=EDGE_CURVE('',#4390,#4388,#1348,.T.);
#7151=EDGE_CURVE('',#4517,#4381,#1432,.T.);
#7153=EDGE_CURVE('',#4517,#4530,#1356,.T.);
#7155=EDGE_CURVE('',#4530,#4528,#1360,.T.);
#7157=EDGE_CURVE('',#4527,#4528,#1364,.T.);
#7159=EDGE_CURVE('',#4553,#4527,#1484,.T.);
#7161=EDGE_CURVE('',#4553,#4554,#1368,.T.);
#7163=EDGE_CURVE('',#4554,#4550,#1372,.T.);
#7165=EDGE_CURVE('',#4549,#4550,#1376,.T.);
#7167=EDGE_CURVE('',#4577,#4549,#1500,.T.);
#7169=EDGE_CURVE('',#4577,#4578,#1380,.T.);
#7171=EDGE_CURVE('',#4578,#4574,#1384,.T.);
#7173=EDGE_CURVE('',#4573,#4574,#1388,.T.);
#7175=EDGE_CURVE('',#4601,#4573,#1516,.T.);
#7177=EDGE_CURVE('',#4601,#4602,#1392,.T.);
#7179=EDGE_CURVE('',#4602,#4598,#1396,.T.);
#7181=EDGE_CURVE('',#4589,#4598,#1400,.T.);
#7183=EDGE_CURVE('',#5089,#4589,#1464,.T.);
#7185=EDGE_CURVE('',#5089,#5098,#1404,.T.);
#7196=EDGE_CURVE('',#4146,#4164,#1412,.T.);
#7200=EDGE_CURVE('',#4145,#4146,#1424,.T.);
#7210=EDGE_CURVE('',#4517,#4518,#1428,.T.);
#7214=EDGE_CURVE('',#4382,#4518,#1440,.T.);
#7225=EDGE_CURVE('',#5086,#4149,#1448,.T.);
#7227=EDGE_CURVE('',#4149,#4150,#1452,.T.);
#7238=EDGE_CURVE('',#5089,#5090,#1460,.T.);
#7241=EDGE_CURVE('',#4589,#4590,#1468,.T.);
#7243=EDGE_CURVE('',#4590,#5090,#1472,.T.);
#7253=EDGE_CURVE('',#4301,#4302,#1476,.T.);
#7255=EDGE_CURVE('',#4553,#4302,#1480,.T.);
#7258=EDGE_CURVE('',#4527,#4301,#1488,.T.);
#7268=EDGE_CURVE('',#4305,#4306,#1492,.T.);
#7270=EDGE_CURVE('',#4577,#4306,#1496,.T.);
#7273=EDGE_CURVE('',#4549,#4305,#1504,.T.);
#7283=EDGE_CURVE('',#4309,#4310,#1508,.T.);
#7285=EDGE_CURVE('',#4601,#4310,#1512,.T.);
#7288=EDGE_CURVE('',#4573,#4309,#1520,.T.);
#7298=EDGE_CURVE('',#4313,#4314,#1524,.T.);
#7300=EDGE_CURVE('',#4314,#4565,#1528,.T.);
#7302=EDGE_CURVE('',#4565,#4595,#1532,.T.);
#7304=EDGE_CURVE('',#4313,#4595,#1536,.T.);
#7314=EDGE_CURVE('',#4317,#4318,#1540,.T.);
#7316=EDGE_CURVE('',#4318,#4541,#1544,.T.);
#7318=EDGE_CURVE('',#4541,#4569,#1548,.T.);
#7320=EDGE_CURVE('',#4317,#4569,#1552,.T.);
#7330=EDGE_CURVE('',#4321,#4322,#1556,.T.);
#7332=EDGE_CURVE('',#4322,#4521,#1560,.T.);
#7334=EDGE_CURVE('',#4521,#4545,#1564,.T.);
#7336=EDGE_CURVE('',#4321,#4545,#1568,.T.);
#7347=EDGE_CURVE('',#5094,#5092,#1576,.T.);
#7349=EDGE_CURVE('',#5090,#5094,#1580,.T.);
#7352=EDGE_CURVE('',#4590,#4592,#1584,.T.);
#7354=EDGE_CURVE('',#4596,#4592,#1588,.T.);
#7356=EDGE_CURVE('',#4595,#4596,#1592,.T.);
#7359=EDGE_CURVE('',#4565,#4566,#1596,.T.);
#7361=EDGE_CURVE('',#4570,#4566,#1600,.T.);
#7363=EDGE_CURVE('',#4569,#4570,#1604,.T.);
#7366=EDGE_CURVE('',#4541,#4542,#1608,.T.);
#7368=EDGE_CURVE('',#4546,#4542,#1612,.T.);
#7370=EDGE_CURVE('',#4545,#4546,#1616,.T.);
#7373=EDGE_CURVE('',#4521,#4522,#1620,.T.);
#7375=EDGE_CURVE('',#4524,#4522,#1624,.T.);
#7377=EDGE_CURVE('',#4518,#4524,#1628,.T.);
#7381=EDGE_CURVE('',#4386,#4384,#1636,.T.);
#7385=EDGE_CURVE('',#4146,#4138,#1644,.T.);
#7387=EDGE_CURVE('',#4138,#4140,#3488,.T.);
#7389=EDGE_CURVE('',#4149,#4140,#3492,.T.);
#7403=EDGE_CURVE('',#5082,#5094,#1660,.T.);
#7413=EDGE_CURVE('',#4372,#4356,#1672,.T.);
#7444=EDGE_CURVE('',#4342,#4298,#1696,.T.);
#7446=EDGE_CURVE('',#4342,#4585,#1676,.T.);
#7448=EDGE_CURVE('',#4585,#4592,#1680,.T.);
#7453=EDGE_CURVE('',#4598,#4604,#1684,.T.);
#7455=EDGE_CURVE('',#4604,#4340,#1688,.T.);
#7457=EDGE_CURVE('',#4340,#4296,#1692,.T.);
#7459=EDGE_CURVE('',#4296,#4298,#2176,.T.);
#7470=EDGE_CURVE('',#4313,#4630,#1712,.T.);
#7472=EDGE_CURVE('',#4630,#4342,#2224,.T.);
#7475=EDGE_CURVE('',#4298,#4293,#2172,.T.);
#7477=EDGE_CURVE('',#4336,#4293,#2160,.T.);
#7479=EDGE_CURVE('',#4336,#4610,#2024,.T.);
#7481=EDGE_CURVE('',#4322,#4610,#1740,.T.);
#7484=EDGE_CURVE('',#4321,#4618,#3452,.T.);
#7486=EDGE_CURVE('',#4618,#4614,#3320,.T.);
#7488=EDGE_CURVE('',#4318,#4614,#3036,.T.);
#7491=EDGE_CURVE('',#4317,#4626,#3008,.T.);
#7493=EDGE_CURVE('',#4626,#4622,#2876,.T.);
#7495=EDGE_CURVE('',#4314,#4622,#2592,.T.);
#7505=EDGE_CURVE('',#4310,#4628,#1700,.T.);
#7507=EDGE_CURVE('',#4606,#4628,#1704,.T.);
#7509=EDGE_CURVE('',#4602,#4606,#1708,.T.);
#7524=EDGE_CURVE('',#4586,#4596,#1716,.T.);
#7526=EDGE_CURVE('',#4630,#4586,#1720,.T.);
#7537=EDGE_CURVE('',#4301,#4608,#1728,.T.);
#7539=EDGE_CURVE('',#4338,#4608,#2000,.T.);
#7541=EDGE_CURVE('',#4338,#4294,#1724,.T.);
#7543=EDGE_CURVE('',#4294,#4296,#2180,.T.);
#7546=EDGE_CURVE('',#4628,#4340,#2200,.T.);
#7550=EDGE_CURVE('',#4309,#4620,#2580,.T.);
#7552=EDGE_CURVE('',#4624,#4620,#2852,.T.);
#7554=EDGE_CURVE('',#4306,#4624,#2996,.T.);
#7557=EDGE_CURVE('',#4305,#4612,#3024,.T.);
#7559=EDGE_CURVE('',#4616,#4612,#3296,.T.);
#7561=EDGE_CURVE('',#4302,#4616,#3440,.T.);
#7574=EDGE_CURVE('',#4528,#4532,#1732,.T.);
#7576=EDGE_CURVE('',#4532,#4608,#1736,.T.);
#7587=EDGE_CURVE('',#4610,#4513,#1744,.T.);
#7589=EDGE_CURVE('',#4513,#4522,#1748,.T.);
#7601=EDGE_CURVE('',#5368,#4657,#1752,.T.);
#7603=EDGE_CURVE('',#5368,#5370,#1756,.T.);
#7605=EDGE_CURVE('',#5370,#4665,#1760,.T.);
#7607=EDGE_CURVE('',#4532,#4665,#2004,.T.);
#7611=EDGE_CURVE('',#4530,#4534,#2148,.T.);
#7613=EDGE_CURVE('',#4657,#4534,#2020,.T.);
#7623=EDGE_CURVE('',#4826,#4836,#1764,.T.);
#7625=EDGE_CURVE('',#4826,#4641,#1768,.T.);
#7628=EDGE_CURVE('',#4642,#4836,#1772,.T.);
#7638=EDGE_CURVE('',#4842,#4852,#1776,.T.);
#7640=EDGE_CURVE('',#4842,#4645,#1780,.T.);
#7643=EDGE_CURVE('',#4646,#4852,#1784,.T.);
#7653=EDGE_CURVE('',#4858,#4868,#1788,.T.);
#7655=EDGE_CURVE('',#4858,#4637,#1792,.T.);
#7657=EDGE_CURVE('',#4637,#5368,#1797,.T.);
#7660=EDGE_CURVE('',#4657,#4658,#2016,.T.);
#7662=EDGE_CURVE('',#4658,#4633,#1802,.T.);
#7664=EDGE_CURVE('',#4633,#4868,#1806,.T.);
#7674=EDGE_CURVE('',#4882,#4874,#1810,.T.);
#7676=EDGE_CURVE('',#4882,#5362,#1814,.T.);
#7678=EDGE_CURVE('',#5362,#4674,#1819,.T.);
#7680=EDGE_CURVE('',#4674,#4661,#1823,.T.);
#7682=EDGE_CURVE('',#4661,#4662,#1984,.T.);
#7684=EDGE_CURVE('',#4662,#4672,#1827,.T.);
#7686=EDGE_CURVE('',#4672,#5360,#1832,.T.);
#7688=EDGE_CURVE('',#5360,#4874,#1836,.T.);
#7699=EDGE_CURVE('',#4838,#4836,#1840,.T.);
#7701=EDGE_CURVE('',#4830,#4838,#1932,.T.);
#7703=EDGE_CURVE('',#4830,#4826,#1944,.T.);
#7713=EDGE_CURVE('',#4834,#4836,#1848,.T.);
#7715=EDGE_CURVE('',#4832,#4834,#1844,.T.);
#7717=EDGE_CURVE('',#4832,#4838,#1936,.T.);
#7731=EDGE_CURVE('',#4650,#4834,#1856,.T.);
#7741=EDGE_CURVE('',#4834,#4825,#1852,.T.);
#7745=EDGE_CURVE('',#4825,#4649,#1860,.T.);
#7755=EDGE_CURVE('',#4850,#4841,#1864,.T.);
#7757=EDGE_CURVE('',#4654,#4850,#1868,.T.);
#7760=EDGE_CURVE('',#4841,#4653,#1872,.T.);
#7770=EDGE_CURVE('',#4866,#4857,#1876,.T.);
#7772=EDGE_CURVE('',#4634,#4866,#1880,.T.);
#7774=EDGE_CURVE('',#4666,#4634,#1885,.T.);
#7776=EDGE_CURVE('',#4665,#4666,#2008,.T.);
#7779=EDGE_CURVE('',#4638,#5370,#1890,.T.);
#7781=EDGE_CURVE('',#4857,#4638,#1894,.T.);
#7791=EDGE_CURVE('',#4878,#4885,#1898,.T.);
#7793=EDGE_CURVE('',#5364,#4878,#1902,.T.);
#7795=EDGE_CURVE('',#4676,#5364,#1907,.T.);
#7797=EDGE_CURVE('',#4670,#4676,#1911,.T.);
#7799=EDGE_CURVE('',#4669,#4670,#1992,.T.);
#7801=EDGE_CURVE('',#4678,#4669,#1915,.T.);
#7803=EDGE_CURVE('',#5366,#4678,#1920,.T.);
#7805=EDGE_CURVE('',#4885,#5366,#1924,.T.);
#7815=EDGE_CURVE('',#4832,#4829,#1940,.T.);
#7819=EDGE_CURVE('',#4825,#4829,#1948,.T.);
#7829=EDGE_CURVE('',#4829,#4830,#1928,.T.);
#7842=EDGE_CURVE('',#4825,#4826,#1952,.T.);
#7867=EDGE_CURVE('',#4848,#4845,#1972,.T.);
#7869=EDGE_CURVE('',#4848,#4850,#2088,.T.);
#7872=EDGE_CURVE('',#4845,#4841,#1956,.T.);
#7882=EDGE_CURVE('',#4845,#4846,#1960,.T.);
#7884=EDGE_CURVE('',#4846,#4854,#1964,.T.);
#7886=EDGE_CURVE('',#4848,#4854,#1968,.T.);
#7897=EDGE_CURVE('',#4841,#4842,#1980,.T.);
#7899=EDGE_CURVE('',#4846,#4842,#1976,.T.);
#7911=EDGE_CURVE('',#4662,#4670,#1996,.T.);
#7914=EDGE_CURVE('',#4672,#4676,#2068,.T.);
#7941=EDGE_CURVE('',#4658,#4666,#2012,.T.);
#7945=EDGE_CURVE('',#4534,#4338,#2144,.T.);
#7956=EDGE_CURVE('',#4336,#4514,#2156,.T.);
#7958=EDGE_CURVE('',#4513,#4514,#2164,.T.);
#7964=EDGE_CURVE('',#4661,#4669,#1988,.T.);
#7978=EDGE_CURVE('',#4674,#4678,#2028,.T.);
#7989=EDGE_CURVE('',#4850,#4852,#2032,.T.);
#8003=EDGE_CURVE('',#5362,#5366,#2036,.T.);
#8015=EDGE_CURVE('',#4885,#4882,#2040,.T.);
#8028=EDGE_CURVE('',#4881,#4882,#2044,.T.);
#8030=EDGE_CURVE('',#4886,#4881,#2072,.T.);
#8032=EDGE_CURVE('',#4885,#4886,#2048,.T.);
#8043=EDGE_CURVE('',#4873,#4874,#2052,.T.);
#8045=EDGE_CURVE('',#4881,#4873,#2076,.T.);
#8058=EDGE_CURVE('',#4878,#4874,#2060,.T.);
#8060=EDGE_CURVE('',#4877,#4878,#2056,.T.);
#8062=EDGE_CURVE('',#4877,#4873,#2080,.T.);
#8074=EDGE_CURVE('',#5360,#5364,#2064,.T.);
#8100=EDGE_CURVE('',#4877,#4886,#2084,.T.);
#8125=EDGE_CURVE('',#4854,#4852,#2092,.T.);
#8149=EDGE_CURVE('',#4633,#4634,#2100,.T.);
#8160=EDGE_CURVE('',#4866,#4868,#2096,.T.);
#8174=EDGE_CURVE('',#4864,#4866,#2104,.T.);
#8176=EDGE_CURVE('',#4864,#4870,#2116,.T.);
#8178=EDGE_CURVE('',#4870,#4868,#2140,.T.);
#8188=EDGE_CURVE('',#4864,#4861,#2120,.T.);
#8192=EDGE_CURVE('',#4857,#4861,#2128,.T.);
#8202=EDGE_CURVE('',#4861,#4862,#2108,.T.);
#8204=EDGE_CURVE('',#4862,#4870,#2112,.T.);
#8216=EDGE_CURVE('',#4857,#4858,#2132,.T.);
#8218=EDGE_CURVE('',#4862,#4858,#2124,.T.);
#8232=EDGE_CURVE('',#4637,#4638,#2136,.T.);
#8273=EDGE_CURVE('',#4514,#4524,#2152,.T.);
#8277=EDGE_CURVE('',#4293,#4294,#2168,.T.);
#8313=EDGE_CURVE('',#4604,#4809,#2204,.T.);
#8315=EDGE_CURVE('',#4809,#4810,#2208,.T.);
#8317=EDGE_CURVE('',#4802,#4810,#2212,.T.);
#8319=EDGE_CURVE('',#4801,#4802,#2216,.T.);
#8321=EDGE_CURVE('',#4801,#4606,#2220,.T.);
#8334=EDGE_CURVE('',#4585,#4586,#2576,.T.);
#8339=EDGE_CURVE('',#4805,#4806,#2184,.T.);
#8341=EDGE_CURVE('',#4805,#4813,#2188,.T.);
#8343=EDGE_CURVE('',#4813,#4814,#2192,.T.);
#8345=EDGE_CURVE('',#4806,#4814,#2196,.T.);
#8355=EDGE_CURVE('',#5018,#5028,#2228,.T.);
#8357=EDGE_CURVE('',#5018,#4785,#2232,.T.);
#8360=EDGE_CURVE('',#4786,#5028,#2236,.T.);
#8370=EDGE_CURVE('',#5034,#5044,#2240,.T.);
#8372=EDGE_CURVE('',#5034,#4789,#2244,.T.);
#8375=EDGE_CURVE('',#4790,#5044,#2248,.T.);
#8385=EDGE_CURVE('',#5050,#5060,#2252,.T.);
#8387=EDGE_CURVE('',#5050,#4781,#2256,.T.);
#8389=EDGE_CURVE('',#4781,#5404,#2261,.T.);
#8391=EDGE_CURVE('',#5404,#4801,#2548,.T.);
#8394=EDGE_CURVE('',#4802,#4777,#2266,.T.);
#8396=EDGE_CURVE('',#4777,#5060,#2270,.T.);
#8406=EDGE_CURVE('',#5074,#5066,#2274,.T.);
#8408=EDGE_CURVE('',#5074,#5398,#2278,.T.);
#8410=EDGE_CURVE('',#5398,#4818,#2283,.T.);
#8412=EDGE_CURVE('',#4818,#4805,#2287,.T.);
#8415=EDGE_CURVE('',#4806,#4816,#2291,.T.);
#8417=EDGE_CURVE('',#4816,#5396,#2296,.T.);
#8419=EDGE_CURVE('',#5396,#5066,#2300,.T.);
#8430=EDGE_CURVE('',#5030,#5028,#2304,.T.);
#8432=EDGE_CURVE('',#5022,#5030,#2396,.T.);
#8434=EDGE_CURVE('',#5022,#5018,#2408,.T.);
#8444=EDGE_CURVE('',#5026,#5028,#2312,.T.);
#8446=EDGE_CURVE('',#5024,#5026,#2308,.T.);
#8448=EDGE_CURVE('',#5024,#5030,#2400,.T.);
#8462=EDGE_CURVE('',#4794,#5026,#2320,.T.);
#8472=EDGE_CURVE('',#5026,#5017,#2316,.T.);
#8476=EDGE_CURVE('',#5017,#4793,#2324,.T.);
#8486=EDGE_CURVE('',#5042,#5033,#2328,.T.);
#8488=EDGE_CURVE('',#4798,#5042,#2332,.T.);
#8491=EDGE_CURVE('',#5033,#4797,#2336,.T.);
#8501=EDGE_CURVE('',#5058,#5049,#2340,.T.);
#8503=EDGE_CURVE('',#4778,#5058,#2344,.T.);
#8505=EDGE_CURVE('',#4810,#4778,#2349,.T.);
#8508=EDGE_CURVE('',#5406,#4809,#2556,.T.);
#8510=EDGE_CURVE('',#4782,#5406,#2354,.T.);
#8512=EDGE_CURVE('',#5049,#4782,#2358,.T.);
#8522=EDGE_CURVE('',#5070,#5077,#2362,.T.);
#8524=EDGE_CURVE('',#5400,#5070,#2366,.T.);
#8526=EDGE_CURVE('',#4820,#5400,#2371,.T.);
#8528=EDGE_CURVE('',#4814,#4820,#2375,.T.);
#8531=EDGE_CURVE('',#4822,#4813,#2379,.T.);
#8533=EDGE_CURVE('',#5402,#4822,#2384,.T.);
#8535=EDGE_CURVE('',#5077,#5402,#2388,.T.);
#8545=EDGE_CURVE('',#5024,#5021,#2404,.T.);
#8549=EDGE_CURVE('',#5017,#5021,#2412,.T.);
#8559=EDGE_CURVE('',#5021,#5022,#2392,.T.);
#8572=EDGE_CURVE('',#5017,#5018,#2416,.T.);
#8597=EDGE_CURVE('',#5040,#5037,#2436,.T.);
#8599=EDGE_CURVE('',#5040,#5042,#2508,.T.);
#8602=EDGE_CURVE('',#5037,#5033,#2420,.T.);
#8612=EDGE_CURVE('',#5037,#5038,#2424,.T.);
#8614=EDGE_CURVE('',#5038,#5046,#2428,.T.);
#8616=EDGE_CURVE('',#5040,#5046,#2432,.T.);
#8627=EDGE_CURVE('',#5033,#5034,#2444,.T.);
#8629=EDGE_CURVE('',#5038,#5034,#2440,.T.);
#8643=EDGE_CURVE('',#4816,#4820,#2448,.T.);
#8669=EDGE_CURVE('',#5396,#5400,#2456,.T.);
#8679=EDGE_CURVE('',#5070,#5066,#2452,.T.);
#8692=EDGE_CURVE('',#5065,#5066,#2464,.T.);
#8695=EDGE_CURVE('',#5069,#5070,#2460,.T.);
#8697=EDGE_CURVE('',#5069,#5065,#2476,.T.);
#8708=EDGE_CURVE('',#5073,#5065,#2472,.T.);
#8710=EDGE_CURVE('',#5073,#5074,#2484,.T.);
#8721=EDGE_CURVE('',#5078,#5073,#2468,.T.);
#8725=EDGE_CURVE('',#5069,#5078,#2480,.T.);
#8737=EDGE_CURVE('',#5077,#5078,#2488,.T.);
#8739=EDGE_CURVE('',#5077,#5074,#2492,.T.);
#8763=EDGE_CURVE('',#5398,#5402,#2496,.T.);
#8777=EDGE_CURVE('',#4818,#4822,#2500,.T.);
#8799=EDGE_CURVE('',#5042,#5044,#2504,.T.);
#8815=EDGE_CURVE('',#5046,#5044,#2512,.T.);
#8837=EDGE_CURVE('',#5056,#5053,#2528,.T.);
#8839=EDGE_CURVE('',#5056,#5058,#2564,.T.);
#8842=EDGE_CURVE('',#5049,#5053,#2536,.T.);
#8852=EDGE_CURVE('',#5053,#5054,#2516,.T.);
#8854=EDGE_CURVE('',#5054,#5062,#2520,.T.);
#8856=EDGE_CURVE('',#5056,#5062,#2524,.T.);
#8867=EDGE_CURVE('',#5049,#5050,#2540,.T.);
#8869=EDGE_CURVE('',#5054,#5050,#2532,.T.);
#8883=EDGE_CURVE('',#4781,#4782,#2544,.T.);
#8894=EDGE_CURVE('',#5404,#5406,#2552,.T.);
#8924=EDGE_CURVE('',#5062,#5060,#2560,.T.);
#8936=EDGE_CURVE('',#5058,#5060,#2568,.T.);
#8951=EDGE_CURVE('',#4777,#4778,#2572,.T.);
#8989=EDGE_CURVE('',#4574,#4580,#2584,.T.);
#8991=EDGE_CURVE('',#4580,#4620,#2588,.T.);
#9002=EDGE_CURVE('',#4622,#4561,#2596,.T.);
#9004=EDGE_CURVE('',#4561,#4566,#2600,.T.);
#9016=EDGE_CURVE('',#5392,#4753,#2604,.T.);
#9018=EDGE_CURVE('',#5392,#5394,#2608,.T.);
#9020=EDGE_CURVE('',#5394,#4761,#2612,.T.);
#9022=EDGE_CURVE('',#4580,#4761,#2856,.T.);
#9026=EDGE_CURVE('',#4578,#4582,#3004,.T.);
#9028=EDGE_CURVE('',#4753,#4582,#2872,.T.);
#9038=EDGE_CURVE('',#4954,#4964,#2616,.T.);
#9040=EDGE_CURVE('',#4954,#4737,#2620,.T.);
#9043=EDGE_CURVE('',#4738,#4964,#2624,.T.);
#9053=EDGE_CURVE('',#4970,#4980,#2628,.T.);
#9055=EDGE_CURVE('',#4970,#4741,#2632,.T.);
#9058=EDGE_CURVE('',#4742,#4980,#2636,.T.);
#9068=EDGE_CURVE('',#4986,#4996,#2640,.T.);
#9070=EDGE_CURVE('',#4986,#4733,#2644,.T.);
#9072=EDGE_CURVE('',#4733,#5392,#2649,.T.);
#9075=EDGE_CURVE('',#4753,#4754,#2868,.T.);
#9077=EDGE_CURVE('',#4754,#4729,#2654,.T.);
#9079=EDGE_CURVE('',#4729,#4996,#2658,.T.);
#9089=EDGE_CURVE('',#5010,#5002,#2662,.T.);
#9091=EDGE_CURVE('',#5010,#5386,#2666,.T.);
#9093=EDGE_CURVE('',#5386,#4770,#2671,.T.);
#9095=EDGE_CURVE('',#4770,#4757,#2675,.T.);
#9097=EDGE_CURVE('',#4757,#4758,#2836,.T.);
#9099=EDGE_CURVE('',#4758,#4768,#2679,.T.);
#9101=EDGE_CURVE('',#4768,#5384,#2684,.T.);
#9103=EDGE_CURVE('',#5384,#5002,#2688,.T.);
#9114=EDGE_CURVE('',#4966,#4964,#2692,.T.);
#9116=EDGE_CURVE('',#4958,#4966,#2784,.T.);
#9118=EDGE_CURVE('',#4958,#4954,#2796,.T.);
#9128=EDGE_CURVE('',#4962,#4964,#2700,.T.);
#9130=EDGE_CURVE('',#4960,#4962,#2696,.T.);
#9132=EDGE_CURVE('',#4960,#4966,#2788,.T.);
#9146=EDGE_CURVE('',#4746,#4962,#2708,.T.);
#9156=EDGE_CURVE('',#4962,#4953,#2704,.T.);
#9160=EDGE_CURVE('',#4953,#4745,#2712,.T.);
#9170=EDGE_CURVE('',#4978,#4969,#2716,.T.);
#9172=EDGE_CURVE('',#4750,#4978,#2720,.T.);
#9175=EDGE_CURVE('',#4969,#4749,#2724,.T.);
#9185=EDGE_CURVE('',#4994,#4985,#2728,.T.);
#9187=EDGE_CURVE('',#4730,#4994,#2732,.T.);
#9189=EDGE_CURVE('',#4762,#4730,#2737,.T.);
#9191=EDGE_CURVE('',#4761,#4762,#2860,.T.);
#9194=EDGE_CURVE('',#4734,#5394,#2742,.T.);
#9196=EDGE_CURVE('',#4985,#4734,#2746,.T.);
#9206=EDGE_CURVE('',#5006,#5013,#2750,.T.);
#9208=EDGE_CURVE('',#5388,#5006,#2754,.T.);
#9210=EDGE_CURVE('',#4772,#5388,#2759,.T.);
#9212=EDGE_CURVE('',#4766,#4772,#2763,.T.);
#9214=EDGE_CURVE('',#4765,#4766,#2844,.T.);
#9216=EDGE_CURVE('',#4774,#4765,#2767,.T.);
#9218=EDGE_CURVE('',#5390,#4774,#2772,.T.);
#9220=EDGE_CURVE('',#5013,#5390,#2776,.T.);
#9230=EDGE_CURVE('',#4960,#4957,#2792,.T.);
#9234=EDGE_CURVE('',#4953,#4957,#2800,.T.);
#9244=EDGE_CURVE('',#4957,#4958,#2780,.T.);
#9257=EDGE_CURVE('',#4953,#4954,#2804,.T.);
#9282=EDGE_CURVE('',#4976,#4973,#2824,.T.);
#9284=EDGE_CURVE('',#4976,#4978,#2940,.T.);
#9287=EDGE_CURVE('',#4973,#4969,#2808,.T.);
#9297=EDGE_CURVE('',#4973,#4974,#2812,.T.);
#9299=EDGE_CURVE('',#4974,#4982,#2816,.T.);
#9301=EDGE_CURVE('',#4976,#4982,#2820,.T.);
#9312=EDGE_CURVE('',#4969,#4970,#2832,.T.);
#9314=EDGE_CURVE('',#4974,#4970,#2828,.T.);
#9326=EDGE_CURVE('',#4758,#4766,#2848,.T.);
#9329=EDGE_CURVE('',#4768,#4772,#2920,.T.);
#9356=EDGE_CURVE('',#4754,#4762,#2864,.T.);
#9360=EDGE_CURVE('',#4582,#4624,#3000,.T.);
#9371=EDGE_CURVE('',#4626,#4562,#3016,.T.);
#9373=EDGE_CURVE('',#4561,#4562,#3020,.T.);
#9379=EDGE_CURVE('',#4757,#4765,#2840,.T.);
#9393=EDGE_CURVE('',#4770,#4774,#2880,.T.);
#9404=EDGE_CURVE('',#4978,#4980,#2884,.T.);
#9418=EDGE_CURVE('',#5386,#5390,#2888,.T.);
#9430=EDGE_CURVE('',#5013,#5010,#2892,.T.);
#9443=EDGE_CURVE('',#5009,#5010,#2896,.T.);
#9445=EDGE_CURVE('',#5014,#5009,#2924,.T.);
#9447=EDGE_CURVE('',#5013,#5014,#2900,.T.);
#9458=EDGE_CURVE('',#5001,#5002,#2904,.T.);
#9460=EDGE_CURVE('',#5009,#5001,#2928,.T.);
#9473=EDGE_CURVE('',#5006,#5002,#2912,.T.);
#9475=EDGE_CURVE('',#5005,#5006,#2908,.T.);
#9477=EDGE_CURVE('',#5005,#5001,#2932,.T.);
#9489=EDGE_CURVE('',#5384,#5388,#2916,.T.);
#9515=EDGE_CURVE('',#5005,#5014,#2936,.T.);
#9540=EDGE_CURVE('',#4982,#4980,#2944,.T.);
#9564=EDGE_CURVE('',#4729,#4730,#2952,.T.);
#9575=EDGE_CURVE('',#4994,#4996,#2948,.T.);
#9589=EDGE_CURVE('',#4992,#4994,#2956,.T.);
#9591=EDGE_CURVE('',#4992,#4998,#2968,.T.);
#9593=EDGE_CURVE('',#4998,#4996,#2992,.T.);
#9603=EDGE_CURVE('',#4992,#4989,#2972,.T.);
#9607=EDGE_CURVE('',#4985,#4989,#2980,.T.);
#9617=EDGE_CURVE('',#4989,#4990,#2960,.T.);
#9619=EDGE_CURVE('',#4990,#4998,#2964,.T.);
#9631=EDGE_CURVE('',#4985,#4986,#2984,.T.);
#9633=EDGE_CURVE('',#4990,#4986,#2976,.T.);
#9647=EDGE_CURVE('',#4733,#4734,#2988,.T.);
#9698=EDGE_CURVE('',#4562,#4570,#3012,.T.);
#9724=EDGE_CURVE('',#4550,#4556,#3028,.T.);
#9726=EDGE_CURVE('',#4556,#4612,#3032,.T.);
#9737=EDGE_CURVE('',#4614,#4537,#3040,.T.);
#9739=EDGE_CURVE('',#4537,#4542,#3044,.T.);
#9751=EDGE_CURVE('',#5380,#4705,#3048,.T.);
#9753=EDGE_CURVE('',#5380,#5382,#3052,.T.);
#9755=EDGE_CURVE('',#5382,#4713,#3056,.T.);
#9757=EDGE_CURVE('',#4556,#4713,#3300,.T.);
#9761=EDGE_CURVE('',#4554,#4558,#3448,.T.);
#9763=EDGE_CURVE('',#4705,#4558,#3316,.T.);
#9773=EDGE_CURVE('',#4890,#4900,#3060,.T.);
#9775=EDGE_CURVE('',#4890,#4689,#3064,.T.);
#9778=EDGE_CURVE('',#4690,#4900,#3068,.T.);
#9788=EDGE_CURVE('',#4906,#4916,#3072,.T.);
#9790=EDGE_CURVE('',#4906,#4693,#3076,.T.);
#9793=EDGE_CURVE('',#4694,#4916,#3080,.T.);
#9803=EDGE_CURVE('',#4922,#4932,#3084,.T.);
#9805=EDGE_CURVE('',#4922,#4685,#3088,.T.);
#9807=EDGE_CURVE('',#4685,#5380,#3093,.T.);
#9810=EDGE_CURVE('',#4705,#4706,#3312,.T.);
#9812=EDGE_CURVE('',#4706,#4681,#3098,.T.);
#9814=EDGE_CURVE('',#4681,#4932,#3102,.T.);
#9824=EDGE_CURVE('',#4946,#4938,#3106,.T.);
#9826=EDGE_CURVE('',#4946,#5374,#3110,.T.);
#9828=EDGE_CURVE('',#5374,#4722,#3115,.T.);
#9830=EDGE_CURVE('',#4722,#4709,#3119,.T.);
#9832=EDGE_CURVE('',#4709,#4710,#3280,.T.);
#9834=EDGE_CURVE('',#4710,#4720,#3123,.T.);
#9836=EDGE_CURVE('',#4720,#5372,#3128,.T.);
#9838=EDGE_CURVE('',#5372,#4938,#3132,.T.);
#9849=EDGE_CURVE('',#4902,#4900,#3136,.T.);
#9851=EDGE_CURVE('',#4894,#4902,#3228,.T.);
#9853=EDGE_CURVE('',#4894,#4890,#3240,.T.);
#9863=EDGE_CURVE('',#4898,#4900,#3144,.T.);
#9865=EDGE_CURVE('',#4896,#4898,#3140,.T.);
#9867=EDGE_CURVE('',#4896,#4902,#3232,.T.);
#9881=EDGE_CURVE('',#4698,#4898,#3152,.T.);
#9891=EDGE_CURVE('',#4898,#4889,#3148,.T.);
#9895=EDGE_CURVE('',#4889,#4697,#3156,.T.);
#9905=EDGE_CURVE('',#4914,#4905,#3160,.T.);
#9907=EDGE_CURVE('',#4702,#4914,#3164,.T.);
#9910=EDGE_CURVE('',#4905,#4701,#3168,.T.);
#9920=EDGE_CURVE('',#4930,#4921,#3172,.T.);
#9922=EDGE_CURVE('',#4682,#4930,#3176,.T.);
#9924=EDGE_CURVE('',#4714,#4682,#3181,.T.);
#9926=EDGE_CURVE('',#4713,#4714,#3304,.T.);
#9929=EDGE_CURVE('',#4686,#5382,#3186,.T.);
#9931=EDGE_CURVE('',#4921,#4686,#3190,.T.);
#9941=EDGE_CURVE('',#4942,#4949,#3194,.T.);
#9943=EDGE_CURVE('',#5376,#4942,#3198,.T.);
#9945=EDGE_CURVE('',#4724,#5376,#3203,.T.);
#9947=EDGE_CURVE('',#4718,#4724,#3207,.T.);
#9949=EDGE_CURVE('',#4717,#4718,#3288,.T.);
#9951=EDGE_CURVE('',#4726,#4717,#3211,.T.);
#9953=EDGE_CURVE('',#5378,#4726,#3216,.T.);
#9955=EDGE_CURVE('',#4949,#5378,#3220,.T.);
#9965=EDGE_CURVE('',#4896,#4893,#3236,.T.);
#9969=EDGE_CURVE('',#4889,#4893,#3244,.T.);
#9979=EDGE_CURVE('',#4893,#4894,#3224,.T.);
#9992=EDGE_CURVE('',#4889,#4890,#3248,.T.);
#10017=EDGE_CURVE('',#4912,#4909,#3268,.T.);
#10019=EDGE_CURVE('',#4912,#4914,#3384,.T.);
#10022=EDGE_CURVE('',#4909,#4905,#3252,.T.);
#10032=EDGE_CURVE('',#4909,#4910,#3256,.T.);
#10034=EDGE_CURVE('',#4910,#4918,#3260,.T.);
#10036=EDGE_CURVE('',#4912,#4918,#3264,.T.);
#10047=EDGE_CURVE('',#4905,#4906,#3276,.T.);
#10049=EDGE_CURVE('',#4910,#4906,#3272,.T.);
#10061=EDGE_CURVE('',#4710,#4718,#3292,.T.);
#10064=EDGE_CURVE('',#4720,#4724,#3364,.T.);
#10091=EDGE_CURVE('',#4706,#4714,#3308,.T.);
#10095=EDGE_CURVE('',#4558,#4616,#3444,.T.);
#10106=EDGE_CURVE('',#4618,#4538,#3460,.T.);
#10108=EDGE_CURVE('',#4537,#4538,#3464,.T.);
#10114=EDGE_CURVE('',#4709,#4717,#3284,.T.);
#10128=EDGE_CURVE('',#4722,#4726,#3324,.T.);
#10139=EDGE_CURVE('',#4914,#4916,#3328,.T.);
#10153=EDGE_CURVE('',#5374,#5378,#3332,.T.);
#10165=EDGE_CURVE('',#4949,#4946,#3336,.T.);
#10178=EDGE_CURVE('',#4945,#4946,#3340,.T.);
#10180=EDGE_CURVE('',#4950,#4945,#3368,.T.);
#10182=EDGE_CURVE('',#4949,#4950,#3344,.T.);
#10193=EDGE_CURVE('',#4937,#4938,#3348,.T.);
#10195=EDGE_CURVE('',#4945,#4937,#3372,.T.);
#10208=EDGE_CURVE('',#4942,#4938,#3356,.T.);
#10210=EDGE_CURVE('',#4941,#4942,#3352,.T.);
#10212=EDGE_CURVE('',#4941,#4937,#3376,.T.);
#10224=EDGE_CURVE('',#5372,#5376,#3360,.T.);
#10250=EDGE_CURVE('',#4941,#4950,#3380,.T.);
#10275=EDGE_CURVE('',#4918,#4916,#3388,.T.);
#10299=EDGE_CURVE('',#4681,#4682,#3396,.T.);
#10310=EDGE_CURVE('',#4930,#4932,#3392,.T.);
#10324=EDGE_CURVE('',#4928,#4930,#3400,.T.);
#10326=EDGE_CURVE('',#4928,#4934,#3412,.T.);
#10328=EDGE_CURVE('',#4934,#4932,#3436,.T.);
#10338=EDGE_CURVE('',#4928,#4925,#3416,.T.);
#10342=EDGE_CURVE('',#4921,#4925,#3424,.T.);
#10352=EDGE_CURVE('',#4925,#4926,#3404,.T.);
#10354=EDGE_CURVE('',#4926,#4934,#3408,.T.);
#10366=EDGE_CURVE('',#4921,#4922,#3428,.T.);
#10368=EDGE_CURVE('',#4926,#4922,#3420,.T.);
#10382=EDGE_CURVE('',#4685,#4686,#3432,.T.);
#10433=EDGE_CURVE('',#4538,#4546,#3456,.T.);
#10470=EDGE_CURVE('',#4137,#4138,#3476,.T.);
#10483=EDGE_CURVE('',#4158,#4161,#3538,.T.);
#10490=EDGE_CURVE('',#4140,#4142,#3484,.T.);
#10513=EDGE_CURVE('',#4281,#4282,#3496,.T.);
#10515=EDGE_CURVE('',#4282,#4284,#3500,.T.);
#10518=EDGE_CURVE('',#5217,#5226,#3509,.T.);
#10520=EDGE_CURVE('',#5217,#5218,#3513,.T.);
#10523=EDGE_CURVE('',#5220,#5222,#3521,.T.);
#10525=EDGE_CURVE('',#5224,#5222,#3526,.T.);
#10542=EDGE_CURVE('',#4286,#4290,#3554,.T.);
#10544=EDGE_CURVE('',#4282,#4290,#3558,.T.);
#10555=EDGE_CURVE('',#4290,#4288,#3550,.T.);
#10580=EDGE_CURVE('',#5346,#5238,#3648,.T.);
#10582=EDGE_CURVE('',#5228,#5346,#3677,.T.);
#10584=EDGE_CURVE('',#5217,#5228,#4054,.T.);
#10595=EDGE_CURVE('',#5236,#5344,#3565,.T.);
#10597=EDGE_CURVE('',#5344,#5340,#3569,.T.);
#10599=EDGE_CURVE('',#5324,#5340,#3573,.T.);
#10601=EDGE_CURVE('',#5323,#5324,#3577,.T.);
#10603=EDGE_CURVE('',#5342,#5323,#3581,.T.);
#10605=EDGE_CURVE('',#5342,#5288,#3585,.T.);
#10607=EDGE_CURVE('',#5276,#5288,#3589,.T.);
#10609=EDGE_CURVE('',#5272,#5276,#3718,.T.);
#10611=EDGE_CURVE('',#5272,#5284,#3593,.T.);
#10613=EDGE_CURVE('',#5284,#5286,#3597,.T.);
#10615=EDGE_CURVE('',#5274,#5286,#3601,.T.);
#10617=EDGE_CURVE('',#4492,#5274,#3706,.T.);
#10619=EDGE_CURVE('',#4492,#4494,#4014,.T.);
#10630=EDGE_CURVE('',#4497,#4501,#3605,.T.);
#10632=EDGE_CURVE('',#5268,#4497,#3742,.T.);
#10634=EDGE_CURVE('',#5268,#5280,#3609,.T.);
#10636=EDGE_CURVE('',#5280,#5282,#3613,.T.);
#10638=EDGE_CURVE('',#5270,#5282,#3617,.T.);
#10640=EDGE_CURVE('',#5278,#5270,#3730,.T.);
#10642=EDGE_CURVE('',#5278,#5290,#3621,.T.);
#10644=EDGE_CURVE('',#5290,#4334,#3625,.T.);
#10646=EDGE_CURVE('',#4333,#4334,#3629,.T.);
#10648=EDGE_CURVE('',#5240,#4333,#3633,.T.);
#10650=EDGE_CURVE('',#5242,#5240,#3637,.T.);
#10652=EDGE_CURVE('',#5242,#5346,#3641,.T.);
#10664=EDGE_CURVE('',#5222,#5234,#3652,.T.);
#10666=EDGE_CURVE('',#5344,#5234,#3694,.T.);
#10680=EDGE_CURVE('',#5232,#5234,#3685,.T.);
#10692=EDGE_CURVE('',#5296,#4334,#3660,.T.);
#10695=EDGE_CURVE('',#5290,#5294,#3664,.T.);
#10705=EDGE_CURVE('',#5338,#5342,#3668,.T.);
#10708=EDGE_CURVE('',#5288,#5292,#4034,.T.);
#10719=EDGE_CURVE('',#5230,#5228,#3672,.T.);
#10723=EDGE_CURVE('',#5329,#5242,#3681,.T.);
#10736=EDGE_CURVE('',#5336,#5340,#3689,.T.);
#10751=EDGE_CURVE('',#5326,#4333,#3698,.T.);
#10762=EDGE_CURVE('',#5330,#5240,#3702,.T.);
#10786=EDGE_CURVE('',#5278,#4243,#3726,.T.);
#10800=EDGE_CURVE('',#4492,#4209,#3766,.T.);
#10803=EDGE_CURVE('',#5274,#4210,#3710,.T.);
#10814=EDGE_CURVE('',#5272,#4239,#3714,.T.);
#10817=EDGE_CURVE('',#5276,#4240,#3722,.T.);
#10830=EDGE_CURVE('',#5270,#4244,#3734,.T.);
#10841=EDGE_CURVE('',#5268,#4259,#3738,.T.);
#10844=EDGE_CURVE('',#4497,#4260,#3986,.T.);
#10854=EDGE_CURVE('',#4475,#4476,#3746,.T.);
#10858=EDGE_CURVE('',#4213,#4475,#3758,.T.);
#10868=EDGE_CURVE('',#4490,#4492,#3762,.T.);
#10872=EDGE_CURVE('',#4224,#4490,#3774,.T.);
#10883=EDGE_CURVE('',#4475,#4472,#3834,.T.);
#10895=EDGE_CURVE('',#5254,#5320,#3782,.T.);
#10897=EDGE_CURVE('',#5250,#5320,#3786,.T.);
#10899=EDGE_CURVE('',#5249,#5250,#3790,.T.);
#10901=EDGE_CURVE('',#5318,#5249,#3794,.T.);
#10903=EDGE_CURVE('',#5318,#5316,#3798,.T.);
#10905=EDGE_CURVE('',#5246,#5316,#3802,.T.);
#10907=EDGE_CURVE('',#5245,#5246,#3806,.T.);
#10909=EDGE_CURVE('',#5314,#5245,#3810,.T.);
#10911=EDGE_CURVE('',#5314,#5252,#3814,.T.);
#10913=EDGE_CURVE('',#4508,#5252,#3818,.T.);
#10915=EDGE_CURVE('',#4202,#4508,#3890,.T.);
#10917=EDGE_CURVE('',#4202,#4250,#3822,.T.);
#10919=EDGE_CURVE('',#4250,#4252,#3826,.T.);
#10921=EDGE_CURVE('',#4234,#4252,#3830,.T.);
#10923=EDGE_CURVE('',#4468,#4234,#3938,.T.);
#10925=EDGE_CURVE('',#4468,#4470,#3990,.T.);
#10929=EDGE_CURVE('',#4236,#4475,#3926,.T.);
#10931=EDGE_CURVE('',#4236,#4254,#3838,.T.);
#10933=EDGE_CURVE('',#4254,#4256,#3842,.T.);
#10935=EDGE_CURVE('',#4206,#4256,#3846,.T.);
#10937=EDGE_CURVE('',#4510,#4206,#3914,.T.);
#10939=EDGE_CURVE('',#4510,#5254,#3850,.T.);
#10949=EDGE_CURVE('',#5299,#5314,#3854,.T.);
#10952=EDGE_CURVE('',#5252,#5256,#3882,.T.);
#10963=EDGE_CURVE('',#5304,#5316,#3858,.T.);
#10966=EDGE_CURVE('',#5307,#5318,#3862,.T.);
#10977=EDGE_CURVE('',#5312,#5320,#3866,.T.);
#10980=EDGE_CURVE('',#5254,#5258,#3870,.T.);
#10994=EDGE_CURVE('',#5300,#5245,#3874,.T.);
#11007=EDGE_CURVE('',#5302,#5246,#3878,.T.);
#11029=EDGE_CURVE('',#4248,#4508,#3894,.T.);
#11042=EDGE_CURVE('',#4201,#4202,#3886,.T.);
#11055=EDGE_CURVE('',#4205,#4206,#3902,.T.);
#11058=EDGE_CURVE('',#4246,#4510,#3910,.T.);
#11070=EDGE_CURVE('',#4214,#4236,#3922,.T.);
#11082=EDGE_CURVE('',#4233,#4234,#3930,.T.);
#11085=EDGE_CURVE('',#4262,#4468,#3962,.T.);
#11098=EDGE_CURVE('',#4250,#4193,#3942,.T.);
#11111=EDGE_CURVE('',#4252,#4194,#3946,.T.);
#11136=EDGE_CURVE('',#4256,#4198,#3950,.T.);
#11147=EDGE_CURVE('',#4254,#4197,#3954,.T.);
#11184=EDGE_CURVE('',#4466,#4468,#3958,.T.);
#11188=EDGE_CURVE('',#4230,#4466,#3970,.T.);
#11198=EDGE_CURVE('',#4497,#4498,#3974,.T.);
#11200=EDGE_CURVE('',#4228,#4498,#3978,.T.);
#11239=EDGE_CURVE('',#4498,#4502,#3998,.T.);
#11250=EDGE_CURVE('',#4498,#4506,#4002,.T.);
#11277=EDGE_CURVE('',#5308,#5249,#4006,.T.);
#11290=EDGE_CURVE('',#5310,#5250,#4010,.T.);
#11313=EDGE_CURVE('',#4490,#4488,#4018,.T.);
#11328=EDGE_CURVE('',#4485,#4490,#4022,.T.);
#11352=EDGE_CURVE('',#5286,#5266,#4026,.T.);
#11364=EDGE_CURVE('',#5284,#5265,#4030,.T.);
#11402=EDGE_CURVE('',#5282,#5262,#4038,.T.);
#11414=EDGE_CURVE('',#5280,#5261,#4042,.T.);
#11441=EDGE_CURVE('',#5333,#5323,#4046,.T.);
#11454=EDGE_CURVE('',#5334,#5324,#4050,.T.);
#11489=EDGE_CURVE('',#5356,#5358,#4062,.T.);
#11507=EDGE_CURVE('',#4329,#4330,#4070,.T.);
#11518=EDGE_CURVE('',#4429,#4430,#4074,.T.);
#11532=EDGE_CURVE('',#4434,#4430,#4078,.T.);
#11534=EDGE_CURVE('',#4433,#4434,#4102,.T.);
#11536=EDGE_CURVE('',#4429,#4433,#4082,.T.);
#11547=EDGE_CURVE('',#4442,#4440,#4086,.T.);
#11549=EDGE_CURVE('',#4434,#4442,#4106,.T.);
#11560=EDGE_CURVE('',#4438,#4440,#4094,.T.);
#11562=EDGE_CURVE('',#4436,#4438,#4090,.T.);
#11564=EDGE_CURVE('',#4436,#4442,#4110,.T.);
#11577=EDGE_CURVE('',#4325,#4326,#4098,.T.);
#11600=EDGE_CURVE('',#4436,#4433,#4114,.T.);
#11626=EDGE_CURVE('',#5198,#5196,#4118,.T.);
#11638=EDGE_CURVE('',#5194,#5196,#4126,.T.);
#11653=EDGE_CURVE('',#5105,#5106,#4130,.T.);
#11681=CIRCLE('',#11680,4.5E-1);
#11682=TRIMMED_CURVE('',#11681,(PARAMETER_VALUE(0.E0)),(PARAMETER_VALUE(1.8E2)),
.T.,.UNSPECIFIED.);
#11683=COMPOSITE_CURVE_SEGMENT(.CONTINUOUS.,.T.,#11682);
#11688=CIRCLE('',#11687,4.5E-1);
#11689=TRIMMED_CURVE('',#11688,(PARAMETER_VALUE(0.E0)),(PARAMETER_VALUE(1.8E2)),
.T.,.UNSPECIFIED.);
#11690=COMPOSITE_CURVE_SEGMENT(.CONTINUOUS.,.T.,#11689);
#11691=COMPOSITE_CURVE('',(#11683,#11690),.F.);
#11697=CIRCLE('',#11696,4.5E-1);
#11698=TRIMMED_CURVE('',#11697,(PARAMETER_VALUE(0.E0)),(PARAMETER_VALUE(1.8E2)),
.T.,.UNSPECIFIED.);
#11699=COMPOSITE_CURVE_SEGMENT(.CONTINUOUS.,.T.,#11698);
#11704=CIRCLE('',#11703,4.5E-1);
#11705=TRIMMED_CURVE('',#11704,(PARAMETER_VALUE(0.E0)),(PARAMETER_VALUE(1.8E2)),
.T.,.UNSPECIFIED.);
#11706=COMPOSITE_CURVE_SEGMENT(.CONTINUOUS.,.T.,#11705);
#11707=COMPOSITE_CURVE('',(#11699,#11706),.F.);
#11712=CIRCLE('',#11711,4.5E-1);
#11713=TRIMMED_CURVE('',#11712,(PARAMETER_VALUE(0.E0)),(PARAMETER_VALUE(1.8E2)),
.T.,.UNSPECIFIED.);
#11714=COMPOSITE_CURVE_SEGMENT(.CONTINUOUS.,.T.,#11713);
#11719=CIRCLE('',#11718,4.5E-1);
#11720=TRIMMED_CURVE('',#11719,(PARAMETER_VALUE(0.E0)),(PARAMETER_VALUE(1.8E2)),
.T.,.UNSPECIFIED.);
#11721=COMPOSITE_CURVE_SEGMENT(.CONTINUOUS.,.T.,#11720);
#11722=COMPOSITE_CURVE('',(#11714,#11721),.F.);
#11727=CIRCLE('',#11726,4.5E-1);
#11728=TRIMMED_CURVE('',#11727,(PARAMETER_VALUE(0.E0)),(PARAMETER_VALUE(1.8E2)),
.T.,.UNSPECIFIED.);
#11729=COMPOSITE_CURVE_SEGMENT(.CONTINUOUS.,.T.,#11728);
#11734=CIRCLE('',#11733,4.5E-1);
#11735=TRIMMED_CURVE('',#11734,(PARAMETER_VALUE(0.E0)),(PARAMETER_VALUE(1.8E2)),
.T.,.UNSPECIFIED.);
#11736=COMPOSITE_CURVE_SEGMENT(.CONTINUOUS.,.T.,#11735);
#11737=COMPOSITE_CURVE('',(#11729,#11736),.F.);
#11742=CIRCLE('',#11741,4.5E-1);
#11743=TRIMMED_CURVE('',#11742,(PARAMETER_VALUE(0.E0)),(PARAMETER_VALUE(1.8E2)),
.T.,.UNSPECIFIED.);
#11744=COMPOSITE_CURVE_SEGMENT(.CONTINUOUS.,.T.,#11743);
#11749=CIRCLE('',#11748,4.5E-1);
#11750=TRIMMED_CURVE('',#11749,(PARAMETER_VALUE(0.E0)),(PARAMETER_VALUE(1.8E2)),
.T.,.UNSPECIFIED.);
#11751=COMPOSITE_CURVE_SEGMENT(.CONTINUOUS.,.T.,#11750);
#11752=COMPOSITE_CURVE('',(#11744,#11751),.F.);
#11757=CIRCLE('',#11756,4.5E-1);
#11758=TRIMMED_CURVE('',#11757,(PARAMETER_VALUE(0.E0)),(PARAMETER_VALUE(1.8E2)),
.T.,.UNSPECIFIED.);
#11759=COMPOSITE_CURVE_SEGMENT(.CONTINUOUS.,.T.,#11758);
#11764=CIRCLE('',#11763,4.5E-1);
#11765=TRIMMED_CURVE('',#11764,(PARAMETER_VALUE(0.E0)),(PARAMETER_VALUE(1.8E2)),
.T.,.UNSPECIFIED.);
#11766=COMPOSITE_CURVE_SEGMENT(.CONTINUOUS.,.T.,#11765);
#11767=COMPOSITE_CURVE('',(#11759,#11766),.F.);
#11772=CIRCLE('',#11771,4.5E-1);
#11773=TRIMMED_CURVE('',#11772,(PARAMETER_VALUE(0.E0)),(PARAMETER_VALUE(1.8E2)),
.T.,.UNSPECIFIED.);
#11774=COMPOSITE_CURVE_SEGMENT(.CONTINUOUS.,.T.,#11773);
#11779=CIRCLE('',#11778,4.5E-1);
#11780=TRIMMED_CURVE('',#11779,(PARAMETER_VALUE(0.E0)),(PARAMETER_VALUE(1.8E2)),
.T.,.UNSPECIFIED.);
#11781=COMPOSITE_CURVE_SEGMENT(.CONTINUOUS.,.T.,#11780);
#11782=COMPOSITE_CURVE('',(#11774,#11781),.F.);
#11787=CIRCLE('',#11786,4.5E-1);
#11788=TRIMMED_CURVE('',#11787,(PARAMETER_VALUE(0.E0)),(PARAMETER_VALUE(1.8E2)),
.T.,.UNSPECIFIED.);
#11789=COMPOSITE_CURVE_SEGMENT(.CONTINUOUS.,.T.,#11788);
#11794=CIRCLE('',#11793,4.5E-1);
#11795=TRIMMED_CURVE('',#11794,(PARAMETER_VALUE(0.E0)),(PARAMETER_VALUE(1.8E2)),
.T.,.UNSPECIFIED.);
#11796=COMPOSITE_CURVE_SEGMENT(.CONTINUOUS.,.T.,#11795);
#11797=COMPOSITE_CURVE('',(#11789,#11796),.F.);
#11802=CIRCLE('',#11801,4.5E-1);
#11803=TRIMMED_CURVE('',#11802,(PARAMETER_VALUE(0.E0)),(PARAMETER_VALUE(1.8E2)),
.T.,.UNSPECIFIED.);
#11804=COMPOSITE_CURVE_SEGMENT(.CONTINUOUS.,.T.,#11803);
#11809=CIRCLE('',#11808,4.5E-1);
#11810=TRIMMED_CURVE('',#11809,(PARAMETER_VALUE(0.E0)),(PARAMETER_VALUE(1.8E2)),
.T.,.UNSPECIFIED.);
#11811=COMPOSITE_CURVE_SEGMENT(.CONTINUOUS.,.T.,#11810);
#11812=COMPOSITE_CURVE('',(#11804,#11811),.F.);
#11817=CIRCLE('',#11816,4.5E-1);
#11818=TRIMMED_CURVE('',#11817,(PARAMETER_VALUE(0.E0)),(PARAMETER_VALUE(1.8E2)),
.T.,.UNSPECIFIED.);
#11819=COMPOSITE_CURVE_SEGMENT(.CONTINUOUS.,.T.,#11818);
#11824=CIRCLE('',#11823,4.5E-1);
#11825=TRIMMED_CURVE('',#11824,(PARAMETER_VALUE(0.E0)),(PARAMETER_VALUE(1.8E2)),
.T.,.UNSPECIFIED.);
#11826=COMPOSITE_CURVE_SEGMENT(.CONTINUOUS.,.T.,#11825);
#11827=COMPOSITE_CURVE('',(#11819,#11826),.F.);
#11832=CIRCLE('',#11831,4.5E-1);
#11833=TRIMMED_CURVE('',#11832,(PARAMETER_VALUE(0.E0)),(PARAMETER_VALUE(1.8E2)),
.T.,.UNSPECIFIED.);
#11834=COMPOSITE_CURVE_SEGMENT(.CONTINUOUS.,.T.,#11833);
#11839=CIRCLE('',#11838,4.5E-1);
#11840=TRIMMED_CURVE('',#11839,(PARAMETER_VALUE(0.E0)),(PARAMETER_VALUE(1.8E2)),
.T.,.UNSPECIFIED.);
#11841=COMPOSITE_CURVE_SEGMENT(.CONTINUOUS.,.T.,#11840);
#11842=COMPOSITE_CURVE('',(#11834,#11841),.F.);
#11847=CIRCLE('',#11846,4.5E-1);
#11848=TRIMMED_CURVE('',#11847,(PARAMETER_VALUE(0.E0)),(PARAMETER_VALUE(1.8E2)),
.T.,.UNSPECIFIED.);
#11849=COMPOSITE_CURVE_SEGMENT(.CONTINUOUS.,.T.,#11848);
#11854=CIRCLE('',#11853,4.5E-1);
#11855=TRIMMED_CURVE('',#11854,(PARAMETER_VALUE(0.E0)),(PARAMETER_VALUE(1.8E2)),
.T.,.UNSPECIFIED.);
#11856=COMPOSITE_CURVE_SEGMENT(.CONTINUOUS.,.T.,#11855);
#11857=COMPOSITE_CURVE('',(#11849,#11856),.F.);
#11858=(LENGTH_UNIT()NAMED_UNIT(*)SI_UNIT(.MILLI.,.METRE.));
#11860=(NAMED_UNIT(*)PLANE_ANGLE_UNIT()SI_UNIT($,.RADIAN.));
#11863=(NAMED_UNIT(*)SI_UNIT($,.STERADIAN.)SOLID_ANGLE_UNIT());
#11866=ADVANCED_BREP_SHAPE_REPRESENTATION('',(#11672),#11865);
#11867=GEOMETRICALLY_BOUNDED_SURFACE_SHAPE_REPRESENTATION('',(#11692),#11865);
#11868=SHAPE_REPRESENTATION('',(#11676),#11865);
#11877=PRODUCT_DEFINITION('design','',#11876,#11873);
#11878=PRODUCT_DEFINITION_SHAPE('','SHAPE FOR 878331220.',#11877);
#11879=SHAPE_DEFINITION_REPRESENTATION(#11878,#11868);
ENDSEC;
END-ISO-10303-21;
