ISO-10303-21;
HEADER;
FILE_DESCRIPTION (( 'STEP AP214' ),
    '1' );
FILE_NAME ('SOP4.STEP',
    '2023-05-16T00:55:45',
    ( '' ),
    ( '' ),
    'SwSTEP 2.0',
    'SolidWorks 2022',
    '' );
FILE_SCHEMA (( 'AUTOMOTIVE_DESIGN' ));
ENDSEC;

DATA;
#1 = SURFACE_STYLE_USAGE ( .BOTH. , #2995 ) ;
#2 = ORIENTED_EDGE ( 'NONE', *, *, #2690, .T. ) ;
#3 = FILL_AREA_STYLE_COLOUR ( '', #274 ) ;
#4 = PLANE ( 'NONE',  #1322 ) ;
#5 = CARTESIAN_POINT ( 'NONE',  ( -1.500000000000000000, -1.000000000000000000, 2.100000000000000089 ) ) ;
#6 = UNCERTAINTY_MEASURE_WITH_UNIT (LENGTH_MEASURE( 1.000000000000000082E-05 ), #2855, 'distance_accuracy_value', 'NONE');
#7 = CARTESIAN_POINT ( 'NONE',  ( -1.469999999999999973, -3.399999999999590905, -5.935518276033900995E-15 ) ) ;
#8 = CARTESIAN_POINT ( 'NONE',  ( 1.070000000000000062, 2.962963287683552771, 0.2460173531904671640 ) ) ;
#9 = STYLED_ITEM ( 'NONE', ( #2847 ), #2190 ) ;
#10 = VECTOR ( 'NONE', #379, 1000.000000000000000 ) ;
#11 = CARTESIAN_POINT ( 'NONE',  ( 1.469999999999999973, -2.394174343933792137, 0.8869965063338917100 ) ) ;
#12 = ADVANCED_FACE ( 'NONE', ( #853 ), #2061, .T. ) ;
#13 = STYLED_ITEM ( 'NONE', ( #3004 ), #2528 ) ;
#14 = VECTOR ( 'NONE', #1200, 999.9999999999998863 ) ;
#15 = ORIENTED_EDGE ( 'NONE', *, *, #539, .T. ) ;
#16 = EDGE_CURVE ( 'NONE', #1549, #2414, #76, .T. ) ;
#17 = DIRECTION ( 'NONE',  ( -0.000000000000000000, 1.000000000000000000, -1.187103655206779410E-14 ) ) ;
#18 = EDGE_LOOP ( 'NONE', ( #2895, #903, #1381, #1579 ) ) ;
#19 = AXIS2_PLACEMENT_3D ( 'NONE', #732, #1488, #2432 ) ;
#20 = CARTESIAN_POINT ( 'NONE',  ( 1.070000000000000062, -2.524691141550257978, 0.9729849375412779056 ) ) ;
#21 = FACE_OUTER_BOUND ( 'NONE', #2121, .T. ) ;
#22 = CARTESIAN_POINT ( 'NONE',  ( -1.469999999999999973, 3.399999999999590905, 0.1499999999953783858 ) ) ;
#23 = MECHANICAL_DESIGN_GEOMETRIC_PRESENTATION_REPRESENTATION (  '', ( #2331 ), #1072 ) ;
#24 = EDGE_CURVE ( 'NONE', #2583, #2750, #2027, .T. ) ;
#25 =( LENGTH_UNIT ( ) NAMED_UNIT ( * ) SI_UNIT ( .MILLI., .METRE. ) );
#26 = CARTESIAN_POINT ( 'NONE',  ( 2.149999999999999911, -2.200000000000000622, 1.100000000000000089 ) ) ;
#27 = DIRECTION ( 'NONE',  ( 0.000000000000000000, -1.000000000000000000, 7.371153840344694327E-16 ) ) ;
#28 = CARTESIAN_POINT ( 'NONE',  ( -1.070000000000000062, -2.200000000000000622, 1.100000000000000089 ) ) ;
#29 = CARTESIAN_POINT ( 'NONE',  ( 1.069999999999999840, 2.199999999999999734, 1.100000000000000089 ) ) ;
#30 = ORIENTED_EDGE ( 'NONE', *, *, #2111, .T. ) ;
#31 = CARTESIAN_POINT ( 'NONE',  ( 1.469999999999999973, -2.962963287683552771, 0.2460173531904671640 ) ) ;
#32 = ORIENTED_EDGE ( 'NONE', *, *, #838, .T. ) ;
#33 = DIRECTION ( 'NONE',  ( 1.000000000000000000, 0.000000000000000000, 0.000000000000000000 ) ) ;
#34 = DIRECTION ( 'NONE',  ( 0.000000000000000000, -1.000000000000000000, 7.371153840344694327E-16 ) ) ;
#35 = EDGE_CURVE ( 'NONE', #3101, #1127, #1773, .T. ) ;
#36 = DIRECTION ( 'NONE',  ( -0.2035585949527793370, 0.2035585949527793648, -0.9576678948579724349 ) ) ;
#37 =( NAMED_UNIT ( * ) PLANE_ANGLE_UNIT ( ) SI_UNIT ( $, .RADIAN. ) );
#38 = UNCERTAINTY_MEASURE_WITH_UNIT (LENGTH_MEASURE( 1.000000000000000082E-05 ), #2364, 'distance_accuracy_value', 'NONE');
#39 = FILL_AREA_STYLE_COLOUR ( '', #1366 ) ;
#40 = LINE ( 'NONE', #267, #1987 ) ;
#41 =( LENGTH_UNIT ( ) NAMED_UNIT ( * ) SI_UNIT ( .MILLI., .METRE. ) );
#42 = EDGE_LOOP ( 'NONE', ( #2942, #1485, #1256, #1882 ) ) ;
#43 = VECTOR ( 'NONE', #1933, 999.9999999999998863 ) ;
#44 = LINE ( 'NONE', #1734, #652 ) ;
#45 = ORIENTED_EDGE ( 'NONE', *, *, #234, .T. ) ;
#46 = SURFACE_STYLE_USAGE ( .BOTH. , #1439 ) ;
#47 = AXIS2_PLACEMENT_3D ( 'NONE', #2305, #2290, #1822 ) ;
#48 = CIRCLE ( 'NONE', #2509, 0.2999999999999998224 ) ;
#49 = EDGE_CURVE ( 'NONE', #300, #2934, #769, .T. ) ;
#50 = FACE_OUTER_BOUND ( 'NONE', #1433, .T. ) ;
#51 = COLOUR_RGB ( '',1.000000000000000000, 1.000000000000000000, 1.000000000000000000 ) ;
#52 = CARTESIAN_POINT ( 'NONE',  ( -1.469999999999999973, 2.524691141550257978, 0.9729849375412779056 ) ) ;
#53 =( GEOMETRIC_REPRESENTATION_CONTEXT ( 3 ) GLOBAL_UNCERTAINTY_ASSIGNED_CONTEXT ( ( #2550 ) ) GLOBAL_UNIT_ASSIGNED_CONTEXT ( ( #712, #1188, #1202 ) ) REPRESENTATION_CONTEXT ( 'NONE', 'WORKASPACE' ) );
#54 = DIRECTION ( 'NONE',  ( -1.000000000000000000, 0.000000000000000000, 0.000000000000000000 ) ) ;
#55 = CARTESIAN_POINT ( 'NONE',  ( 1.469999999999999973, -3.105825656066991236, 0.2999999999999974909 ) ) ;
#56 = EDGE_CURVE ( 'NONE', #2884, #1778, #1054, .T. ) ;
#57 =( NAMED_UNIT ( * ) SI_UNIT ( $, .STERADIAN. ) SOLID_ANGLE_UNIT ( ) );
#58 = ORIENTED_EDGE ( 'NONE', *, *, #1963, .F. ) ;
#59 = DIRECTION ( 'NONE',  ( 0.000000000000000000, -0.9781476007338055778, 0.2079116908177598144 ) ) ;
#60 = ORIENTED_EDGE ( 'NONE', *, *, #2093, .T. ) ;
#61 = MECHANICAL_DESIGN_GEOMETRIC_PRESENTATION_REPRESENTATION (  '', ( #2811 ), #1723 ) ;
#62 = MECHANICAL_DESIGN_GEOMETRIC_PRESENTATION_REPRESENTATION (  '', ( #751 ), #1515 ) ;
#63 = CARTESIAN_POINT ( 'NONE',  ( 1.469999999999999973, 2.100000000006434941, 1.186996506333891643 ) ) ;
#64 = CARTESIAN_POINT ( 'NONE',  ( 1.469999999999999973, -2.674073424632076978, 0.9949617999437140314 ) ) ;
#65 = AXIS2_PLACEMENT_3D ( 'NONE', #162, #2211, #1119 ) ;
#66 = VECTOR ( 'NONE', #918, 1000.000000000000000 ) ;
#67 = LINE ( 'NONE', #2668, #505 ) ;
#68 = COLOUR_RGB ( '',1.000000000000000000, 1.000000000000000000, 1.000000000000000000 ) ;
#69 = CARTESIAN_POINT ( 'NONE',  ( 1.070000000000000062, 2.431391447983968668, 0.9369965063385076176 ) ) ;
#70 = STYLED_ITEM ( 'NONE', ( #303 ), #2071 ) ;
#71 = STYLED_ITEM ( 'NONE', ( #2852 ), #373 ) ;
#72 = DIRECTION ( 'NONE',  ( -1.000000000000000000, 0.000000000000000000, 0.000000000000000000 ) ) ;
#73 = PRODUCT_DEFINITION_FORMATION_WITH_SPECIFIED_SOURCE ( 'ANY', '', #2358, .NOT_KNOWN. ) ;
#74 = LINE ( 'NONE', #52, #847 ) ;
#75 = EDGE_CURVE ( 'NONE', #160, #202, #2476, .T. ) ;
#76 = LINE ( 'NONE', #329, #2907 ) ;
#77 = CARTESIAN_POINT ( 'NONE',  ( 1.469999999999999973, 2.394174343933790361, 1.186996506333891865 ) ) ;
#78 = EDGE_CURVE ( 'NONE', #2636, #202, #881, .T. ) ;
#79 = LINE ( 'NONE', #2214, #2564 ) ;
#80 = EDGE_LOOP ( 'NONE', ( #745, #2459, #2370, #1472 ) ) ;
#81 = PLANE ( 'NONE',  #2155 ) ;
#82 = ORIENTED_EDGE ( 'NONE', *, *, #3099, .F. ) ;
#83 = LINE ( 'NONE', #1747, #816 ) ;
#84 = PRESENTATION_STYLE_ASSIGNMENT (( #2664 ) ) ;
#85 = FACE_OUTER_BOUND ( 'NONE', #1032, .T. ) ;
#86 = DIRECTION ( 'NONE',  ( -1.000000000000000000, -0.000000000000000000, -0.000000000000000000 ) ) ;
#87 = EDGE_LOOP ( 'NONE', ( #30, #2912, #353, #2353 ) ) ;
#88 = DIRECTION ( 'NONE',  ( -0.2079116908177597867, 0.000000000000000000, 0.9781476007338055778 ) ) ;
#89 = CARTESIAN_POINT ( 'NONE',  ( 1.469999999999999973, 2.394174343933792137, 0.8869965063338917100 ) ) ;
#90 = PRESENTATION_STYLE_ASSIGNMENT (( #3033 ) ) ;
#91 = VERTEX_POINT ( 'NONE', #596 ) ;
#92 = AXIS2_PLACEMENT_3D ( 'NONE', #1255, #59, #1501 ) ;
#93 = ORIENTED_EDGE ( 'NONE', *, *, #2931, .F. ) ;
#94 = STYLED_ITEM ( 'NONE', ( #697 ), #600 ) ;
#95 = DIRECTION ( 'NONE',  ( 0.000000000000000000, -0.3598843120327457901, 0.9329969356609469910 ) ) ;
#96 = PRESENTATION_STYLE_ASSIGNMENT (( #112 ) ) ;
#97 = VECTOR ( 'NONE', #1645, 1000.000000000000000 ) ;
#98 = FILL_AREA_STYLE_COLOUR ( '', #1917 ) ;
#99 = ORIENTED_EDGE ( 'NONE', *, *, #975, .T. ) ;
#100 = ORIENTED_EDGE ( 'NONE', *, *, #1286, .T. ) ;
#101 =( NAMED_UNIT ( * ) SI_UNIT ( $, .STERADIAN. ) SOLID_ANGLE_UNIT ( ) );
#102 = CARTESIAN_POINT ( 'NONE',  ( -1.469999999999999973, -3.105825656066991236, 0.2999999999999974909 ) ) ;
#103 = DIRECTION ( 'NONE',  ( 0.000000000000000000, 0.000000000000000000, -1.000000000000000000 ) ) ;
#104 = COLOUR_RGB ( '',1.000000000000000000, 1.000000000000000000, 1.000000000000000000 ) ;
#105 = ORIENTED_EDGE ( 'NONE', *, *, #2466, .F. ) ;
#106 = EDGE_CURVE ( 'NONE', #2542, #3101, #517, .T. ) ;
#107 =( NAMED_UNIT ( * ) PLANE_ANGLE_UNIT ( ) SI_UNIT ( $, .RADIAN. ) );
#108 = EDGE_LOOP ( 'NONE', ( #729, #2107, #2547, #1557 ) ) ;
#109 =( NAMED_UNIT ( * ) SI_UNIT ( $, .STERADIAN. ) SOLID_ANGLE_UNIT ( ) );
#110 = CARTESIAN_POINT ( 'NONE',  ( 1.469999999999999973, -2.186608194014114659, 1.036996506338507373 ) ) ;
#111 = ADVANCED_FACE ( 'NONE', ( #824 ), #2316, .T. ) ;
#112 = SURFACE_STYLE_USAGE ( .BOTH. , #2039 ) ;
#113 =( LENGTH_UNIT ( ) NAMED_UNIT ( * ) SI_UNIT ( .MILLI., .METRE. ) );
#114 = COLOUR_RGB ( '',1.000000000000000000, 1.000000000000000000, 1.000000000000000000 ) ;
#115 = VECTOR ( 'NONE', #1831, 1000.000000000000000 ) ;
#116 = VERTEX_POINT ( 'NONE', #2086 ) ;
#117 = LINE ( 'NONE', #1766, #119 ) ;
#118 = EDGE_CURVE ( 'NONE', #208, #702, #1480, .T. ) ;
#119 = VECTOR ( 'NONE', #1073, 1000.000000000000000 ) ;
#120 = ORIENTED_EDGE ( 'NONE', *, *, #1266, .F. ) ;
#121 = VECTOR ( 'NONE', #3074, 1000.000000000000000 ) ;
#122 = PRESENTATION_LAYER_ASSIGNMENT (  '', '', ( #1982 ) ) ;
#123 = MECHANICAL_DESIGN_GEOMETRIC_PRESENTATION_REPRESENTATION (  '', ( #1577 ), #1017 ) ;
#124 = LINE ( 'NONE', #532, #1791 ) ;
#125 = ORIENTED_EDGE ( 'NONE', *, *, #2356, .F. ) ;
#126 = SURFACE_STYLE_FILL_AREA ( #1537 ) ;
#127 = ORIENTED_EDGE ( 'NONE', *, *, #1808, .T. ) ;
#128 = SURFACE_SIDE_STYLE ('',( #2310 ) ) ;
#129 = FILL_AREA_STYLE_COLOUR ( '', #2330 ) ;
#130 = CARTESIAN_POINT ( 'NONE',  ( 1.469999999999999973, -2.431391447983967780, 1.036996506338507595 ) ) ;
#131 = VERTEX_POINT ( 'NONE', #2590 ) ;
#132 = SURFACE_STYLE_FILL_AREA ( #833 ) ;
#133 = EDGE_CURVE ( 'NONE', #856, #2037, #466, .T. ) ;
#134 = VERTEX_POINT ( 'NONE', #954 ) ;
#135 = CARTESIAN_POINT ( 'NONE',  ( 1.469999999999999973, -3.105825656066989016, -2.443363886529420664E-15 ) ) ;
#136 = DIRECTION ( 'NONE',  ( 0.000000000000000000, 0.2079116908177598144, -0.9781476007338055778 ) ) ;
#137 = CARTESIAN_POINT ( 'NONE',  ( -1.469999999999999973, 3.102912828032695636, 0.1499999999953784413 ) ) ;
#138 = DIRECTION ( 'NONE',  ( 1.000000000000000000, 0.000000000000000000, 0.000000000000000000 ) ) ;
#139 = VERTEX_POINT ( 'NONE', #181 ) ;
#140 = CARTESIAN_POINT ( 'NONE',  ( -1.469999999999999973, -2.200000000000000622, 1.100000000000000089 ) ) ;
#141 = ORIENTED_EDGE ( 'NONE', *, *, #2808, .F. ) ;
#142 = CARTESIAN_POINT ( 'NONE',  ( -1.469999999999999973, 2.431391447983968668, 0.9369965063385076176 ) ) ;
#143 = DIRECTION ( 'NONE',  ( 0.000000000000000000, -1.000000000000000000, 1.308666447613348142E-15 ) ) ;
#144 = FILL_AREA_STYLE_COLOUR ( '', #1372 ) ;
#145 = VERTEX_POINT ( 'NONE', #680 ) ;
#146 = LINE ( 'NONE', #1368, #757 ) ;
#147 = EDGE_CURVE ( 'NONE', #1563, #134, #1900, .T. ) ;
#148 = ADVANCED_FACE ( 'NONE', ( #2387 ), #2148, .F. ) ;
#149 = ORIENTED_EDGE ( 'NONE', *, *, #670, .F. ) ;
#150 = EDGE_CURVE ( 'NONE', #2704, #2285, #245, .T. ) ;
#151 = VECTOR ( 'NONE', #1125, 1000.000000000000114 ) ;
#152 =( NAMED_UNIT ( * ) PLANE_ANGLE_UNIT ( ) SI_UNIT ( $, .RADIAN. ) );
#153 = CYLINDRICAL_SURFACE ( 'NONE', #1978, 0.2999999999999998779 ) ;
#154 = SURFACE_STYLE_USAGE ( .BOTH. , #2307 ) ;
#155 = EDGE_CURVE ( 'NONE', #157, #552, #2826, .T. ) ;
#156 = FILL_AREA_STYLE_COLOUR ( '', #1544 ) ;
#157 = VERTEX_POINT ( 'NONE', #3057 ) ;
#158 = DIRECTION ( 'NONE',  ( -0.000000000000000000, 1.000000000000000000, 0.000000000000000000 ) ) ;
#159 = FACE_OUTER_BOUND ( 'NONE', #2050, .T. ) ;
#160 = VERTEX_POINT ( 'NONE', #1369 ) ;
#161 = CARTESIAN_POINT ( 'NONE',  ( -1.070000000000000062, 3.399999999999590905, -5.935518276033900995E-15 ) ) ;
#162 = CARTESIAN_POINT ( 'NONE',  ( -2.149999999999999911, 2.199999999999999734, 1.100000000000000089 ) ) ;
#163 =( GEOMETRIC_REPRESENTATION_CONTEXT ( 3 ) GLOBAL_UNCERTAINTY_ASSIGNED_CONTEXT ( ( #2611 ) ) GLOBAL_UNIT_ASSIGNED_CONTEXT ( ( #969, #1699, #1447 ) ) REPRESENTATION_CONTEXT ( 'NONE', 'WORKASPACE' ) );
#164 = MECHANICAL_DESIGN_GEOMETRIC_PRESENTATION_REPRESENTATION (  '', ( #1732 ), #479 ) ;
#165 = ORIENTED_EDGE ( 'NONE', *, *, #2627, .T. ) ;
#166 =( GEOMETRIC_REPRESENTATION_CONTEXT ( 3 ) GLOBAL_UNCERTAINTY_ASSIGNED_CONTEXT ( ( #199 ) ) GLOBAL_UNIT_ASSIGNED_CONTEXT ( ( #1860, #2336, #2810 ) ) REPRESENTATION_CONTEXT ( 'NONE', 'WORKASPACE' ) );
#167 = CIRCLE ( 'NONE', #2179, 0.2999999999999999334 ) ;
#168 = FACE_OUTER_BOUND ( 'NONE', #2052, .T. ) ;
#169 = UNCERTAINTY_MEASURE_WITH_UNIT (LENGTH_MEASURE( 1.000000000000000082E-05 ), #1080, 'distance_accuracy_value', 'NONE');
#170 = CARTESIAN_POINT ( 'NONE',  ( 2.149999999999999911, 2.199999999999999734, 1.100000000000000089 ) ) ;
#171 = PRESENTATION_LAYER_ASSIGNMENT (  '', '', ( #1226 ) ) ;
#172 = ADVANCED_FACE ( 'NONE', ( #3045 ), #896, .F. ) ;
#173 = EDGE_CURVE ( 'NONE', #1735, #2513, #2416, .T. ) ;
#174 = VERTEX_POINT ( 'NONE', #976 ) ;
#175 =( NAMED_UNIT ( * ) SI_UNIT ( $, .STERADIAN. ) SOLID_ANGLE_UNIT ( ) );
#176 = EDGE_LOOP ( 'NONE', ( #1913, #2201, #921, #902, #1637, #2990, #127, #717, #1132, #3087, #2383, #2267, #2953 ) ) ;
#177 = DIRECTION ( 'NONE',  ( 0.000000000000000000, 0.000000000000000000, -1.000000000000000000 ) ) ;
#178 = ORIENTED_EDGE ( 'NONE', *, *, #1793, .F. ) ;
#179 = SURFACE_STYLE_FILL_AREA ( #743 ) ;
#180 = SURFACE_STYLE_FILL_AREA ( #1339 ) ;
#181 = CARTESIAN_POINT ( 'NONE',  ( -1.469999999999999973, -2.431391447983967780, 1.036996506338507595 ) ) ;
#182 = FACE_OUTER_BOUND ( 'NONE', #1096, .T. ) ;
#183 = CARTESIAN_POINT ( 'NONE',  ( 1.069999999999999840, 2.186608194014113771, 1.036996506338507373 ) ) ;
#184 = DIRECTION ( 'NONE',  ( 0.000000000000000000, -0.3598843120327457901, 0.9329969356609469910 ) ) ;
#185 =( NAMED_UNIT ( * ) SI_UNIT ( $, .STERADIAN. ) SOLID_ANGLE_UNIT ( ) );
#186 = ORIENTED_EDGE ( 'NONE', *, *, #412, .F. ) ;
#187 = DIRECTION ( 'NONE',  ( 1.000000000000000000, 0.000000000000000000, 0.000000000000000000 ) ) ;
#188 = VERTEX_POINT ( 'NONE', #64 ) ;
#189 = CARTESIAN_POINT ( 'NONE',  ( -1.070000000000000062, -2.394174343933792137, 0.8869965063338917100 ) ) ;
#190 =( NAMED_UNIT ( * ) PLANE_ANGLE_UNIT ( ) SI_UNIT ( $, .RADIAN. ) );
#191 = ORIENTED_EDGE ( 'NONE', *, *, #1632, .F. ) ;
#192 = PRESENTATION_STYLE_ASSIGNMENT (( #895 ) ) ;
#193 = SURFACE_STYLE_USAGE ( .BOTH. , #3091 ) ;
#194 = EDGE_CURVE ( 'NONE', #1240, #131, #278, .T. ) ;
#195 = STYLED_ITEM ( 'NONE', ( #828 ), #555 ) ;
#196 = MECHANICAL_DESIGN_GEOMETRIC_PRESENTATION_REPRESENTATION (  '', ( #3047 ), #2596 ) ;
#197 = CARTESIAN_POINT ( 'NONE',  ( -1.469999999999999973, -2.962963287683552771, 0.2460173531904671640 ) ) ;
#198 = CARTESIAN_POINT ( 'NONE',  ( 1.070000000000000062, -3.399999999999590905, 0.1499999999953783858 ) ) ;
#199 = UNCERTAINTY_MEASURE_WITH_UNIT (LENGTH_MEASURE( 1.000000000000000082E-05 ), #1860, 'distance_accuracy_value', 'NONE');
#200 = CARTESIAN_POINT ( 'NONE',  ( -1.070000000000000062, 2.962963287683552771, 0.2460173531904671640 ) ) ;
#201 = FILL_AREA_STYLE ('',( #1177 ) ) ;
#202 = VERTEX_POINT ( 'NONE', #997 ) ;
#203 = LINE ( 'NONE', #1153, #1161 ) ;
#204 = VERTEX_POINT ( 'NONE', #2195 ) ;
#205 = PRODUCT_CONTEXT ( 'NONE', #1506, 'mechanical' ) ;
#206 = DIRECTION ( 'NONE',  ( 1.000000000000000000, -0.000000000000000000, -0.000000000000000000 ) ) ;
#207 = FACE_OUTER_BOUND ( 'NONE', #1351, .T. ) ;
#208 = VERTEX_POINT ( 'NONE', #2240 ) ;
#209 = ADVANCED_FACE ( 'NONE', ( #1972 ), #2899, .T. ) ;
#210 = CARTESIAN_POINT ( 'NONE',  ( -1.469999999999999973, 3.105825656066991236, 0.2999999999999974909 ) ) ;
#211 = SURFACE_STYLE_USAGE ( .BOTH. , #1930 ) ;
#212 = DIRECTION ( 'NONE',  ( 1.000000000000000000, 0.000000000000000000, 0.000000000000000000 ) ) ;
#213 = EDGE_CURVE ( 'NONE', #2170, #1926, #304, .T. ) ;
#214 = COLOUR_RGB ( '',0.3333333333333333148, 0.3333333333333333148, 0.3333333333333333148 ) ;
#215 = VECTOR ( 'NONE', #17, 1000.000000000000000 ) ;
#216 = LINE ( 'NONE', #2137, #554 ) ;
#217 = STYLED_ITEM ( 'NONE', ( #1269 ), #2390 ) ;
#218 = FACE_OUTER_BOUND ( 'NONE', #2340, .T. ) ;
#219 = PRESENTATION_LAYER_ASSIGNMENT (  '', '', ( #569 ) ) ;
#220 = SURFACE_STYLE_FILL_AREA ( #755 ) ;
#221 = MECHANICAL_DESIGN_GEOMETRIC_PRESENTATION_REPRESENTATION (  '', ( #1572 ), #276 ) ;
#222 =( NAMED_UNIT ( * ) SI_UNIT ( $, .STERADIAN. ) SOLID_ANGLE_UNIT ( ) );
#223 = COLOUR_RGB ( '',1.000000000000000000, 1.000000000000000000, 1.000000000000000000 ) ;
#224 = VECTOR ( 'NONE', #1242, 1000.000000000000000 ) ;
#225 = DIRECTION ( 'NONE',  ( 0.000000000000000000, 0.3598843120327457901, 0.9329969356609469910 ) ) ;
#226 = ORIENTED_EDGE ( 'NONE', *, *, #735, .T. ) ;
#227 =( GEOMETRIC_REPRESENTATION_CONTEXT ( 3 ) GLOBAL_UNCERTAINTY_ASSIGNED_CONTEXT ( ( #581 ) ) GLOBAL_UNIT_ASSIGNED_CONTEXT ( ( #1784, #1973, #2709 ) ) REPRESENTATION_CONTEXT ( 'NONE', 'WORKASPACE' ) );
#228 =( LENGTH_UNIT ( ) NAMED_UNIT ( * ) SI_UNIT ( .MILLI., .METRE. ) );
#229 =( NAMED_UNIT ( * ) PLANE_ANGLE_UNIT ( ) SI_UNIT ( $, .RADIAN. ) );
#230 = ORIENTED_EDGE ( 'NONE', *, *, #78, .F. ) ;
#231 = SURFACE_STYLE_FILL_AREA ( #1960 ) ;
#232 = SURFACE_STYLE_FILL_AREA ( #246 ) ;
#233 = CARTESIAN_POINT ( 'NONE',  ( -1.469999999999999973, -3.399999999999590905, -5.935518276033900995E-15 ) ) ;
#234 = EDGE_CURVE ( 'NONE', #202, #817, #626, .T. ) ;
#235 =( NAMED_UNIT ( * ) SI_UNIT ( $, .STERADIAN. ) SOLID_ANGLE_UNIT ( ) );
#236 = DIRECTION ( 'NONE',  ( 0.000000000000000000, 0.2079116908177598144, -0.9781476007338055778 ) ) ;
#237 = DIRECTION ( 'NONE',  ( 0.000000000000000000, 1.308666447613348142E-15, -1.000000000000000000 ) ) ;
#238 = UNCERTAINTY_MEASURE_WITH_UNIT (LENGTH_MEASURE( 1.000000000000000082E-05 ), #530, 'distance_accuracy_value', 'NONE');
#239 = DIRECTION ( 'NONE',  ( 1.000000000000000000, 0.000000000000000000, 0.000000000000000000 ) ) ;
#240 = FILL_AREA_STYLE ('',( #2644 ) ) ;
#241 = ORIENTED_EDGE ( 'NONE', *, *, #820, .F. ) ;
#242 = DIRECTION ( 'NONE',  ( 0.000000000000000000, 0.000000000000000000, 1.000000000000000000 ) ) ;
#243 = ORIENTED_EDGE ( 'NONE', *, *, #2450, .F. ) ;
#244 = LINE ( 'NONE', #2854, #2624 ) ;
#245 = LINE ( 'NONE', #1654, #2568 ) ;
#246 = FILL_AREA_STYLE ('',( #1950 ) ) ;
#247 = ADVANCED_FACE ( 'NONE', ( #21 ), #1243, .T. ) ;
#248 = PRESENTATION_LAYER_ASSIGNMENT (  '', '', ( #1804 ) ) ;
#249 = ADVANCED_FACE ( 'NONE', ( #2529 ), #1524, .T. ) ;
#250 = PLANE ( 'NONE',  #2313 ) ;
#251 = EDGE_CURVE ( 'NONE', #821, #2938, #1223, .T. ) ;
#252 =( NAMED_UNIT ( * ) SI_UNIT ( $, .STERADIAN. ) SOLID_ANGLE_UNIT ( ) );
#253 = AXIS2_PLACEMENT_3D ( 'NONE', #946, #2350, #2398 ) ;
#254 = CARTESIAN_POINT ( 'NONE',  ( 1.069999999999999840, 2.181508321736363332, 1.186996506333891643 ) ) ;
#255 = VECTOR ( 'NONE', #2244, 999.9999999999998863 ) ;
#256 =( NAMED_UNIT ( * ) PLANE_ANGLE_UNIT ( ) SI_UNIT ( $, .RADIAN. ) );
#257 = ORIENTED_EDGE ( 'NONE', *, *, #16, .F. ) ;
#258 = MECHANICAL_DESIGN_GEOMETRIC_PRESENTATION_REPRESENTATION (  '', ( #1252 ), #53 ) ;
#259 =( NAMED_UNIT ( * ) PLANE_ANGLE_UNIT ( ) SI_UNIT ( $, .RADIAN. ) );
#260 = ORIENTED_EDGE ( 'NONE', *, *, #3059, .F. ) ;
#261 = CARTESIAN_POINT ( 'NONE',  ( -1.469999999999999973, -2.394174343933790361, 1.186996506333891865 ) ) ;
#262 = SURFACE_STYLE_USAGE ( .BOTH. , #926 ) ;
#263 = DIRECTION ( 'NONE',  ( 0.000000000000000000, -7.371153840344694327E-16, -1.000000000000000000 ) ) ;
#264 = CARTESIAN_POINT ( 'NONE',  ( 1.070000000000000062, -2.100000000006434941, 1.186996506333891643 ) ) ;
#265 = FACE_OUTER_BOUND ( 'NONE', #1355, .T. ) ;
#266 = CARTESIAN_POINT ( 'NONE',  ( -1.070000000000000062, 3.399999999999590905, -5.935518276033900995E-15 ) ) ;
#267 = CARTESIAN_POINT ( 'NONE',  ( -1.469999999999999973, 2.962963287683552771, 0.2460173531904671640 ) ) ;
#268 = AXIS2_PLACEMENT_3D ( 'NONE', #1598, #2762, #413 ) ;
#269 = SURFACE_SIDE_STYLE ('',( #1686 ) ) ;
#270 = VERTEX_POINT ( 'NONE', #571 ) ;
#271 = ADVANCED_FACE ( 'NONE', ( #159 ), #3010, .F. ) ;
#272 = LINE ( 'NONE', #2897, #2009 ) ;
#273 = VECTOR ( 'NONE', #749, 1000.000000000000000 ) ;
#274 = COLOUR_RGB ( '',1.000000000000000000, 1.000000000000000000, 1.000000000000000000 ) ;
#275 = VERTEX_POINT ( 'NONE', #2484 ) ;
#276 =( GEOMETRIC_REPRESENTATION_CONTEXT ( 3 ) GLOBAL_UNCERTAINTY_ASSIGNED_CONTEXT ( ( #6 ) ) GLOBAL_UNIT_ASSIGNED_CONTEXT ( ( #2855, #1672, #483 ) ) REPRESENTATION_CONTEXT ( 'NONE', 'WORKASPACE' ) );
#277 = CARTESIAN_POINT ( 'NONE',  ( -1.469999999999999973, 3.399999999999590905, 0.1499999999953783858 ) ) ;
#278 = LINE ( 'NONE', #541, #575 ) ;
#279 = LINE ( 'NONE', #2196, #1629 ) ;
#280 = PRESENTATION_LAYER_ASSIGNMENT (  '', '', ( #716 ) ) ;
#281 = FILL_AREA_STYLE ('',( #2151 ) ) ;
#282 = FACE_OUTER_BOUND ( 'NONE', #2253, .T. ) ;
#283 = LINE ( 'NONE', #531, #1729 ) ;
#284 = PRESENTATION_STYLE_ASSIGNMENT (( #2426 ) ) ;
#285 = ORIENTED_EDGE ( 'NONE', *, *, #2136, .F. ) ;
#286 = EDGE_CURVE ( 'NONE', #2174, #2044, #339, .T. ) ;
#287 = ORIENTED_EDGE ( 'NONE', *, *, #3029, .T. ) ;
#288 =( NAMED_UNIT ( * ) PLANE_ANGLE_UNIT ( ) SI_UNIT ( $, .RADIAN. ) );
#289 = ADVANCED_FACE ( 'NONE', ( #2250 ), #1800, .F. ) ;
#290 = FILL_AREA_STYLE_COLOUR ( '', #2720 ) ;
#291 = CARTESIAN_POINT ( 'NONE',  ( 1.469999999999999973, 2.962963287683552771, 0.2460173531904671640 ) ) ;
#292 = LINE ( 'NONE', #306, #425 ) ;
#293 =( NAMED_UNIT ( * ) SI_UNIT ( $, .STERADIAN. ) SOLID_ANGLE_UNIT ( ) );
#294 = DIRECTION ( 'NONE',  ( 1.000000000000000000, 0.000000000000000000, 0.000000000000000000 ) ) ;
#295 = UNCERTAINTY_MEASURE_WITH_UNIT (LENGTH_MEASURE( 1.000000000000000082E-05 ), #2109, 'distance_accuracy_value', 'NONE');
#296 = DIRECTION ( 'NONE',  ( -1.000000000000000000, -0.000000000000000000, -0.000000000000000000 ) ) ;
#297 =( GEOMETRIC_REPRESENTATION_CONTEXT ( 3 ) GLOBAL_UNCERTAINTY_ASSIGNED_CONTEXT ( ( #1904 ) ) GLOBAL_UNIT_ASSIGNED_CONTEXT ( ( #2834, #2817, #185 ) ) REPRESENTATION_CONTEXT ( 'NONE', 'WORKASPACE' ) );
#298 = DIRECTION ( 'NONE',  ( -1.000000000000000000, 0.000000000000000000, 0.000000000000000000 ) ) ;
#299 = SURFACE_SIDE_STYLE ('',( #1713 ) ) ;
#300 = VERTEX_POINT ( 'NONE', #2541 ) ;
#301 = COLOUR_RGB ( '',1.000000000000000000, 1.000000000000000000, 1.000000000000000000 ) ;
#302 = ORIENTED_EDGE ( 'NONE', *, *, #1411, .F. ) ;
#303 = PRESENTATION_STYLE_ASSIGNMENT (( #2693 ) ) ;
#304 = LINE ( 'NONE', #1474, #2920 ) ;
#305 = DIRECTION ( 'NONE',  ( 0.000000000000000000, -9.123603059898513417E-17, -1.000000000000000000 ) ) ;
#306 = CARTESIAN_POINT ( 'NONE',  ( 1.070000000000000062, 3.399999999999590905, 0.1499999999953783858 ) ) ;
#307 = ADVANCED_FACE ( 'NONE', ( #3013 ), #2775, .T. ) ;
#308 =( NAMED_UNIT ( * ) SI_UNIT ( $, .STERADIAN. ) SOLID_ANGLE_UNIT ( ) );
#309 = CARTESIAN_POINT ( 'NONE',  ( -1.070000000000000062, 2.394174343933790361, 1.186996506333891865 ) ) ;
#310 = PRESENTATION_STYLE_ASSIGNMENT (( #2457 ) ) ;
#311 = STYLED_ITEM ( 'NONE', ( #1584 ), #12 ) ;
#312 = SURFACE_STYLE_USAGE ( .BOTH. , #2688 ) ;
#313 = ORIENTED_EDGE ( 'NONE', *, *, #2040, .F. ) ;
#314 = SURFACE_STYLE_USAGE ( .BOTH. , #1011 ) ;
#315 = ORIENTED_EDGE ( 'NONE', *, *, #2921, .T. ) ;
#316 = VECTOR ( 'NONE', #2359, 1000.000000000000000 ) ;
#317 = CIRCLE ( 'NONE', #2366, 0.1499999999999998557 ) ;
#318 = DIRECTION ( 'NONE',  ( 0.000000000000000000, 0.3598843120277078755, -0.9329969356628902144 ) ) ;
#319 = STYLED_ITEM ( 'NONE', ( #1870 ), #148 ) ;
#320 = PRESENTATION_STYLE_ASSIGNMENT (( #1067 ) ) ;
#321 = CARTESIAN_POINT ( 'NONE',  ( -1.469999999999999973, 3.399999999999590905, 0.1499999999953783858 ) ) ;
#322 = AXIS2_PLACEMENT_3D ( 'NONE', #1384, #2348, #2257 ) ;
#323 = DIRECTION ( 'NONE',  ( 0.000000000000000000, 0.000000000000000000, -1.000000000000000000 ) ) ;
#324 = ORIENTED_EDGE ( 'NONE', *, *, #2434, .T. ) ;
#325 = STYLED_ITEM ( 'NONE', ( #96 ), #249 ) ;
#326 =( GEOMETRIC_REPRESENTATION_CONTEXT ( 3 ) GLOBAL_UNCERTAINTY_ASSIGNED_CONTEXT ( ( #1510 ) ) GLOBAL_UNIT_ASSIGNED_CONTEXT ( ( #1589, #2049, #1573 ) ) REPRESENTATION_CONTEXT ( 'NONE', 'WORKASPACE' ) );
#327 =( LENGTH_UNIT ( ) NAMED_UNIT ( * ) SI_UNIT ( .MILLI., .METRE. ) );
#328 = DIRECTION ( 'NONE',  ( 0.000000000000000000, 1.000000000000000000, -1.308666447613348142E-15 ) ) ;
#329 = CARTESIAN_POINT ( 'NONE',  ( 1.070000000000000062, -2.100000000006434941, 1.036996506338507151 ) ) ;
#330 = CARTESIAN_POINT ( 'NONE',  ( -1.070000000000000062, -3.102912828032694748, 0.2999999999953782970 ) ) ;
#331 = DIRECTION ( 'NONE',  ( 0.000000000000000000, 0.000000000000000000, -1.000000000000000000 ) ) ;
#332 = ADVANCED_FACE ( 'NONE', ( #1324 ), #3041, .F. ) ;
#333 = DIRECTION ( 'NONE',  ( 0.000000000000000000, 0.000000000000000000, -1.000000000000000000 ) ) ;
#334 = DIRECTION ( 'NONE',  ( 1.000000000000000000, 0.000000000000000000, 0.000000000000000000 ) ) ;
#335 = ORIENTED_EDGE ( 'NONE', *, *, #1160, .F. ) ;
#336 = DIRECTION ( 'NONE',  ( -1.000000000000000000, 0.000000000000000000, 0.000000000000000000 ) ) ;
#337 = ORIENTED_EDGE ( 'NONE', *, *, #35, .T. ) ;
#338 = CARTESIAN_POINT ( 'NONE',  ( -1.469999999999999973, 2.825926575368123750, 0.1920347063916865438 ) ) ;
#339 = LINE ( 'NONE', #2501, #714 ) ;
#340 = PLANE ( 'NONE',  #2626 ) ;
#341 = ORIENTED_EDGE ( 'NONE', *, *, #1021, .F. ) ;
#342 = CARTESIAN_POINT ( 'NONE',  ( -0.4999999999999998890, -1.000000000000000000, 2.200000000000000178 ) ) ;
#343 = ORIENTED_EDGE ( 'NONE', *, *, #2544, .T. ) ;
#344 = SURFACE_SIDE_STYLE ('',( #1039 ) ) ;
#345 = CARTESIAN_POINT ( 'NONE',  ( -1.469999999999999973, -2.825926575368123750, 0.1920347063916865438 ) ) ;
#346 = PRESENTATION_STYLE_ASSIGNMENT (( #1819 ) ) ;
#347 = CARTESIAN_POINT ( 'NONE',  ( 1.070000000000000062, -3.105825656066991236, 0.2999999999999974909 ) ) ;
#348 = EDGE_CURVE ( 'NONE', #1970, #91, #2823, .T. ) ;
#349 = ORIENTED_EDGE ( 'NONE', *, *, #1693, .T. ) ;
#350 =( GEOMETRIC_REPRESENTATION_CONTEXT ( 3 ) GLOBAL_UNCERTAINTY_ASSIGNED_CONTEXT ( ( #3081 ) ) GLOBAL_UNIT_ASSIGNED_CONTEXT ( ( #2930, #1471, #537 ) ) REPRESENTATION_CONTEXT ( 'NONE', 'WORKASPACE' ) );
#351 = FILL_AREA_STYLE_COLOUR ( '', #1040 ) ;
#352 = EDGE_CURVE ( 'NONE', #275, #2087, #1946, .T. ) ;
#353 = ORIENTED_EDGE ( 'NONE', *, *, #2678, .F. ) ;
#354 =( LENGTH_UNIT ( ) NAMED_UNIT ( * ) SI_UNIT ( .MILLI., .METRE. ) );
#355 = FILL_AREA_STYLE_COLOUR ( '', #3070 ) ;
#356 = FACE_OUTER_BOUND ( 'NONE', #1714, .T. ) ;
#357 =( NAMED_UNIT ( * ) PLANE_ANGLE_UNIT ( ) SI_UNIT ( $, .RADIAN. ) );
#358 = ORIENTED_EDGE ( 'NONE', *, *, #975, .F. ) ;
#359 = VECTOR ( 'NONE', #1600, 1000.000000000000000 ) ;
#360 =( NAMED_UNIT ( * ) SI_UNIT ( $, .STERADIAN. ) SOLID_ANGLE_UNIT ( ) );
#361 = ORIENTED_EDGE ( 'NONE', *, *, #1981, .F. ) ;
#362 = PLANE ( 'NONE',  #2168 ) ;
#363 = SURFACE_SIDE_STYLE ('',( #836 ) ) ;
#364 = PLANE ( 'NONE',  #1466 ) ;
#365 = DIRECTION ( 'NONE',  ( -0.000000000000000000, -0.3598843120327457901, -0.9329969356609469910 ) ) ;
#366 = ORIENTED_EDGE ( 'NONE', *, *, #2927, .F. ) ;
#367 = CARTESIAN_POINT ( 'NONE',  ( 1.469999999999999973, 2.394174343933792137, 0.8869965063338917100 ) ) ;
#368 = ORIENTED_EDGE ( 'NONE', *, *, #1089, .T. ) ;
#369 = STYLED_ITEM ( 'NONE', ( #90 ), #111 ) ;
#370 = ADVANCED_FACE ( 'NONE', ( #207 ), #3088, .F. ) ;
#371 = STYLED_ITEM ( 'NONE', ( #1432 ), #2286 ) ;
#372 = ORIENTED_EDGE ( 'NONE', *, *, #2093, .F. ) ;
#373 = ADVANCED_FACE ( 'NONE', ( #2635 ), #449, .T. ) ;
#374 = CIRCLE ( 'NONE', #475, 0.2999999999999998779 ) ;
#375 = VECTOR ( 'NONE', #657, 1000.000000000000000 ) ;
#376 =( GEOMETRIC_REPRESENTATION_CONTEXT ( 3 ) GLOBAL_UNCERTAINTY_ASSIGNED_CONTEXT ( ( #1772 ) ) GLOBAL_UNIT_ASSIGNED_CONTEXT ( ( #1790, #1396, #597 ) ) REPRESENTATION_CONTEXT ( 'NONE', 'WORKASPACE' ) );
#377 = VERTEX_POINT ( 'NONE', #2460 ) ;
#378 =( GEOMETRIC_REPRESENTATION_CONTEXT ( 3 ) GLOBAL_UNCERTAINTY_ASSIGNED_CONTEXT ( ( #2115 ) ) GLOBAL_UNIT_ASSIGNED_CONTEXT ( ( #2299, #1352, #2051 ) ) REPRESENTATION_CONTEXT ( 'NONE', 'WORKASPACE' ) );
#379 = DIRECTION ( 'NONE',  ( 0.000000000000000000, 1.000000000000000000, 1.308666447613348142E-15 ) ) ;
#380 = CARTESIAN_POINT ( 'NONE',  ( 1.070000000000000062, -3.399999999999590905, 0.1499999999953783858 ) ) ;
#381 = ORIENTED_EDGE ( 'NONE', *, *, #1258, .T. ) ;
#382 = FACE_OUTER_BOUND ( 'NONE', #2776, .T. ) ;
#383 = ORIENTED_EDGE ( 'NONE', *, *, #194, .F. ) ;
#384 = SURFACE_STYLE_USAGE ( .BOTH. , #2887 ) ;
#385 = LINE ( 'NONE', #2539, #2614 ) ;
#386 = AXIS2_PLACEMENT_3D ( 'NONE', #1422, #2361, #727 ) ;
#387 = CARTESIAN_POINT ( 'NONE',  ( 1.469999999999999973, -2.100000000006434941, 1.036996506338507151 ) ) ;
#388 = EDGE_CURVE ( 'NONE', #656, #1687, #2238, .T. ) ;
#389 = SURFACE_STYLE_FILL_AREA ( #3012 ) ;
#390 = ORIENTED_EDGE ( 'NONE', *, *, #779, .T. ) ;
#391 = LINE ( 'NONE', #2777, #1318 ) ;
#392 = ORIENTED_EDGE ( 'NONE', *, *, #2076, .F. ) ;
#393 = ADVANCED_FACE ( 'NONE', ( #2443 ), #81, .F. ) ;
#394 = UNCERTAINTY_MEASURE_WITH_UNIT (LENGTH_MEASURE( 1.000000000000000082E-05 ), #3040, 'distance_accuracy_value', 'NONE');
#395 = PLANE ( 'NONE',  #268 ) ;
#396 = DIRECTION ( 'NONE',  ( 0.000000000000000000, 0.000000000000000000, -1.000000000000000000 ) ) ;
#397 = DIRECTION ( 'NONE',  ( -1.000000000000000000, 0.000000000000000000, 0.000000000000000000 ) ) ;
#398 = DIRECTION ( 'NONE',  ( 0.000000000000000000, -0.9329969356628903254, -0.3598843120277079310 ) ) ;
#399 = ORIENTED_EDGE ( 'NONE', *, *, #2738, .F. ) ;
#400 = DIRECTION ( 'NONE',  ( 0.000000000000000000, 0.000000000000000000, 1.000000000000000000 ) ) ;
#401 =( NAMED_UNIT ( * ) PLANE_ANGLE_UNIT ( ) SI_UNIT ( $, .RADIAN. ) );
#402 = LINE ( 'NONE', #2554, #919 ) ;
#403 = DIRECTION ( 'NONE',  ( -0.000000000000000000, 0.2079116908177598144, 0.9781476007338055778 ) ) ;
#404 = STYLED_ITEM ( 'NONE', ( #2581 ), #587 ) ;
#405 = ORIENTED_EDGE ( 'NONE', *, *, #1258, .F. ) ;
#406 = DIRECTION ( 'NONE',  ( 0.000000000000000000, 0.000000000000000000, 1.000000000000000000 ) ) ;
#407 =( NAMED_UNIT ( * ) SI_UNIT ( $, .STERADIAN. ) SOLID_ANGLE_UNIT ( ) );
#408 = EDGE_CURVE ( 'NONE', #438, #2824, #1715, .T. ) ;
#409 = AXIS2_PLACEMENT_3D ( 'NONE', #11, #967, #1944 ) ;
#410 = ORIENTED_EDGE ( 'NONE', *, *, #1989, .T. ) ;
#411 = MECHANICAL_DESIGN_GEOMETRIC_PRESENTATION_REPRESENTATION (  '', ( #2507 ), #2600 ) ;
#412 = EDGE_CURVE ( 'NONE', #1316, #478, #2202, .T. ) ;
#413 = DIRECTION ( 'NONE',  ( 0.000000000000000000, -1.000000000000000000, -9.123603059898513417E-17 ) ) ;
#414 = PRESENTATION_LAYER_ASSIGNMENT (  '', '', ( #750 ) ) ;
#415 = FACE_OUTER_BOUND ( 'NONE', #80, .T. ) ;
#416 = VERTEX_POINT ( 'NONE', #31 ) ;
#417 = CARTESIAN_POINT ( 'NONE',  ( -1.000000000000000000, -1.000000000000000000, 2.100000000000000089 ) ) ;
#418 = VERTEX_POINT ( 'NONE', #2192 ) ;
#419 = CARTESIAN_POINT ( 'NONE',  ( -1.469999999999999973, -2.674073424632076978, 0.9949617999437140314 ) ) ;
#420 = DIRECTION ( 'NONE',  ( 0.000000000000000000, 0.000000000000000000, 1.000000000000000000 ) ) ;
#421 = ORIENTED_EDGE ( 'NONE', *, *, #756, .F. ) ;
#422 = CARTESIAN_POINT ( 'NONE',  ( 1.916187782162975139, 1.966187782162974962, 2.200000000000000178 ) ) ;
#423 = DIRECTION ( 'NONE',  ( 0.000000000000000000, 0.000000000000000000, -1.000000000000000000 ) ) ;
#424 = AXIS2_PLACEMENT_3D ( 'NONE', #843, #2754, #400 ) ;
#425 = VECTOR ( 'NONE', #1763, 1000.000000000000000 ) ;
#426 = VECTOR ( 'NONE', #397, 1000.000000000000000 ) ;
#427 = STYLED_ITEM ( 'NONE', ( #1919 ), #1648 ) ;
#428 = PRESENTATION_STYLE_ASSIGNMENT (( #1559 ) ) ;
#429 =( GEOMETRIC_REPRESENTATION_CONTEXT ( 3 ) GLOBAL_UNCERTAINTY_ASSIGNED_CONTEXT ( ( #2028 ) ) GLOBAL_UNIT_ASSIGNED_CONTEXT ( ( #1691, #1655, #2149 ) ) REPRESENTATION_CONTEXT ( 'NONE', 'WORKASPACE' ) );
#430 = CIRCLE ( 'NONE', #1836, 0.5000000000000001110 ) ;
#431 =( NAMED_UNIT ( * ) PLANE_ANGLE_UNIT ( ) SI_UNIT ( $, .RADIAN. ) );
#432 = AXIS2_PLACEMENT_3D ( 'NONE', #1016, #1034, #1277 ) ;
#433 = EDGE_CURVE ( 'NONE', #2661, #1879, #44, .T. ) ;
#434 = UNCERTAINTY_MEASURE_WITH_UNIT (LENGTH_MEASURE( 1.000000000000000082E-05 ), #1756, 'distance_accuracy_value', 'NONE');
#435 = STYLED_ITEM ( 'NONE', ( #1081 ), #3044 ) ;
#436 = ORIENTED_EDGE ( 'NONE', *, *, #668, .F. ) ;
#437 = CARTESIAN_POINT ( 'NONE',  ( -1.469999999999999973, -3.102912828032695636, 0.1499999999953784413 ) ) ;
#438 = VERTEX_POINT ( 'NONE', #1450 ) ;
#439 = CARTESIAN_POINT ( 'NONE',  ( 1.469999999999999973, -2.181508321736364220, 1.186996506333891643 ) ) ;
#440 = ORIENTED_EDGE ( 'NONE', *, *, #1446, .F. ) ;
#441 = CARTESIAN_POINT ( 'NONE',  ( 1.469999999999999973, -2.394174343933790361, 1.186996506333891865 ) ) ;
#442 = DIRECTION ( 'NONE',  ( -1.000000000000000000, 0.000000000000000000, 0.000000000000000000 ) ) ;
#443 = CARTESIAN_POINT ( 'NONE',  ( 1.469999999999999973, -2.962963287683552771, 0.2460173531904671640 ) ) ;
#444 = EDGE_CURVE ( 'NONE', #1206, #835, #2941, .T. ) ;
#445 = PLANE ( 'NONE',  #253 ) ;
#446 = VERTEX_POINT ( 'NONE', #2705 ) ;
#447 =( NAMED_UNIT ( * ) SI_UNIT ( $, .STERADIAN. ) SOLID_ANGLE_UNIT ( ) );
#448 = CARTESIAN_POINT ( 'NONE',  ( 1.469999999999999973, 2.100000000006434941, 1.036996506338507151 ) ) ;
#449 = PLANE ( 'NONE',  #92 ) ;
#450 = ORIENTED_EDGE ( 'NONE', *, *, #75, .F. ) ;
#451 = LINE ( 'NONE', #1232, #121 ) ;
#452 = SURFACE_STYLE_FILL_AREA ( #2606 ) ;
#453 = CARTESIAN_POINT ( 'NONE',  ( -1.469999999999999973, 2.181508321736363332, 1.186996506333891643 ) ) ;
#454 = PRESENTATION_LAYER_ASSIGNMENT (  '', '', ( #71 ) ) ;
#455 = CARTESIAN_POINT ( 'NONE',  ( -1.469999999999999973, 3.399999999999590905, -5.935518276033900995E-15 ) ) ;
#456 = VECTOR ( 'NONE', #1147, 1000.000000000000000 ) ;
#457 = UNCERTAINTY_MEASURE_WITH_UNIT (LENGTH_MEASURE( 1.000000000000000082E-05 ), #819, 'distance_accuracy_value', 'NONE');
#458 = VECTOR ( 'NONE', #931, 1000.000000000000000 ) ;
#459 = DIRECTION ( 'NONE',  ( 0.000000000000000000, 1.000000000000000000, 1.187103655206779410E-14 ) ) ;
#460 = DIRECTION ( 'NONE',  ( 0.000000000000000000, 0.9329969356609469910, -0.3598843120327457901 ) ) ;
#461 = VERTEX_POINT ( 'NONE', #760 ) ;
#462 = MECHANICAL_DESIGN_GEOMETRIC_PRESENTATION_REPRESENTATION (  '', ( #2165 ), #2217 ) ;
#463 = ORIENTED_EDGE ( 'NONE', *, *, #133, .F. ) ;
#464 = CARTESIAN_POINT ( 'NONE',  ( -2.149999999999999911, -2.200000000000000622, 1.100000000000000089 ) ) ;
#465 = EDGE_CURVE ( 'NONE', #1505, #2174, #2892, .T. ) ;
#466 = LINE ( 'NONE', #666, #473 ) ;
#467 = PRESENTATION_STYLE_ASSIGNMENT (( #1244 ) ) ;
#468 = VECTOR ( 'NONE', #2029, 1000.000000000000000 ) ;
#469 = PLANE ( 'NONE',  #2567 ) ;
#470 = AXIS2_PLACEMENT_3D ( 'NONE', #2064, #617, #2527 ) ;
#471 = STYLED_ITEM ( 'NONE', ( #1180 ), #332 ) ;
#472 = STYLED_ITEM ( 'NONE', ( #2153 ), #2676 ) ;
#473 = VECTOR ( 'NONE', #924, 1000.000000000000000 ) ;
#474 = SURFACE_SIDE_STYLE ('',( #2612 ) ) ;
#475 = AXIS2_PLACEMENT_3D ( 'NONE', #347, #2306, #1825 ) ;
#476 = SURFACE_STYLE_FILL_AREA ( #201 ) ;
#477 = COLOUR_RGB ( '',0.3333333333333333148, 0.3333333333333333148, 0.3333333333333333148 ) ;
#478 = VERTEX_POINT ( 'NONE', #1230 ) ;
#479 =( GEOMETRIC_REPRESENTATION_CONTEXT ( 3 ) GLOBAL_UNCERTAINTY_ASSIGNED_CONTEXT ( ( #981 ) ) GLOBAL_UNIT_ASSIGNED_CONTEXT ( ( #1350, #357, #2067 ) ) REPRESENTATION_CONTEXT ( 'NONE', 'WORKASPACE' ) );
#480 = ORIENTED_EDGE ( 'NONE', *, *, #2785, .T. ) ;
#481 = DIRECTION ( 'NONE',  ( 0.000000000000000000, -1.000000000000000000, -9.123603059898513417E-17 ) ) ;
#482 = EDGE_CURVE ( 'NONE', #116, #2486, #2413, .T. ) ;
#483 =( NAMED_UNIT ( * ) SI_UNIT ( $, .STERADIAN. ) SOLID_ANGLE_UNIT ( ) );
#484 = DIRECTION ( 'NONE',  ( 0.000000000000000000, -0.9329969356628903254, 0.3598843120277079310 ) ) ;
#485 = DIRECTION ( 'NONE',  ( 1.000000000000000000, -0.000000000000000000, -0.000000000000000000 ) ) ;
#486 = LINE ( 'NONE', #1659, #1979 ) ;
#487 = CARTESIAN_POINT ( 'NONE',  ( -1.469999999999999973, 2.394174343933792137, 0.8869965063338917100 ) ) ;
#488 = EDGE_CURVE ( 'NONE', #2170, #845, #2482, .T. ) ;
#489 = CARTESIAN_POINT ( 'NONE',  ( -1.070000000000000062, -2.181508321736364220, 1.186996506333891643 ) ) ;
#490 = SURFACE_SIDE_STYLE ('',( #220 ) ) ;
#491 = FILL_AREA_STYLE_COLOUR ( '', #940 ) ;
#492 = CYLINDRICAL_SURFACE ( 'NONE', #2119, 0.1499999999999998557 ) ;
#493 = EDGE_LOOP ( 'NONE', ( #2160, #1993, #390, #2753, #2095, #45, #549, #538, #563, #2552, #1769, #1996, #1314 ) ) ;
#494 = CARTESIAN_POINT ( 'NONE',  ( -2.149999999999999911, -2.200000000000000622, 1.100000000000000089 ) ) ;
#495 = FILL_AREA_STYLE ('',( #1392 ) ) ;
#496 = ORIENTED_EDGE ( 'NONE', *, *, #2717, .F. ) ;
#497 = FILL_AREA_STYLE_COLOUR ( '', #1415 ) ;
#498 = SURFACE_STYLE_USAGE ( .BOTH. , #734 ) ;
#499 = DIRECTION ( 'NONE',  ( 1.000000000000000000, 0.000000000000000000, 0.000000000000000000 ) ) ;
#500 = VECTOR ( 'NONE', #2429, 1000.000000000000000 ) ;
#501 = PRESENTATION_LAYER_ASSIGNMENT (  '', '', ( #94 ) ) ;
#502 = CARTESIAN_POINT ( 'NONE',  ( -1.469999999999999973, 2.100000000006434941, 1.036996506338507151 ) ) ;
#503 = CARTESIAN_POINT ( 'NONE',  ( -1.916187782162975139, 1.966187782162974962, 2.200000000000000178 ) ) ;
#504 = EDGE_CURVE ( 'NONE', #1051, #2704, #272, .T. ) ;
#505 = VECTOR ( 'NONE', #36, 1000.000000000000114 ) ;
#506 =( LENGTH_UNIT ( ) NAMED_UNIT ( * ) SI_UNIT ( .MILLI., .METRE. ) );
#507 = ORIENTED_EDGE ( 'NONE', *, *, #1024, .F. ) ;
#508 = AXIS2_PLACEMENT_3D ( 'NONE', #1401, #1176, #993 ) ;
#509 = DIRECTION ( 'NONE',  ( -0.2035585949527793370, -0.2035585949527793648, 0.9576678948579724349 ) ) ;
#510 = CARTESIAN_POINT ( 'NONE',  ( -1.469999999999999973, -3.399999999999590905, -5.935518276033900995E-15 ) ) ;
#511 = EDGE_LOOP ( 'NONE', ( #1702, #2784 ) ) ;
#512 = FACE_OUTER_BOUND ( 'NONE', #795, .T. ) ;
#513 = SURFACE_STYLE_USAGE ( .BOTH. , #1697 ) ;
#514 = UNCERTAINTY_MEASURE_WITH_UNIT (LENGTH_MEASURE( 1.000000000000000082E-05 ), #1097, 'distance_accuracy_value', 'NONE');
#515 = CARTESIAN_POINT ( 'NONE',  ( 1.070000000000000062, -3.102912828032694748, 0.2999999999953782970 ) ) ;
#516 = ADVANCED_FACE ( 'NONE', ( #2660 ), #523, .T. ) ;
#517 = CIRCLE ( 'NONE', #1720, 0.2999999999999998779 ) ;
#518 = LINE ( 'NONE', #2846, #1675 ) ;
#519 =( NAMED_UNIT ( * ) SI_UNIT ( $, .STERADIAN. ) SOLID_ANGLE_UNIT ( ) );
#520 = VECTOR ( 'NONE', #2252, 1000.000000000000000 ) ;
#521 = VECTOR ( 'NONE', #1189, 1000.000000000000000 ) ;
#522 = VERTEX_POINT ( 'NONE', #809 ) ;
#523 = CYLINDRICAL_SURFACE ( 'NONE', #1602, 0.2999999999999998224 ) ;
#524 = MECHANICAL_DESIGN_GEOMETRIC_PRESENTATION_REPRESENTATION (  '', ( #1464 ), #2523 ) ;
#525 = ORIENTED_EDGE ( 'NONE', *, *, #352, .T. ) ;
#526 = AXIS2_PLACEMENT_3D ( 'NONE', #2311, #1762, #2728 ) ;
#527 = CARTESIAN_POINT ( 'NONE',  ( 1.070000000000000062, -3.399999999999590905, -5.935518276033900995E-15 ) ) ;
#528 = CARTESIAN_POINT ( 'NONE',  ( 1.469999999999999973, -2.825926575368123750, 0.1920347063916865438 ) ) ;
#529 = FILL_AREA_STYLE ('',( #2378 ) ) ;
#530 =( LENGTH_UNIT ( ) NAMED_UNIT ( * ) SI_UNIT ( .MILLI., .METRE. ) );
#531 = CARTESIAN_POINT ( 'NONE',  ( -1.469999999999999973, 2.431391447983967780, 1.036996506338507595 ) ) ;
#532 = CARTESIAN_POINT ( 'NONE',  ( -1.070000000000000062, 2.100000000006434941, 1.186996506333891643 ) ) ;
#533 = LINE ( 'NONE', #2687, #1607 ) ;
#534 = VECTOR ( 'NONE', #1025, 1000.000000000000000 ) ;
#535 = ORIENTED_EDGE ( 'NONE', *, *, #2890, .F. ) ;
#536 = EDGE_CURVE ( 'NONE', #1316, #145, #3006, .T. ) ;
#537 =( NAMED_UNIT ( * ) SI_UNIT ( $, .STERADIAN. ) SOLID_ANGLE_UNIT ( ) );
#538 = ORIENTED_EDGE ( 'NONE', *, *, #668, .T. ) ;
#539 = EDGE_CURVE ( 'NONE', #2542, #1053, #1062, .T. ) ;
#540 = FILL_AREA_STYLE ('',( #813 ) ) ;
#541 = CARTESIAN_POINT ( 'NONE',  ( -1.070000000000000062, 3.399999999999590905, 0.1499999999953783858 ) ) ;
#542 = SURFACE_SIDE_STYLE ('',( #780 ) ) ;
#543 = EDGE_CURVE ( 'NONE', #2583, #2262, #615, .T. ) ;
#544 =( NAMED_UNIT ( * ) PLANE_ANGLE_UNIT ( ) SI_UNIT ( $, .RADIAN. ) );
#545 = LINE ( 'NONE', #2013, #2458 ) ;
#546 = UNCERTAINTY_MEASURE_WITH_UNIT (LENGTH_MEASURE( 1.000000000000000082E-05 ), #1541, 'distance_accuracy_value', 'NONE');
#547 = FILL_AREA_STYLE_COLOUR ( '', #703 ) ;
#548 =( NAMED_UNIT ( * ) SI_UNIT ( $, .STERADIAN. ) SOLID_ANGLE_UNIT ( ) );
#549 = ORIENTED_EDGE ( 'NONE', *, *, #1793, .T. ) ;
#550 = MECHANICAL_DESIGN_GEOMETRIC_PRESENTATION_REPRESENTATION (  '', ( #2997 ), #2948 ) ;
#551 = DIRECTION ( 'NONE',  ( 0.000000000000000000, -0.000000000000000000, -1.000000000000000000 ) ) ;
#552 = VERTEX_POINT ( 'NONE', #140 ) ;
#553 = VECTOR ( 'NONE', #1862, 1000.000000000000000 ) ;
#554 = VECTOR ( 'NONE', #1646, 1000.000000000000000 ) ;
#555 = ADVANCED_FACE ( 'NONE', ( #382 ), #841, .T. ) ;
#556 =( NAMED_UNIT ( * ) SI_UNIT ( $, .STERADIAN. ) SOLID_ANGLE_UNIT ( ) );
#557 = ORIENTED_EDGE ( 'NONE', *, *, #1728, .F. ) ;
#558 = EDGE_CURVE ( 'NONE', #2740, #1051, #1110, .T. ) ;
#559 = DIRECTION ( 'NONE',  ( -0.9781476007338055778, 0.000000000000000000, -0.2079116908177597867 ) ) ;
#560 = CARTESIAN_POINT ( 'NONE',  ( -1.469999999999999973, -2.825926575368123750, 0.1920347063916865438 ) ) ;
#561 = CARTESIAN_POINT ( 'NONE',  ( -1.469999999999999973, -2.100000000006434941, 1.036996506338507151 ) ) ;
#562 = SURFACE_STYLE_FILL_AREA ( #1743 ) ;
#563 = ORIENTED_EDGE ( 'NONE', *, *, #194, .T. ) ;
#564 = MECHANICAL_DESIGN_GEOMETRIC_PRESENTATION_REPRESENTATION (  '', ( #1928 ), #2712 ) ;
#565 = COLOUR_RGB ( '',0.6274509803921568540, 0.6274509803921568540, 0.6274509803921568540 ) ;
#566 = CARTESIAN_POINT ( 'NONE',  ( 1.469999999999999973, -2.431391447983968668, 0.9369965063385076176 ) ) ;
#567 = ORIENTED_EDGE ( 'NONE', *, *, #850, .T. ) ;
#568 = AXIS2_PLACEMENT_3D ( 'NONE', #2456, #2242, #2199 ) ;
#569 = STYLED_ITEM ( 'NONE', ( #1186 ), #1594 ) ;
#570 = SURFACE_SIDE_STYLE ('',( #1065 ) ) ;
#571 = CARTESIAN_POINT ( 'NONE',  ( -1.916187782162975139, -1.966187782162975850, 2.200000000000000178 ) ) ;
#572 = AXIS2_PLACEMENT_3D ( 'NONE', #528, #484, #955 ) ;
#573 = VECTOR ( 'NONE', #2889, 1000.000000000000000 ) ;
#574 = ORIENTED_EDGE ( 'NONE', *, *, #643, .F. ) ;
#575 = VECTOR ( 'NONE', #1949, 1000.000000000000000 ) ;
#576 = EDGE_CURVE ( 'NONE', #835, #134, #873, .T. ) ;
#577 = AXIS2_PLACEMENT_3D ( 'NONE', #1101, #72, #420 ) ;
#578 =( NAMED_UNIT ( * ) SI_UNIT ( $, .STERADIAN. ) SOLID_ANGLE_UNIT ( ) );
#579 = ORIENTED_EDGE ( 'NONE', *, *, #2395, .F. ) ;
#580 = LINE ( 'NONE', #595, #2701 ) ;
#581 = UNCERTAINTY_MEASURE_WITH_UNIT (LENGTH_MEASURE( 1.000000000000000082E-05 ), #1784, 'distance_accuracy_value', 'NONE');
#582 = CARTESIAN_POINT ( 'NONE',  ( 1.469999999999999973, 2.394174343933792137, 0.8869965063338917100 ) ) ;
#583 = SURFACE_STYLE_FILL_AREA ( #632 ) ;
#584 = ADVANCED_FACE ( 'NONE', ( #415 ), #650, .T. ) ;
#585 =( NAMED_UNIT ( * ) PLANE_ANGLE_UNIT ( ) SI_UNIT ( $, .RADIAN. ) );
#587 = ADVANCED_FACE ( 'NONE', ( #2632, #2595 ), #445, .T. ) ;
#586 =( LENGTH_UNIT ( ) NAMED_UNIT ( * ) SI_UNIT ( .MILLI., .METRE. ) );
#588 = DIRECTION ( 'NONE',  ( 1.000000000000000000, 0.000000000000000000, 0.000000000000000000 ) ) ;
#589 = ORIENTED_EDGE ( 'NONE', *, *, #838, .F. ) ;
#590 = ORIENTED_EDGE ( 'NONE', *, *, #1326, .F. ) ;
#591 = PRESENTATION_STYLE_ASSIGNMENT (( #2007 ) ) ;
#592 =( NAMED_UNIT ( * ) PLANE_ANGLE_UNIT ( ) SI_UNIT ( $, .RADIAN. ) );
#593 = ORIENTED_EDGE ( 'NONE', *, *, #779, .F. ) ;
#594 = PRESENTATION_STYLE_ASSIGNMENT (( #2452 ) ) ;
#595 = CARTESIAN_POINT ( 'NONE',  ( 1.469999999999999973, 3.399999999999590905, 0.1499999999953783858 ) ) ;
#596 = CARTESIAN_POINT ( 'NONE',  ( -1.469999999999999973, 3.399999999999590905, -5.935518276033900995E-15 ) ) ;
#597 =( NAMED_UNIT ( * ) SI_UNIT ( $, .STERADIAN. ) SOLID_ANGLE_UNIT ( ) );
#598 = APPLICATION_CONTEXT ( 'automotive_design' ) ;
#599 = DIRECTION ( 'NONE',  ( 0.000000000000000000, 0.9781476007338055778, 0.2079116908177598144 ) ) ;
#600 = ADVANCED_FACE ( 'NONE', ( #3037 ), #1431, .T. ) ;
#601 = SURFACE_STYLE_USAGE ( .BOTH. , #2737 ) ;
#602 = EDGE_LOOP ( 'NONE', ( #1103, #2603, #58, #2334, #2526, #1070, #2048, #3089, #1063, #2157, #2996, #1593, #557 ) ) ;
#603 = ORIENTED_EDGE ( 'NONE', *, *, #1690, .T. ) ;
#604 = DIRECTION ( 'NONE',  ( 0.000000000000000000, -0.000000000000000000, -1.000000000000000000 ) ) ;
#605 = ORIENTED_EDGE ( 'NONE', *, *, #611, .T. ) ;
#606 = PRESENTATION_LAYER_ASSIGNMENT (  '', '', ( #2507 ) ) ;
#607 = FILL_AREA_STYLE ('',( #2026 ) ) ;
#608 = VERTEX_POINT ( 'NONE', #254 ) ;
#609 = CARTESIAN_POINT ( 'NONE',  ( -1.469999999999999973, 2.100000000006434941, 1.186996506333891643 ) ) ;
#610 = EDGE_CURVE ( 'NONE', #2087, #1487, #1205, .T. ) ;
#611 = EDGE_CURVE ( 'NONE', #1129, #2346, #1547, .T. ) ;
#612 = LINE ( 'NONE', #3036, #2418 ) ;
#613 = COLOUR_RGB ( '',1.000000000000000000, 1.000000000000000000, 1.000000000000000000 ) ;
#614 = ORIENTED_EDGE ( 'NONE', *, *, #891, .T. ) ;
#615 = LINE ( 'NONE', #1779, #840 ) ;
#616 = ORIENTED_EDGE ( 'NONE', *, *, #793, .T. ) ;
#617 = DIRECTION ( 'NONE',  ( 0.000000000000000000, 0.000000000000000000, 1.000000000000000000 ) ) ;
#618 = PRESENTATION_LAYER_ASSIGNMENT (  '', '', ( #1974 ) ) ;
#619 =( GEOMETRIC_REPRESENTATION_CONTEXT ( 3 ) GLOBAL_UNCERTAINTY_ASSIGNED_CONTEXT ( ( #944 ) ) GLOBAL_UNIT_ASSIGNED_CONTEXT ( ( #1380, #190, #2145 ) ) REPRESENTATION_CONTEXT ( 'NONE', 'WORKASPACE' ) );
#620 = SURFACE_SIDE_STYLE ('',( #1066 ) ) ;
#621 =( GEOMETRIC_REPRESENTATION_CONTEXT ( 3 ) GLOBAL_UNCERTAINTY_ASSIGNED_CONTEXT ( ( #1420 ) ) GLOBAL_UNIT_ASSIGNED_CONTEXT ( ( #2441, #2245, #57 ) ) REPRESENTATION_CONTEXT ( 'NONE', 'WORKASPACE' ) );
#622 = CIRCLE ( 'NONE', #3020, 0.2999999999999999334 ) ;
#623 = ORIENTED_EDGE ( 'NONE', *, *, #1707, .F. ) ;
#624 = CARTESIAN_POINT ( 'NONE',  ( 1.469999999999999973, 2.181508321736363332, 1.186996506333891643 ) ) ;
#625 = COLOUR_RGB ( '',1.000000000000000000, 1.000000000000000000, 1.000000000000000000 ) ;
#626 = CIRCLE ( 'NONE', #432, 0.2999999999999998779 ) ;
#627 = PRESENTATION_LAYER_ASSIGNMENT (  '', '', ( #867 ) ) ;
#628 = EDGE_LOOP ( 'NONE', ( #2278, #3055, #1122, #1689, #2218, #1868, #936, #2849, #1817, #2516, #2659, #616, #1875 ) ) ;
#629 = AXIS2_PLACEMENT_3D ( 'NONE', #63, #1015, #1971 ) ;
#630 = PRESENTATION_LAYER_ASSIGNMENT (  '', '', ( #2182 ) ) ;
#631 = AXIS2_PLACEMENT_3D ( 'NONE', #972, #2173, #1880 ) ;
#632 = FILL_AREA_STYLE ('',( #1774 ) ) ;
#633 = CARTESIAN_POINT ( 'NONE',  ( -1.070000000000000062, -3.399999999999590905, -5.935518276033900995E-15 ) ) ;
#634 = LINE ( 'NONE', #672, #1758 ) ;
#635 = LINE ( 'NONE', #1583, #1514 ) ;
#636 = FILL_AREA_STYLE ('',( #3005 ) ) ;
#637 = ORIENTED_EDGE ( 'NONE', *, *, #1587, .F. ) ;
#638 = CARTESIAN_POINT ( 'NONE',  ( 1.469999999999999973, -3.399999999999590905, 0.1499999999953783858 ) ) ;
#639 = SURFACE_STYLE_USAGE ( .BOTH. , #655 ) ;
#640 = CARTESIAN_POINT ( 'NONE',  ( 1.469999999999999973, -2.200000000000000622, 1.100000000000000089 ) ) ;
#641 = SURFACE_STYLE_USAGE ( .BOTH. , #1854 ) ;
#642 = ORIENTED_EDGE ( 'NONE', *, *, #482, .T. ) ;
#643 = EDGE_CURVE ( 'NONE', #91, #1543, #2608, .T. ) ;
#644 = EDGE_CURVE ( 'NONE', #868, #461, #1656, .T. ) ;
#645 = EDGE_LOOP ( 'NONE', ( #60, #392, #496, #1542 ) ) ;
#646 = SURFACE_SIDE_STYLE ('',( #2534 ) ) ;
#647 = LINE ( 'NONE', #2535, #359 ) ;
#648 = UNCERTAINTY_MEASURE_WITH_UNIT (LENGTH_MEASURE( 1.000000000000000082E-05 ), #2786, 'distance_accuracy_value', 'NONE');
#649 = FACE_OUTER_BOUND ( 'NONE', #782, .T. ) ;
#650 = PLANE ( 'NONE',  #2053 ) ;
#651 = ORIENTED_EDGE ( 'NONE', *, *, #1931, .T. ) ;
#652 = VECTOR ( 'NONE', #2004, 999.9999999999998863 ) ;
#653 = CARTESIAN_POINT ( 'NONE',  ( 1.070000000000000062, -2.825926575368123750, 0.1920347063916865438 ) ) ;
#654 = EDGE_LOOP ( 'NONE', ( #953, #2430, #3052, #579 ) ) ;
#655 = SURFACE_SIDE_STYLE ('',( #1813 ) ) ;
#656 = VERTEX_POINT ( 'NONE', #233 ) ;
#657 = DIRECTION ( 'NONE',  ( -0.000000000000000000, 1.000000000000000000, -1.187103655206779410E-14 ) ) ;
#658 = VECTOR ( 'NONE', #1135, 1000.000000000000000 ) ;
#659 = FILL_AREA_STYLE_COLOUR ( '', #2108 ) ;
#660 = DIRECTION ( 'NONE',  ( 0.000000000000000000, -0.3598843120327457901, -0.9329969356609469910 ) ) ;
#661 = SURFACE_STYLE_USAGE ( .BOTH. , #1685 ) ;
#662 = ORIENTED_EDGE ( 'NONE', *, *, #2169, .T. ) ;
#663 = SURFACE_STYLE_FILL_AREA ( #2803 ) ;
#664 = CARTESIAN_POINT ( 'NONE',  ( 1.469999999999999973, 2.524691141550257978, 0.9729849375412779056 ) ) ;
#665 = ORIENTED_EDGE ( 'NONE', *, *, #1820, .F. ) ;
#666 = CARTESIAN_POINT ( 'NONE',  ( 1.469999999999999973, 3.399999999999590905, -5.935518276033900995E-15 ) ) ;
#667 = VECTOR ( 'NONE', #509, 1000.000000000000114 ) ;
#668 = EDGE_CURVE ( 'NONE', #1543, #1240, #1658, .T. ) ;
#669 =( GEOMETRIC_REPRESENTATION_CONTEXT ( 3 ) GLOBAL_UNCERTAINTY_ASSIGNED_CONTEXT ( ( #1236 ) ) GLOBAL_UNIT_ASSIGNED_CONTEXT ( ( #1627, #2757, #1611 ) ) REPRESENTATION_CONTEXT ( 'NONE', 'WORKASPACE' ) );
#670 = EDGE_CURVE ( 'NONE', #2241, #2414, #1427, .T. ) ;
#671 = AXIS2_PLACEMENT_3D ( 'NONE', #2404, #1929, #3090 ) ;
#672 = CARTESIAN_POINT ( 'NONE',  ( -1.070000000000000062, -3.399999999999590905, 0.1499999999953783858 ) ) ;
#673 = MECHANICAL_DESIGN_GEOMETRIC_PRESENTATION_REPRESENTATION (  '', ( #1631 ), #1833 ) ;
#674 = UNCERTAINTY_MEASURE_WITH_UNIT (LENGTH_MEASURE( 1.000000000000000082E-05 ), #2498, 'distance_accuracy_value', 'NONE');
#675 =( NAMED_UNIT ( * ) PLANE_ANGLE_UNIT ( ) SI_UNIT ( $, .RADIAN. ) );
#676 = EDGE_LOOP ( 'NONE', ( #302, #2837, #2503, #82 ) ) ;
#677 = ORIENTED_EDGE ( 'NONE', *, *, #1529, .F. ) ;
#678 = SURFACE_STYLE_FILL_AREA ( #952 ) ;
#679 = ORIENTED_EDGE ( 'NONE', *, *, #1326, .T. ) ;
#680 = CARTESIAN_POINT ( 'NONE',  ( 1.069999999999998952, 2.199999999999999734, 1.100000000000000089 ) ) ;
#681 = DIRECTION ( 'NONE',  ( 1.000000000000000000, 0.000000000000000000, -0.000000000000000000 ) ) ;
#682 = PRESENTATION_STYLE_ASSIGNMENT (( #1708 ) ) ;
#683 = ADVANCED_FACE ( 'NONE', ( #3093 ), #2150, .F. ) ;
#684 = SURFACE_STYLE_FILL_AREA ( #1151 ) ;
#685 = PLANE ( 'NONE',  #1770 ) ;
#686 = ORIENTED_EDGE ( 'NONE', *, *, #1376, .F. ) ;
#687 = ORIENTED_EDGE ( 'NONE', *, *, #408, .F. ) ;
#688 = CARTESIAN_POINT ( 'NONE',  ( -1.070000000000000062, 2.199999999999999734, 1.100000000000000089 ) ) ;
#689 =( NAMED_UNIT ( * ) SI_UNIT ( $, .STERADIAN. ) SOLID_ANGLE_UNIT ( ) );
#690 = LINE ( 'NONE', #2433, #713 ) ;
#691 = LINE ( 'NONE', #1721, #2816 ) ;
#692 =( NAMED_UNIT ( * ) SI_UNIT ( $, .STERADIAN. ) SOLID_ANGLE_UNIT ( ) );
#693 = UNCERTAINTY_MEASURE_WITH_UNIT (LENGTH_MEASURE( 1.000000000000000082E-05 ), #2089, 'distance_accuracy_value', 'NONE');
#694 = FILL_AREA_STYLE_COLOUR ( '', #2073 ) ;
#695 = EDGE_CURVE ( 'NONE', #731, #2099, #907, .T. ) ;
#696 = CARTESIAN_POINT ( 'NONE',  ( -1.070000000000000062, 3.102912828032694748, 0.2999999999953782970 ) ) ;
#697 = PRESENTATION_STYLE_ASSIGNMENT (( #2382 ) ) ;
#698 = EDGE_CURVE ( 'NONE', #2756, #2300, #2407, .T. ) ;
#699 = ORIENTED_EDGE ( 'NONE', *, *, #2987, .F. ) ;
#700 = PLANE ( 'NONE',  #1315 ) ;
#701 = STYLED_ITEM ( 'NONE', ( #1903 ), #1085 ) ;
#702 = VERTEX_POINT ( 'NONE', #2638 ) ;
#703 = COLOUR_RGB ( '',0.6274509803921568540, 0.6274509803921568540, 0.6274509803921568540 ) ;
#704 = PLANE ( 'NONE',  #2421 ) ;
#705 = CARTESIAN_POINT ( 'NONE',  ( 1.069999999999999840, -2.200000000000000622, 1.100000000000000089 ) ) ;
#706 = PRESENTATION_LAYER_ASSIGNMENT (  '', '', ( #369 ) ) ;
#707 = MECHANICAL_DESIGN_GEOMETRIC_PRESENTATION_REPRESENTATION (  '', ( #9 ), #1669 ) ;
#708 = MECHANICAL_DESIGN_GEOMETRIC_PRESENTATION_REPRESENTATION (  '', ( #471 ), #860 ) ;
#709 = DIRECTION ( 'NONE',  ( -0.000000000000000000, -1.000000000000000000, 9.123603059898513417E-17 ) ) ;
#710 = AXIS2_PLACEMENT_3D ( 'NONE', #2536, #1548, #852 ) ;
#711 = PRESENTATION_LAYER_ASSIGNMENT (  '', '', ( #1928 ) ) ;
#712 =( LENGTH_UNIT ( ) NAMED_UNIT ( * ) SI_UNIT ( .MILLI., .METRE. ) );
#713 = VECTOR ( 'NONE', #2886, 1000.000000000000114 ) ;
#714 = VECTOR ( 'NONE', #1291, 1000.000000000000000 ) ;
#715 =( NAMED_UNIT ( * ) PLANE_ANGLE_UNIT ( ) SI_UNIT ( $, .RADIAN. ) );
#716 = STYLED_ITEM ( 'NONE', ( #320 ), #2965 ) ;
#717 = ORIENTED_EDGE ( 'NONE', *, *, #213, .T. ) ;
#718 = CARTESIAN_POINT ( 'NONE',  ( 1.469999999999999973, 2.962963287683552771, 0.2460173531904671640 ) ) ;
#719 = VERTEX_POINT ( 'NONE', #5 ) ;
#720 =( LENGTH_UNIT ( ) NAMED_UNIT ( * ) SI_UNIT ( .MILLI., .METRE. ) );
#721 = SURFACE_STYLE_FILL_AREA ( #2877 ) ;
#722 = ADVANCED_FACE ( 'NONE', ( #1888 ), #2375, .T. ) ;
#723 = LINE ( 'NONE', #2135, #573 ) ;
#724 = SURFACE_STYLE_FILL_AREA ( #1940 ) ;
#725 = UNCERTAINTY_MEASURE_WITH_UNIT (LENGTH_MEASURE( 1.000000000000000082E-05 ), #1320, 'distance_accuracy_value', 'NONE');
#726 =( NAMED_UNIT ( * ) SI_UNIT ( $, .STERADIAN. ) SOLID_ANGLE_UNIT ( ) );
#727 = DIRECTION ( 'NONE',  ( 0.000000000000000000, 0.000000000000000000, 1.000000000000000000 ) ) ;
#728 = FACE_OUTER_BOUND ( 'NONE', #2759, .T. ) ;
#729 = ORIENTED_EDGE ( 'NONE', *, *, #1204, .T. ) ;
#730 = SURFACE_STYLE_FILL_AREA ( #2883 ) ;
#731 = VERTEX_POINT ( 'NONE', #1504 ) ;
#732 = CARTESIAN_POINT ( 'NONE',  ( -1.469999999999999973, 2.431391447983968668, 0.9369965063385076176 ) ) ;
#733 = DIRECTION ( 'NONE',  ( 0.000000000000000000, 0.000000000000000000, -1.000000000000000000 ) ) ;
#734 = SURFACE_SIDE_STYLE ('',( #1199 ) ) ;
#735 = EDGE_CURVE ( 'NONE', #2744, #2704, #67, .T. ) ;
#736 = DIRECTION ( 'NONE',  ( 0.9781476007338055778, 0.000000000000000000, 0.2079116908177597867 ) ) ;
#737 = PRESENTATION_LAYER_ASSIGNMENT (  '', '', ( #2939 ) ) ;
#738 = PLANE ( 'NONE',  #1565 ) ;
#739 = LINE ( 'NONE', #561, #2715 ) ;
#740 = VECTOR ( 'NONE', #2337, 1000.000000000000000 ) ;
#741 = EDGE_CURVE ( 'NONE', #416, #1310, #2646, .T. ) ;
#742 =( NAMED_UNIT ( * ) PLANE_ANGLE_UNIT ( ) SI_UNIT ( $, .RADIAN. ) );
#743 = FILL_AREA_STYLE ('',( #98 ) ) ;
#744 = FILL_AREA_STYLE ('',( #2894 ) ) ;
#745 = ORIENTED_EDGE ( 'NONE', *, *, #891, .F. ) ;
#746 = DIRECTION ( 'NONE',  ( -0.2035585949527793370, 0.2035585949527793648, 0.9576678948579724349 ) ) ;
#747 = ORIENTED_EDGE ( 'NONE', *, *, #150, .T. ) ;
#748 = DIRECTION ( 'NONE',  ( 0.000000000000000000, -1.187103655206779410E-14, -1.000000000000000000 ) ) ;
#749 = DIRECTION ( 'NONE',  ( 0.000000000000000000, 1.000000000000000000, 1.187103655206779410E-14 ) ) ;
#750 = STYLED_ITEM ( 'NONE', ( #2640 ), #999 ) ;
#751 = STYLED_ITEM ( 'NONE', ( #310 ), #1307 ) ;
#752 = CARTESIAN_POINT ( 'NONE',  ( 1.469999999999999973, -2.100000000006434941, 1.186996506333891643 ) ) ;
#753 = AXIS2_PLACEMENT_3D ( 'NONE', #1461, #3097, #2138 ) ;
#754 = UNCERTAINTY_MEASURE_WITH_UNIT (LENGTH_MEASURE( 1.000000000000000082E-05 ), #2814, 'distance_accuracy_value', 'NONE');
#755 = FILL_AREA_STYLE ('',( #1465 ) ) ;
#756 = EDGE_CURVE ( 'NONE', #2958, #2884, #1705, .T. ) ;
#757 = VECTOR ( 'NONE', #1883, 1000.000000000000000 ) ;
#758 = CARTESIAN_POINT ( 'NONE',  ( -2.149999999999999911, 2.186608194014113771, 1.036996506338507373 ) ) ;
#759 = VERTEX_POINT ( 'NONE', #1293 ) ;
#760 = CARTESIAN_POINT ( 'NONE',  ( -0.4999999999999998890, -1.000000000000000000, 2.200000000000000178 ) ) ;
#761 = MECHANICAL_DESIGN_GEOMETRIC_PRESENTATION_REPRESENTATION (  '', ( #2231 ), #3021 ) ;
#762 = STYLED_ITEM ( 'NONE', ( #1653 ), #1934 ) ;
#763 = ORIENTED_EDGE ( 'NONE', *, *, #75, .T. ) ;
#764 =( GEOMETRIC_REPRESENTATION_CONTEXT ( 3 ) GLOBAL_UNCERTAINTY_ASSIGNED_CONTEXT ( ( #169 ) ) GLOBAL_UNIT_ASSIGNED_CONTEXT ( ( #1080, #1571, #1099 ) ) REPRESENTATION_CONTEXT ( 'NONE', 'WORKASPACE' ) );
#765 = AXIS2_PLACEMENT_3D ( 'NONE', #2410, #1662, #2862 ) ;
#766 = CARTESIAN_POINT ( 'NONE',  ( -1.469999999999999973, 2.962963287683552771, 0.2460173531904671640 ) ) ;
#767 = CARTESIAN_POINT ( 'NONE',  ( 1.469999999999999973, -3.102912828032694748, 0.2999999999953782970 ) ) ;
#768 = SURFACE_STYLE_USAGE ( .BOTH. , #344 ) ;
#769 = LINE ( 'NONE', #2491, #468 ) ;
#770 = CARTESIAN_POINT ( 'NONE',  ( -1.937443438329977452, -1.987443438329977941, 0.1000000000000000472 ) ) ;
#771 = CARTESIAN_POINT ( 'NONE',  ( 2.149999999999999911, -2.200000000000000622, 1.100000000000000089 ) ) ;
#772 = ADVANCED_FACE ( 'NONE', ( #2946 ), #2988, .T. ) ;
#773 = LINE ( 'NONE', #2236, #959 ) ;
#774 = ORIENTED_EDGE ( 'NONE', *, *, #106, .T. ) ;
#775 = EDGE_CURVE ( 'NONE', #1206, #1563, #533, .T. ) ;
#776 = CARTESIAN_POINT ( 'NONE',  ( 1.469999999999999973, 3.399999999999590905, 0.1499999999953783858 ) ) ;
#777 = ORIENTED_EDGE ( 'NONE', *, *, #1962, .T. ) ;
#778 = SURFACE_SIDE_STYLE ('',( #2446 ) ) ;
#779 = EDGE_CURVE ( 'NONE', #478, #522, #2480, .T. ) ;
#780 = SURFACE_STYLE_FILL_AREA ( #998 ) ;
#781 = CARTESIAN_POINT ( 'NONE',  ( 1.469999999999999973, -3.105825656066991236, 0.2999999999999974909 ) ) ;
#782 = EDGE_LOOP ( 'NONE', ( #2787, #1093, #774, #949 ) ) ;
#783 = DIRECTION ( 'NONE',  ( 1.000000000000000000, 0.000000000000000000, 0.000000000000000000 ) ) ;
#784 =( NAMED_UNIT ( * ) SI_UNIT ( $, .STERADIAN. ) SOLID_ANGLE_UNIT ( ) );
#785 =( NAMED_UNIT ( * ) SI_UNIT ( $, .STERADIAN. ) SOLID_ANGLE_UNIT ( ) );
#786 = UNCERTAINTY_MEASURE_WITH_UNIT (LENGTH_MEASURE( 1.000000000000000082E-05 ), #113, 'distance_accuracy_value', 'NONE');
#787 =( LENGTH_UNIT ( ) NAMED_UNIT ( * ) SI_UNIT ( .MILLI., .METRE. ) );
#788 =( GEOMETRIC_REPRESENTATION_CONTEXT ( 3 ) GLOBAL_UNCERTAINTY_ASSIGNED_CONTEXT ( ( #1357 ) ) GLOBAL_UNIT_ASSIGNED_CONTEXT ( ( #1435, #229, #2402 ) ) REPRESENTATION_CONTEXT ( 'NONE', 'WORKASPACE' ) );
#789 = PRESENTATION_STYLE_ASSIGNMENT (( #1299 ) ) ;
#790 = CARTESIAN_POINT ( 'NONE',  ( 1.070000000000000062, 3.399999999999590905, -5.935518276033900995E-15 ) ) ;
#791 = EDGE_CURVE ( 'NONE', #2285, #3053, #1285, .T. ) ;
#792 = ORIENTED_EDGE ( 'NONE', *, *, #2510, .T. ) ;
#793 = EDGE_CURVE ( 'NONE', #2750, #1759, #1373, .T. ) ;
#794 = DIRECTION ( 'NONE',  ( -0.000000000000000000, -0.2079116908177598144, -0.9781476007338055778 ) ) ;
#795 = EDGE_LOOP ( 'NONE', ( #1605, #994, #2932, #2309, #1325, #1074, #1301, #1144, #399, #1812, #1390, #882, #343 ) ) ;
#796 = SURFACE_STYLE_FILL_AREA ( #2708 ) ;
#797 = FILL_AREA_STYLE ('',( #2265 ) ) ;
#798 = CARTESIAN_POINT ( 'NONE',  ( 1.469999999999999973, -2.394174343933790361, 1.186996506333891865 ) ) ;
#799 = ORIENTED_EDGE ( 'NONE', *, *, #1486, .F. ) ;
#800 = DIRECTION ( 'NONE',  ( 0.000000000000000000, 0.000000000000000000, 1.000000000000000000 ) ) ;
#801 = EDGE_LOOP ( 'NONE', ( #1194, #2005, #2868, #1360 ) ) ;
#802 = PRESENTATION_LAYER_ASSIGNMENT (  '', '', ( #2165 ) ) ;
#803 = CARTESIAN_POINT ( 'NONE',  ( -1.070000000000000062, -2.962963287683552771, 0.2460173531904671640 ) ) ;
#804 = DIRECTION ( 'NONE',  ( 1.000000000000000000, 0.000000000000000000, 0.000000000000000000 ) ) ;
#805 = SURFACE_STYLE_FILL_AREA ( #2508 ) ;
#806 = CARTESIAN_POINT ( 'NONE',  ( -1.469999999999999973, 3.102912828032694748, 0.2999999999953782970 ) ) ;
#807 = VERTEX_POINT ( 'NONE', #183 ) ;
#808 = MECHANICAL_DESIGN_GEOMETRIC_PRESENTATION_REPRESENTATION (  '', ( #1162 ), #2913 ) ;
#809 = CARTESIAN_POINT ( 'NONE',  ( -1.070000000000000062, 2.431391447983967780, 1.036996506338507595 ) ) ;
#810 = EDGE_LOOP ( 'NONE', ( #1536, #2351, #2713, #1837 ) ) ;
#811 = MECHANICAL_DESIGN_GEOMETRIC_PRESENTATION_REPRESENTATION (  '', ( #2125 ), #2273 ) ;
#812 =( GEOMETRIC_REPRESENTATION_CONTEXT ( 3 ) GLOBAL_UNCERTAINTY_ASSIGNED_CONTEXT ( ( #2455 ) ) GLOBAL_UNIT_ASSIGNED_CONTEXT ( ( #2268, #544, #360 ) ) REPRESENTATION_CONTEXT ( 'NONE', 'WORKASPACE' ) );
#813 = FILL_AREA_STYLE_COLOUR ( '', #2374 ) ;
#814 = FILL_AREA_STYLE ('',( #129 ) ) ;
#815 = VECTOR ( 'NONE', #1999, 1000.000000000000000 ) ;
#816 = VECTOR ( 'NONE', #2943, 1000.000000000000000 ) ;
#817 = VERTEX_POINT ( 'NONE', #2320 ) ;
#818 = VECTOR ( 'NONE', #2332, 1000.000000000000000 ) ;
#819 =( LENGTH_UNIT ( ) NAMED_UNIT ( * ) SI_UNIT ( .MILLI., .METRE. ) );
#820 = EDGE_CURVE ( 'NONE', #845, #1991, #2114, .T. ) ;
#821 = VERTEX_POINT ( 'NONE', #2549 ) ;
#822 = CARTESIAN_POINT ( 'NONE',  ( -1.469999999999999973, -2.100000000006434941, 1.036996506338507151 ) ) ;
#823 = UNCERTAINTY_MEASURE_WITH_UNIT (LENGTH_MEASURE( 1.000000000000000082E-05 ), #1475, 'distance_accuracy_value', 'NONE');
#824 = FACE_OUTER_BOUND ( 'NONE', #1502, .T. ) ;
#825 = SURFACE_SIDE_STYLE ('',( #583 ) ) ;
#826 = FILL_AREA_STYLE ('',( #2059 ) ) ;
#827 = ORIENTED_EDGE ( 'NONE', *, *, #1693, .F. ) ;
#828 = PRESENTATION_STYLE_ASSIGNMENT (( #1095 ) ) ;
#829 = ORIENTED_EDGE ( 'NONE', *, *, #488, .T. ) ;
#830 = CARTESIAN_POINT ( 'NONE',  ( 1.916187782162975139, -1.966187782162975850, 2.200000000000000178 ) ) ;
#831 = DIRECTION ( 'NONE',  ( 0.000000000000000000, -0.3598843120327457901, 0.9329969356609469910 ) ) ;
#832 = ORIENTED_EDGE ( 'NONE', *, *, #1590, .T. ) ;
#833 = FILL_AREA_STYLE ('',( #2984 ) ) ;
#834 = ADVANCED_FACE ( 'NONE', ( #915 ), #1331, .F. ) ;
#835 = VERTEX_POINT ( 'NONE', #1561 ) ;
#836 = SURFACE_STYLE_FILL_AREA ( #1533 ) ;
#837 = CARTESIAN_POINT ( 'NONE',  ( -2.149999999999999911, -2.200000000000000622, 1.100000000000000089 ) ) ;
#838 = EDGE_CURVE ( 'NONE', #1759, #608, #1844, .T. ) ;
#839 = ORIENTED_EDGE ( 'NONE', *, *, #2302, .T. ) ;
#840 = VECTOR ( 'NONE', #2726, 1000.000000000000000 ) ;
#841 = PLANE ( 'NONE',  #2742 ) ;
#842 = ORIENTED_EDGE ( 'NONE', *, *, #2785, .F. ) ;
#843 = CARTESIAN_POINT ( 'NONE',  ( 1.070000000000000062, 3.105825656066991236, 0.2999999999999974909 ) ) ;
#844 = AXIS2_PLACEMENT_3D ( 'NONE', #1163, #941, #1410 ) ;
#845 = VERTEX_POINT ( 'NONE', #198 ) ;
#846 = EDGE_LOOP ( 'NONE', ( #1231, #32, #1924, #2025, #651, #313, #1388, #1765, #2992, #315, #1855, #507 ) ) ;
#847 = VECTOR ( 'NONE', #2699, 1000.000000000000000 ) ;
#848 = DIRECTION ( 'NONE',  ( -1.000000000000000000, 0.000000000000000000, 0.000000000000000000 ) ) ;
#849 = PRESENTATION_STYLE_ASSIGNMENT (( #872 ) ) ;
#850 = EDGE_CURVE ( 'NONE', #2585, #2958, #2521, .T. ) ;
#851 =( NAMED_UNIT ( * ) SI_UNIT ( $, .STERADIAN. ) SOLID_ANGLE_UNIT ( ) );
#852 = DIRECTION ( 'NONE',  ( 0.000000000000000000, -0.3598843120277078755, 0.9329969356628902144 ) ) ;
#853 = FACE_OUTER_BOUND ( 'NONE', #2983, .T. ) ;
#854 = FILL_AREA_STYLE ('',( #351 ) ) ;
#855 = EDGE_CURVE ( 'NONE', #1859, #1549, #1866, .T. ) ;
#856 = VERTEX_POINT ( 'NONE', #2764 ) ;
#857 = VECTOR ( 'NONE', #2256, 1000.000000000000000 ) ;
#858 = LINE ( 'NONE', #437, #115 ) ;
#859 = DIRECTION ( 'NONE',  ( 1.000000000000000000, 0.000000000000000000, 0.000000000000000000 ) ) ;
#860 =( GEOMETRIC_REPRESENTATION_CONTEXT ( 3 ) GLOBAL_UNCERTAINTY_ASSIGNED_CONTEXT ( ( #295 ) ) GLOBAL_UNIT_ASSIGNED_CONTEXT ( ( #2109, #259, #2159 ) ) REPRESENTATION_CONTEXT ( 'NONE', 'WORKASPACE' ) );
#861 = LINE ( 'NONE', #640, #2183 ) ;
#862 = AXIS2_PLACEMENT_3D ( 'NONE', #1809, #1343, #1300 ) ;
#863 = ORIENTED_EDGE ( 'NONE', *, *, #482, .F. ) ;
#864 = COLOUR_RGB ( '',1.000000000000000000, 1.000000000000000000, 1.000000000000000000 ) ;
#865 = CARTESIAN_POINT ( 'NONE',  ( -1.469999999999999973, -3.399999999999590905, -5.935518276033900995E-15 ) ) ;
#866 = COLOUR_RGB ( '',1.000000000000000000, 1.000000000000000000, 1.000000000000000000 ) ;
#867 = STYLED_ITEM ( 'NONE', ( #1644 ), #2850 ) ;
#868 = VERTEX_POINT ( 'NONE', #884 ) ;
#869 = MECHANICAL_DESIGN_GEOMETRIC_PRESENTATION_REPRESENTATION (  '', ( #2232 ), #378 ) ;
#870 = AXIS2_PLACEMENT_3D ( 'NONE', #928, #1920, #1890 ) ;
#871 = MECHANICAL_DESIGN_GEOMETRIC_PRESENTATION_REPRESENTATION (  '', ( #2233 ), #1823 ) ;
#872 = SURFACE_STYLE_USAGE ( .BOTH. , #646 ) ;
#873 = LINE ( 'NONE', #1847, #2593 ) ;
#874 = ORIENTED_EDGE ( 'NONE', *, *, #1021, .T. ) ;
#875 = CARTESIAN_POINT ( 'NONE',  ( -1.070000000000000062, 2.181508321736363332, 1.186996506333891865 ) ) ;
#876 = EDGE_CURVE ( 'NONE', #3027, #608, #1356, .T. ) ;
#877 = SURFACE_STYLE_USAGE ( .BOTH. , #1768 ) ;
#878 = DIRECTION ( 'NONE',  ( 0.000000000000000000, 0.000000000000000000, -1.000000000000000000 ) ) ;
#879 = VERTEX_POINT ( 'NONE', #137 ) ;
#880 = DIRECTION ( 'NONE',  ( 1.000000000000000000, 0.000000000000000000, -0.000000000000000000 ) ) ;
#881 = LINE ( 'NONE', #2545, #3016 ) ;
#882 = ORIENTED_EDGE ( 'NONE', *, *, #695, .F. ) ;
#883 = FILL_AREA_STYLE_COLOUR ( '', #1878 ) ;
#884 = CARTESIAN_POINT ( 'NONE',  ( -1.500000000000000000, -1.000000000000000000, 2.200000000000000178 ) ) ;
#885 = UNCERTAINTY_MEASURE_WITH_UNIT (LENGTH_MEASURE( 1.000000000000000082E-05 ), #1995, 'distance_accuracy_value', 'NONE');
#886 = LINE ( 'NONE', #1601, #426 ) ;
#887 = ORIENTED_EDGE ( 'NONE', *, *, #951, .T. ) ;
#888 =( GEOMETRIC_REPRESENTATION_CONTEXT ( 3 ) GLOBAL_UNCERTAINTY_ASSIGNED_CONTEXT ( ( #674 ) ) GLOBAL_UNIT_ASSIGNED_CONTEXT ( ( #2498, #1796, #1359 ) ) REPRESENTATION_CONTEXT ( 'NONE', 'WORKASPACE' ) );
#889 = CYLINDRICAL_SURFACE ( 'NONE', #1564, 0.2999999999999998779 ) ;
#890 = ORIENTED_EDGE ( 'NONE', *, *, #1550, .T. ) ;
#891 = EDGE_CURVE ( 'NONE', #2730, #2934, #634, .T. ) ;
#892 = FILL_AREA_STYLE ('',( #1337 ) ) ;
#893 = EDGE_LOOP ( 'NONE', ( #100, #2768, #2203, #2012 ) ) ;
#894 = SURFACE_STYLE_USAGE ( .BOTH. , #1239 ) ;
#895 = SURFACE_STYLE_USAGE ( .BOTH. , #2100 ) ;
#896 = CYLINDRICAL_SURFACE ( 'NONE', #19, 0.1000000000000000472 ) ;
#897 = EDGE_CURVE ( 'NONE', #2898, #1945, #1634, .T. ) ;
#898 = EDGE_CURVE ( 'NONE', #416, #2146, #647, .T. ) ;
#899 = COLOUR_RGB ( '',1.000000000000000000, 1.000000000000000000, 1.000000000000000000 ) ;
#900 = SURFACE_SIDE_STYLE ('',( #2304 ) ) ;
#901 =( LENGTH_UNIT ( ) NAMED_UNIT ( * ) SI_UNIT ( .MILLI., .METRE. ) );
#902 = ORIENTED_EDGE ( 'NONE', *, *, #2356, .T. ) ;
#903 = ORIENTED_EDGE ( 'NONE', *, *, #286, .F. ) ;
#904 = DIRECTION ( 'NONE',  ( -0.000000000000000000, 0.2079116908177598144, 0.9781476007338055778 ) ) ;
#905 = SURFACE_STYLE_FILL_AREA ( #3000 ) ;
#906 = PRESENTATION_LAYER_ASSIGNMENT (  '', '', ( #1061 ) ) ;
#907 = LINE ( 'NONE', #1918, #2451 ) ;
#908 = LINE ( 'NONE', #758, #2867 ) ;
#909 =( GEOMETRIC_REPRESENTATION_CONTEXT ( 3 ) GLOBAL_UNCERTAINTY_ASSIGNED_CONTEXT ( ( #2673 ) ) GLOBAL_UNIT_ASSIGNED_CONTEXT ( ( #2439, #2212, #1698 ) ) REPRESENTATION_CONTEXT ( 'NONE', 'WORKASPACE' ) );
#910 = VECTOR ( 'NONE', #1118, 1000.000000000000000 ) ;
#911 = ADVANCED_FACE ( 'NONE', ( #168 ), #2578, .T. ) ;
#912 = CARTESIAN_POINT ( 'NONE',  ( 1.469999999999999973, 2.100000000006434941, 1.036996506338507151 ) ) ;
#913 = AXIS2_PLACEMENT_3D ( 'NONE', #515, #1462, #2425 ) ;
#914 = AXIS2_PLACEMENT_3D ( 'NONE', #210, #2838, #1642 ) ;
#915 = FACE_OUTER_BOUND ( 'NONE', #810, .T. ) ;
#916 = AXIS2_PLACEMENT_3D ( 'NONE', #2961, #2540, #1348 ) ;
#917 = UNCERTAINTY_MEASURE_WITH_UNIT (LENGTH_MEASURE( 1.000000000000000082E-05 ), #720, 'distance_accuracy_value', 'NONE');
#918 = DIRECTION ( 'NONE',  ( 1.000000000000000000, 0.000000000000000000, 0.000000000000000000 ) ) ;
#919 = VECTOR ( 'NONE', #1100, 1000.000000000000114 ) ;
#920 = ORIENTED_EDGE ( 'NONE', *, *, #2561, .F. ) ;
#921 = ORIENTED_EDGE ( 'NONE', *, *, #2927, .T. ) ;
#922 = ORIENTED_EDGE ( 'NONE', *, *, #3083, .F. ) ;
#923 = LINE ( 'NONE', #261, #1630 ) ;
#924 = DIRECTION ( 'NONE',  ( 0.000000000000000000, 1.000000000000000000, -1.187103655206779410E-14 ) ) ;
#925 = LINE ( 'NONE', #2417, #1220 ) ;
#926 = SURFACE_SIDE_STYLE ('',( #3077 ) ) ;
#927 = ADVANCED_FACE ( 'NONE', ( #282 ), #1170, .F. ) ;
#928 = CARTESIAN_POINT ( 'NONE',  ( 1.469999999999999973, 3.399999999999590905, 0.1499999999953783858 ) ) ;
#929 = EDGE_CURVE ( 'NONE', #1127, #139, #2658, .T. ) ;
#930 = CARTESIAN_POINT ( 'NONE',  ( -1.070000000000000062, 2.524691141550257978, 0.9729849375412779056 ) ) ;
#931 = DIRECTION ( 'NONE',  ( 0.000000000000000000, -0.3598843120327457901, 0.9329969356609469910 ) ) ;
#932 = SURFACE_STYLE_USAGE ( .BOTH. , #1636 ) ;
#933 = CARTESIAN_POINT ( 'NONE',  ( -1.469999999999999973, 2.199999999999999734, 1.100000000000000089 ) ) ;
#934 = ORIENTED_EDGE ( 'NONE', *, *, #2111, .F. ) ;
#935 = SURFACE_STYLE_FILL_AREA ( #2343 ) ;
#936 = ORIENTED_EDGE ( 'NONE', *, *, #1031, .T. ) ;
#937 = CARTESIAN_POINT ( 'NONE',  ( -1.070000000000000062, -3.399999999999590905, 0.1499999999953783858 ) ) ;
#938 = PRESENTATION_STYLE_ASSIGNMENT (( #193 ) ) ;
#939 = DIRECTION ( 'NONE',  ( 1.000000000000000000, 0.000000000000000000, 0.000000000000000000 ) ) ;
#940 = COLOUR_RGB ( '',0.6274509803921568540, 0.6274509803921568540, 0.6274509803921568540 ) ;
#941 = DIRECTION ( 'NONE',  ( -1.000000000000000000, 0.000000000000000000, 0.000000000000000000 ) ) ;
#942 = DIRECTION ( 'NONE',  ( 1.000000000000000000, 0.000000000000000000, 0.000000000000000000 ) ) ;
#943 = LINE ( 'NONE', #2860, #1105 ) ;
#944 = UNCERTAINTY_MEASURE_WITH_UNIT (LENGTH_MEASURE( 1.000000000000000082E-05 ), #1380, 'distance_accuracy_value', 'NONE');
#945 =( NAMED_UNIT ( * ) PLANE_ANGLE_UNIT ( ) SI_UNIT ( $, .RADIAN. ) );
#946 = CARTESIAN_POINT ( 'NONE',  ( 0.000000000000000000, 0.000000000000000000, 2.200000000000000178 ) ) ;
#947 = FILL_AREA_STYLE ('',( #2118 ) ) ;
#948 = VECTOR ( 'NONE', #2903, 1000.000000000000000 ) ;
#949 = ORIENTED_EDGE ( 'NONE', *, *, #2809, .T. ) ;
#950 = SHAPE_DEFINITION_REPRESENTATION ( #1902, #2982 ) ;
#951 = EDGE_CURVE ( 'NONE', #2750, #3027, #943, .T. ) ;
#952 = FILL_AREA_STYLE ('',( #2384 ) ) ;
#953 = ORIENTED_EDGE ( 'NONE', *, *, #1963, .T. ) ;
#954 = CARTESIAN_POINT ( 'NONE',  ( 1.070000000000000062, 3.102912828032695636, 0.1499999999953784413 ) ) ;
#955 = DIRECTION ( 'NONE',  ( 0.000000000000000000, -0.3598843120277078755, -0.9329969356628902144 ) ) ;
#956 = SURFACE_STYLE_FILL_AREA ( #2177 ) ;
#957 = DIRECTION ( 'NONE',  ( 0.000000000000000000, 0.000000000000000000, -1.000000000000000000 ) ) ;
#958 = DIRECTION ( 'NONE',  ( 0.2079116908177597867, 0.000000000000000000, -0.9781476007338055778 ) ) ;
#959 = VECTOR ( 'NONE', #1967, 1000.000000000000000 ) ;
#960 = VECTOR ( 'NONE', #2779, 1000.000000000000000 ) ;
#961 = AXIS2_PLACEMENT_3D ( 'NONE', #1041, #2409, #2700 ) ;
#962 = AXIS2_PLACEMENT_3D ( 'NONE', #1165, #1936, #499 ) ;
#963 = FILL_AREA_STYLE_COLOUR ( '', #51 ) ;
#964 =( NAMED_UNIT ( * ) PLANE_ANGLE_UNIT ( ) SI_UNIT ( $, .RADIAN. ) );
#965 = STYLED_ITEM ( 'NONE', ( #1595 ), #1725 ) ;
#966 = PRESENTATION_LAYER_ASSIGNMENT (  '', '', ( #325 ) ) ;
#967 = DIRECTION ( 'NONE',  ( -1.000000000000000000, 0.000000000000000000, 0.000000000000000000 ) ) ;
#968 = COLOUR_RGB ( '',1.000000000000000000, 1.000000000000000000, 1.000000000000000000 ) ;
#969 =( LENGTH_UNIT ( ) NAMED_UNIT ( * ) SI_UNIT ( .MILLI., .METRE. ) );
#970 = ORIENTED_EDGE ( 'NONE', *, *, #1576, .T. ) ;
#971 =( NAMED_UNIT ( * ) PLANE_ANGLE_UNIT ( ) SI_UNIT ( $, .RADIAN. ) );
#972 = CARTESIAN_POINT ( 'NONE',  ( 1.469999999999999973, -3.399999999999590905, 0.1499999999953783858 ) ) ;
#973 = ORIENTED_EDGE ( 'NONE', *, *, #2134, .T. ) ;
#974 = DIRECTION ( 'NONE',  ( 0.000000000000000000, 0.2079116908177598144, -0.9781476007338055778 ) ) ;
#975 = EDGE_CURVE ( 'NONE', #1554, #1129, #2629, .T. ) ;
#976 = CARTESIAN_POINT ( 'NONE',  ( 1.070000000000000062, -2.825926575368123750, 0.1920347063916865160 ) ) ;
#977 =( GEOMETRIC_REPRESENTATION_CONTEXT ( 3 ) GLOBAL_UNCERTAINTY_ASSIGNED_CONTEXT ( ( #1616 ) ) GLOBAL_UNIT_ASSIGNED_CONTEXT ( ( #506, #742, #519 ) ) REPRESENTATION_CONTEXT ( 'NONE', 'WORKASPACE' ) );
#978 = DIRECTION ( 'NONE',  ( -0.000000000000000000, 1.000000000000000000, 0.000000000000000000 ) ) ;
#979 = SURFACE_STYLE_USAGE ( .BOTH. , #1694 ) ;
#980 = FACE_OUTER_BOUND ( 'NONE', #1338, .T. ) ;
#981 = UNCERTAINTY_MEASURE_WITH_UNIT (LENGTH_MEASURE( 1.000000000000000082E-05 ), #1350, 'distance_accuracy_value', 'NONE');
#982 = SURFACE_SIDE_STYLE ('',( #2935 ) ) ;
#983 = LINE ( 'NONE', #29, #2952 ) ;
#984 = PLANE ( 'NONE',  #710 ) ;
#985 = ORIENTED_EDGE ( 'NONE', *, *, #897, .T. ) ;
#986 = DIRECTION ( 'NONE',  ( 0.2035585949527793370, 0.2035585949527793648, 0.9576678948579724349 ) ) ;
#987 = ORIENTED_EDGE ( 'NONE', *, *, #2532, .T. ) ;
#988 = CARTESIAN_POINT ( 'NONE',  ( 1.469999999999999973, -3.399999999999590905, -5.935518276033900995E-15 ) ) ;
#989 = PLANE ( 'NONE',  #2181 ) ;
#990 = CARTESIAN_POINT ( 'NONE',  ( 1.070000000000000062, 2.825926575368123750, 0.1920347063916864050 ) ) ;
#991 = PRESENTATION_STYLE_ASSIGNMENT (( #2437 ) ) ;
#992 = AXIS2_PLACEMENT_3D ( 'NONE', #1692, #2625, #212 ) ;
#993 = DIRECTION ( 'NONE',  ( 0.000000000000000000, 0.000000000000000000, 1.000000000000000000 ) ) ;
#994 = ORIENTED_EDGE ( 'NONE', *, *, #2690, .F. ) ;
#995 = CARTESIAN_POINT ( 'NONE',  ( 1.469999999999999973, 3.399999999999590905, 0.1499999999953783858 ) ) ;
#996 = ORIENTED_EDGE ( 'NONE', *, *, #2738, .T. ) ;
#997 = CARTESIAN_POINT ( 'NONE',  ( -1.070000000000000062, 2.825926575368123750, 0.1920347063916864050 ) ) ;
#998 = FILL_AREA_STYLE ('',( #1799 ) ) ;
#999 = ADVANCED_FACE ( 'NONE', ( #2392 ), #250, .T. ) ;
#1000 = MECHANICAL_DESIGN_GEOMETRIC_PRESENTATION_REPRESENTATION (  '', ( #1974 ), #1821 ) ;
#1001 = UNCERTAINTY_MEASURE_WITH_UNIT (LENGTH_MEASURE( 1.000000000000000082E-05 ), #1704, 'distance_accuracy_value', 'NONE');
#1002 = CARTESIAN_POINT ( 'NONE',  ( 1.469999999999999973, -2.825926575368123750, 0.1920347063916865438 ) ) ;
#1003 = PRESENTATION_LAYER_ASSIGNMENT (  '', '', ( #1732 ) ) ;
#1004 = DIRECTION ( 'NONE',  ( 1.000000000000000000, -0.000000000000000000, -0.000000000000000000 ) ) ;
#1005 = COLOUR_RGB ( '',1.000000000000000000, 1.000000000000000000, 1.000000000000000000 ) ;
#1006 = MECHANICAL_DESIGN_GEOMETRIC_PRESENTATION_REPRESENTATION (  '', ( #1268 ), #1458 ) ;
#1007 = CARTESIAN_POINT ( 'NONE',  ( 1.070000000000000062, -2.674073424632076978, 0.9949617999437140314 ) ) ;
#1008 = CIRCLE ( 'NONE', #2819, 0.2999999999999998779 ) ;
#1009 = PRESENTATION_LAYER_ASSIGNMENT (  '', '', ( #2369 ) ) ;
#1010 = ORIENTED_EDGE ( 'NONE', *, *, #793, .F. ) ;
#1011 = SURFACE_SIDE_STYLE ('',( #730 ) ) ;
#1012 = CIRCLE ( 'NONE', #1270, 0.1499999999999998557 ) ;
#1013 = ORIENTED_EDGE ( 'NONE', *, *, #3078, .F. ) ;
#1014 = AXIS2_PLACEMENT_3D ( 'NONE', #1592, #878, #1814 ) ;
#1015 = DIRECTION ( 'NONE',  ( 0.000000000000000000, 7.371153840344694327E-16, -1.000000000000000000 ) ) ;
#1016 = CARTESIAN_POINT ( 'NONE',  ( -1.070000000000000062, 3.105825656066991236, 0.2999999999999974909 ) ) ;
#1017 =( GEOMETRIC_REPRESENTATION_CONTEXT ( 3 ) GLOBAL_UNCERTAINTY_ASSIGNED_CONTEXT ( ( #2301 ) ) GLOBAL_UNIT_ASSIGNED_CONTEXT ( ( #1997, #1867, #784 ) ) REPRESENTATION_CONTEXT ( 'NONE', 'WORKASPACE' ) );
#1018 = ORIENTED_EDGE ( 'NONE', *, *, #1750, .T. ) ;
#1019 = PRESENTATION_STYLE_ASSIGNMENT (( #2966 ) ) ;
#1020 = PRESENTATION_STYLE_ASSIGNMENT (( #1754 ) ) ;
#1021 = EDGE_CURVE ( 'NONE', #2938, #2636, #74, .T. ) ;
#1022 = SURFACE_SIDE_STYLE ('',( #2490 ) ) ;
#1023 =( NAMED_UNIT ( * ) SI_UNIT ( $, .STERADIAN. ) SOLID_ANGLE_UNIT ( ) );
#1024 = EDGE_CURVE ( 'NONE', #702, #2486, #545, .T. ) ;
#1025 = DIRECTION ( 'NONE',  ( 0.000000000000000000, 1.000000000000000000, 0.000000000000000000 ) ) ;
#1026 = EDGE_CURVE ( 'NONE', #2802, #2824, #2972, .T. ) ;
#1027 = DIRECTION ( 'NONE',  ( -1.000000000000000000, 0.000000000000000000, 0.000000000000000000 ) ) ;
#1028 = DIRECTION ( 'NONE',  ( 0.000000000000000000, 1.000000000000000000, 1.187103655206779410E-14 ) ) ;
#1029 = ORIENTED_EDGE ( 'NONE', *, *, #1443, .F. ) ;
#1030 = CARTESIAN_POINT ( 'NONE',  ( -1.070000000000000062, 2.199999999999999734, 1.100000000000000089 ) ) ;
#1031 = EDGE_CURVE ( 'NONE', #2037, #1206, #580, .T. ) ;
#1032 = EDGE_LOOP ( 'NONE', ( #1295, #1596, #2947, #1864 ) ) ;
#1033 = CARTESIAN_POINT ( 'NONE',  ( -2.149999999999999911, -2.181508321736364220, 1.186996506333891643 ) ) ;
#1034 = DIRECTION ( 'NONE',  ( 1.000000000000000000, 0.000000000000000000, -0.000000000000000000 ) ) ;
#1035 = LINE ( 'NONE', #2944, #520 ) ;
#1036 = DIRECTION ( 'NONE',  ( 0.000000000000000000, 0.000000000000000000, -1.000000000000000000 ) ) ;
#1037 = EDGE_LOOP ( 'NONE', ( #589, #1010, #887, #1469 ) ) ;
#1038 = DIRECTION ( 'NONE',  ( -1.000000000000000000, -0.000000000000000000, -0.000000000000000000 ) ) ;
#1039 = SURFACE_STYLE_FILL_AREA ( #1478 ) ;
#1040 = COLOUR_RGB ( '',1.000000000000000000, 1.000000000000000000, 1.000000000000000000 ) ;
#1041 = CARTESIAN_POINT ( 'NONE',  ( 1.469999999999999973, 3.105825656066991236, 0.2999999999999974909 ) ) ;
#1042 = LINE ( 'NONE', #2686, #1657 ) ;
#1043 = VECTOR ( 'NONE', #2888, 1000.000000000000114 ) ;
#1044 = DIRECTION ( 'NONE',  ( 1.000000000000000000, -0.000000000000000000, -0.000000000000000000 ) ) ;
#1045 = ORIENTED_EDGE ( 'NONE', *, *, #1026, .T. ) ;
#1046 = STYLED_ITEM ( 'NONE', ( #2102 ), #834 ) ;
#1047 = ORIENTED_EDGE ( 'NONE', *, *, #1853, .T. ) ;
#1048 = FACE_OUTER_BOUND ( 'NONE', #2538, .T. ) ;
#1049 =( NAMED_UNIT ( * ) PLANE_ANGLE_UNIT ( ) SI_UNIT ( $, .RADIAN. ) );
#1050 = ADVANCED_FACE ( 'NONE', ( #1788 ), #362, .T. ) ;
#1051 = VERTEX_POINT ( 'NONE', #1726 ) ;
#1052 = DIRECTION ( 'NONE',  ( 0.000000000000000000, -1.000000000000000000, 1.187103655206779410E-14 ) ) ;
#1053 = VERTEX_POINT ( 'NONE', #2475 ) ;
#1054 = LINE ( 'NONE', #1858, #857 ) ;
#1055 = FILL_AREA_STYLE_COLOUR ( '', #477 ) ;
#1056 = LINE ( 'NONE', #771, #534 ) ;
#1057 = AXIS2_PLACEMENT_3D ( 'NONE', #582, #1532, #2973 ) ;
#1058 = CARTESIAN_POINT ( 'NONE',  ( 1.070000000000000062, -2.962963287683552771, 0.2460173531904671640 ) ) ;
#1059 = ORIENTED_EDGE ( 'NONE', *, *, #775, .F. ) ;
#1060 = VECTOR ( 'NONE', #588, 1000.000000000000000 ) ;
#1061 = STYLED_ITEM ( 'NONE', ( #849 ), #1354 ) ;
#1062 = LINE ( 'NONE', #2537, #2692 ) ;
#1063 = ORIENTED_EDGE ( 'NONE', *, *, #348, .F. ) ;
#1064 = VECTOR ( 'NONE', #660, 1000.000000000000000 ) ;
#1065 = SURFACE_STYLE_FILL_AREA ( #2960 ) ;
#1066 = SURFACE_STYLE_FILL_AREA ( #1305 ) ;
#1067 = SURFACE_STYLE_USAGE ( .BOTH. , #2219 ) ;
#1068 = MECHANICAL_DESIGN_GEOMETRIC_PRESENTATION_REPRESENTATION (  '', ( #1463 ), #2669 ) ;
#1069 = VECTOR ( 'NONE', #33, 1000.000000000000000 ) ;
#1070 = ORIENTED_EDGE ( 'NONE', *, *, #2449, .F. ) ;
#1071 = ADVANCED_FACE ( 'NONE', ( #2505 ), #1964, .T. ) ;
#1072 =( GEOMETRIC_REPRESENTATION_CONTEXT ( 3 ) GLOBAL_UNCERTAINTY_ASSIGNED_CONTEXT ( ( #2734 ) ) GLOBAL_UNIT_ASSIGNED_CONTEXT ( ( #228, #3054, #447 ) ) REPRESENTATION_CONTEXT ( 'NONE', 'WORKASPACE' ) );
#1073 = DIRECTION ( 'NONE',  ( 0.000000000000000000, 1.000000000000000000, 1.308666447613348142E-15 ) ) ;
#1074 = ORIENTED_EDGE ( 'NONE', *, *, #1745, .F. ) ;
#1075 = CARTESIAN_POINT ( 'NONE',  ( -1.070000000000000062, -2.674073424632076978, 0.9949617999437140314 ) ) ;
#1076 =( LENGTH_UNIT ( ) NAMED_UNIT ( * ) SI_UNIT ( .MILLI., .METRE. ) );
#1077 =( LENGTH_UNIT ( ) NAMED_UNIT ( * ) SI_UNIT ( .MILLI., .METRE. ) );
#1078 = VERTEX_POINT ( 'NONE', #1612 ) ;
#1079 = ORIENTED_EDGE ( 'NONE', *, *, #147, .F. ) ;
#1080 =( LENGTH_UNIT ( ) NAMED_UNIT ( * ) SI_UNIT ( .MILLI., .METRE. ) );
#1081 = PRESENTATION_STYLE_ASSIGNMENT (( #639 ) ) ;
#1082 = SURFACE_STYLE_FILL_AREA ( #2098 ) ;
#1083 = ORIENTED_EDGE ( 'NONE', *, *, #213, .F. ) ;
#1084 = CARTESIAN_POINT ( 'NONE',  ( -1.070000000000000062, 2.394174343933792137, 0.8869965063338917100 ) ) ;
#1085 = ADVANCED_FACE ( 'NONE', ( #1123 ), #2592, .F. ) ;
#1086 = ORIENTED_EDGE ( 'NONE', *, *, #352, .F. ) ;
#1088 = EDGE_CURVE ( 'NONE', #2461, #300, #2391, .T. ) ;
#1087 = FILL_AREA_STYLE_COLOUR ( '', #104 ) ;
#1089 = EDGE_CURVE ( 'NONE', #2044, #2414, #1678, .T. ) ;
#1090 = CARTESIAN_POINT ( 'NONE',  ( 1.469999999999999973, 2.431391447983968668, 0.9369965063385076176 ) ) ;
#1091 = FILL_AREA_STYLE_COLOUR ( '', #2401 ) ;
#1092 = FACE_OUTER_BOUND ( 'NONE', #3042, .T. ) ;
#1093 = ORIENTED_EDGE ( 'NONE', *, *, #539, .F. ) ;
#1094 = MECHANICAL_DESIGN_GEOMETRIC_PRESENTATION_REPRESENTATION (  '', ( #1804 ), #350 ) ;
#1095 = SURFACE_STYLE_USAGE ( .BOTH. , #2979 ) ;
#1096 = EDGE_LOOP ( 'NONE', ( #383, #2084, #1288, #349 ) ) ;
#1097 =( LENGTH_UNIT ( ) NAMED_UNIT ( * ) SI_UNIT ( .MILLI., .METRE. ) );
#1098 = FACE_OUTER_BOUND ( 'NONE', #1448, .T. ) ;
#1099 =( NAMED_UNIT ( * ) SI_UNIT ( $, .STERADIAN. ) SOLID_ANGLE_UNIT ( ) );
#1100 = DIRECTION ( 'NONE',  ( 0.2035585949527793370, -0.2035585949527793648, -0.9576678948579724349 ) ) ;
#1101 = CARTESIAN_POINT ( 'NONE',  ( 1.469999999999999973, -2.431391447983968668, 0.9369965063385076176 ) ) ;
#1102 = PRESENTATION_STYLE_ASSIGNMENT (( #3030 ) ) ;
#1103 = ORIENTED_EDGE ( 'NONE', *, *, #791, .F. ) ;
#1104 = CIRCLE ( 'NONE', #508, 0.1499999999999998557 ) ;
#1105 = VECTOR ( 'NONE', #1682, 1000.000000000000000 ) ;
#1106 = CARTESIAN_POINT ( 'NONE',  ( -1.469999999999999973, 2.962963287683552771, 0.2460173531904671640 ) ) ;
#1107 = CARTESIAN_POINT ( 'NONE',  ( 1.070000000000000062, -2.431391447983968668, 0.9369965063385076176 ) ) ;
#1108 = EDGE_CURVE ( 'NONE', #1947, #446, #48, .T. ) ;
#1109 = SURFACE_STYLE_FILL_AREA ( #2989 ) ;
#1110 = LINE ( 'NONE', #2075, #3046 ) ;
#1111 = ORIENTED_EDGE ( 'NONE', *, *, #1229, .F. ) ;
#1112 = CARTESIAN_POINT ( 'NONE',  ( 1.469999999999999973, -2.431391447983967780, 1.036996506338507595 ) ) ;
#1113 = MECHANICAL_DESIGN_GEOMETRIC_PRESENTATION_REPRESENTATION (  '', ( #2468 ), #2863 ) ;
#1114 = FILL_AREA_STYLE_COLOUR ( '', #2722 ) ;
#1115 = PRESENTATION_LAYER_ASSIGNMENT (  '', '', ( #2233 ) ) ;
#1116 = LINE ( 'NONE', #1349, #818 ) ;
#1117 = ORIENTED_EDGE ( 'NONE', *, *, #1576, .F. ) ;
#1118 = DIRECTION ( 'NONE',  ( 0.000000000000000000, 1.000000000000000000, 1.187103655206779410E-14 ) ) ;
#1119 = DIRECTION ( 'NONE',  ( 0.000000000000000000, 0.2079116908177597867, 0.9781476007338054668 ) ) ;
#1120 = PRESENTATION_LAYER_ASSIGNMENT (  '', '', ( #2231 ) ) ;
#1121 = AXIS2_PLACEMENT_3D ( 'NONE', #1260, #559, #88 ) ;
#1122 = ORIENTED_EDGE ( 'NONE', *, *, #1443, .T. ) ;
#1123 = FACE_OUTER_BOUND ( 'NONE', #42, .T. ) ;
#1124 = DIRECTION ( 'NONE',  ( 0.000000000000000000, 0.000000000000000000, 1.000000000000000000 ) ) ;
#1125 = DIRECTION ( 'NONE',  ( 0.000000000000000000, 0.3598843120277078755, 0.9329969356628902144 ) ) ;
#1126 = EDGE_CURVE ( 'NONE', #300, #656, #216, .T. ) ;
#1127 = VERTEX_POINT ( 'NONE', #2842 ) ;
#1128 = DIRECTION ( 'NONE',  ( 0.000000000000000000, 0.000000000000000000, -1.000000000000000000 ) ) ;
#1129 = VERTEX_POINT ( 'NONE', #1660 ) ;
#1130 = EDGE_CURVE ( 'NONE', #2399, #2044, #1416, .T. ) ;
#1131 = FILL_AREA_STYLE_COLOUR ( '', #1986 ) ;
#1132 = ORIENTED_EDGE ( 'NONE', *, *, #2377, .T. ) ;
#1133 = DIRECTION ( 'NONE',  ( 1.000000000000000000, 0.000000000000000000, 0.000000000000000000 ) ) ;
#1134 = DIRECTION ( 'NONE',  ( 1.000000000000000000, 0.000000000000000000, 0.000000000000000000 ) ) ;
#1135 = DIRECTION ( 'NONE',  ( 0.000000000000000000, 0.000000000000000000, -1.000000000000000000 ) ) ;
#1136 = UNCERTAINTY_MEASURE_WITH_UNIT (LENGTH_MEASURE( 1.000000000000000082E-05 ), #787, 'distance_accuracy_value', 'NONE');
#1137 = LINE ( 'NONE', #2139, #3019 ) ;
#1138 = ORIENTED_EDGE ( 'NONE', *, *, #558, .F. ) ;
#1139 = VECTOR ( 'NONE', #1566, 1000.000000000000000 ) ;
#1140 =( NAMED_UNIT ( * ) PLANE_ANGLE_UNIT ( ) SI_UNIT ( $, .RADIAN. ) );
#1141 = EDGE_CURVE ( 'NONE', #807, #145, #983, .T. ) ;
#1142 = ORIENTED_EDGE ( 'NONE', *, *, #2435, .F. ) ;
#1143 = DIRECTION ( 'NONE',  ( 0.000000000000000000, 0.3598843120327457901, -0.9329969356609469910 ) ) ;
#1144 = ORIENTED_EDGE ( 'NONE', *, *, #1088, .F. ) ;
#1145 = LINE ( 'NONE', #2492, #1168 ) ;
#1146 =( GEOMETRIC_REPRESENTATION_CONTEXT ( 3 ) GLOBAL_UNCERTAINTY_ASSIGNED_CONTEXT ( ( #1001 ) ) GLOBAL_UNIT_ASSIGNED_CONTEXT ( ( #1704, #2879, #1901 ) ) REPRESENTATION_CONTEXT ( 'NONE', 'WORKASPACE' ) );
#1147 = DIRECTION ( 'NONE',  ( -0.000000000000000000, -0.000000000000000000, 1.000000000000000000 ) ) ;
#1148 =( NAMED_UNIT ( * ) SI_UNIT ( $, .STERADIAN. ) SOLID_ANGLE_UNIT ( ) );
#1149 = SURFACE_STYLE_FILL_AREA ( #1385 ) ;
#1150 = CARTESIAN_POINT ( 'NONE',  ( -1.070000000000000062, -2.825926575368123750, 0.1920347063916865160 ) ) ;
#1151 = FILL_AREA_STYLE ('',( #2551 ) ) ;
#1152 = ORIENTED_EDGE ( 'NONE', *, *, #1160, .T. ) ;
#1153 = CARTESIAN_POINT ( 'NONE',  ( 1.967681153051741294, 2.017681153051740672, 1.957742736878169687 ) ) ;
#1154 = ORIENTED_EDGE ( 'NONE', *, *, #756, .T. ) ;
#1155 = DIRECTION ( 'NONE',  ( 1.000000000000000000, 0.000000000000000000, 0.000000000000000000 ) ) ;
#1156 = PRESENTATION_STYLE_ASSIGNMENT (( #1207 ) ) ;
#1157 = MECHANICAL_DESIGN_GEOMETRIC_PRESENTATION_REPRESENTATION (  '', ( #311 ), #2172 ) ;
#1158 = EDGE_LOOP ( 'NONE', ( #2807, #699, #1575, #2489 ) ) ;
#1159 = CIRCLE ( 'NONE', #914, 0.2999999999999998779 ) ;
#1160 = EDGE_CURVE ( 'NONE', #1945, #2262, #3084, .T. ) ;
#1161 = VECTOR ( 'NONE', #1191, 1000.000000000000114 ) ;
#1162 = STYLED_ITEM ( 'NONE', ( #1156 ), #1468 ) ;
#1163 = CARTESIAN_POINT ( 'NONE',  ( 1.469999999999999973, -2.394174343933792137, 0.8869965063338917100 ) ) ;
#1164 = PRESENTATION_LAYER_ASSIGNMENT (  '', '', ( #13 ) ) ;
#1165 = CARTESIAN_POINT ( 'NONE',  ( -1.000000000000000000, -1.000000000000000000, 2.200000000000000178 ) ) ;
#1166 = AXIS2_PLACEMENT_3D ( 'NONE', #26, #736, #958 ) ;
#1167 = CARTESIAN_POINT ( 'NONE',  ( -2.149999999999999911, -2.186608194014114659, 1.036996506338507373 ) ) ;
#1168 = VECTOR ( 'NONE', #804, 1000.000000000000000 ) ;
#1169 = VECTOR ( 'NONE', #95, 1000.000000000000000 ) ;
#1170 = CYLINDRICAL_SURFACE ( 'NONE', #753, 0.1499999999999998557 ) ;
#1171 = VECTOR ( 'NONE', #2176, 1000.000000000000114 ) ;
#1172 = VECTOR ( 'NONE', #2479, 1000.000000000000000 ) ;
#1173 = UNCERTAINTY_MEASURE_WITH_UNIT (LENGTH_MEASURE( 1.000000000000000082E-05 ), #1894, 'distance_accuracy_value', 'NONE');
#1174 = PLANE ( 'NONE',  #568 ) ;
#1175 = VECTOR ( 'NONE', #859, 1000.000000000000000 ) ;
#1176 = DIRECTION ( 'NONE',  ( -1.000000000000000000, -0.000000000000000000, -0.000000000000000000 ) ) ;
#1177 = FILL_AREA_STYLE_COLOUR ( '', #2795 ) ;
#1178 = DIRECTION ( 'NONE',  ( 0.000000000000000000, 0.000000000000000000, 1.000000000000000000 ) ) ;
#1179 = ORIENTED_EDGE ( 'NONE', *, *, #1906, .T. ) ;
#1180 = PRESENTATION_STYLE_ASSIGNMENT (( #1 ) ) ;
#1181 = ORIENTED_EDGE ( 'NONE', *, *, #1529, .T. ) ;
#1182 = CIRCLE ( 'NONE', #1582, 0.1499999999999998557 ) ;
#1183 = CARTESIAN_POINT ( 'NONE',  ( -1.469999999999999973, 2.100000000006434941, 1.186996506333891643 ) ) ;
#1184 =( LENGTH_UNIT ( ) NAMED_UNIT ( * ) SI_UNIT ( .MILLI., .METRE. ) );
#1185 = CARTESIAN_POINT ( 'NONE',  ( 1.070000000000000062, -2.394174343933792137, 0.8869965063338917100 ) ) ;
#1186 = PRESENTATION_STYLE_ASSIGNMENT (( #3094 ) ) ;
#1187 = DIRECTION ( 'NONE',  ( 0.000000000000000000, 0.000000000000000000, 1.000000000000000000 ) ) ;
#1188 =( NAMED_UNIT ( * ) PLANE_ANGLE_UNIT ( ) SI_UNIT ( $, .RADIAN. ) );
#1189 = DIRECTION ( 'NONE',  ( 0.000000000000000000, -0.3598843120327457901, -0.9329969356609469910 ) ) ;
#1190 = SURFACE_STYLE_FILL_AREA ( #240 ) ;
#1191 = DIRECTION ( 'NONE',  ( 0.2035585949527793370, 0.2035585949527793648, -0.9576678948579724349 ) ) ;
#1192 = ORIENTED_EDGE ( 'NONE', *, *, #951, .F. ) ;
#1193 = SURFACE_STYLE_USAGE ( .BOTH. , #1896 ) ;
#1194 = ORIENTED_EDGE ( 'NONE', *, *, #1690, .F. ) ;
#1195 = DIRECTION ( 'NONE',  ( 0.000000000000000000, -0.2079116908177598144, 0.9781476007338055778 ) ) ;
#1196 = FACE_OUTER_BOUND ( 'NONE', #2342, .T. ) ;
#1197 = FILL_AREA_STYLE_COLOUR ( '', #1722 ) ;
#1198 = VECTOR ( 'NONE', #794, 999.9999999999998863 ) ;
#1199 = SURFACE_STYLE_FILL_AREA ( #2591 ) ;
#1200 = DIRECTION ( 'NONE',  ( -0.000000000000000000, 0.2079116908177598144, 0.9781476007338055778 ) ) ;
#1201 = AXIS2_PLACEMENT_3D ( 'NONE', #1185, #485, #957 ) ;
#1202 =( NAMED_UNIT ( * ) SI_UNIT ( $, .STERADIAN. ) SOLID_ANGLE_UNIT ( ) );
#1203 = UNCERTAINTY_MEASURE_WITH_UNIT (LENGTH_MEASURE( 1.000000000000000082E-05 ), #2380, 'distance_accuracy_value', 'NONE');
#1204 = EDGE_CURVE ( 'NONE', #134, #1945, #1104, .T. ) ;
#1205 = LINE ( 'NONE', #2167, #1043 ) ;
#1206 = VERTEX_POINT ( 'NONE', #2154 ) ;
#1207 = SURFACE_STYLE_USAGE ( .BOTH. , #1666 ) ;
#1208 = ORIENTED_EDGE ( 'NONE', *, *, #610, .T. ) ;
#1209 = DIRECTION ( 'NONE',  ( 1.000000000000000000, 0.000000000000000000, 0.000000000000000000 ) ) ;
#1210 = CARTESIAN_POINT ( 'NONE',  ( -1.469999999999999973, 3.399999999999590905, -5.935518276033900995E-15 ) ) ;
#1211 = PRESENTATION_STYLE_ASSIGNMENT (( #262 ) ) ;
#1212 = DIRECTION ( 'NONE',  ( 0.000000000000000000, 1.000000000000000000, -7.371153840344694327E-16 ) ) ;
#1213 = MECHANICAL_DESIGN_GEOMETRIC_PRESENTATION_REPRESENTATION (  '', ( #371 ), #163 ) ;
#1214 = PRESENTATION_LAYER_ASSIGNMENT (  '', '', ( #1162 ) ) ;
#1215 = PRESENTATION_LAYER_ASSIGNMENT (  '', '', ( #472 ) ) ;
#1216 = PRESENTATION_LAYER_ASSIGNMENT (  '', '', ( #2080 ) ) ;
#1217 =( NAMED_UNIT ( * ) SI_UNIT ( $, .STERADIAN. ) SOLID_ANGLE_UNIT ( ) );
#1218 = VECTOR ( 'NONE', #904, 999.9999999999998863 ) ;
#1219 = CARTESIAN_POINT ( 'NONE',  ( -1.469999999999999973, -3.102912828032694748, 0.2999999999953782970 ) ) ;
#1220 = VECTOR ( 'NONE', #939, 1000.000000000000000 ) ;
#1221 = CARTESIAN_POINT ( 'NONE',  ( 1.070000000000000062, -2.431391447983967780, 1.036996506338507595 ) ) ;
#1222 = FACE_OUTER_BOUND ( 'NONE', #2021, .T. ) ;
#1223 = CIRCLE ( 'NONE', #1887, 0.1000000000000000472 ) ;
#1224 = VECTOR ( 'NONE', #298, 1000.000000000000000 ) ;
#1225 = ADVANCED_FACE ( 'NONE', ( #1954 ), #1907, .T. ) ;
#1226 = STYLED_ITEM ( 'NONE', ( #2023 ), #2945 ) ;
#1227 = FACE_OUTER_BOUND ( 'NONE', #1641, .T. ) ;
#1228 = ORIENTED_EDGE ( 'NONE', *, *, #1470, .F. ) ;
#1229 = EDGE_CURVE ( 'NONE', #131, #2499, #1182, .T. ) ;
#1230 = CARTESIAN_POINT ( 'NONE',  ( -1.070000000000000062, 2.186608194014113771, 1.036996506338507373 ) ) ;
#1231 = ORIENTED_EDGE ( 'NONE', *, *, #1429, .F. ) ;
#1232 = CARTESIAN_POINT ( 'NONE',  ( 1.469999999999999973, 3.399999999999590905, -5.935518276033900995E-15 ) ) ;
#1233 =( NAMED_UNIT ( * ) SI_UNIT ( $, .STERADIAN. ) SOLID_ANGLE_UNIT ( ) );
#1234 = ADVANCED_FACE ( 'NONE', ( #1731 ), #1922, .F. ) ;
#1235 =( NAMED_UNIT ( * ) PLANE_ANGLE_UNIT ( ) SI_UNIT ( $, .RADIAN. ) );
#1236 = UNCERTAINTY_MEASURE_WITH_UNIT (LENGTH_MEASURE( 1.000000000000000082E-05 ), #1627, 'distance_accuracy_value', 'NONE');
#1237 = DIRECTION ( 'NONE',  ( 1.000000000000000000, 0.000000000000000000, 0.000000000000000000 ) ) ;
#1238 = DIRECTION ( 'NONE',  ( 0.000000000000000000, 1.000000000000000000, -0.000000000000000000 ) ) ;
#1239 = SURFACE_SIDE_STYLE ('',( #179 ) ) ;
#1240 = VERTEX_POINT ( 'NONE', #2200 ) ;
#1241 = ORIENTED_EDGE ( 'NONE', *, *, #2752, .F. ) ;
#1242 = DIRECTION ( 'NONE',  ( 1.000000000000000000, 0.000000000000000000, -0.000000000000000000 ) ) ;
#1243 = CYLINDRICAL_SURFACE ( 'NONE', #526, 0.2999999999999999334 ) ;
#1244 = SURFACE_STYLE_USAGE ( .BOTH. , #2651 ) ;
#1245 = EDGE_CURVE ( 'NONE', #1308, #2499, #40, .T. ) ;
#1246 = ADVANCED_FACE ( 'NONE', ( #1222 ), #364, .T. ) ;
#1247 = CARTESIAN_POINT ( 'NONE',  ( 1.469999999999999973, 3.399999999999590905, -5.935518276033900995E-15 ) ) ;
#1248 = STYLED_ITEM ( 'NONE', ( #2339 ), #584 ) ;
#1249 = DIRECTION ( 'NONE',  ( 1.000000000000000000, 0.000000000000000000, 0.000000000000000000 ) ) ;
#1250 = AXIS2_PLACEMENT_3D ( 'NONE', #1279, #86, #1036 ) ;
#1251 = CARTESIAN_POINT ( 'NONE',  ( -2.149999999999999911, -2.200000000000000622, 1.100000000000000089 ) ) ;
#1252 = STYLED_ITEM ( 'NONE', ( #682 ), #927 ) ;
#1253 = CARTESIAN_POINT ( 'NONE',  ( 1.469999999999999973, -3.105825656066989016, -2.443363886529420664E-15 ) ) ;
#1254 = ORIENTED_EDGE ( 'NONE', *, *, #610, .F. ) ;
#1255 = CARTESIAN_POINT ( 'NONE',  ( -2.149999999999999911, -2.200000000000000622, 1.100000000000000089 ) ) ;
#1256 = ORIENTED_EDGE ( 'NONE', *, *, #444, .F. ) ;
#1257 = DIRECTION ( 'NONE',  ( 0.000000000000000000, -1.000000000000000000, 0.000000000000000000 ) ) ;
#1258 = EDGE_CURVE ( 'NONE', #1310, #1781, #1806, .T. ) ;
#1259 = EDGE_CURVE ( 'NONE', #1781, #845, #1482, .T. ) ;
#1260 = CARTESIAN_POINT ( 'NONE',  ( -2.149999999999999911, -2.200000000000000622, 1.100000000000000089 ) ) ;
#1261 = EDGE_CURVE ( 'NONE', #204, #552, #1042, .T. ) ;
#1262 = VECTOR ( 'NONE', #2438, 1000.000000000000114 ) ;
#1263 = VECTOR ( 'NONE', #158, 1000.000000000000000 ) ;
#1264 = LINE ( 'NONE', #1002, #2368 ) ;
#1265 =( GEOMETRIC_REPRESENTATION_CONTEXT ( 3 ) GLOBAL_UNCERTAINTY_ASSIGNED_CONTEXT ( ( #1444 ) ) GLOBAL_UNIT_ASSIGNED_CONTEXT ( ( #2954, #1740, #407 ) ) REPRESENTATION_CONTEXT ( 'NONE', 'WORKASPACE' ) );
#1266 = EDGE_CURVE ( 'NONE', #2294, #418, #2848, .T. ) ;
#1267 = COLOUR_RGB ( '',1.000000000000000000, 1.000000000000000000, 1.000000000000000000 ) ;
#1268 = STYLED_ITEM ( 'NONE', ( #2959 ), #1491 ) ;
#1269 = PRESENTATION_STYLE_ASSIGNMENT (( #312 ) ) ;
#1270 = AXIS2_PLACEMENT_3D ( 'NONE', #1219, #296, #2185 ) ;
#1271 = MECHANICAL_DESIGN_GEOMETRIC_PRESENTATION_REPRESENTATION (  '', ( #2369 ), #812 ) ;
#1272 = ORIENTED_EDGE ( 'NONE', *, *, #1204, .F. ) ;
#1273 = PRESENTATION_LAYER_ASSIGNMENT (  '', '', ( #2621 ) ) ;
#1274 = VECTOR ( 'NONE', #481, 1000.000000000000000 ) ;
#1275 = ORIENTED_EDGE ( 'NONE', *, *, #2599, .F. ) ;
#1276 = FACE_OUTER_BOUND ( 'NONE', #1037, .T. ) ;
#1277 = DIRECTION ( 'NONE',  ( 0.000000000000000000, 0.000000000000000000, 1.000000000000000000 ) ) ;
#1278 = MECHANICAL_DESIGN_GEOMETRIC_PRESENTATION_REPRESENTATION (  '', ( #435 ), #326 ) ;
#1279 = CARTESIAN_POINT ( 'NONE',  ( -1.070000000000000062, -2.431391447983968668, 0.9369965063385076176 ) ) ;
#1280 = ORIENTED_EDGE ( 'NONE', *, *, #1130, .T. ) ;
#1281 = COLOUR_RGB ( '',1.000000000000000000, 1.000000000000000000, 1.000000000000000000 ) ;
#1282 = FILL_AREA_STYLE ('',( #2229 ) ) ;
#1283 = PRESENTATION_STYLE_ASSIGNMENT (( #2904 ) ) ;
#1284 = EDGE_CURVE ( 'NONE', #2677, #2110, #124, .T. ) ;
#1285 = LINE ( 'NONE', #2702, #255 ) ;
#1286 = EDGE_CURVE ( 'NONE', #2513, #2486, #1056, .T. ) ;
#1287 = DIRECTION ( 'NONE',  ( 0.000000000000000000, 0.000000000000000000, -1.000000000000000000 ) ) ;
#1288 = ORIENTED_EDGE ( 'NONE', *, *, #1952, .T. ) ;
#1289 = EDGE_LOOP ( 'NONE', ( #421, #1403, #1522, #2444 ) ) ;
#1290 = CARTESIAN_POINT ( 'NONE',  ( -2.149999999999999911, 2.181508321736363332, 1.186996506333891643 ) ) ;
#1291 = DIRECTION ( 'NONE',  ( 0.000000000000000000, 1.000000000000000000, -1.308666447613348142E-15 ) ) ;
#1292 = SURFACE_STYLE_USAGE ( .BOTH. , #2665 ) ;
#1293 = CARTESIAN_POINT ( 'NONE',  ( -1.469999999999999973, -2.674073424632076978, 0.9949617999437140314 ) ) ;
#1294 = ORIENTED_EDGE ( 'NONE', *, *, #56, .F. ) ;
#1295 = ORIENTED_EDGE ( 'NONE', *, *, #1909, .F. ) ;
#1296 = PRODUCT_DEFINITION_CONTEXT ( 'detailed design', #598, 'design' ) ;
#1297 = DIRECTION ( 'NONE',  ( 0.000000000000000000, 0.3598843120277078755, 0.9329969356628902144 ) ) ;
#1298 = CARTESIAN_POINT ( 'NONE',  ( -1.070000000000000062, -2.962963287683552771, 0.2460173531904671640 ) ) ;
#1299 = SURFACE_STYLE_USAGE ( .BOTH. , #2936 ) ;
#1300 = DIRECTION ( 'NONE',  ( 0.000000000000000000, 0.000000000000000000, 1.000000000000000000 ) ) ;
#1301 = ORIENTED_EDGE ( 'NONE', *, *, #1126, .F. ) ;
#1302 = VECTOR ( 'NONE', #442, 1000.000000000000000 ) ;
#1303 = DIRECTION ( 'NONE',  ( 1.000000000000000000, 0.000000000000000000, 0.000000000000000000 ) ) ;
#1304 = ORIENTED_EDGE ( 'NONE', *, *, #1534, .T. ) ;
#1305 = FILL_AREA_STYLE ('',( #355 ) ) ;
#1306 = DIRECTION ( 'NONE',  ( 0.000000000000000000, -1.187103655206779410E-14, 1.000000000000000000 ) ) ;
#1307 = ADVANCED_FACE ( 'NONE', ( #2926 ), #2493, .T. ) ;
#1308 = VERTEX_POINT ( 'NONE', #1106 ) ;
#1309 = FACE_OUTER_BOUND ( 'NONE', #1340, .T. ) ;
#1310 = VERTEX_POINT ( 'NONE', #1872 ) ;
#1311 = CARTESIAN_POINT ( 'NONE',  ( 1.469999999999999973, 2.431391447983968668, 0.9369965063385076176 ) ) ;
#1312 = DIRECTION ( 'NONE',  ( 0.000000000000000000, -0.2079116908177598144, 0.9781476007338055778 ) ) ;
#1313 = DIRECTION ( 'NONE',  ( 1.000000000000000000, -0.000000000000000000, -0.000000000000000000 ) ) ;
#1314 = ORIENTED_EDGE ( 'NONE', *, *, #1284, .T. ) ;
#1315 = AXIS2_PLACEMENT_3D ( 'NONE', #2123, #2191, #3071 ) ;
#1316 = VERTEX_POINT ( 'NONE', #2318 ) ;
#1317 = AXIS2_PLACEMENT_3D ( 'NONE', #2642, #54, #331 ) ;
#1318 = VECTOR ( 'NONE', #3032, 1000.000000000000000 ) ;
#1319 = CARTESIAN_POINT ( 'NONE',  ( 1.070000000000000062, 2.524691141550257978, 0.9729849375412779056 ) ) ;
#1320 =( LENGTH_UNIT ( ) NAMED_UNIT ( * ) SI_UNIT ( .MILLI., .METRE. ) );
#1321 = LINE ( 'NONE', #419, #1175 ) ;
#1322 = AXIS2_PLACEMENT_3D ( 'NONE', #2008, #1306, #1525 ) ;
#1323 = PRESENTATION_LAYER_ASSIGNMENT (  '', '', ( #1464 ) ) ;
#1324 = FACE_OUTER_BOUND ( 'NONE', #3038, .T. ) ;
#1325 = ORIENTED_EDGE ( 'NONE', *, *, #106, .F. ) ;
#1326 = EDGE_CURVE ( 'NONE', #1687, #1053, #2797, .T. ) ;
#1327 = DIRECTION ( 'NONE',  ( 0.000000000000000000, -7.371153840344694327E-16, 1.000000000000000000 ) ) ;
#1328 = UNCERTAINTY_MEASURE_WITH_UNIT (LENGTH_MEASURE( 1.000000000000000082E-05 ), #2515, 'distance_accuracy_value', 'NONE');
#1329 =( NAMED_UNIT ( * ) PLANE_ANGLE_UNIT ( ) SI_UNIT ( $, .RADIAN. ) );
#1330 = LINE ( 'NONE', #2289, #2812 ) ;
#1331 = PLANE ( 'NONE',  #47 ) ;
#1332 = CARTESIAN_POINT ( 'NONE',  ( -1.469999999999999973, -3.105825656066991236, 0.2999999999999974909 ) ) ;
#1333 = ORIENTED_EDGE ( 'NONE', *, *, #155, .F. ) ;
#1334 = ORIENTED_EDGE ( 'NONE', *, *, #741, .F. ) ;
#1335 = DIRECTION ( 'NONE',  ( 0.000000000000000000, 0.3598843120277078755, 0.9329969356628902144 ) ) ;
#1336 = DIRECTION ( 'NONE',  ( 0.000000000000000000, 1.308666447613348142E-15, 1.000000000000000000 ) ) ;
#1337 = FILL_AREA_STYLE_COLOUR ( '', #2769 ) ;
#1338 = EDGE_LOOP ( 'NONE', ( #366, #1586, #99, #1968 ) ) ;
#1339 = FILL_AREA_STYLE ('',( #2347 ) ) ;
#1340 = EDGE_LOOP ( 'NONE', ( #2442, #3007, #463, #1047 ) ) ;
#1341 = DIRECTION ( 'NONE',  ( 1.000000000000000000, -0.000000000000000000, -0.000000000000000000 ) ) ;
#1342 = CARTESIAN_POINT ( 'NONE',  ( -1.070000000000000062, -2.825926575368123750, 0.1920347063916865438 ) ) ;
#1343 = DIRECTION ( 'NONE',  ( -1.000000000000000000, -0.000000000000000000, 0.000000000000000000 ) ) ;
#1344 = SURFACE_STYLE_FILL_AREA ( #636 ) ;
#1345 =( GEOMETRIC_REPRESENTATION_CONTEXT ( 3 ) GLOBAL_UNCERTAINTY_ASSIGNED_CONTEXT ( ( #2799 ) ) GLOBAL_UNIT_ASSIGNED_CONTEXT ( ( #2991, #107, #2293 ) ) REPRESENTATION_CONTEXT ( 'NONE', 'WORKASPACE' ) );
#1346 = ORIENTED_EDGE ( 'NONE', *, *, #1633, .T. ) ;
#1347 = CARTESIAN_POINT ( 'NONE',  ( 1.937443438329977230, 0.000000000000000000, 0.1000000000000000472 ) ) ;
#1348 = DIRECTION ( 'NONE',  ( 0.000000000000000000, 0.000000000000000000, 1.000000000000000000 ) ) ;
#1349 = CARTESIAN_POINT ( 'NONE',  ( 1.469999999999999973, 2.431391447983967780, 1.036996506338507595 ) ) ;
#1350 =( LENGTH_UNIT ( ) NAMED_UNIT ( * ) SI_UNIT ( .MILLI., .METRE. ) );
#1351 = EDGE_LOOP ( 'NONE', ( #1152, #2314, #2281, #985 ) ) ;
#1352 =( NAMED_UNIT ( * ) PLANE_ANGLE_UNIT ( ) SI_UNIT ( $, .RADIAN. ) );
#1353 = DIRECTION ( 'NONE',  ( 0.000000000000000000, 0.000000000000000000, -1.000000000000000000 ) ) ;
#1354 = ADVANCED_FACE ( 'NONE', ( #182 ), #395, .T. ) ;
#1355 = EDGE_LOOP ( 'NONE', ( #2557, #2248, #257, #2255, #372, #2512, #93, #241, #2068, #842, #2573, #2246, #358 ) ) ;
#1356 = LINE ( 'NONE', #3035, #553 ) ;
#1357 = UNCERTAINTY_MEASURE_WITH_UNIT (LENGTH_MEASURE( 1.000000000000000082E-05 ), #1435, 'distance_accuracy_value', 'NONE');
#1358 = CARTESIAN_POINT ( 'NONE',  ( -1.469999999999999973, -2.962963287683552771, 0.2460173531904671640 ) ) ;
#1359 =( NAMED_UNIT ( * ) SI_UNIT ( $, .STERADIAN. ) SOLID_ANGLE_UNIT ( ) );
#1360 = ORIENTED_EDGE ( 'NONE', *, *, #2134, .F. ) ;
#1361 = AXIS2_PLACEMENT_3D ( 'NONE', #2495, #1044, #1955 ) ;
#1362 = AXIS2_PLACEMENT_3D ( 'NONE', #197, #3061, #2113 ) ;
#1363 = FILL_AREA_STYLE ('',( #2066 ) ) ;
#1364 =( NAMED_UNIT ( * ) PLANE_ANGLE_UNIT ( ) SI_UNIT ( $, .RADIAN. ) );
#1365 =( NAMED_UNIT ( * ) SI_UNIT ( $, .STERADIAN. ) SOLID_ANGLE_UNIT ( ) );
#1366 = COLOUR_RGB ( '',1.000000000000000000, 1.000000000000000000, 1.000000000000000000 ) ;
#1367 = VERTEX_POINT ( 'NONE', #2088 ) ;
#1368 = CARTESIAN_POINT ( 'NONE',  ( 1.469999999999999973, -3.399999999999590905, 0.1499999999953783858 ) ) ;
#1369 = CARTESIAN_POINT ( 'NONE',  ( -1.469999999999999973, 2.825926575368123750, 0.1920347063916864050 ) ) ;
#1370 = STYLED_ITEM ( 'NONE', ( #467 ), #2905 ) ;
#1371 = AXIS2_PLACEMENT_3D ( 'NONE', #2500, #2681, #1717 ) ;
#1372 = COLOUR_RGB ( '',1.000000000000000000, 1.000000000000000000, 1.000000000000000000 ) ;
#1373 = LINE ( 'NONE', #3064, #740 ) ;
#1374 = CARTESIAN_POINT ( 'NONE',  ( 0.000000000000000000, -1.987443438329977941, 0.1000000000000000472 ) ) ;
#1375 = CARTESIAN_POINT ( 'NONE',  ( -1.469999999999999973, -3.399999999999590905, 0.1499999999953783858 ) ) ;
#1376 = EDGE_CURVE ( 'NONE', #2262, #3027, #1409, .T. ) ;
#1377 = ORIENTED_EDGE ( 'NONE', *, *, #2732, .T. ) ;
#1378 = SURFACE_STYLE_USAGE ( .BOTH. , #1620 ) ;
#1379 = ORIENTED_EDGE ( 'NONE', *, *, #2931, .T. ) ;
#1380 =( LENGTH_UNIT ( ) NAMED_UNIT ( * ) SI_UNIT ( .MILLI., .METRE. ) );
#1381 = ORIENTED_EDGE ( 'NONE', *, *, #2987, .T. ) ;
#1382 = CARTESIAN_POINT ( 'NONE',  ( -1.000000000000000000, -1.000000000000000000, 2.100000000000000089 ) ) ;
#1383 = CARTESIAN_POINT ( 'NONE',  ( -2.149999999999999911, -2.200000000000000622, 1.100000000000000089 ) ) ;
#1384 = CARTESIAN_POINT ( 'NONE',  ( -1.000000000000000000, -1.000000000000000000, 2.200000000000000178 ) ) ;
#1385 = FILL_AREA_STYLE ('',( #659 ) ) ;
#1386 = UNCERTAINTY_MEASURE_WITH_UNIT (LENGTH_MEASURE( 1.000000000000000082E-05 ), #1076, 'distance_accuracy_value', 'NONE');
#1387 = CARTESIAN_POINT ( 'NONE',  ( -1.469999999999999973, 2.199999999999999734, 1.100000000000000089 ) ) ;
#1388 = ORIENTED_EDGE ( 'NONE', *, *, #2582, .F. ) ;
#1389 =( NAMED_UNIT ( * ) PLANE_ANGLE_UNIT ( ) SI_UNIT ( $, .RADIAN. ) );
#1390 = ORIENTED_EDGE ( 'NONE', *, *, #1670, .F. ) ;
#1391 = DIRECTION ( 'NONE',  ( 0.000000000000000000, -1.308666447613348142E-15, 1.000000000000000000 ) ) ;
#1392 = FILL_AREA_STYLE_COLOUR ( '', #565 ) ;
#1393 = ORIENTED_EDGE ( 'NONE', *, *, #1031, .F. ) ;
#1394 = SURFACE_SIDE_STYLE ('',( #231 ) ) ;
#1395 = DIRECTION ( 'NONE',  ( 1.000000000000000000, 0.000000000000000000, 0.000000000000000000 ) ) ;
#1396 =( NAMED_UNIT ( * ) PLANE_ANGLE_UNIT ( ) SI_UNIT ( $, .RADIAN. ) );
#1397 = FILL_AREA_STYLE_COLOUR ( '', #2254 ) ;
#1398 =( GEOMETRIC_REPRESENTATION_CONTEXT ( 3 ) GLOBAL_UNCERTAINTY_ASSIGNED_CONTEXT ( ( #693 ) ) GLOBAL_UNIT_ASSIGNED_CONTEXT ( ( #2089, #431, #851 ) ) REPRESENTATION_CONTEXT ( 'NONE', 'WORKASPACE' ) );
#1399 = PRESENTATION_STYLE_ASSIGNMENT (( #2881 ) ) ;
#1400 = LINE ( 'NONE', #200, #1674 ) ;
#1401 = CARTESIAN_POINT ( 'NONE',  ( 1.070000000000000062, 3.102912828032694748, 0.2999999999953782970 ) ) ;
#1402 = CARTESIAN_POINT ( 'NONE',  ( 1.469999999999999973, 3.105825656066991236, 0.2999999999999974909 ) ) ;
#1403 = ORIENTED_EDGE ( 'NONE', *, *, #2532, .F. ) ;
#1404 = PRESENTATION_LAYER_ASSIGNMENT (  '', '', ( #762 ) ) ;
#1405 = ADVANCED_FACE ( 'NONE', ( #1843 ), #2519, .T. ) ;
#1406 = LINE ( 'NONE', #1183, #1777 ) ;
#1407 = FACE_OUTER_BOUND ( 'NONE', #676, .T. ) ;
#1408 = PRESENTATION_LAYER_ASSIGNMENT (  '', '', ( #2468 ) ) ;
#1409 = CIRCLE ( 'NONE', #2565, 0.2999999999999998224 ) ;
#1410 = DIRECTION ( 'NONE',  ( 0.000000000000000000, 0.000000000000000000, -1.000000000000000000 ) ) ;
#1411 = EDGE_CURVE ( 'NONE', #208, #1367, #2747, .T. ) ;
#1412 =( GEOMETRIC_REPRESENTATION_CONTEXT ( 3 ) GLOBAL_UNCERTAINTY_ASSIGNED_CONTEXT ( ( #754 ) ) GLOBAL_UNIT_ASSIGNED_CONTEXT ( ( #2814, #2833, #252 ) ) REPRESENTATION_CONTEXT ( 'NONE', 'WORKASPACE' ) );
#1413 = LINE ( 'NONE', #1428, #14 ) ;
#1414 = COLOUR_RGB ( '',0.6274509803921568540, 0.6274509803921568540, 0.6274509803921568540 ) ;
#1415 = COLOUR_RGB ( '',1.000000000000000000, 1.000000000000000000, 1.000000000000000000 ) ;
#1416 = LINE ( 'NONE', #2379, #3051 ) ;
#1417 = VECTOR ( 'NONE', #733, 1000.000000000000000 ) ;
#1418 = SURFACE_SIDE_STYLE ('',( #1149 ) ) ;
#1419 = STYLED_ITEM ( 'NONE', ( #2870 ), #370 ) ;
#1420 = UNCERTAINTY_MEASURE_WITH_UNIT (LENGTH_MEASURE( 1.000000000000000082E-05 ), #2441, 'distance_accuracy_value', 'NONE');
#1421 = SURFACE_STYLE_USAGE ( .BOTH. , #474 ) ;
#1422 = CARTESIAN_POINT ( 'NONE',  ( -1.469999999999999973, 2.394174343933792137, 0.8869965063338917100 ) ) ;
#1423 = DIRECTION ( 'NONE',  ( 0.000000000000000000, -1.000000000000000000, 9.123603059898513417E-17 ) ) ;
#1424 = ORIENTED_EDGE ( 'NONE', *, *, #2627, .F. ) ;
#1425 = CARTESIAN_POINT ( 'NONE',  ( -1.469999999999999973, 3.105825656066989016, -2.443363886529420664E-15 ) ) ;
#1426 =( NAMED_UNIT ( * ) PLANE_ANGLE_UNIT ( ) SI_UNIT ( $, .RADIAN. ) );
#1427 = LINE ( 'NONE', #705, #43 ) ;
#1428 = CARTESIAN_POINT ( 'NONE',  ( 1.069999999999999840, -2.200000000000000622, 1.100000000000000089 ) ) ;
#1429 = EDGE_CURVE ( 'NONE', #1759, #702, #1330, .T. ) ;
#1430 = SURFACE_SIDE_STYLE ('',( #1190 ) ) ;
#1431 = CYLINDRICAL_SURFACE ( 'NONE', #409, 0.2999999999999998224 ) ;
#1432 = PRESENTATION_STYLE_ASSIGNMENT (( #2865 ) ) ;
#1433 = EDGE_LOOP ( 'NONE', ( #2260, #1829, #1138, #3031 ) ) ;
#1434 = FILL_AREA_STYLE ('',( #1688 ) ) ;
#1435 =( LENGTH_UNIT ( ) NAMED_UNIT ( * ) SI_UNIT ( .MILLI., .METRE. ) );
#1436 = ORIENTED_EDGE ( 'NONE', *, *, #2136, .T. ) ;
#1437 = VECTOR ( 'NONE', #336, 1000.000000000000000 ) ;
#1438 = CARTESIAN_POINT ( 'NONE',  ( 1.469999999999999973, 3.105825656066989016, -2.443363886529420664E-15 ) ) ;
#1439 = SURFACE_SIDE_STYLE ('',( #2650 ) ) ;
#1440 = CARTESIAN_POINT ( 'NONE',  ( -1.500000000000000000, -1.000000000000000000, 2.200000000000000178 ) ) ;
#1441 = PRESENTATION_STYLE_ASSIGNMENT (( #498 ) ) ;
#1442 = CARTESIAN_POINT ( 'NONE',  ( -1.469999999999999973, -2.394174343933792137, 0.8869965063338917100 ) ) ;
#1443 = EDGE_CURVE ( 'NONE', #1367, #275, #1771, .T. ) ;
#1444 = UNCERTAINTY_MEASURE_WITH_UNIT (LENGTH_MEASURE( 1.000000000000000082E-05 ), #2954, 'distance_accuracy_value', 'NONE');
#1445 = LINE ( 'NONE', #1755, #815 ) ;
#1446 = EDGE_CURVE ( 'NONE', #2740, #157, #2367, .T. ) ;
#1447 =( NAMED_UNIT ( * ) SI_UNIT ( $, .STERADIAN. ) SOLID_ANGLE_UNIT ( ) );
#1448 = EDGE_LOOP ( 'NONE', ( #2696, #973 ) ) ;
#1449 =( NAMED_UNIT ( * ) SI_UNIT ( $, .STERADIAN. ) SOLID_ANGLE_UNIT ( ) );
#1450 = CARTESIAN_POINT ( 'NONE',  ( -1.469999999999999973, -2.962963287683552771, 0.2460173531904671640 ) ) ;
#1451 = ORIENTED_EDGE ( 'NONE', *, *, #1376, .T. ) ;
#1452 = CARTESIAN_POINT ( 'NONE',  ( 1.070000000000000062, 2.962963287683552771, 0.2460173531904671640 ) ) ;
#1453 = SURFACE_SIDE_STYLE ('',( #2885 ) ) ;
#1454 = DIRECTION ( 'NONE',  ( 0.000000000000000000, -0.000000000000000000, 1.000000000000000000 ) ) ;
#1455 = CARTESIAN_POINT ( 'NONE',  ( 1.070000000000000062, 3.399999999999590905, -5.935518276033900995E-15 ) ) ;
#1456 = PRESENTATION_LAYER_ASSIGNMENT (  '', '', ( #2070 ) ) ;
#1457 = AXIS2_PLACEMENT_3D ( 'NONE', #417, #2295, #2981 ) ;
#1458 =( GEOMETRIC_REPRESENTATION_CONTEXT ( 3 ) GLOBAL_UNCERTAINTY_ASSIGNED_CONTEXT ( ( #514 ) ) GLOBAL_UNIT_ASSIGNED_CONTEXT ( ( #1097, #2263, #109 ) ) REPRESENTATION_CONTEXT ( 'NONE', 'WORKASPACE' ) );
#1459 = PRESENTATION_LAYER_ASSIGNMENT (  '', '', ( #2125 ) ) ;
#1460 = VECTOR ( 'NONE', #1856, 1000.000000000000000 ) ;
#1461 = CARTESIAN_POINT ( 'NONE',  ( 1.469999999999999973, -3.102912828032694748, 0.2999999999953782970 ) ) ;
#1462 = DIRECTION ( 'NONE',  ( -1.000000000000000000, 0.000000000000000000, 0.000000000000000000 ) ) ;
#1463 = STYLED_ITEM ( 'NONE', ( #2251 ), #2940 ) ;
#1464 = STYLED_ITEM ( 'NONE', ( #2204 ), #2019 ) ;
#1465 = FILL_AREA_STYLE_COLOUR ( '', #1281 ) ;
#1466 = AXIS2_PLACEMENT_3D ( 'NONE', #1251, #2243, #2213 ) ;
#1467 = COLOUR_RGB ( '',0.7921568627450980005, 0.8196078431372548767, 0.9333333333333333481 ) ;
#1468 = ADVANCED_FACE ( 'NONE', ( #2602 ), #700, .F. ) ;
#1469 = ORIENTED_EDGE ( 'NONE', *, *, #876, .T. ) ;
#1470 = EDGE_CURVE ( 'NONE', #2300, #1563, #292, .T. ) ;
#1471 =( NAMED_UNIT ( * ) PLANE_ANGLE_UNIT ( ) SI_UNIT ( $, .RADIAN. ) );
#1472 = ORIENTED_EDGE ( 'NONE', *, *, #49, .T. ) ;
#1473 = LINE ( 'NONE', #2663, #2718 ) ;
#1474 = CARTESIAN_POINT ( 'NONE',  ( 1.469999999999999973, -3.399999999999590905, 0.1499999999953783858 ) ) ;
#1475 =( LENGTH_UNIT ( ) NAMED_UNIT ( * ) SI_UNIT ( .MILLI., .METRE. ) );
#1476 = DIRECTION ( 'NONE',  ( -1.000000000000000000, 0.000000000000000000, 0.000000000000000000 ) ) ;
#1477 =( LENGTH_UNIT ( ) NAMED_UNIT ( * ) SI_UNIT ( .MILLI., .METRE. ) );
#1478 = FILL_AREA_STYLE ('',( #2672 ) ) ;
#1479 = UNCERTAINTY_MEASURE_WITH_UNIT (LENGTH_MEASURE( 1.000000000000000082E-05 ), #1558, 'distance_accuracy_value', 'NONE');
#1480 = LINE ( 'NONE', #2923, #1218 ) ;
#1481 = FACE_OUTER_BOUND ( 'NONE', #2617, .T. ) ;
#1482 = LINE ( 'NONE', #2272, #1172 ) ;
#1483 =( NAMED_UNIT ( * ) PLANE_ANGLE_UNIT ( ) SI_UNIT ( $, .RADIAN. ) );
#1484 = EDGE_CURVE ( 'NONE', #91, #2193, #1749, .T. ) ;
#1485 = ORIENTED_EDGE ( 'NONE', *, *, #576, .F. ) ;
#1486 = EDGE_CURVE ( 'NONE', #1527, #1554, #1035, .T. ) ;
#1487 = VERTEX_POINT ( 'NONE', #990 ) ;
#1488 = DIRECTION ( 'NONE',  ( 1.000000000000000000, 0.000000000000000000, 0.000000000000000000 ) ) ;
#1489 = SURFACE_STYLE_USAGE ( .BOTH. , #542 ) ;
#1490 = SURFACE_SIDE_STYLE ('',( #2949 ) ) ;
#1491 = ADVANCED_FACE ( 'NONE', ( #1407 ), #738, .F. ) ;
#1492 = COLOUR_RGB ( '',1.000000000000000000, 1.000000000000000000, 1.000000000000000000 ) ;
#1493 =( NAMED_UNIT ( * ) PLANE_ANGLE_UNIT ( ) SI_UNIT ( $, .RADIAN. ) );
#1494 = DIRECTION ( 'NONE',  ( -0.000000000000000000, 0.3598843120277078755, -0.9329969356628902144 ) ) ;
#1495 = FILL_AREA_STYLE ('',( #39 ) ) ;
#1496 = AXIS2_PLACEMENT_3D ( 'NONE', #767, #2467, #323 ) ;
#1497 = FILL_AREA_STYLE ('',( #547 ) ) ;
#1498 = AXIS2_PLACEMENT_3D ( 'NONE', #55, #1004, #333 ) ;
#1499 = CARTESIAN_POINT ( 'NONE',  ( -1.469999999999999973, 2.394174343933792137, 0.8869965063338917100 ) ) ;
#1500 = EDGE_LOOP ( 'NONE', ( #605, #1801, #125, #832 ) ) ;
#1501 = DIRECTION ( 'NONE',  ( 0.000000000000000000, -0.2079116908177597867, -0.9781476007338054668 ) ) ;
#1502 = EDGE_LOOP ( 'NONE', ( #637, #2882, #2143, #863, #2215, #1551, #747, #1530, #1181, #186, #2018, #2047 ) ) ;
#1503 =( NAMED_UNIT ( * ) SI_UNIT ( $, .STERADIAN. ) SOLID_ANGLE_UNIT ( ) );
#1504 = CARTESIAN_POINT ( 'NONE',  ( -1.469999999999999973, -2.181508321736364220, 1.186996506333891643 ) ) ;
#1505 = VERTEX_POINT ( 'NONE', #2575 ) ;
#1506 = APPLICATION_CONTEXT ( 'automotive_design' ) ;
#1507 = FILL_AREA_STYLE_COLOUR ( '', #2968 ) ;
#1508 = DIRECTION ( 'NONE',  ( 0.000000000000000000, 0.000000000000000000, 1.000000000000000000 ) ) ;
#1509 = COLOUR_RGB ( '',1.000000000000000000, 1.000000000000000000, 1.000000000000000000 ) ;
#1510 = UNCERTAINTY_MEASURE_WITH_UNIT (LENGTH_MEASURE( 1.000000000000000082E-05 ), #1589, 'distance_accuracy_value', 'NONE');
#1511 =( NAMED_UNIT ( * ) PLANE_ANGLE_UNIT ( ) SI_UNIT ( $, .RADIAN. ) );
#1512 = CARTESIAN_POINT ( 'NONE',  ( 1.070000000000000062, 3.105825656066989016, -2.443363886529420664E-15 ) ) ;
#1513 = FILL_AREA_STYLE_COLOUR ( '', #2376 ) ;
#1514 = VECTOR ( 'NONE', #2321, 1000.000000000000000 ) ;
#1515 =( GEOMETRIC_REPRESENTATION_CONTEXT ( 3 ) GLOBAL_UNCERTAINTY_ASSIGNED_CONTEXT ( ( #1386 ) ) GLOBAL_UNIT_ASSIGNED_CONTEXT ( ( #1076, #585, #2000 ) ) REPRESENTATION_CONTEXT ( 'NONE', 'WORKASPACE' ) );
#1516 = PRESENTATION_LAYER_ASSIGNMENT (  '', '', ( #319 ) ) ;
#1517 = MECHANICAL_DESIGN_GEOMETRIC_PRESENTATION_REPRESENTATION (  '', ( #2474 ), #376 ) ;
#1518 =( GEOMETRIC_REPRESENTATION_CONTEXT ( 3 ) GLOBAL_UNCERTAINTY_ASSIGNED_CONTEXT ( ( #2423 ) ) GLOBAL_UNIT_ASSIGNED_CONTEXT ( ( #1477, #2880, #235 ) ) REPRESENTATION_CONTEXT ( 'NONE', 'WORKASPACE' ) );
#1519 = EDGE_LOOP ( 'NONE', ( #1451, #1192, #2284, #2620 ) ) ;
#1520 = DIRECTION ( 'NONE',  ( 0.000000000000000000, 0.000000000000000000, -1.000000000000000000 ) ) ;
#1521 =( GEOMETRIC_REPRESENTATION_CONTEXT ( 3 ) GLOBAL_UNCERTAINTY_ASSIGNED_CONTEXT ( ( #394 ) ) GLOBAL_UNIT_ASSIGNED_CONTEXT ( ( #3040, #2805, #578 ) ) REPRESENTATION_CONTEXT ( 'NONE', 'WORKASPACE' ) );
#1522 = ORIENTED_EDGE ( 'NONE', *, *, #929, .T. ) ;
#1523 = CYLINDRICAL_SURFACE ( 'NONE', #2909, 0.2999999999999998779 ) ;
#1524 = PLANE ( 'NONE',  #2228 ) ;
#1525 = DIRECTION ( 'NONE',  ( 0.000000000000000000, -1.000000000000000000, -1.187103655206779410E-14 ) ) ;
#1526 = DIRECTION ( 'NONE',  ( -0.000000000000000000, -0.000000000000000000, 1.000000000000000000 ) ) ;
#1527 = VERTEX_POINT ( 'NONE', #439 ) ;
#1528 = FACE_OUTER_BOUND ( 'NONE', #108, .T. ) ;
#1529 = EDGE_CURVE ( 'NONE', #3053, #478, #2344, .T. ) ;
#1530 = ORIENTED_EDGE ( 'NONE', *, *, #791, .T. ) ;
#1531 = FILL_AREA_STYLE_COLOUR ( '', #613 ) ;
#1532 = DIRECTION ( 'NONE',  ( 1.000000000000000000, -0.000000000000000000, -0.000000000000000000 ) ) ;
#1533 = FILL_AREA_STYLE ('',( #1055 ) ) ;
#1534 = EDGE_CURVE ( 'NONE', #1078, #2802, #622, .T. ) ;
#1535 = CARTESIAN_POINT ( 'NONE',  ( 1.469999999999999973, -2.200000000000000622, 1.100000000000000089 ) ) ;
#1536 = ORIENTED_EDGE ( 'NONE', *, *, #2428, .T. ) ;
#1537 = FILL_AREA_STYLE ('',( #156 ) ) ;
#1538 = ORIENTED_EDGE ( 'NONE', *, *, #1670, .T. ) ;
#1539 = DIRECTION ( 'NONE',  ( -1.000000000000000000, 0.000000000000000000, 0.000000000000000000 ) ) ;
#1540 = CARTESIAN_POINT ( 'NONE',  ( -1.469999999999999973, -3.399999999999590905, 0.1499999999953783858 ) ) ;
#1541 =( LENGTH_UNIT ( ) NAMED_UNIT ( * ) SI_UNIT ( .MILLI., .METRE. ) );
#1542 = ORIENTED_EDGE ( 'NONE', *, *, #2466, .T. ) ;
#1543 = VERTEX_POINT ( 'NONE', #266 ) ;
#1544 = COLOUR_RGB ( '',1.000000000000000000, 1.000000000000000000, 1.000000000000000000 ) ;
#1545 = SURFACE_SIDE_STYLE ('',( #2735 ) ) ;
#1546 = SURFACE_STYLE_USAGE ( .BOTH. , #825 ) ;
#1547 = CIRCLE ( 'NONE', #1201, 0.2999999999999999334 ) ;
#1548 = DIRECTION ( 'NONE',  ( 0.000000000000000000, 0.9329969356628903254, 0.3598843120277079310 ) ) ;
#1549 = VERTEX_POINT ( 'NONE', #1221 ) ;
#1550 = EDGE_CURVE ( 'NONE', #270, #2744, #518, .T. ) ;
#1551 = ORIENTED_EDGE ( 'NONE', *, *, #504, .T. ) ;
#1552 = SURFACE_STYLE_USAGE ( .BOTH. , #128 ) ;
#1553 =( NAMED_UNIT ( * ) SI_UNIT ( $, .STERADIAN. ) SOLID_ANGLE_UNIT ( ) );
#1554 = VERTEX_POINT ( 'NONE', #2078 ) ;
#1555 =( NAMED_UNIT ( * ) PLANE_ANGLE_UNIT ( ) SI_UNIT ( $, .RADIAN. ) );
#1556 = MECHANICAL_DESIGN_GEOMETRIC_PRESENTATION_REPRESENTATION (  '', ( #750 ), #2806 ) ;
#1557 = ORIENTED_EDGE ( 'NONE', *, *, #576, .T. ) ;
#1558 =( LENGTH_UNIT ( ) NAMED_UNIT ( * ) SI_UNIT ( .MILLI., .METRE. ) );
#1559 = SURFACE_STYLE_USAGE ( .BOTH. , #900 ) ;
#1560 = VECTOR ( 'NONE', #1335, 1000.000000000000114 ) ;
#1561 = CARTESIAN_POINT ( 'NONE',  ( 1.469999999999999973, 3.102912828032695636, 0.1499999999953784413 ) ) ;
#1562 = FILL_AREA_STYLE_COLOUR ( '', #2178 ) ;
#1563 = VERTEX_POINT ( 'NONE', #1849 ) ;
#1564 = AXIS2_PLACEMENT_3D ( 'NONE', #1402, #2142, #1178 ) ;
#1565 = AXIS2_PLACEMENT_3D ( 'NONE', #448, #1391, #2601 ) ;
#1566 = DIRECTION ( 'NONE',  ( 1.000000000000000000, 0.000000000000000000, 0.000000000000000000 ) ) ;
#1567 = ORIENTED_EDGE ( 'NONE', *, *, #1712, .F. ) ;
#1568 = PRESENTATION_LAYER_ASSIGNMENT (  '', '', ( #2967 ) ) ;
#1569 =( GEOMETRIC_REPRESENTATION_CONTEXT ( 3 ) GLOBAL_UNCERTAINTY_ASSIGNED_CONTEXT ( ( #457 ) ) GLOBAL_UNIT_ASSIGNED_CONTEXT ( ( #819, #1555, #293 ) ) REPRESENTATION_CONTEXT ( 'NONE', 'WORKASPACE' ) );
#1570 = LINE ( 'NONE', #2741, #2478 ) ;
#1571 =( NAMED_UNIT ( * ) PLANE_ANGLE_UNIT ( ) SI_UNIT ( $, .RADIAN. ) );
#1572 = STYLED_ITEM ( 'NONE', ( #938 ), #172 ) ;
#1573 =( NAMED_UNIT ( * ) SI_UNIT ( $, .STERADIAN. ) SOLID_ANGLE_UNIT ( ) );
#1574 = VECTOR ( 'NONE', #1736, 1000.000000000000000 ) ;
#1575 = ORIENTED_EDGE ( 'NONE', *, *, #465, .F. ) ;
#1576 = EDGE_CURVE ( 'NONE', #2824, #2730, #317, .T. ) ;
#1577 = STYLED_ITEM ( 'NONE', ( #1020 ), #3076 ) ;
#1578 = DIRECTION ( 'NONE',  ( 0.000000000000000000, 0.000000000000000000, 1.000000000000000000 ) ) ;
#1579 = ORIENTED_EDGE ( 'NONE', *, *, #16, .T. ) ;
#1580 = FILL_AREA_STYLE ('',( #883 ) ) ;
#1581 = CARTESIAN_POINT ( 'NONE',  ( 1.469999999999999973, 2.962963287683552771, 0.2460173531904671640 ) ) ;
#1582 = AXIS2_PLACEMENT_3D ( 'NONE', #696, #1966, #2657 ) ;
#1583 = CARTESIAN_POINT ( 'NONE',  ( -2.149999999999999911, -2.200000000000000622, 1.100000000000000089 ) ) ;
#1584 = PRESENTATION_STYLE_ASSIGNMENT (( #154 ) ) ;
#1585 = SURFACE_STYLE_USAGE ( .BOTH. , #2261 ) ;
#1586 = ORIENTED_EDGE ( 'NONE', *, *, #1486, .T. ) ;
#1587 = EDGE_CURVE ( 'NONE', #208, #807, #908, .T. ) ;
#1588 = SURFACE_SIDE_STYLE ('',( #796 ) ) ;
#1589 =( LENGTH_UNIT ( ) NAMED_UNIT ( * ) SI_UNIT ( .MILLI., .METRE. ) );
#1590 = EDGE_CURVE ( 'NONE', #1746, #1129, #2562, .T. ) ;
#1591 = DIRECTION ( 'NONE',  ( -1.000000000000000000, 0.000000000000000000, 0.000000000000000000 ) ) ;
#1592 = CARTESIAN_POINT ( 'NONE',  ( -1.000000000000000000, -1.000000000000000000, 2.200000000000000178 ) ) ;
#1593 = ORIENTED_EDGE ( 'NONE', *, *, #251, .F. ) ;
#1594 = ADVANCED_FACE ( 'NONE', ( #980 ), #469, .F. ) ;
#1595 = PRESENTATION_STYLE_ASSIGNMENT (( #2085 ) ) ;
#1596 = ORIENTED_EDGE ( 'NONE', *, *, #49, .F. ) ;
#1597 = EDGE_CURVE ( 'NONE', #2127, #1803, #723, .T. ) ;
#1598 = CARTESIAN_POINT ( 'NONE',  ( -1.469999999999999973, 3.399999999999590905, 0.1499999999953783858 ) ) ;
#1599 = PRESENTATION_LAYER_ASSIGNMENT (  '', '', ( #195 ) ) ;
#1600 = DIRECTION ( 'NONE',  ( -1.000000000000000000, 0.000000000000000000, 0.000000000000000000 ) ) ;
#1601 = CARTESIAN_POINT ( 'NONE',  ( 1.469999999999999973, -2.825926575368123750, 0.1920347063916865160 ) ) ;
#1602 = AXIS2_PLACEMENT_3D ( 'NONE', #367, #2020, #2957 ) ;
#1603 = ORIENTED_EDGE ( 'NONE', *, *, #2921, .F. ) ;
#1604 = FILL_AREA_STYLE ('',( #2094 ) ) ;
#1605 = ORIENTED_EDGE ( 'NONE', *, *, #1261, .F. ) ;
#1606 = PLANE ( 'NONE',  #2083 ) ;
#1607 = VECTOR ( 'NONE', #1027, 1000.000000000000000 ) ;
#1608 = PRESENTATION_STYLE_ASSIGNMENT (( #877 ) ) ;
#1609 = EDGE_LOOP ( 'NONE', ( #2929, #2117, #324, #2189 ) ) ;
#1610 = COLOUR_RGB ( '',1.000000000000000000, 1.000000000000000000, 1.000000000000000000 ) ;
#1611 =( NAMED_UNIT ( * ) SI_UNIT ( $, .STERADIAN. ) SOLID_ANGLE_UNIT ( ) );
#1612 = CARTESIAN_POINT ( 'NONE',  ( -1.070000000000000062, -2.394174343933790361, 1.186996506333891865 ) ) ;
#1613 = EDGE_CURVE ( 'NONE', #2898, #2583, #691, .T. ) ;
#1614 = FILL_AREA_STYLE_COLOUR ( '', #2175 ) ;
#1615 = SURFACE_STYLE_FILL_AREA ( #2057 ) ;
#1616 = UNCERTAINTY_MEASURE_WITH_UNIT (LENGTH_MEASURE( 1.000000000000000082E-05 ), #506, 'distance_accuracy_value', 'NONE');
#1617 = CARTESIAN_POINT ( 'NONE',  ( -1.070000000000000062, 2.962963287683552771, 0.2460173531904671640 ) ) ;
#1618 =( GEOMETRIC_REPRESENTATION_CONTEXT ( 3 ) GLOBAL_UNCERTAINTY_ASSIGNED_CONTEXT ( ( #1942 ) ) GLOBAL_UNIT_ASSIGNED_CONTEXT ( ( #2683, #1493, #101 ) ) REPRESENTATION_CONTEXT ( 'NONE', 'WORKASPACE' ) );
#1619 = VERTEX_POINT ( 'NONE', #2902 ) ;
#1620 = SURFACE_SIDE_STYLE ('',( #663 ) ) ;
#1621 = PRESENTATION_LAYER_ASSIGNMENT (  '', '', ( #1268 ) ) ;
#1622 = ORIENTED_EDGE ( 'NONE', *, *, #1550, .F. ) ;
#1623 = MECHANICAL_DESIGN_GEOMETRIC_PRESENTATION_REPRESENTATION (  '', ( #2967 ), #909 ) ;
#1624 = PRESENTATION_LAYER_ASSIGNMENT (  '', '', ( #427 ) ) ;
#1625 = EDGE_LOOP ( 'NONE', ( #922, #777, #260, #1733, #2077, #2412, #1795, #410, #2853, #1898, #1346, #799 ) ) ;
#1626 = VECTOR ( 'NONE', #1395, 1000.000000000000000 ) ;
#1627 =( LENGTH_UNIT ( ) NAMED_UNIT ( * ) SI_UNIT ( .MILLI., .METRE. ) );
#1628 = FILL_AREA_STYLE_COLOUR ( '', #864 ) ;
#1629 = VECTOR ( 'NONE', #34, 1000.000000000000000 ) ;
#1630 = VECTOR ( 'NONE', #1209, 1000.000000000000000 ) ;
#1631 = STYLED_ITEM ( 'NONE', ( #2915 ), #247 ) ;
#1632 = EDGE_CURVE ( 'NONE', #1879, #2241, #486, .T. ) ;
#1633 = EDGE_CURVE ( 'NONE', #2241, #1554, #1413, .T. ) ;
#1634 = LINE ( 'NONE', #1581, #1302 ) ;
#1635 = DIRECTION ( 'NONE',  ( 1.000000000000000000, 0.000000000000000000, 0.000000000000000000 ) ) ;
#1636 = SURFACE_SIDE_STYLE ('',( #684 ) ) ;
#1637 = ORIENTED_EDGE ( 'NONE', *, *, #2561, .T. ) ;
#1638 = FACE_OUTER_BOUND ( 'NONE', #2237, .T. ) ;
#1639 = ORIENTED_EDGE ( 'NONE', *, *, #348, .T. ) ;
#1640 = DIRECTION ( 'NONE',  ( 1.000000000000000000, 0.000000000000000000, 0.000000000000000000 ) ) ;
#1641 = EDGE_LOOP ( 'NONE', ( #1208, #361, #2469, #525 ) ) ;
#1642 = DIRECTION ( 'NONE',  ( 0.000000000000000000, 0.000000000000000000, 1.000000000000000000 ) ) ;
#1643 = CARTESIAN_POINT ( 'NONE',  ( 1.070000000000000062, 3.399999999999590905, 0.1499999999953783858 ) ) ;
#1644 = PRESENTATION_STYLE_ASSIGNMENT (( #2827 ) ) ;
#1645 = DIRECTION ( 'NONE',  ( 0.000000000000000000, 1.000000000000000000, -1.187103655206779410E-14 ) ) ;
#1646 = DIRECTION ( 'NONE',  ( 0.000000000000000000, 0.000000000000000000, -1.000000000000000000 ) ) ;
#1647 = UNCERTAINTY_MEASURE_WITH_UNIT (LENGTH_MEASURE( 1.000000000000000082E-05 ), #2639, 'distance_accuracy_value', 'NONE');
#1648 = ADVANCED_FACE ( 'NONE', ( #2654 ), #2420, .T. ) ;
#1649 = CARTESIAN_POINT ( 'NONE',  ( 1.469999999999999973, -2.962963287683552771, 0.2460173531904671640 ) ) ;
#1650 = ORIENTED_EDGE ( 'NONE', *, *, #698, .F. ) ;
#1651 = DIRECTION ( 'NONE',  ( 0.000000000000000000, 0.000000000000000000, 1.000000000000000000 ) ) ;
#1652 = ORIENTED_EDGE ( 'NONE', *, *, #1141, .T. ) ;
#1653 = PRESENTATION_STYLE_ASSIGNMENT (( #2355 ) ) ;
#1654 = CARTESIAN_POINT ( 'NONE',  ( -2.149999999999999911, 2.199999999999999734, 1.100000000000000089 ) ) ;
#1655 =( NAMED_UNIT ( * ) PLANE_ANGLE_UNIT ( ) SI_UNIT ( $, .RADIAN. ) );
#1656 = CIRCLE ( 'NONE', #992, 0.5000000000000001110 ) ;
#1657 = VECTOR ( 'NONE', #1312, 999.9999999999998863 ) ;
#1658 = LINE ( 'NONE', #2857, #456 ) ;
#1659 = CARTESIAN_POINT ( 'NONE',  ( -2.149999999999999911, -2.200000000000000622, 1.100000000000000089 ) ) ;
#1660 = CARTESIAN_POINT ( 'NONE',  ( 1.070000000000000062, -2.394174343933790361, 1.186996506333891865 ) ) ;
#1661 = FILL_AREA_STYLE_COLOUR ( '', #1610 ) ;
#1662 = DIRECTION ( 'NONE',  ( 1.000000000000000000, 0.000000000000000000, 0.000000000000000000 ) ) ;
#1663 = SURFACE_SIDE_STYLE ('',( #3086 ) ) ;
#1664 = ORIENTED_EDGE ( 'NONE', *, *, #2377, .F. ) ;
#1665 = EDGE_CURVE ( 'NONE', #461, #868, #2917, .T. ) ;
#1666 = SURFACE_SIDE_STYLE ('',( #2851 ) ) ;
#1667 = COLOUR_RGB ( '',0.6274509803921568540, 0.6274509803921568540, 0.6274509803921568540 ) ;
#1668 = ORIENTED_EDGE ( 'NONE', *, *, #1828, .T. ) ;
#1669 =( GEOMETRIC_REPRESENTATION_CONTEXT ( 3 ) GLOBAL_UNCERTAINTY_ASSIGNED_CONTEXT ( ( #38 ) ) GLOBAL_UNIT_ASSIGNED_CONTEXT ( ( #2364, #1389, #2352 ) ) REPRESENTATION_CONTEXT ( 'NONE', 'WORKASPACE' ) );
#1670 = EDGE_CURVE ( 'NONE', #2099, #759, #167, .T. ) ;
#1671 = VECTOR ( 'NONE', #2618, 1000.000000000000000 ) ;
#1672 =( NAMED_UNIT ( * ) PLANE_ANGLE_UNIT ( ) SI_UNIT ( $, .RADIAN. ) );
#1673 = DIRECTION ( 'NONE',  ( -1.000000000000000000, 0.000000000000000000, 0.000000000000000000 ) ) ;
#1674 = VECTOR ( 'NONE', #184, 1000.000000000000000 ) ;
#1675 = VECTOR ( 'NONE', #1238, 1000.000000000000000 ) ;
#1676 = MECHANICAL_DESIGN_GEOMETRIC_PRESENTATION_REPRESENTATION (  '', ( #2080 ), #1569 ) ;
#1677 =( GEOMETRIC_REPRESENTATION_CONTEXT ( 3 ) GLOBAL_UNCERTAINTY_ASSIGNED_CONTEXT ( ( #725 ) ) GLOBAL_UNIT_ASSIGNED_CONTEXT ( ( #1320, #401, #1832 ) ) REPRESENTATION_CONTEXT ( 'NONE', 'WORKASPACE' ) );
#1678 = LINE ( 'NONE', #1167, #2258 ) ;
#1679 = PRESENTATION_LAYER_ASSIGNMENT (  '', '', ( #435 ) ) ;
#1680 = MECHANICAL_DESIGN_GEOMETRIC_PRESENTATION_REPRESENTATION (  '', ( #70 ), #2362 ) ;
#1681 = VECTOR ( 'NONE', #709, 1000.000000000000000 ) ;
#1682 = DIRECTION ( 'NONE',  ( -1.000000000000000000, 0.000000000000000000, 0.000000000000000000 ) ) ;
#1683 = CARTESIAN_POINT ( 'NONE',  ( -1.469999999999999973, -2.524691141550257978, 0.9729849375412779056 ) ) ;
#1684 = DIRECTION ( 'NONE',  ( 0.000000000000000000, 0.000000000000000000, -1.000000000000000000 ) ) ;
#1685 = SURFACE_SIDE_STYLE ('',( #2104 ) ) ;
#1686 = SURFACE_STYLE_FILL_AREA ( #3100 ) ;
#1687 = VERTEX_POINT ( 'NONE', #1975 ) ;
#1688 = FILL_AREA_STYLE_COLOUR ( '', #2224 ) ;
#1689 = ORIENTED_EDGE ( 'NONE', *, *, #2001, .T. ) ;
#1690 = EDGE_CURVE ( 'NONE', #461, #2985, #2487, .T. ) ;
#1691 =( LENGTH_UNIT ( ) NAMED_UNIT ( * ) SI_UNIT ( .MILLI., .METRE. ) );
#1692 = CARTESIAN_POINT ( 'NONE',  ( -1.000000000000000000, -1.000000000000000000, 2.200000000000000178 ) ) ;
#1693 = EDGE_CURVE ( 'NONE', #879, #131, #2745, .T. ) ;
#1694 = SURFACE_SIDE_STYLE ('',( #1818 ) ) ;
#1695 = SURFACE_STYLE_FILL_AREA ( #281 ) ;
#1696 = ADVANCED_FACE ( 'NONE', ( #1309 ), #2714, .F. ) ;
#1697 = SURFACE_SIDE_STYLE ('',( #724 ) ) ;
#1698 =( NAMED_UNIT ( * ) SI_UNIT ( $, .STERADIAN. ) SOLID_ANGLE_UNIT ( ) );
#1699 =( NAMED_UNIT ( * ) PLANE_ANGLE_UNIT ( ) SI_UNIT ( $, .RADIAN. ) );
#1700 = ORIENTED_EDGE ( 'NONE', *, *, #173, .F. ) ;
#1701 = PRESENTATION_STYLE_ASSIGNMENT (( #314 ) ) ;
#1702 = ORIENTED_EDGE ( 'NONE', *, *, #644, .F. ) ;
#1703 =( NAMED_UNIT ( * ) PLANE_ANGLE_UNIT ( ) SI_UNIT ( $, .RADIAN. ) );
#1704 =( LENGTH_UNIT ( ) NAMED_UNIT ( * ) SI_UNIT ( .MILLI., .METRE. ) );
#1705 = CIRCLE ( 'NONE', #1250, 0.1000000000000000472 ) ;
#1706 = ADVANCED_FACE ( 'NONE', ( #50 ), #2011, .T. ) ;
#1707 = EDGE_CURVE ( 'NONE', #2524, #2087, #1881, .T. ) ;
#1708 = SURFACE_STYLE_USAGE ( .BOTH. , #2164 ) ;
#1709 = UNCERTAINTY_MEASURE_WITH_UNIT (LENGTH_MEASURE( 1.000000000000000082E-05 ), #2140, 'distance_accuracy_value', 'NONE');
#1710 = PRESENTATION_LAYER_ASSIGNMENT (  '', '', ( #2653 ) ) ;
#1711 = DIRECTION ( 'NONE',  ( 0.000000000000000000, -0.2079116908177598144, 0.9781476007338055778 ) ) ;
#1712 = EDGE_CURVE ( 'NONE', #807, #2524, #117, .T. ) ;
#1713 = SURFACE_STYLE_FILL_AREA ( #744 ) ;
#1714 = EDGE_LOOP ( 'NONE', ( #1797, #3073, #2326, #381 ) ) ;
#1715 = LINE ( 'NONE', #2911, #500 ) ;
#1716 = ORIENTED_EDGE ( 'NONE', *, *, #56, .T. ) ;
#1717 = DIRECTION ( 'NONE',  ( 0.000000000000000000, 0.000000000000000000, 1.000000000000000000 ) ) ;
#1718 = FILL_AREA_STYLE ('',( #290 ) ) ;
#1719 = FILL_AREA_STYLE_COLOUR ( '', #2032 ) ;
#1720 = AXIS2_PLACEMENT_3D ( 'NONE', #102, #1249, #1353 ) ;
#1721 = CARTESIAN_POINT ( 'NONE',  ( 1.469999999999999973, 2.962963287683552771, 0.2460173531904671640 ) ) ;
#1722 = COLOUR_RGB ( '',1.000000000000000000, 1.000000000000000000, 1.000000000000000000 ) ;
#1723 =( GEOMETRIC_REPRESENTATION_CONTEXT ( 3 ) GLOBAL_UNCERTAINTY_ASSIGNED_CONTEXT ( ( #2152 ) ) GLOBAL_UNIT_ASSIGNED_CONTEXT ( ( #41, #1483, #548 ) ) REPRESENTATION_CONTEXT ( 'NONE', 'WORKASPACE' ) );
#1724 = AXIS2_PLACEMENT_3D ( 'NONE', #1084, #880, #1578 ) ;
#1725 = ADVANCED_FACE ( 'NONE', ( #1528 ), #2042, .F. ) ;
#1726 = CARTESIAN_POINT ( 'NONE',  ( -1.937443438329977452, 1.987443438329977052, 0.1000000000000000472 ) ) ;
#1727 = DIRECTION ( 'NONE',  ( -0.000000000000000000, 1.000000000000000000, -1.308666447613348142E-15 ) ) ;
#1728 = EDGE_CURVE ( 'NONE', #3053, #821, #2315, .T. ) ;
#1729 = VECTOR ( 'NONE', #1237, 1000.000000000000000 ) ;
#1730 = VECTOR ( 'NONE', #1195, 999.9999999999998863 ) ;
#1731 = FACE_OUTER_BOUND ( 'NONE', #1289, .T. ) ;
#1732 = STYLED_ITEM ( 'NONE', ( #1102 ), #289 ) ;
#1733 = ORIENTED_EDGE ( 'NONE', *, *, #1750, .F. ) ;
#1734 = CARTESIAN_POINT ( 'NONE',  ( -1.070000000000000062, -2.200000000000000622, 1.100000000000000089 ) ) ;
#1735 = VERTEX_POINT ( 'NONE', #2543 ) ;
#1736 = DIRECTION ( 'NONE',  ( 1.000000000000000000, -0.000000000000000000, -0.000000000000000000 ) ) ;
#1737 = CARTESIAN_POINT ( 'NONE',  ( 1.971824763209655718, -2.021824763209657316, 0.2617514162326980975 ) ) ;
#1738 = PRESENTATION_STYLE_ASSIGNMENT (( #768 ) ) ;
#1739 = UNCERTAINTY_MEASURE_WITH_UNIT (LENGTH_MEASURE( 1.000000000000000082E-05 ), #2400, 'distance_accuracy_value', 'NONE');
#1740 =( NAMED_UNIT ( * ) PLANE_ANGLE_UNIT ( ) SI_UNIT ( $, .RADIAN. ) );
#1741 = DIRECTION ( 'NONE',  ( 0.000000000000000000, 0.3598843120277078755, 0.9329969356628902144 ) ) ;
#1742 =( NAMED_UNIT ( * ) SI_UNIT ( $, .STERADIAN. ) SOLID_ANGLE_UNIT ( ) );
#1743 = FILL_AREA_STYLE ('',( #2703 ) ) ;
#1744 = ORIENTED_EDGE ( 'NONE', *, *, #2875, .F. ) ;
#1745 = EDGE_CURVE ( 'NONE', #656, #2542, #2825, .T. ) ;
#1746 = VERTEX_POINT ( 'NONE', #441 ) ;
#1747 = CARTESIAN_POINT ( 'NONE',  ( 1.469999999999999973, 2.825926575368123750, 0.1920347063916864050 ) ) ;
#1748 = DIRECTION ( 'NONE',  ( 0.000000000000000000, 1.000000000000000000, -9.123603059898513417E-17 ) ) ;
#1749 = LINE ( 'NONE', #321, #3063 ) ;
#1750 = EDGE_CURVE ( 'NONE', #270, #2127, #391, .T. ) ;
#1751 = ORIENTED_EDGE ( 'NONE', *, *, #1484, .T. ) ;
#1752 = DIRECTION ( 'NONE',  ( 0.000000000000000000, 0.000000000000000000, -1.000000000000000000 ) ) ;
#1753 = PRESENTATION_LAYER_ASSIGNMENT (  '', '', ( #404 ) ) ;
#1754 = SURFACE_STYLE_USAGE ( .BOTH. , #2312 ) ;
#1755 = CARTESIAN_POINT ( 'NONE',  ( -1.070000000000000062, -2.100000000006434941, 1.186996506333891643 ) ) ;
#1756 =( LENGTH_UNIT ( ) NAMED_UNIT ( * ) SI_UNIT ( .MILLI., .METRE. ) );
#1757 = DIRECTION ( 'NONE',  ( 0.000000000000000000, 1.000000000000000000, 1.308666447613348142E-15 ) ) ;
#1758 = VECTOR ( 'NONE', #2780, 1000.000000000000000 ) ;
#1759 = VERTEX_POINT ( 'NONE', #624 ) ;
#1760 = DIRECTION ( 'NONE',  ( -0.000000000000000000, -1.000000000000000000, -9.123603059898513417E-17 ) ) ;
#1761 = LINE ( 'NONE', #338, #2820 ) ;
#1762 = DIRECTION ( 'NONE',  ( 1.000000000000000000, 0.000000000000000000, 0.000000000000000000 ) ) ;
#1763 = DIRECTION ( 'NONE',  ( 0.000000000000000000, 0.000000000000000000, 1.000000000000000000 ) ) ;
#1764 = EDGE_CURVE ( 'NONE', #1619, #2677, #3066, .T. ) ;
#1765 = ORIENTED_EDGE ( 'NONE', *, *, #150, .F. ) ;
#1766 = CARTESIAN_POINT ( 'NONE',  ( 1.070000000000000062, 2.100000000006434941, 1.036996506338507151 ) ) ;
#1767 = DIRECTION ( 'NONE',  ( -1.000000000000000000, -0.000000000000000000, -0.000000000000000000 ) ) ;
#1768 = SURFACE_SIDE_STYLE ('',( #389 ) ) ;
#1769 = ORIENTED_EDGE ( 'NONE', *, *, #2599, .T. ) ;
#1770 = AXIS2_PLACEMENT_3D ( 'NONE', #1649, #460, #225 ) ;
#1771 = CIRCLE ( 'NONE', #2662, 0.1000000000000000472 ) ;
#1772 = UNCERTAINTY_MEASURE_WITH_UNIT (LENGTH_MEASURE( 1.000000000000000082E-05 ), #1790, 'distance_accuracy_value', 'NONE');
#1773 = LINE ( 'NONE', #560, #1262 ) ;
#1774 = FILL_AREA_STYLE_COLOUR ( '', #1835 ) ;
#1775 = MECHANICAL_DESIGN_GEOMETRIC_PRESENTATION_REPRESENTATION (  '', ( #569 ), #1518 ) ;
#1776 =( GEOMETRIC_REPRESENTATION_CONTEXT ( 3 ) GLOBAL_UNCERTAINTY_ASSIGNED_CONTEXT ( ( #823 ) ) GLOBAL_UNIT_ASSIGNED_CONTEXT ( ( #1475, #1426, #2373 ) ) REPRESENTATION_CONTEXT ( 'NONE', 'WORKASPACE' ) );
#1777 = VECTOR ( 'NONE', #2147, 1000.000000000000000 ) ;
#1778 = VERTEX_POINT ( 'NONE', #2558 ) ;
#1779 = CARTESIAN_POINT ( 'NONE',  ( 1.469999999999999973, 2.674073424632076978, 0.9949617999437140314 ) ) ;
#1780 = MECHANICAL_DESIGN_GEOMETRIC_PRESENTATION_REPRESENTATION (  '', ( #1226 ), #227 ) ;
#1781 = VERTEX_POINT ( 'NONE', #2517 ) ;
#1782 = PLANE ( 'NONE',  #629 ) ;
#1783 = SURFACE_STYLE_FILL_AREA ( #814 ) ;
#1784 =( LENGTH_UNIT ( ) NAMED_UNIT ( * ) SI_UNIT ( .MILLI., .METRE. ) );
#1785 = ORIENTED_EDGE ( 'NONE', *, *, #3099, .T. ) ;
#1786 = FILL_AREA_STYLE ('',( #1507 ) ) ;
#1787 = ORIENTED_EDGE ( 'NONE', *, *, #898, .F. ) ;
#1788 = FACE_OUTER_BOUND ( 'NONE', #628, .T. ) ;
#1789 = DIRECTION ( 'NONE',  ( 0.000000000000000000, 1.000000000000000000, -1.308666447613348142E-15 ) ) ;
#1790 =( LENGTH_UNIT ( ) NAMED_UNIT ( * ) SI_UNIT ( .MILLI., .METRE. ) );
#1791 = VECTOR ( 'NONE', #1985, 1000.000000000000000 ) ;
#1792 = CARTESIAN_POINT ( 'NONE',  ( -2.149999999999999911, 2.199999999999999734, 1.100000000000000089 ) ) ;
#1793 = EDGE_CURVE ( 'NONE', #817, #1543, #2531, .T. ) ;
#1794 = SURFACE_STYLE_FILL_AREA ( #826 ) ;
#1795 = ORIENTED_EDGE ( 'NONE', *, *, #2544, .F. ) ;
#1796 =( NAMED_UNIT ( * ) PLANE_ANGLE_UNIT ( ) SI_UNIT ( $, .RADIAN. ) );
#1797 = ORIENTED_EDGE ( 'NONE', *, *, #1259, .T. ) ;
#1798 = CARTESIAN_POINT ( 'NONE',  ( -1.469999999999999973, 3.105825656066991236, 0.2999999999999974909 ) ) ;
#1799 = FILL_AREA_STYLE_COLOUR ( '', #3068 ) ;
#1800 = CYLINDRICAL_SURFACE ( 'NONE', #1014, 0.5000000000000000000 ) ;
#1801 = ORIENTED_EDGE ( 'NONE', *, *, #2925, .F. ) ;
#1802 = DIRECTION ( 'NONE',  ( 0.000000000000000000, 0.000000000000000000, -1.000000000000000000 ) ) ;
#1803 = VERTEX_POINT ( 'NONE', #422 ) ;
#1804 = STYLED_ITEM ( 'NONE', ( #1701 ), #393 ) ;
#1805 = CYLINDRICAL_SURFACE ( 'NONE', #322, 0.5000000000000000000 ) ;
#1806 = LINE ( 'NONE', #2736, #1224 ) ;
#1807 = DIRECTION ( 'NONE',  ( 0.000000000000000000, 0.2079116908177597867, -0.9781476007338054668 ) ) ;
#1808 = EDGE_CURVE ( 'NONE', #1310, #2170, #146, .T. ) ;
#1809 = CARTESIAN_POINT ( 'NONE',  ( -1.469999999999999973, 3.102912828032694748, 0.2999999999953782970 ) ) ;
#1810 = EDGE_LOOP ( 'NONE', ( #1603, #1622, #1018, #2964 ) ) ;
#1811 = CARTESIAN_POINT ( 'NONE',  ( -1.469999999999999973, 2.825926575368123750, 0.1920347063916865438 ) ) ;
#1812 = ORIENTED_EDGE ( 'NONE', *, *, #2434, .F. ) ;
#1813 = SURFACE_STYLE_FILL_AREA ( #1363 ) ;
#1814 = DIRECTION ( 'NONE',  ( -1.000000000000000000, 0.000000000000000000, 0.000000000000000000 ) ) ;
#1815 = ORIENTED_EDGE ( 'NONE', *, *, #251, .T. ) ;
#1816 = SURFACE_SIDE_STYLE ('',( #132 ) ) ;
#1817 = ORIENTED_EDGE ( 'NONE', *, *, #2060, .T. ) ;
#1818 = SURFACE_STYLE_FILL_AREA ( #2999 ) ;
#1819 = SURFACE_STYLE_USAGE ( .BOTH. , #363 ) ;
#1820 = EDGE_CURVE ( 'NONE', #719, #2985, #430, .T. ) ;
#1821 =( GEOMETRIC_REPRESENTATION_CONTEXT ( 3 ) GLOBAL_UNCERTAINTY_ASSIGNED_CONTEXT ( ( #648 ) ) GLOBAL_UNIT_ASSIGNED_CONTEXT ( ( #2786, #1140, #175 ) ) REPRESENTATION_CONTEXT ( 'NONE', 'WORKASPACE' ) );
#1822 = DIRECTION ( 'NONE',  ( 1.000000000000000000, 0.000000000000000000, -0.000000000000000000 ) ) ;
#1823 =( GEOMETRIC_REPRESENTATION_CONTEXT ( 3 ) GLOBAL_UNCERTAINTY_ASSIGNED_CONTEXT ( ( #546 ) ) GLOBAL_UNIT_ASSIGNED_CONTEXT ( ( #1541, #2556, #1365 ) ) REPRESENTATION_CONTEXT ( 'NONE', 'WORKASPACE' ) );
#1824 = ADVANCED_FACE ( 'NONE', ( #3043 ), #2335, .T. ) ;
#1825 = DIRECTION ( 'NONE',  ( 0.000000000000000000, 0.000000000000000000, -1.000000000000000000 ) ) ;
#1826 = ORIENTED_EDGE ( 'NONE', *, *, #1470, .T. ) ;
#1827 = AXIS2_PLACEMENT_3D ( 'NONE', #1792, #599, #2440 ) ;
#1828 = EDGE_CURVE ( 'NONE', #2037, #2300, #451, .T. ) ;
#1829 = ORIENTED_EDGE ( 'NONE', *, *, #504, .F. ) ;
#1830 = VECTOR ( 'NONE', #239, 1000.000000000000000 ) ;
#1831 = DIRECTION ( 'NONE',  ( 1.000000000000000000, 0.000000000000000000, 0.000000000000000000 ) ) ;
#1832 =( NAMED_UNIT ( * ) SI_UNIT ( $, .STERADIAN. ) SOLID_ANGLE_UNIT ( ) );
#1833 =( GEOMETRIC_REPRESENTATION_CONTEXT ( 3 ) GLOBAL_UNCERTAINTY_ASSIGNED_CONTEXT ( ( #885 ) ) GLOBAL_UNIT_ASSIGNED_CONTEXT ( ( #1995, #2695, #2463 ) ) REPRESENTATION_CONTEXT ( 'NONE', 'WORKASPACE' ) );
#1834 = LINE ( 'NONE', #130, #2133 ) ;
#1835 = COLOUR_RGB ( '',1.000000000000000000, 1.000000000000000000, 1.000000000000000000 ) ;
#1836 = AXIS2_PLACEMENT_3D ( 'NONE', #1382, #1841, #1133 ) ;
#1837 = ORIENTED_EDGE ( 'NONE', *, *, #558, .T. ) ;
#1838 = AXIS2_PLACEMENT_3D ( 'NONE', #2333, #2743, #177 ) ;
#1839 = STYLED_ITEM ( 'NONE', ( #789 ), #1246 ) ;
#1840 = PRESENTATION_LAYER_ASSIGNMENT (  '', '', ( #2331 ) ) ;
#1841 = DIRECTION ( 'NONE',  ( 0.000000000000000000, 0.000000000000000000, 1.000000000000000000 ) ) ;
#1842 = ORIENTED_EDGE ( 'NONE', *, *, #2024, .T. ) ;
#1843 = FACE_OUTER_BOUND ( 'NONE', #1609, .T. ) ;
#1844 = LINE ( 'NONE', #2748, #2454 ) ;
#1845 = UNCERTAINTY_MEASURE_WITH_UNIT (LENGTH_MEASURE( 1.000000000000000082E-05 ), #1994, 'distance_accuracy_value', 'NONE');
#1846 = CARTESIAN_POINT ( 'NONE',  ( -1.469999999999999973, -3.102912828032695636, 0.1499999999953784413 ) ) ;
#1847 = CARTESIAN_POINT ( 'NONE',  ( 1.469999999999999973, 3.102912828032695636, 0.1499999999953784413 ) ) ;
#1848 = ORIENTED_EDGE ( 'NONE', *, *, #1261, .T. ) ;
#1849 = CARTESIAN_POINT ( 'NONE',  ( 1.070000000000000062, 3.399999999999590905, 0.1499999999953783858 ) ) ;
#1850 = FACE_OUTER_BOUND ( 'NONE', #87, .T. ) ;
#1851 = FACE_OUTER_BOUND ( 'NONE', #18, .T. ) ;
#1852 = CARTESIAN_POINT ( 'NONE',  ( 1.469999999999999973, -3.399999999999590905, -5.935518276033900995E-15 ) ) ;
#1853 = EDGE_CURVE ( 'NONE', #856, #2756, #2386, .T. ) ;
#1854 = SURFACE_SIDE_STYLE ('',( #2266 ) ) ;
#1855 = ORIENTED_EDGE ( 'NONE', *, *, #2209, .T. ) ;
#1856 = DIRECTION ( 'NONE',  ( 0.000000000000000000, 1.000000000000000000, 1.308666447613348142E-15 ) ) ;
#1857 = EDGE_CURVE ( 'NONE', #2099, #1078, #923, .T. ) ;
#1858 = CARTESIAN_POINT ( 'NONE',  ( -1.070000000000000062, -2.100000000006434941, 1.036996506338507151 ) ) ;
#1859 = VERTEX_POINT ( 'NONE', #20 ) ;
#1860 =( LENGTH_UNIT ( ) NAMED_UNIT ( * ) SI_UNIT ( .MILLI., .METRE. ) );
#1861 = COLOUR_RGB ( '',1.000000000000000000, 1.000000000000000000, 1.000000000000000000 ) ;
#1862 = DIRECTION ( 'NONE',  ( 0.000000000000000000, -1.000000000000000000, -7.371153840344694327E-16 ) ) ;
#1863 = DIRECTION ( 'NONE',  ( 1.000000000000000000, 0.000000000000000000, 0.000000000000000000 ) ) ;
#1864 = ORIENTED_EDGE ( 'NONE', *, *, #388, .T. ) ;
#1865 = FILL_AREA_STYLE_COLOUR ( '', #3017 ) ;
#1866 = CIRCLE ( 'NONE', #2652, 0.1000000000000000472 ) ;
#1867 =( NAMED_UNIT ( * ) PLANE_ANGLE_UNIT ( ) SI_UNIT ( $, .RADIAN. ) );
#1868 = ORIENTED_EDGE ( 'NONE', *, *, #133, .T. ) ;
#1869 = PRESENTATION_STYLE_ASSIGNMENT (( #894 ) ) ;
#1870 = PRESENTATION_STYLE_ASSIGNMENT (( #211 ) ) ;
#1871 = EDGE_CURVE ( 'NONE', #608, #145, #244, .T. ) ;
#1872 = CARTESIAN_POINT ( 'NONE',  ( 1.469999999999999973, -3.102912828032695636, 0.1499999999953784413 ) ) ;
#1873 = DIRECTION ( 'NONE',  ( 0.000000000000000000, 0.000000000000000000, 1.000000000000000000 ) ) ;
#1874 = COLOUR_RGB ( '',1.000000000000000000, 1.000000000000000000, 1.000000000000000000 ) ;
#1875 = ORIENTED_EDGE ( 'NONE', *, *, #1429, .T. ) ;
#1876 = CARTESIAN_POINT ( 'NONE',  ( 1.069999999999999840, -2.200000000000000622, 1.100000000000000089 ) ) ;
#1877 = COLOUR_RGB ( '',1.000000000000000000, 1.000000000000000000, 1.000000000000000000 ) ;
#1878 = COLOUR_RGB ( '',1.000000000000000000, 1.000000000000000000, 1.000000000000000000 ) ;
#1879 = VERTEX_POINT ( 'NONE', #1948 ) ;
#1880 = DIRECTION ( 'NONE',  ( 0.000000000000000000, -0.000000000000000000, 1.000000000000000000 ) ) ;
#1881 = CIRCLE ( 'NONE', #2872, 0.1000000000000000472 ) ;
#1882 = ORIENTED_EDGE ( 'NONE', *, *, #775, .T. ) ;
#1883 = DIRECTION ( 'NONE',  ( 0.000000000000000000, -1.000000000000000000, 9.123603059898513417E-17 ) ) ;
#1884 = FILL_AREA_STYLE ('',( #1628 ) ) ;
#1885 = SURFACE_SIDE_STYLE ('',( #905 ) ) ;
#1886 =( GEOMETRIC_REPRESENTATION_CONTEXT ( 3 ) GLOBAL_UNCERTAINTY_ASSIGNED_CONTEXT ( ( #917 ) ) GLOBAL_UNIT_ASSIGNED_CONTEXT ( ( #720, #1703, #1899 ) ) REPRESENTATION_CONTEXT ( 'NONE', 'WORKASPACE' ) );
#1887 = AXIS2_PLACEMENT_3D ( 'NONE', #142, #2065, #2993 ) ;
#1888 = FACE_OUTER_BOUND ( 'NONE', #2727, .T. ) ;
#1889 = MECHANICAL_DESIGN_GEOMETRIC_PRESENTATION_REPRESENTATION (  '', ( #2975 ), #2036 ) ;
#1890 = DIRECTION ( 'NONE',  ( 0.000000000000000000, 1.000000000000000000, 9.123603059898513417E-17 ) ) ;
#1891 = DIRECTION ( 'NONE',  ( 0.000000000000000000, 1.000000000000000000, 1.308666447613348142E-15 ) ) ;
#1892 = CARTESIAN_POINT ( 'NONE',  ( -1.469999999999999973, 3.399999999999590905, 0.1499999999953783858 ) ) ;
#1893 = ORIENTED_EDGE ( 'NONE', *, *, #2395, .T. ) ;
#1894 =( LENGTH_UNIT ( ) NAMED_UNIT ( * ) SI_UNIT ( .MILLI., .METRE. ) );
#1895 = EDGE_LOOP ( 'NONE', ( #2588, #1280, #368, #149, #191, #2835, #1424, #1848, #1333, #440, #1956, #2069 ) ) ;
#1896 = SURFACE_SIDE_STYLE ('',( #935 ) ) ;
#1897 = SURFACE_SIDE_STYLE ('',( #678 ) ) ;
#1898 = ORIENTED_EDGE ( 'NONE', *, *, #1632, .T. ) ;
#1899 =( NAMED_UNIT ( * ) SI_UNIT ( $, .STERADIAN. ) SOLID_ANGLE_UNIT ( ) );
#1900 = LINE ( 'NONE', #1643, #2225 ) ;
#1901 =( NAMED_UNIT ( * ) SI_UNIT ( $, .STERADIAN. ) SOLID_ANGLE_UNIT ( ) );
#1902 = PRODUCT_DEFINITION_SHAPE ( 'NONE', 'NONE',  #2586 ) ;
#1903 = PRESENTATION_STYLE_ASSIGNMENT (( #979 ) ) ;
#1904 = UNCERTAINTY_MEASURE_WITH_UNIT (LENGTH_MEASURE( 1.000000000000000082E-05 ), #2834, 'distance_accuracy_value', 'NONE');
#1905 = LINE ( 'NONE', #443, #521 ) ;
#1906 = EDGE_CURVE ( 'NONE', #160, #1970, #1159, .T. ) ;
#1907 = PLANE ( 'NONE',  #386 ) ;
#1908 = FILL_AREA_STYLE ('',( #491 ) ) ;
#1909 = EDGE_CURVE ( 'NONE', #2934, #1687, #2874, .T. ) ;
#1910 = FILL_AREA_STYLE_COLOUR ( '', #1509 ) ;
#1911 = EDGE_LOOP ( 'NONE', ( #1275, #2269, #2791, #1436 ) ) ;
#1912 = CARTESIAN_POINT ( 'NONE',  ( -1.469999999999999973, 3.399999999999590905, -5.935518276033900995E-15 ) ) ;
#1913 = ORIENTED_EDGE ( 'NONE', *, *, #1130, .F. ) ;
#1914 = DIRECTION ( 'NONE',  ( -1.000000000000000000, 0.000000000000000000, 0.000000000000000000 ) ) ;
#1915 = FILL_AREA_STYLE_COLOUR ( '', #68 ) ;
#1916 = LINE ( 'NONE', #2856, #2970 ) ;
#1917 = COLOUR_RGB ( '',0.6274509803921568540, 0.6274509803921568540, 0.6274509803921568540 ) ;
#1918 = CARTESIAN_POINT ( 'NONE',  ( -1.469999999999999973, -2.100000000006434941, 1.186996506333891643 ) ) ;
#1919 = PRESENTATION_STYLE_ASSIGNMENT (( #2858 ) ) ;
#1920 = DIRECTION ( 'NONE',  ( 0.000000000000000000, 9.123603059898513417E-17, -1.000000000000000000 ) ) ;
#1921 = FILL_AREA_STYLE ('',( #694 ) ) ;
#1922 = CYLINDRICAL_SURFACE ( 'NONE', #765, 0.1000000000000000472 ) ;
#1923 = PRESENTATION_STYLE_ASSIGNMENT (( #2597 ) ) ;
#1924 = ORIENTED_EDGE ( 'NONE', *, *, #1871, .T. ) ;
#1925 = SURFACE_STYLE_USAGE ( .BOTH. , #1897 ) ;
#1926 = VERTEX_POINT ( 'NONE', #988 ) ;
#1927 = PRESENTATION_LAYER_ASSIGNMENT (  '', '', ( #371 ) ) ;
#1928 = STYLED_ITEM ( 'NONE', ( #428 ), #1405 ) ;
#1929 = DIRECTION ( 'NONE',  ( 0.9781476007338055778, 0.000000000000000000, -0.2079116908177597867 ) ) ;
#1930 = SURFACE_SIDE_STYLE ('',( #2372 ) ) ;
#1931 = EDGE_CURVE ( 'NONE', #1316, #2110, #2161, .T. ) ;
#1932 = VECTOR ( 'NONE', #365, 1000.000000000000000 ) ;
#1933 = DIRECTION ( 'NONE',  ( 0.000000000000000000, 0.2079116908177598144, -0.9781476007338055778 ) ) ;
#1934 = ADVANCED_FACE ( 'NONE', ( #512 ), #704, .F. ) ;
#1935 = AXIS2_PLACEMENT_3D ( 'NONE', #1311, #2518, #2288 ) ;
#1936 = DIRECTION ( 'NONE',  ( 0.000000000000000000, 0.000000000000000000, 1.000000000000000000 ) ) ;
#1937 = VECTOR ( 'NONE', #1752, 1000.000000000000000 ) ;
#1938 = PRESENTATION_LAYER_ASSIGNMENT (  '', '', ( #1572 ) ) ;
#1939 = PRESENTATION_LAYER_ASSIGNMENT (  '', '', ( #2975 ) ) ;
#1940 = FILL_AREA_STYLE ('',( #963 ) ) ;
#1941 = PRESENTATION_LAYER_ASSIGNMENT (  '', '', ( #1839 ) ) ;
#1942 = UNCERTAINTY_MEASURE_WITH_UNIT (LENGTH_MEASURE( 1.000000000000000082E-05 ), #2683, 'distance_accuracy_value', 'NONE');
#1943 = LINE ( 'NONE', #1892, #316 ) ;
#1944 = DIRECTION ( 'NONE',  ( 0.000000000000000000, 0.000000000000000000, 1.000000000000000000 ) ) ;
#1945 = VERTEX_POINT ( 'NONE', #1452 ) ;
#1946 = LINE ( 'NONE', #664, #1671 ) ;
#1947 = VERTEX_POINT ( 'NONE', #2605 ) ;
#1948 = CARTESIAN_POINT ( 'NONE',  ( -1.070000000000000506, -2.200000000000000622, 1.100000000000000089 ) ) ;
#1949 = DIRECTION ( 'NONE',  ( 0.000000000000000000, -1.000000000000000000, -9.123603059898513417E-17 ) ) ;
#1950 = FILL_AREA_STYLE_COLOUR ( '', #2619 ) ;
#1951 =( NAMED_UNIT ( * ) PLANE_ANGLE_UNIT ( ) SI_UNIT ( $, .RADIAN. ) );
#1952 = EDGE_CURVE ( 'NONE', #2193, #879, #2415, .T. ) ;
#1953 =( LENGTH_UNIT ( ) NAMED_UNIT ( * ) SI_UNIT ( .MILLI., .METRE. ) );
#1954 = FACE_OUTER_BOUND ( 'NONE', #602, .T. ) ;
#1955 = DIRECTION ( 'NONE',  ( 0.000000000000000000, 0.000000000000000000, -1.000000000000000000 ) ) ;
#1956 = ORIENTED_EDGE ( 'NONE', *, *, #2548, .T. ) ;
#1957 = CARTESIAN_POINT ( 'NONE',  ( 1.469999999999999973, -3.399999999999590905, 0.1499999999953783858 ) ) ;
#1958 = ORIENTED_EDGE ( 'NONE', *, *, #1764, .F. ) ;
#1959 = MECHANICAL_DESIGN_GEOMETRIC_PRESENTATION_REPRESENTATION (  '', ( #195 ), #888 ) ;
#1960 = FILL_AREA_STYLE ('',( #3 ) ) ;
#1961 = LINE ( 'NONE', #2900, #273 ) ;
#1962 = EDGE_CURVE ( 'NONE', #2399, #2513, #2194, .T. ) ;
#1963 = EDGE_CURVE ( 'NONE', #446, #2818, #1406, .T. ) ;
#1964 = PLANE ( 'NONE',  #3008 ) ;
#1965 = UNCERTAINTY_MEASURE_WITH_UNIT (LENGTH_MEASURE( 1.000000000000000082E-05 ), #1077, 'distance_accuracy_value', 'NONE');
#1966 = DIRECTION ( 'NONE',  ( -1.000000000000000000, -0.000000000000000000, 0.000000000000000000 ) ) ;
#1967 = DIRECTION ( 'NONE',  ( 1.000000000000000000, 0.000000000000000000, 0.000000000000000000 ) ) ;
#1968 = ORIENTED_EDGE ( 'NONE', *, *, #1590, .F. ) ;
#1969 = DIRECTION ( 'NONE',  ( -1.000000000000000000, 0.000000000000000000, 0.000000000000000000 ) ) ;
#1970 = VERTEX_POINT ( 'NONE', #1425 ) ;
#1971 = DIRECTION ( 'NONE',  ( 0.000000000000000000, 1.000000000000000000, 7.371153840344694327E-16 ) ) ;
#1972 = FACE_OUTER_BOUND ( 'NONE', #2770, .T. ) ;
#1973 =( NAMED_UNIT ( * ) PLANE_ANGLE_UNIT ( ) SI_UNIT ( $, .RADIAN. ) );
#1974 = STYLED_ITEM ( 'NONE', ( #3028 ), #2096 ) ;
#1975 = CARTESIAN_POINT ( 'NONE',  ( -1.070000000000000062, -3.399999999999590905, -5.935518276033900995E-15 ) ) ;
#1976 = MECHANICAL_DESIGN_GEOMETRIC_PRESENTATION_REPRESENTATION (  '', ( #217 ), #621 ) ;
#1977 = VECTOR ( 'NONE', #206, 1000.000000000000000 ) ;
#1978 = AXIS2_PLACEMENT_3D ( 'NONE', #1332, #1863, #103 ) ;
#1979 = VECTOR ( 'NONE', #942, 1000.000000000000000 ) ;
#1980 = DIRECTION ( 'NONE',  ( 1.000000000000000000, 0.000000000000000000, -0.000000000000000000 ) ) ;
#1981 = EDGE_CURVE ( 'NONE', #377, #1487, #83, .T. ) ;
#1982 = STYLED_ITEM ( 'NONE', ( #84 ), #209 ) ;
#1983 = CARTESIAN_POINT ( 'NONE',  ( -2.149999999999999911, 2.199999999999999734, 1.100000000000000089 ) ) ;
#1984 = PRESENTATION_LAYER_ASSIGNMENT (  '', '', ( #2232 ) ) ;
#1985 = DIRECTION ( 'NONE',  ( -0.000000000000000000, -1.000000000000000000, -7.371153840344694327E-16 ) ) ;
#1986 = COLOUR_RGB ( '',1.000000000000000000, 1.000000000000000000, 1.000000000000000000 ) ;
#1987 = VECTOR ( 'NONE', #2675, 1000.000000000000000 ) ;
#1988 = COLOUR_RGB ( '',1.000000000000000000, 1.000000000000000000, 1.000000000000000000 ) ;
#1989 = EDGE_CURVE ( 'NONE', #731, #2661, #2249, .T. ) ;
#1990 = CYLINDRICAL_SURFACE ( 'NONE', #2760, 0.2999999999999999334 ) ;
#1991 = VERTEX_POINT ( 'NONE', #527 ) ;
#1992 = FILL_AREA_STYLE_COLOUR ( '', #1861 ) ;
#1993 = ORIENTED_EDGE ( 'NONE', *, *, #412, .T. ) ;
#1994 =( LENGTH_UNIT ( ) NAMED_UNIT ( * ) SI_UNIT ( .MILLI., .METRE. ) );
#1995 =( LENGTH_UNIT ( ) NAMED_UNIT ( * ) SI_UNIT ( .MILLI., .METRE. ) );
#1996 = ORIENTED_EDGE ( 'NONE', *, *, #1764, .T. ) ;
#1997 =( LENGTH_UNIT ( ) NAMED_UNIT ( * ) SI_UNIT ( .MILLI., .METRE. ) );
#1998 =( NAMED_UNIT ( * ) PLANE_ANGLE_UNIT ( ) SI_UNIT ( $, .RADIAN. ) );
#1999 = DIRECTION ( 'NONE',  ( 0.000000000000000000, -1.000000000000000000, 7.371153840344694327E-16 ) ) ;
#2000 =( NAMED_UNIT ( * ) SI_UNIT ( $, .STERADIAN. ) SOLID_ANGLE_UNIT ( ) );
#2001 = EDGE_CURVE ( 'NONE', #275, #377, #1473, .T. ) ;
#2002 = FACE_OUTER_BOUND ( 'NONE', #2533, .T. ) ;
#2003 = EDGE_LOOP ( 'NONE', ( #1117, #687, #996, #662 ) ) ;
#2004 = DIRECTION ( 'NONE',  ( 0.000000000000000000, -0.2079116908177598144, -0.9781476007338055778 ) ) ;
#2005 = ORIENTED_EDGE ( 'NONE', *, *, #1665, .T. ) ;
#2006 = LINE ( 'NONE', #1290, #224 ) ;
#2007 = SURFACE_STYLE_USAGE ( .BOTH. , #1588 ) ;
#2008 = CARTESIAN_POINT ( 'NONE',  ( 1.469999999999999973, -3.399999999999590905, -5.935518276033900995E-15 ) ) ;
#2009 = VECTOR ( 'NONE', #746, 1000.000000000000114 ) ;
#2010 = ORIENTED_EDGE ( 'NONE', *, *, #2752, .T. ) ;
#2011 = PLANE ( 'NONE',  #1121 ) ;
#2012 = ORIENTED_EDGE ( 'NONE', *, *, #3059, .T. ) ;
#2013 = CARTESIAN_POINT ( 'NONE',  ( -2.149999999999999911, 2.199999999999999734, 1.100000000000000089 ) ) ;
#2014 = DIRECTION ( 'NONE',  ( 0.000000000000000000, 0.9329969356628903254, -0.3598843120277079310 ) ) ;
#2015 = AXIS2_PLACEMENT_3D ( 'NONE', #837, #2928, #1807 ) ;
#2016 = SURFACE_STYLE_FILL_AREA ( #1497 ) ;
#2017 = DIRECTION ( 'NONE',  ( 1.000000000000000000, 0.000000000000000000, 0.000000000000000000 ) ) ;
#2018 = ORIENTED_EDGE ( 'NONE', *, *, #536, .T. ) ;
#2019 = ADVANCED_FACE ( 'NONE', ( #1276 ), #1782, .F. ) ;
#2020 = DIRECTION ( 'NONE',  ( -1.000000000000000000, 0.000000000000000000, 0.000000000000000000 ) ) ;
#2021 = EDGE_LOOP ( 'NONE', ( #243, #1744, #890, #226 ) ) ;
#2022 = DIRECTION ( 'NONE',  ( -0.000000000000000000, 0.9329969356609469910, 0.3598843120327457901 ) ) ;
#2023 = PRESENTATION_STYLE_ASSIGNMENT (( #1489 ) ) ;
#2024 = EDGE_CURVE ( 'NONE', #2938, #160, #1761, .T. ) ;
#2025 = ORIENTED_EDGE ( 'NONE', *, *, #536, .F. ) ;
#2026 = FILL_AREA_STYLE_COLOUR ( '', #625 ) ;
#2027 = CIRCLE ( 'NONE', #1057, 0.2999999999999998224 ) ;
#2028 = UNCERTAINTY_MEASURE_WITH_UNIT (LENGTH_MEASURE( 1.000000000000000082E-05 ), #1691, 'distance_accuracy_value', 'NONE');
#2029 = DIRECTION ( 'NONE',  ( 1.000000000000000000, 0.000000000000000000, 0.000000000000000000 ) ) ;
#2030 = CIRCLE ( 'NONE', #862, 0.1499999999999998557 ) ;
#2031 = CARTESIAN_POINT ( 'NONE',  ( 1.069999999999999840, -2.186608194014114659, 1.036996506338507373 ) ) ;
#2032 = COLOUR_RGB ( '',1.000000000000000000, 1.000000000000000000, 1.000000000000000000 ) ;
#2033 = MECHANICAL_DESIGN_GEOMETRIC_PRESENTATION_REPRESENTATION (  '', ( #762 ), #1886 ) ;
#2034 = ORIENTED_EDGE ( 'NONE', *, *, #2809, .F. ) ;
#2035 = MECHANICAL_DESIGN_GEOMETRIC_PRESENTATION_REPRESENTATION (  '', ( #325 ), #764 ) ;
#2036 =( GEOMETRIC_REPRESENTATION_CONTEXT ( 3 ) GLOBAL_UNCERTAINTY_ASSIGNED_CONTEXT ( ( #2054 ) ) GLOBAL_UNIT_ASSIGNED_CONTEXT ( ( #327, #1364, #2555 ) ) REPRESENTATION_CONTEXT ( 'NONE', 'WORKASPACE' ) );
#2037 = VERTEX_POINT ( 'NONE', #2462 ) ;
#2038 = FILL_AREA_STYLE_COLOUR ( '', #2767 ) ;
#2039 = SURFACE_SIDE_STYLE ('',( #1783 ) ) ;
#2040 = EDGE_CURVE ( 'NONE', #2818, #2110, #2006, .T. ) ;
#2041 = ORIENTED_EDGE ( 'NONE', *, *, #695, .T. ) ;
#2042 = CYLINDRICAL_SURFACE ( 'NONE', #2274, 0.1499999999999998557 ) ;
#2043 = EDGE_CURVE ( 'NONE', #1308, #1947, #2914, .T. ) ;
#2044 = VERTEX_POINT ( 'NONE', #110 ) ;
#2045 = CYLINDRICAL_SURFACE ( 'NONE', #1935, 0.1000000000000000472 ) ;
#2046 = LINE ( 'NONE', #2259, #2866 ) ;
#2047 = ORIENTED_EDGE ( 'NONE', *, *, #1141, .F. ) ;
#2048 = ORIENTED_EDGE ( 'NONE', *, *, #1952, .F. ) ;
#2049 =( NAMED_UNIT ( * ) PLANE_ANGLE_UNIT ( ) SI_UNIT ( $, .RADIAN. ) );
#2050 = EDGE_LOOP ( 'NONE', ( #1567, #1652, #2317, #2427, #686, #335, #1272, #1079, #1228, #1650, #934, #1254, #623 ) ) ;
#2051 =( NAMED_UNIT ( * ) SI_UNIT ( $, .STERADIAN. ) SOLID_ANGLE_UNIT ( ) );
#2052 = EDGE_LOOP ( 'NONE', ( #677, #3018, #2645, #593 ) ) ;
#2053 = AXIS2_PLACEMENT_3D ( 'NONE', #1375, #2141, #1423 ) ;
#2054 = UNCERTAINTY_MEASURE_WITH_UNIT (LENGTH_MEASURE( 1.000000000000000082E-05 ), #327, 'distance_accuracy_value', 'NONE');
#2055 = PLANE ( 'NONE',  #572 ) ;
#2056 = DIRECTION ( 'NONE',  ( -1.000000000000000000, -0.000000000000000000, -0.000000000000000000 ) ) ;
#2057 = FILL_AREA_STYLE ('',( #1091 ) ) ;
#2058 = STYLED_ITEM ( 'NONE', ( #1441 ), #683 ) ;
#2059 = FILL_AREA_STYLE_COLOUR ( '', #1267 ) ;
#2060 = EDGE_CURVE ( 'NONE', #835, #2898, #2919, .T. ) ;
#2061 = PLANE ( 'NONE',  #2360 ) ;
#2062 = MECHANICAL_DESIGN_GEOMETRIC_PRESENTATION_REPRESENTATION (  '', ( #1046 ), #1398 ) ;
#2063 = EDGE_LOOP ( 'NONE', ( #2778, #1086, #1029, #1785 ) ) ;
#2064 = CARTESIAN_POINT ( 'NONE',  ( -1.000000000000000000, -1.000000000000000000, 2.100000000000000089 ) ) ;
#2065 = DIRECTION ( 'NONE',  ( -1.000000000000000000, -0.000000000000000000, 0.000000000000000000 ) ) ;
#2066 = FILL_AREA_STYLE_COLOUR ( '', #968 ) ;
#2067 =( NAMED_UNIT ( * ) SI_UNIT ( $, .STERADIAN. ) SOLID_ANGLE_UNIT ( ) );
#2068 = ORIENTED_EDGE ( 'NONE', *, *, #1259, .F. ) ;
#2069 = ORIENTED_EDGE ( 'NONE', *, *, #173, .T. ) ;
#2070 = STYLED_ITEM ( 'NONE', ( #1738 ), #1071 ) ;
#2071 = ADVANCED_FACE ( 'NONE', ( #1048 ), #1523, .T. ) ;
#2072 = COLOUR_RGB ( '',1.000000000000000000, 1.000000000000000000, 1.000000000000000000 ) ;
#2073 = COLOUR_RGB ( '',1.000000000000000000, 1.000000000000000000, 1.000000000000000000 ) ;
#2074 = VECTOR ( 'NONE', #1539, 1000.000000000000000 ) ;
#2075 = CARTESIAN_POINT ( 'NONE',  ( -1.937443438329977230, 0.000000000000000000, 0.1000000000000000472 ) ) ;
#2076 = EDGE_CURVE ( 'NONE', #1505, #1859, #1570, .T. ) ;
#2077 = ORIENTED_EDGE ( 'NONE', *, *, #2875, .T. ) ;
#2078 = CARTESIAN_POINT ( 'NONE',  ( 1.069999999999999840, -2.181508321736364220, 1.186996506333891865 ) ) ;
#2079 = VECTOR ( 'NONE', #848, 1000.000000000000000 ) ;
#2080 = STYLED_ITEM ( 'NONE', ( #1019 ), #1696 ) ;
#2081 = PLANE ( 'NONE',  #1457 ) ;
#2082 = FILL_AREA_STYLE ('',( #1114 ) ) ;
#2083 = AXIS2_PLACEMENT_3D ( 'NONE', #387, #1336, #143 ) ;
#2084 = ORIENTED_EDGE ( 'NONE', *, *, #2655, .F. ) ;
#2085 = SURFACE_STYLE_USAGE ( .BOTH. , #1816 ) ;
#2086 = CARTESIAN_POINT ( 'NONE',  ( 1.937443438329977452, 1.987443438329977052, 0.1000000000000000472 ) ) ;
#2087 = VERTEX_POINT ( 'NONE', #1319 ) ;
#2088 = CARTESIAN_POINT ( 'NONE',  ( 1.469999999999999973, 2.431391447983967780, 1.036996506338507595 ) ) ;
#2089 =( LENGTH_UNIT ( ) NAMED_UNIT ( * ) SI_UNIT ( .MILLI., .METRE. ) );
#2090 = UNCERTAINTY_MEASURE_WITH_UNIT (LENGTH_MEASURE( 1.000000000000000082E-05 ), #1184, 'distance_accuracy_value', 'NONE');
#2091 = LINE ( 'NONE', #1058, #1064 ) ;
#2092 = EDGE_LOOP ( 'NONE', ( #436, #574, #1751, #2496 ) ) ;
#2093 = EDGE_CURVE ( 'NONE', #174, #1859, #2329, .T. ) ;
#2094 = FILL_AREA_STYLE_COLOUR ( '', #214 ) ;
#2095 = ORIENTED_EDGE ( 'NONE', *, *, #78, .T. ) ;
#2096 = ADVANCED_FACE ( 'NONE', ( #1098 ), #2081, .T. ) ;
#2097 = LINE ( 'NONE', #1852, #2235 ) ;
#2098 = FILL_AREA_STYLE ('',( #1131 ) ) ;
#2099 = VERTEX_POINT ( 'NONE', #2282 ) ;
#2100 = SURFACE_SIDE_STYLE ('',( #180 ) ) ;
#2101 = AXIS2_PLACEMENT_3D ( 'NONE', #566, #1969, #1520 ) ;
#2102 = PRESENTATION_STYLE_ASSIGNMENT (( #3003 ) ) ;
#2103 = DIRECTION ( 'NONE',  ( 0.000000000000000000, -0.2079116908177598144, 0.9781476007338055778 ) ) ;
#2104 = SURFACE_STYLE_FILL_AREA ( #1908 ) ;
#2105 = ORIENTED_EDGE ( 'NONE', *, *, #1857, .F. ) ;
#2106 = PRESENTATION_LAYER_ASSIGNMENT (  '', '', ( #2997 ) ) ;
#2107 = ORIENTED_EDGE ( 'NONE', *, *, #897, .F. ) ;
#2108 = COLOUR_RGB ( '',1.000000000000000000, 1.000000000000000000, 1.000000000000000000 ) ;
#2109 =( LENGTH_UNIT ( ) NAMED_UNIT ( * ) SI_UNIT ( .MILLI., .METRE. ) );
#2110 = VERTEX_POINT ( 'NONE', #875 ) ;
#2111 = EDGE_CURVE ( 'NONE', #1487, #2756, #3062, .T. ) ;
#2112 = CARTESIAN_POINT ( 'NONE',  ( -1.469999999999999973, -3.102912828032694748, 0.2999999999953782970 ) ) ;
#2113 = DIRECTION ( 'NONE',  ( 0.000000000000000000, -0.3598843120327457901, -0.9329969356609469910 ) ) ;
#2114 = LINE ( 'NONE', #380, #658 ) ;
#2115 = UNCERTAINTY_MEASURE_WITH_UNIT (LENGTH_MEASURE( 1.000000000000000082E-05 ), #2299, 'distance_accuracy_value', 'NONE');
#2116 = LINE ( 'NONE', #3050, #66 ) ;
#2117 = ORIENTED_EDGE ( 'NONE', *, *, #3029, .F. ) ;
#2118 = FILL_AREA_STYLE_COLOUR ( '', #1877 ) ;
#2119 = AXIS2_PLACEMENT_3D ( 'NONE', #806, #334, #1287 ) ;
#2120 = PRESENTATION_LAYER_ASSIGNMENT (  '', '', ( #751 ) ) ;
#2121 = EDGE_LOOP ( 'NONE', ( #2598, #2105, #1538, #287 ) ) ;
#2122 = CARTESIAN_POINT ( 'NONE',  ( -2.149999999999999911, 2.186608194014113771, 1.036996506338507373 ) ) ;
#2123 = CARTESIAN_POINT ( 'NONE',  ( -1.070000000000000062, 2.394174343933792137, 0.8869965063338917100 ) ) ;
#2124 = SURFACE_STYLE_FILL_AREA ( #495 ) ;
#2125 = STYLED_ITEM ( 'NONE', ( #2276 ), #2494 ) ;
#2126 = MECHANICAL_DESIGN_GEOMETRIC_PRESENTATION_REPRESENTATION (  '', ( #427 ), #2667 ) ;
#2127 = VERTEX_POINT ( 'NONE', #830 ) ;
#2128 = DIRECTION ( 'NONE',  ( 1.000000000000000000, 0.000000000000000000, 0.000000000000000000 ) ) ;
#2129 =( NAMED_UNIT ( * ) SI_UNIT ( $, .STERADIAN. ) SOLID_ANGLE_UNIT ( ) );
#2130 = VECTOR ( 'NONE', #1711, 999.9999999999998863 ) ;
#2131 =( GEOMETRIC_REPRESENTATION_CONTEXT ( 3 ) GLOBAL_UNCERTAINTY_ASSIGNED_CONTEXT ( ( #1709 ) ) GLOBAL_UNIT_ASSIGNED_CONTEXT ( ( #2140, #945, #2166 ) ) REPRESENTATION_CONTEXT ( 'NONE', 'WORKASPACE' ) );
#2132 = FILL_AREA_STYLE_COLOUR ( '', #301 ) ;
#2133 = VECTOR ( 'NONE', #2755, 1000.000000000000000 ) ;
#2134 = EDGE_CURVE ( 'NONE', #2985, #719, #2221, .T. ) ;
#2135 = CARTESIAN_POINT ( 'NONE',  ( 1.916187782162975139, -2.200000000000000622, 2.200000000000000178 ) ) ;
#2136 = EDGE_CURVE ( 'NONE', #1947, #1619, #385, .T. ) ;
#2137 = CARTESIAN_POINT ( 'NONE',  ( -1.469999999999999973, -3.399999999999590905, 0.1499999999953783858 ) ) ;
#2138 = DIRECTION ( 'NONE',  ( 0.000000000000000000, 0.000000000000000000, 1.000000000000000000 ) ) ;
#2139 = CARTESIAN_POINT ( 'NONE',  ( -1.469999999999999973, -2.200000000000000622, 1.100000000000000089 ) ) ;
#2140 =( LENGTH_UNIT ( ) NAMED_UNIT ( * ) SI_UNIT ( .MILLI., .METRE. ) );
#2141 = DIRECTION ( 'NONE',  ( -0.000000000000000000, 9.123603059898513417E-17, 1.000000000000000000 ) ) ;
#2142 = DIRECTION ( 'NONE',  ( -1.000000000000000000, 0.000000000000000000, 0.000000000000000000 ) ) ;
#2143 = ORIENTED_EDGE ( 'NONE', *, *, #1024, .T. ) ;
#2144 = FILL_AREA_STYLE_COLOUR ( '', #1467 ) ;
#2145 =( NAMED_UNIT ( * ) SI_UNIT ( $, .STERADIAN. ) SOLID_ANGLE_UNIT ( ) );
#2146 = VERTEX_POINT ( 'NONE', #2341 ) ;
#2147 = DIRECTION ( 'NONE',  ( -0.000000000000000000, -1.000000000000000000, -7.371153840344694327E-16 ) ) ;
#2148 = CYLINDRICAL_SURFACE ( 'NONE', #2969, 0.1499999999999998557 ) ;
#2149 =( NAMED_UNIT ( * ) SI_UNIT ( $, .STERADIAN. ) SOLID_ANGLE_UNIT ( ) );
#2150 = PLANE ( 'NONE',  #844 ) ;
#2151 = FILL_AREA_STYLE_COLOUR ( '', #1414 ) ;
#2152 = UNCERTAINTY_MEASURE_WITH_UNIT (LENGTH_MEASURE( 1.000000000000000082E-05 ), #41, 'distance_accuracy_value', 'NONE');
#2153 = PRESENTATION_STYLE_ASSIGNMENT (( #1421 ) ) ;
#2154 = CARTESIAN_POINT ( 'NONE',  ( 1.469999999999999973, 3.399999999999590905, 0.1499999999953783858 ) ) ;
#2155 = AXIS2_PLACEMENT_3D ( 'NONE', #776, #2647, #551 ) ;
#2156 = CARTESIAN_POINT ( 'NONE',  ( 1.070000000000000062, 2.674073424632076978, 0.9949617999437140314 ) ) ;
#2157 = ORIENTED_EDGE ( 'NONE', *, *, #1906, .F. ) ;
#2158 =( GEOMETRIC_REPRESENTATION_CONTEXT ( 3 ) GLOBAL_UNCERTAINTY_ASSIGNED_CONTEXT ( ( #2891 ) ) GLOBAL_UNIT_ASSIGNED_CONTEXT ( ( #901, #675, #222 ) ) REPRESENTATION_CONTEXT ( 'NONE', 'WORKASPACE' ) );
#2159 =( NAMED_UNIT ( * ) SI_UNIT ( $, .STERADIAN. ) SOLID_ANGLE_UNIT ( ) );
#2160 = ORIENTED_EDGE ( 'NONE', *, *, #1931, .F. ) ;
#2161 = LINE ( 'NONE', #688, #1730 ) ;
#2162 = FILL_AREA_STYLE ('',( #2132 ) ) ;
#2163 = SURFACE_SIDE_STYLE ('',( #2197 ) ) ;
#2164 = SURFACE_SIDE_STYLE ('',( #2831 ) ) ;
#2165 = STYLED_ITEM ( 'NONE', ( #991 ), #1050 ) ;
#2166 =( NAMED_UNIT ( * ) SI_UNIT ( $, .STERADIAN. ) SOLID_ANGLE_UNIT ( ) );
#2167 = CARTESIAN_POINT ( 'NONE',  ( 1.070000000000000062, 2.825926575368123750, 0.1920347063916865438 ) ) ;
#2168 = AXIS2_PLACEMENT_3D ( 'NONE', #89, #1980, #1508 ) ;
#2169 = EDGE_CURVE ( 'NONE', #2461, #2730, #858, .T. ) ;
#2170 = VERTEX_POINT ( 'NONE', #638 ) ;
#2171 = EDGE_CURVE ( 'NONE', #1735, #116, #3039, .T. ) ;
#2172 =( GEOMETRIC_REPRESENTATION_CONTEXT ( 3 ) GLOBAL_UNCERTAINTY_ASSIGNED_CONTEXT ( ( #1136 ) ) GLOBAL_UNIT_ASSIGNED_CONTEXT ( ( #787, #1511, #1023 ) ) REPRESENTATION_CONTEXT ( 'NONE', 'WORKASPACE' ) );
#2173 = DIRECTION ( 'NONE',  ( 0.000000000000000000, 1.000000000000000000, 0.000000000000000000 ) ) ;
#2174 = VERTEX_POINT ( 'NONE', #1112 ) ;
#2175 = COLOUR_RGB ( '',1.000000000000000000, 1.000000000000000000, 1.000000000000000000 ) ;
#2176 = DIRECTION ( 'NONE',  ( 0.2035585949527793370, -0.2035585949527793648, 0.9576678948579724349 ) ) ;
#2177 = FILL_AREA_STYLE ('',( #1197 ) ) ;
#2178 = COLOUR_RGB ( '',1.000000000000000000, 1.000000000000000000, 1.000000000000000000 ) ;
#2179 = AXIS2_PLACEMENT_3D ( 'NONE', #1442, #2408, #1802 ) ;
#2180 =( GEOMETRIC_REPRESENTATION_CONTEXT ( 3 ) GLOBAL_UNCERTAINTY_ASSIGNED_CONTEXT ( ( #2090 ) ) GLOBAL_UNIT_ASSIGNED_CONTEXT ( ( #1184, #2576, #689 ) ) REPRESENTATION_CONTEXT ( 'NONE', 'WORKASPACE' ) );
#2181 = AXIS2_PLACEMENT_3D ( 'NONE', #22, #978, #1454 ) ;
#2182 = STYLED_ITEM ( 'NONE', ( #2187 ), #1234 ) ;
#2183 = VECTOR ( 'NONE', #403, 999.9999999999998863 ) ;
#2184 = CARTESIAN_POINT ( 'NONE',  ( -1.469999999999999973, -2.431391447983968668, 0.9369965063385076176 ) ) ;
#2185 = DIRECTION ( 'NONE',  ( 0.000000000000000000, 0.000000000000000000, -1.000000000000000000 ) ) ;
#2186 = AXIS2_PLACEMENT_3D ( 'NONE', #2822, #242, #1640 ) ;
#2187 = PRESENTATION_STYLE_ASSIGNMENT (( #2906 ) ) ;
#2188 = DIRECTION ( 'NONE',  ( 0.000000000000000000, 0.000000000000000000, -1.000000000000000000 ) ) ;
#2189 = ORIENTED_EDGE ( 'NONE', *, *, #408, .T. ) ;
#2190 = ADVANCED_FACE ( 'NONE', ( #1850 ), #889, .T. ) ;
#2191 = DIRECTION ( 'NONE',  ( -1.000000000000000000, -0.000000000000000000, 0.000000000000000000 ) ) ;
#2192 = CARTESIAN_POINT ( 'NONE',  ( 1.469999999999999973, -2.825926575368123750, 0.1920347063916865160 ) ) ;
#2193 = VERTEX_POINT ( 'NONE', #2584 ) ;
#2194 = LINE ( 'NONE', #464, #1069 ) ;
#2195 = CARTESIAN_POINT ( 'NONE',  ( -1.469999999999999973, -2.186608194014114659, 1.036996506338507373 ) ) ;
#2196 = CARTESIAN_POINT ( 'NONE',  ( 1.469999999999999973, -2.100000000006434941, 1.186996506333891643 ) ) ;
#2197 = SURFACE_STYLE_FILL_AREA ( #529 ) ;
#2198 = DIRECTION ( 'NONE',  ( -1.000000000000000000, -0.000000000000000000, -0.000000000000000000 ) ) ;
#2199 = DIRECTION ( 'NONE',  ( 0.000000000000000000, -1.000000000000000000, 7.371153840344694327E-16 ) ) ;
#2200 = CARTESIAN_POINT ( 'NONE',  ( -1.070000000000000062, 3.399999999999590905, 0.1499999999953783858 ) ) ;
#2201 = ORIENTED_EDGE ( 'NONE', *, *, #3083, .T. ) ;
#2202 = LINE ( 'NONE', #1030, #1198 ) ;
#2203 = ORIENTED_EDGE ( 'NONE', *, *, #1597, .F. ) ;
#2204 = PRESENTATION_STYLE_ASSIGNMENT (( #2431 ) ) ;
#2205 = FILL_AREA_STYLE ('',( #497 ) ) ;
#2206 = CARTESIAN_POINT ( 'NONE',  ( 1.469999999999999973, -3.399999999999590905, 0.1499999999953783858 ) ) ;
#2207 = PRESENTATION_LAYER_ASSIGNMENT (  '', '', ( #2058 ) ) ;
#2208 = DIRECTION ( 'NONE',  ( 0.000000000000000000, 1.187103655206779410E-14, 1.000000000000000000 ) ) ;
#2209 = EDGE_CURVE ( 'NONE', #1803, #2486, #203, .T. ) ;
#2210 = UNCERTAINTY_MEASURE_WITH_UNIT (LENGTH_MEASURE( 1.000000000000000082E-05 ), #2569, 'distance_accuracy_value', 'NONE');
#2211 = DIRECTION ( 'NONE',  ( 0.000000000000000000, 0.9781476007338055778, -0.2079116908177598144 ) ) ;
#2212 =( NAMED_UNIT ( * ) PLANE_ANGLE_UNIT ( ) SI_UNIT ( $, .RADIAN. ) );
#2213 = DIRECTION ( 'NONE',  ( 0.2079116908177597867, 0.000000000000000000, 0.9781476007338055778 ) ) ;
#2214 = CARTESIAN_POINT ( 'NONE',  ( 1.469999999999999973, -3.399999999999590905, -5.935518276033900995E-15 ) ) ;
#2215 = ORIENTED_EDGE ( 'NONE', *, *, #2428, .F. ) ;
#2216 = DIRECTION ( 'NONE',  ( 1.000000000000000000, 0.000000000000000000, 0.000000000000000000 ) ) ;
#2217 =( GEOMETRIC_REPRESENTATION_CONTEXT ( 3 ) GLOBAL_UNCERTAINTY_ASSIGNED_CONTEXT ( ( #238 ) ) GLOBAL_UNIT_ASSIGNED_CONTEXT ( ( #530, #1998, #785 ) ) REPRESENTATION_CONTEXT ( 'NONE', 'WORKASPACE' ) );
#2218 = ORIENTED_EDGE ( 'NONE', *, *, #2678, .T. ) ;
#2219 = SURFACE_SIDE_STYLE ('',( #2729 ) ) ;
#2220 = DIRECTION ( 'NONE',  ( 0.000000000000000000, 0.000000000000000000, 1.000000000000000000 ) ) ;
#2221 = CIRCLE ( 'NONE', #470, 0.5000000000000001110 ) ;
#2222 = PRESENTATION_LAYER_ASSIGNMENT (  '', '', ( #471 ) ) ;
#2223 = MECHANICAL_DESIGN_GEOMETRIC_PRESENTATION_REPRESENTATION (  '', ( #472 ), #2520 ) ;
#2224 = COLOUR_RGB ( '',1.000000000000000000, 1.000000000000000000, 1.000000000000000000 ) ;
#2225 = VECTOR ( 'NONE', #2839, 1000.000000000000000 ) ;
#2226 = AXIS2_PLACEMENT_3D ( 'NONE', #2630, #2381, #1873 ) ;
#2227 = AXIS2_PLACEMENT_3D ( 'NONE', #1247, #2208, #1052 ) ;
#2228 = AXIS2_PLACEMENT_3D ( 'NONE', #2514, #2022, #831 ) ;
#2229 = FILL_AREA_STYLE_COLOUR ( '', #1667 ) ;
#2230 = DIRECTION ( 'NONE',  ( 1.000000000000000000, 0.000000000000000000, 0.000000000000000000 ) ) ;
#2231 = STYLED_ITEM ( 'NONE', ( #346 ), #2794 ) ;
#2232 = STYLED_ITEM ( 'NONE', ( #192 ), #1824 ) ;
#2233 = STYLED_ITEM ( 'NONE', ( #2790 ), #307 ) ;
#2234 =( NAMED_UNIT ( * ) SI_UNIT ( $, .STERADIAN. ) SOLID_ANGLE_UNIT ( ) );
#2235 = VECTOR ( 'NONE', #1591, 1000.000000000000000 ) ;
#2236 = CARTESIAN_POINT ( 'NONE',  ( -1.469999999999999973, 3.105825656066989016, -2.443363886529420664E-15 ) ) ;
#2237 = EDGE_LOOP ( 'NONE', ( #3069, #1787, #920, #2908 ) ) ;
#2238 = LINE ( 'NONE', #510, #2396 ) ;
#2239 = ORIENTED_EDGE ( 'NONE', *, *, #1857, .T. ) ;
#2240 = CARTESIAN_POINT ( 'NONE',  ( 1.469999999999999973, 2.186608194014113771, 1.036996506338507373 ) ) ;
#2241 = VERTEX_POINT ( 'NONE', #1876 ) ;
#2242 = DIRECTION ( 'NONE',  ( -0.000000000000000000, 7.371153840344694327E-16, 1.000000000000000000 ) ) ;
#2243 = DIRECTION ( 'NONE',  ( -0.9781476007338055778, 0.000000000000000000, 0.2079116908177597867 ) ) ;
#2244 = DIRECTION ( 'NONE',  ( -0.000000000000000000, -0.2079116908177598144, -0.9781476007338055778 ) ) ;
#2245 =( NAMED_UNIT ( * ) PLANE_ANGLE_UNIT ( ) SI_UNIT ( $, .RADIAN. ) );
#2246 = ORIENTED_EDGE ( 'NONE', *, *, #611, .F. ) ;
#2247 = ADVANCED_FACE ( 'NONE', ( #1638 ), #685, .F. ) ;
#2248 = ORIENTED_EDGE ( 'NONE', *, *, #670, .T. ) ;
#2249 = LINE ( 'NONE', #1033, #1574 ) ;
#2250 = FACE_OUTER_BOUND ( 'NONE', #801, .T. ) ;
#2251 = PRESENTATION_STYLE_ASSIGNMENT (( #1292 ) ) ;
#2252 = DIRECTION ( 'NONE',  ( -1.000000000000000000, -0.000000000000000000, -0.000000000000000000 ) ) ;
#2253 = EDGE_LOOP ( 'NONE', ( #480, #405, #1334, #2403 ) ) ;
#2254 = COLOUR_RGB ( '',1.000000000000000000, 1.000000000000000000, 1.000000000000000000 ) ;
#2255 = ORIENTED_EDGE ( 'NONE', *, *, #855, .F. ) ;
#2256 = DIRECTION ( 'NONE',  ( -0.000000000000000000, 1.000000000000000000, -1.308666447613348142E-15 ) ) ;
#2257 = DIRECTION ( 'NONE',  ( -1.000000000000000000, 0.000000000000000000, 0.000000000000000000 ) ) ;
#2258 = VECTOR ( 'NONE', #2628, 1000.000000000000000 ) ;
#2259 = CARTESIAN_POINT ( 'NONE',  ( -1.469999999999999973, -2.431391447983967780, 1.036996506338507595 ) ) ;
#2260 = ORIENTED_EDGE ( 'NONE', *, *, #2450, .T. ) ;
#2261 = SURFACE_SIDE_STYLE ('',( #2280 ) ) ;
#2262 = VERTEX_POINT ( 'NONE', #2156 ) ;
#2263 =( NAMED_UNIT ( * ) PLANE_ANGLE_UNIT ( ) SI_UNIT ( $, .RADIAN. ) );
#2264 =( NAMED_UNIT ( * ) PLANE_ANGLE_UNIT ( ) SI_UNIT ( $, .RADIAN. ) );
#2265 = FILL_AREA_STYLE_COLOUR ( '', #1988 ) ;
#2266 = SURFACE_STYLE_FILL_AREA ( #892 ) ;
#2267 = ORIENTED_EDGE ( 'NONE', *, *, #465, .T. ) ;
#2268 =( LENGTH_UNIT ( ) NAMED_UNIT ( * ) SI_UNIT ( .MILLI., .METRE. ) );
#2269 = ORIENTED_EDGE ( 'NONE', *, *, #1245, .F. ) ;
#2270 = DIRECTION ( 'NONE',  ( 0.000000000000000000, 0.000000000000000000, 1.000000000000000000 ) ) ;
#2271 = PRESENTATION_LAYER_ASSIGNMENT (  '', '', ( #2811 ) ) ;
#2272 = CARTESIAN_POINT ( 'NONE',  ( 1.070000000000000062, -3.399999999999590905, 0.1499999999953783858 ) ) ;
#2273 =( GEOMETRIC_REPRESENTATION_CONTEXT ( 3 ) GLOBAL_UNCERTAINTY_ASSIGNED_CONTEXT ( ( #1965 ) ) GLOBAL_UNIT_ASSIGNED_CONTEXT ( ( #1077, #2766, #2522 ) ) REPRESENTATION_CONTEXT ( 'NONE', 'WORKASPACE' ) );
#2274 = AXIS2_PLACEMENT_3D ( 'NONE', #3056, #3015, #406 ) ;
#2275 =( NAMED_UNIT ( * ) PLANE_ANGLE_UNIT ( ) SI_UNIT ( $, .RADIAN. ) );
#2276 = PRESENTATION_STYLE_ASSIGNMENT (( #2749 ) ) ;
#2277 = PRESENTATION_LAYER_ASSIGNMENT (  '', '', ( #1370 ) ) ;
#2278 = ORIENTED_EDGE ( 'NONE', *, *, #118, .F. ) ;
#2279 = MECHANICAL_DESIGN_GEOMETRIC_PRESENTATION_REPRESENTATION (  '', ( #2621 ), #1677 ) ;
#2280 = SURFACE_STYLE_FILL_AREA ( #854 ) ;
#2281 = ORIENTED_EDGE ( 'NONE', *, *, #1613, .F. ) ;
#2282 = CARTESIAN_POINT ( 'NONE',  ( -1.469999999999999973, -2.394174343933790361, 1.186996506333891865 ) ) ;
#2283 = CARTESIAN_POINT ( 'NONE',  ( -0.4999999999999998890, -1.000000000000000000, 2.100000000000000089 ) ) ;
#2284 = ORIENTED_EDGE ( 'NONE', *, *, #24, .F. ) ;
#2285 = VERTEX_POINT ( 'NONE', #933 ) ;
#2286 = ADVANCED_FACE ( 'NONE', ( #728 ), #492, .F. ) ;
#2287 = DIRECTION ( 'NONE',  ( 0.000000000000000000, -1.000000000000000000, -7.371153840344694327E-16 ) ) ;
#2288 = DIRECTION ( 'NONE',  ( 0.000000000000000000, 0.000000000000000000, 1.000000000000000000 ) ) ;
#2289 = CARTESIAN_POINT ( 'NONE',  ( 1.469999999999999973, 2.199999999999999734, 1.100000000000000089 ) ) ;
#2290 = DIRECTION ( 'NONE',  ( 0.000000000000000000, 0.000000000000000000, 1.000000000000000000 ) ) ;
#2291 = CARTESIAN_POINT ( 'NONE',  ( 2.149999999999999911, -2.200000000000000622, 1.100000000000000089 ) ) ;
#2292 = EDGE_LOOP ( 'NONE', ( #1826, #1059, #1393, #1668 ) ) ;
#2293 =( NAMED_UNIT ( * ) SI_UNIT ( $, .STERADIAN. ) SOLID_ANGLE_UNIT ( ) );
#2294 = VERTEX_POINT ( 'NONE', #1253 ) ;
#2295 = DIRECTION ( 'NONE',  ( 0.000000000000000000, 0.000000000000000000, 1.000000000000000000 ) ) ;
#2296 = CARTESIAN_POINT ( 'NONE',  ( -1.469999999999999973, 2.186608194014113771, 1.036996506338507373 ) ) ;
#2297 = CYLINDRICAL_SURFACE ( 'NONE', #577, 0.1000000000000000472 ) ;
#2298 = ORIENTED_EDGE ( 'NONE', *, *, #644, .T. ) ;
#2299 =( LENGTH_UNIT ( ) NAMED_UNIT ( * ) SI_UNIT ( .MILLI., .METRE. ) );
#2300 = VERTEX_POINT ( 'NONE', #790 ) ;
#2301 = UNCERTAINTY_MEASURE_WITH_UNIT (LENGTH_MEASURE( 1.000000000000000082E-05 ), #1997, 'distance_accuracy_value', 'NONE');
#2302 = EDGE_CURVE ( 'NONE', #1970, #817, #773, .T. ) ;
#2303 = MECHANICAL_DESIGN_GEOMETRIC_PRESENTATION_REPRESENTATION (  '', ( #404 ), #2158 ) ;
#2304 = SURFACE_STYLE_FILL_AREA ( #2563 ) ;
#2305 = CARTESIAN_POINT ( 'NONE',  ( 0.000000000000000000, 0.000000000000000000, 0.1000000000000000472 ) ) ;
#2306 = DIRECTION ( 'NONE',  ( 1.000000000000000000, -0.000000000000000000, -0.000000000000000000 ) ) ;
#2307 = SURFACE_SIDE_STYLE ('',( #1344 ) ) ;
#2308 = DIRECTION ( 'NONE',  ( 0.000000000000000000, 0.3598843120277078755, -0.9329969356628902144 ) ) ;
#2309 = ORIENTED_EDGE ( 'NONE', *, *, #35, .F. ) ;
#2310 = SURFACE_STYLE_FILL_AREA ( #1604 ) ;
#2311 = CARTESIAN_POINT ( 'NONE',  ( -1.469999999999999973, -2.394174343933792137, 0.8869965063338917100 ) ) ;
#2312 = SURFACE_SIDE_STYLE ('',( #3011 ) ) ;
#2313 = AXIS2_PLACEMENT_3D ( 'NONE', #822, #2719, #328 ) ;
#2314 = ORIENTED_EDGE ( 'NONE', *, *, #543, .F. ) ;
#2315 = LINE ( 'NONE', #2792, #1460 ) ;
#2316 = PLANE ( 'NONE',  #65 ) ;
#2317 = ORIENTED_EDGE ( 'NONE', *, *, #1871, .F. ) ;
#2318 = CARTESIAN_POINT ( 'NONE',  ( -1.070000000000000062, 2.199999999999999734, 1.100000000000000089 ) ) ;
#2319 = PRESENTATION_LAYER_ASSIGNMENT (  '', '', ( #9 ) ) ;
#2320 = CARTESIAN_POINT ( 'NONE',  ( -1.070000000000000062, 3.105825656066989016, -2.443363886529420664E-15 ) ) ;
#2321 = DIRECTION ( 'NONE',  ( 0.000000000000000000, 1.000000000000000000, 0.000000000000000000 ) ) ;
#2322 = CIRCLE ( 'NONE', #961, 0.2999999999999998779 ) ;
#2323 = MECHANICAL_DESIGN_GEOMETRIC_PRESENTATION_REPRESENTATION (  '', ( #965 ), #669 ) ;
#2324 = MECHANICAL_DESIGN_GEOMETRIC_PRESENTATION_REPRESENTATION (  '', ( #319 ), #2180 ) ;
#2325 = PRESENTATION_STYLE_ASSIGNMENT (( #1585 ) ) ;
#2326 = ORIENTED_EDGE ( 'NONE', *, *, #1808, .F. ) ;
#2327 = MECHANICAL_DESIGN_GEOMETRIC_PRESENTATION_REPRESENTATION (  '', ( #1370 ), #1776 ) ;
#2328 = VECTOR ( 'NONE', #783, 1000.000000000000000 ) ;
#2329 = LINE ( 'NONE', #653, #1560 ) ;
#2330 = COLOUR_RGB ( '',1.000000000000000000, 1.000000000000000000, 1.000000000000000000 ) ;
#2331 = STYLED_ITEM ( 'NONE', ( #2587 ), #2982 ) ;
#2332 = DIRECTION ( 'NONE',  ( -1.000000000000000000, 0.000000000000000000, 0.000000000000000000 ) ) ;
#2333 = CARTESIAN_POINT ( 'NONE',  ( -1.070000000000000062, -2.394174343933792137, 0.8869965063338917100 ) ) ;
#2334 = ORIENTED_EDGE ( 'NONE', *, *, #1108, .F. ) ;
#2335 = PLANE ( 'NONE',  #671 ) ;
#2336 =( NAMED_UNIT ( * ) PLANE_ANGLE_UNIT ( ) SI_UNIT ( $, .RADIAN. ) );
#2337 = DIRECTION ( 'NONE',  ( 0.000000000000000000, -1.000000000000000000, -7.371153840344694327E-16 ) ) ;
#2338 = UNCERTAINTY_MEASURE_WITH_UNIT (LENGTH_MEASURE( 1.000000000000000082E-05 ), #25, 'distance_accuracy_value', 'NONE');
#2339 = PRESENTATION_STYLE_ASSIGNMENT (( #932 ) ) ;
#2340 = EDGE_LOOP ( 'NONE', ( #2725, #2041, #2239, #1241 ) ) ;
#2341 = CARTESIAN_POINT ( 'NONE',  ( 1.070000000000000062, -2.962963287683552771, 0.2460173531904671640 ) ) ;
#2342 = EDGE_LOOP ( 'NONE', ( #1379, #141, #1664, #2483 ) ) ;
#2343 = FILL_AREA_STYLE ('',( #2144 ) ) ;
#2344 = LINE ( 'NONE', #2122, #1977 ) ;
#2345 = DIRECTION ( 'NONE',  ( 0.000000000000000000, -0.9329969356609469910, -0.3598843120327457901 ) ) ;
#2346 = VERTEX_POINT ( 'NONE', #1007 ) ;
#2347 = FILL_AREA_STYLE_COLOUR ( '', #2758 ) ;
#2348 = DIRECTION ( 'NONE',  ( 0.000000000000000000, 0.000000000000000000, -1.000000000000000000 ) ) ;
#2349 = CARTESIAN_POINT ( 'NONE',  ( 1.469999999999999973, 2.674073424632076978, 0.9949617999437140314 ) ) ;
#2350 = DIRECTION ( 'NONE',  ( 0.000000000000000000, 0.000000000000000000, 1.000000000000000000 ) ) ;
#2351 = ORIENTED_EDGE ( 'NONE', *, *, #2171, .F. ) ;
#2352 =( NAMED_UNIT ( * ) SI_UNIT ( $, .STERADIAN. ) SOLID_ANGLE_UNIT ( ) );
#2353 = ORIENTED_EDGE ( 'NONE', *, *, #1981, .T. ) ;
#2354 = ORIENTED_EDGE ( 'NONE', *, *, #2774, .T. ) ;
#2355 = SURFACE_STYLE_USAGE ( .BOTH. , #1394 ) ;
#2356 = EDGE_CURVE ( 'NONE', #1746, #188, #2711, .T. ) ;
#2357 = UNCERTAINTY_MEASURE_WITH_UNIT (LENGTH_MEASURE( 1.000000000000000082E-05 ), #354, 'distance_accuracy_value', 'NONE');
#2358 = PRODUCT ( 'SOP4', 'SOP4', '', ( #205 ) ) ;
#2359 = DIRECTION ( 'NONE',  ( 1.000000000000000000, 0.000000000000000000, 0.000000000000000000 ) ) ;
#2360 = AXIS2_PLACEMENT_3D ( 'NONE', #345, #2014, #1297 ) ;
#2361 = DIRECTION ( 'NONE',  ( -1.000000000000000000, -0.000000000000000000, 0.000000000000000000 ) ) ;
#2362 =( GEOMETRIC_REPRESENTATION_CONTEXT ( 3 ) GLOBAL_UNCERTAINTY_ASSIGNED_CONTEXT ( ( #2357 ) ) GLOBAL_UNIT_ASSIGNED_CONTEXT ( ( #354, #2264, #1503 ) ) REPRESENTATION_CONTEXT ( 'NONE', 'WORKASPACE' ) );
#2363 = AXIS2_PLACEMENT_3D ( 'NONE', #718, #2345, #1143 ) ;
#2364 =( LENGTH_UNIT ( ) NAMED_UNIT ( * ) SI_UNIT ( .MILLI., .METRE. ) );
#2365 = PRESENTATION_LAYER_ASSIGNMENT (  '', '', ( #217 ) ) ;
#2366 = AXIS2_PLACEMENT_3D ( 'NONE', #330, #2424, #3092 ) ;
#2367 = LINE ( 'NONE', #494, #667 ) ;
#2368 = VECTOR ( 'NONE', #1741, 1000.000000000000114 ) ;
#2369 = STYLED_ITEM ( 'NONE', ( #594 ), #1706 ) ;
#2370 = ORIENTED_EDGE ( 'NONE', *, *, #1088, .T. ) ;
#2371 = PRESENTATION_LAYER_ASSIGNMENT (  '', '', ( #1631 ) ) ;
#2372 = SURFACE_STYLE_FILL_AREA ( #1884 ) ;
#2373 =( NAMED_UNIT ( * ) SI_UNIT ( $, .STERADIAN. ) SOLID_ANGLE_UNIT ( ) );
#2374 = COLOUR_RGB ( '',1.000000000000000000, 1.000000000000000000, 1.000000000000000000 ) ;
#2375 = CYLINDRICAL_SURFACE ( 'NONE', #2697, 0.2999999999999998779 ) ;
#2376 = COLOUR_RGB ( '',0.6274509803921568540, 0.6274509803921568540, 0.6274509803921568540 ) ;
#2377 = EDGE_CURVE ( 'NONE', #1926, #2294, #79, .T. ) ;
#2378 = FILL_AREA_STYLE_COLOUR ( '', #2472 ) ;
#2379 = CARTESIAN_POINT ( 'NONE',  ( 1.469999999999999973, -2.200000000000000622, 1.100000000000000089 ) ) ;
#2380 =( LENGTH_UNIT ( ) NAMED_UNIT ( * ) SI_UNIT ( .MILLI., .METRE. ) );
#2381 = DIRECTION ( 'NONE',  ( -1.000000000000000000, -0.000000000000000000, 0.000000000000000000 ) ) ;
#2382 = SURFACE_STYLE_USAGE ( .BOTH. , #3085 ) ;
#2383 = ORIENTED_EDGE ( 'NONE', *, *, #2717, .T. ) ;
#2384 = FILL_AREA_STYLE_COLOUR ( '', #2072 ) ;
#2385 = ORIENTED_EDGE ( 'NONE', *, *, #388, .F. ) ;
#2386 = LINE ( 'NONE', #1438, #2971 ) ;
#2387 = FACE_OUTER_BOUND ( 'NONE', #2003, .T. ) ;
#2388 = CARTESIAN_POINT ( 'NONE',  ( -1.070000000000000062, -3.399999999999590905, 0.1499999999953783858 ) ) ;
#2389 =( NAMED_UNIT ( * ) SI_UNIT ( $, .STERADIAN. ) SOLID_ANGLE_UNIT ( ) );
#2390 = ADVANCED_FACE ( 'NONE', ( #2002 ), #1990, .T. ) ;
#2391 = LINE ( 'NONE', #2830, #1681 ) ;
#2392 = FACE_OUTER_BOUND ( 'NONE', #2689, .T. ) ;
#2393 = UNCERTAINTY_MEASURE_WITH_UNIT (LENGTH_MEASURE( 1.000000000000000082E-05 ), #2876, 'distance_accuracy_value', 'NONE');
#2394 =( LENGTH_UNIT ( ) NAMED_UNIT ( * ) SI_UNIT ( .MILLI., .METRE. ) );
#2395 = EDGE_CURVE ( 'NONE', #446, #2677, #2955, .T. ) ;
#2396 = VECTOR ( 'NONE', #2216, 1000.000000000000000 ) ;
#2397 = DIRECTION ( 'NONE',  ( -0.000000000000000000, 0.2079116908177598144, 0.9781476007338055778 ) ) ;
#2398 = DIRECTION ( 'NONE',  ( 1.000000000000000000, 0.000000000000000000, -0.000000000000000000 ) ) ;
#2399 = VERTEX_POINT ( 'NONE', #1535 ) ;
#2400 =( LENGTH_UNIT ( ) NAMED_UNIT ( * ) SI_UNIT ( .MILLI., .METRE. ) );
#2401 = COLOUR_RGB ( '',0.6274509803921568540, 0.6274509803921568540, 0.6274509803921568540 ) ;
#2402 =( NAMED_UNIT ( * ) SI_UNIT ( $, .STERADIAN. ) SOLID_ANGLE_UNIT ( ) );
#2403 = ORIENTED_EDGE ( 'NONE', *, *, #898, .T. ) ;
#2404 = CARTESIAN_POINT ( 'NONE',  ( 2.149999999999999911, -2.200000000000000622, 1.100000000000000089 ) ) ;
#2405 = DIRECTION ( 'NONE',  ( 0.000000000000000000, 0.000000000000000000, -1.000000000000000000 ) ) ;
#2406 = VECTOR ( 'NONE', #1757, 1000.000000000000000 ) ;
#2407 = LINE ( 'NONE', #1455, #97 ) ;
#2408 = DIRECTION ( 'NONE',  ( 1.000000000000000000, 0.000000000000000000, 0.000000000000000000 ) ) ;
#2409 = DIRECTION ( 'NONE',  ( 1.000000000000000000, -0.000000000000000000, -0.000000000000000000 ) ) ;
#2410 = CARTESIAN_POINT ( 'NONE',  ( -1.469999999999999973, -2.431391447983968668, 0.9369965063385076176 ) ) ;
#2411 = ADVANCED_FACE ( 'NONE', ( #1227 ), #984, .F. ) ;
#2412 = ORIENTED_EDGE ( 'NONE', *, *, #155, .T. ) ;
#2413 = LINE ( 'NONE', #2679, #2843 ) ;
#2414 = VERTEX_POINT ( 'NONE', #2031 ) ;
#2415 = LINE ( 'NONE', #277, #1274 ) ;
#2416 = LINE ( 'NONE', #1737, #1171 ) ;
#2417 = CARTESIAN_POINT ( 'NONE',  ( -2.149999999999999911, 1.966187782162974962, 2.200000000000000178 ) ) ;
#2418 = VECTOR ( 'NONE', #1313, 1000.000000000000000 ) ;
#2419 = PRESENTATION_LAYER_ASSIGNMENT (  '', '', ( #1463 ) ) ;
#2420 = PLANE ( 'NONE',  #1166 ) ;
#2421 = AXIS2_PLACEMENT_3D ( 'NONE', #2649, #2128, #2637 ) ;
#2422 =( NAMED_UNIT ( * ) PLANE_ANGLE_UNIT ( ) SI_UNIT ( $, .RADIAN. ) );
#2423 = UNCERTAINTY_MEASURE_WITH_UNIT (LENGTH_MEASURE( 1.000000000000000082E-05 ), #1477, 'distance_accuracy_value', 'NONE');
#2424 = DIRECTION ( 'NONE',  ( -1.000000000000000000, -0.000000000000000000, -0.000000000000000000 ) ) ;
#2425 = DIRECTION ( 'NONE',  ( 0.000000000000000000, 0.000000000000000000, -1.000000000000000000 ) ) ;
#2426 = SURFACE_STYLE_USAGE ( .BOTH. , #299 ) ;
#2427 = ORIENTED_EDGE ( 'NONE', *, *, #876, .F. ) ;
#2428 = EDGE_CURVE ( 'NONE', #1051, #116, #612, .T. ) ;
#2429 = DIRECTION ( 'NONE',  ( 1.000000000000000000, 0.000000000000000000, 0.000000000000000000 ) ) ;
#2430 = ORIENTED_EDGE ( 'NONE', *, *, #2040, .T. ) ;
#2431 = SURFACE_STYLE_USAGE ( .BOTH. , #570 ) ;
#2432 = DIRECTION ( 'NONE',  ( 0.000000000000000000, 0.000000000000000000, -1.000000000000000000 ) ) ;
#2433 = CARTESIAN_POINT ( 'NONE',  ( -2.149999999999999911, -2.200000000000000622, 1.100000000000000089 ) ) ;
#2434 = EDGE_CURVE ( 'NONE', #759, #438, #2801, .T. ) ;
#2435 = EDGE_CURVE ( 'NONE', #139, #2884, #2046, .T. ) ;
#2436 = SURFACE_SIDE_STYLE ('',( #1695 ) ) ;
#2437 = SURFACE_STYLE_USAGE ( .BOTH. , #1022 ) ;
#2438 = DIRECTION ( 'NONE',  ( 0.000000000000000000, 0.3598843120277078755, 0.9329969356628902144 ) ) ;
#2439 =( LENGTH_UNIT ( ) NAMED_UNIT ( * ) SI_UNIT ( .MILLI., .METRE. ) );
#2440 = DIRECTION ( 'NONE',  ( 0.000000000000000000, -0.2079116908177597867, 0.9781476007338054668 ) ) ;
#2441 =( LENGTH_UNIT ( ) NAMED_UNIT ( * ) SI_UNIT ( .MILLI., .METRE. ) );
#2442 = ORIENTED_EDGE ( 'NONE', *, *, #698, .T. ) ;
#2443 = FACE_OUTER_BOUND ( 'NONE', #2292, .T. ) ;
#2444 = ORIENTED_EDGE ( 'NONE', *, *, #2435, .T. ) ;
#2445 = MECHANICAL_DESIGN_GEOMETRIC_PRESENTATION_REPRESENTATION (  '', ( #71 ), #788 ) ;
#2446 = SURFACE_STYLE_FILL_AREA ( #540 ) ;
#2447 = DIRECTION ( 'NONE',  ( 0.000000000000000000, 1.000000000000000000, -1.187103655206779410E-14 ) ) ;
#2448 = CARTESIAN_POINT ( 'NONE',  ( -1.070000000000000062, -2.524691141550257978, 0.9729849375412779056 ) ) ;
#2449 = EDGE_CURVE ( 'NONE', #879, #1308, #2030, .T. ) ;
#2450 = EDGE_CURVE ( 'NONE', #157, #2704, #635, .T. ) ;
#2451 = VECTOR ( 'NONE', #2828, 1000.000000000000000 ) ;
#2452 = SURFACE_STYLE_USAGE ( .BOTH. , #2470 ) ;
#2453 = PRODUCT_RELATED_PRODUCT_CATEGORY ( 'part', '', ( #2358 ) ) ;
#2454 = VECTOR ( 'NONE', #2813, 1000.000000000000000 ) ;
#2455 = UNCERTAINTY_MEASURE_WITH_UNIT (LENGTH_MEASURE( 1.000000000000000082E-05 ), #2268, 'distance_accuracy_value', 'NONE');
#2456 = CARTESIAN_POINT ( 'NONE',  ( -1.469999999999999973, -2.100000000006434941, 1.186996506333891643 ) ) ;
#2457 = SURFACE_STYLE_USAGE ( .BOTH. , #2976 ) ;
#2458 = VECTOR ( 'NONE', #294, 1000.000000000000000 ) ;
#2459 = ORIENTED_EDGE ( 'NONE', *, *, #2169, .F. ) ;
#2460 = CARTESIAN_POINT ( 'NONE',  ( 1.469999999999999973, 2.825926575368123750, 0.1920347063916864050 ) ) ;
#2461 = VERTEX_POINT ( 'NONE', #1846 ) ;
#2462 = CARTESIAN_POINT ( 'NONE',  ( 1.469999999999999973, 3.399999999999590905, -5.935518276033900995E-15 ) ) ;
#2463 =( NAMED_UNIT ( * ) SI_UNIT ( $, .STERADIAN. ) SOLID_ANGLE_UNIT ( ) );
#2464 = PLANE ( 'NONE',  #2525 ) ;
#2465 = MECHANICAL_DESIGN_GEOMETRIC_PRESENTATION_REPRESENTATION (  '', ( #369 ), #1265 ) ;
#2466 = EDGE_CURVE ( 'NONE', #418, #174, #886, .T. ) ;
#2467 = DIRECTION ( 'NONE',  ( -1.000000000000000000, 0.000000000000000000, 0.000000000000000000 ) ) ;
#2468 = STYLED_ITEM ( 'NONE', ( #1923 ), #2247 ) ;
#2469 = ORIENTED_EDGE ( 'NONE', *, *, #2001, .F. ) ;
#2470 = SURFACE_SIDE_STYLE ('',( #2731 ) ) ;
#2471 = AXIS2_PLACEMENT_3D ( 'NONE', #7, #3065, #459 ) ;
#2472 = COLOUR_RGB ( '',1.000000000000000000, 1.000000000000000000, 1.000000000000000000 ) ;
#2473 = CARTESIAN_POINT ( 'NONE',  ( -1.469999999999999973, -2.825926575368123750, 0.1920347063916865160 ) ) ;
#2474 = STYLED_ITEM ( 'NONE', ( #2986 ), #2829 ) ;
#2475 = CARTESIAN_POINT ( 'NONE',  ( -1.070000000000000062, -3.105825656066989016, -2.443363886529420664E-15 ) ) ;
#2476 = LINE ( 'NONE', #2684, #2962 ) ;
#2477 = LINE ( 'NONE', #28, #2130 ) ;
#2478 = VECTOR ( 'NONE', #2771, 1000.000000000000000 ) ;
#2479 = DIRECTION ( 'NONE',  ( 0.000000000000000000, -1.000000000000000000, 9.123603059898513417E-17 ) ) ;
#2480 = LINE ( 'NONE', #2937, #2406 ) ;
#2481 = ORIENTED_EDGE ( 'NONE', *, *, #1909, .T. ) ;
#2482 = LINE ( 'NONE', #1957, #1437 ) ;
#2483 = ORIENTED_EDGE ( 'NONE', *, *, #3078, .T. ) ;
#2484 = CARTESIAN_POINT ( 'NONE',  ( 1.469999999999999973, 2.524691141550257978, 0.9729849375412779056 ) ) ;
#2485 =( NAMED_UNIT ( * ) SI_UNIT ( $, .STERADIAN. ) SOLID_ANGLE_UNIT ( ) );
#2486 = VERTEX_POINT ( 'NONE', #170 ) ;
#2487 = LINE ( 'NONE', #342, #1937 ) ;
#2488 =( GEOMETRIC_REPRESENTATION_CONTEXT ( 3 ) GLOBAL_UNCERTAINTY_ASSIGNED_CONTEXT ( ( #434 ) ) GLOBAL_UNIT_ASSIGNED_CONTEXT ( ( #1756, #2723, #1742 ) ) REPRESENTATION_CONTEXT ( 'NONE', 'WORKASPACE' ) );
#2489 = ORIENTED_EDGE ( 'NONE', *, *, #2076, .T. ) ;
#2490 = SURFACE_STYLE_FILL_AREA ( #2733 ) ;
#2491 = CARTESIAN_POINT ( 'NONE',  ( -1.469999999999999973, -3.399999999999590905, 0.1499999999953783858 ) ) ;
#2492 = CARTESIAN_POINT ( 'NONE',  ( -1.469999999999999973, -2.825926575368123750, 0.1920347063916865160 ) ) ;
#2493 = PLANE ( 'NONE',  #1827 ) ;
#2494 = ADVANCED_FACE ( 'NONE', ( #649 ), #153, .T. ) ;
#2495 = CARTESIAN_POINT ( 'NONE',  ( 1.469999999999999973, -2.394174343933792137, 0.8869965063338917100 ) ) ;
#2496 = ORIENTED_EDGE ( 'NONE', *, *, #2655, .T. ) ;
#2497 = EDGE_CURVE ( 'NONE', #2346, #2146, #2091, .T. ) ;
#2498 =( LENGTH_UNIT ( ) NAMED_UNIT ( * ) SI_UNIT ( .MILLI., .METRE. ) );
#2499 = VERTEX_POINT ( 'NONE', #1617 ) ;
#2500 = CARTESIAN_POINT ( 'NONE',  ( 1.469999999999999973, 3.102912828032694748, 0.2999999999953782970 ) ) ;
#2501 = CARTESIAN_POINT ( 'NONE',  ( 1.469999999999999973, -2.100000000006434941, 1.036996506338507151 ) ) ;
#2502 = MECHANICAL_DESIGN_GEOMETRIC_PRESENTATION_REPRESENTATION (  '', ( #2939 ), #1345 ) ;
#2503 = ORIENTED_EDGE ( 'NONE', *, *, #1712, .T. ) ;
#2504 = ORIENTED_EDGE ( 'NONE', *, *, #2546, .F. ) ;
#2505 = FACE_OUTER_BOUND ( 'NONE', #654, .T. ) ;
#2506 = FACE_OUTER_BOUND ( 'NONE', #645, .T. ) ;
#2507 = STYLED_ITEM ( 'NONE', ( #1399 ), #911 ) ;
#2508 = FILL_AREA_STYLE ('',( #1513 ) ) ;
#2509 = AXIS2_PLACEMENT_3D ( 'NONE', #487, #681, #1187 ) ;
#2510 = EDGE_CURVE ( 'NONE', #2980, #174, #374, .T. ) ;
#2511 = CARTESIAN_POINT ( 'NONE',  ( 1.070000000000000062, 2.431391447983967780, 1.036996506338507595 ) ) ;
#2512 = ORIENTED_EDGE ( 'NONE', *, *, #2510, .F. ) ;
#2513 = VERTEX_POINT ( 'NONE', #2291 ) ;
#2514 = CARTESIAN_POINT ( 'NONE',  ( -1.469999999999999973, 2.962963287683552771, 0.2460173531904671640 ) ) ;
#2515 =( LENGTH_UNIT ( ) NAMED_UNIT ( * ) SI_UNIT ( .MILLI., .METRE. ) );
#2516 = ORIENTED_EDGE ( 'NONE', *, *, #1613, .T. ) ;
#2517 = CARTESIAN_POINT ( 'NONE',  ( 1.070000000000000062, -3.102912828032695636, 0.1499999999953784413 ) ) ;
#2518 = DIRECTION ( 'NONE',  ( -1.000000000000000000, 0.000000000000000000, 0.000000000000000000 ) ) ;
#2519 = PLANE ( 'NONE',  #1362 ) ;
#2520 =( GEOMETRIC_REPRESENTATION_CONTEXT ( 3 ) GLOBAL_UNCERTAINTY_ASSIGNED_CONTEXT ( ( #2922 ) ) GLOBAL_UNIT_ASSIGNED_CONTEXT ( ( #2394, #964, #726 ) ) REPRESENTATION_CONTEXT ( 'NONE', 'WORKASPACE' ) );
#2521 = LINE ( 'NONE', #1342, #151 ) ;
#2522 =( NAMED_UNIT ( * ) SI_UNIT ( $, .STERADIAN. ) SOLID_ANGLE_UNIT ( ) );
#2523 =( GEOMETRIC_REPRESENTATION_CONTEXT ( 3 ) GLOBAL_UNCERTAINTY_ASSIGNED_CONTEXT ( ( #1845 ) ) GLOBAL_UNIT_ASSIGNED_CONTEXT ( ( #1994, #288, #2707 ) ) REPRESENTATION_CONTEXT ( 'NONE', 'WORKASPACE' ) );
#2524 = VERTEX_POINT ( 'NONE', #2511 ) ;
#2525 = AXIS2_PLACEMENT_3D ( 'NONE', #2206, #305, #1748 ) ;
#2526 = ORIENTED_EDGE ( 'NONE', *, *, #2043, .F. ) ;
#2527 = DIRECTION ( 'NONE',  ( 1.000000000000000000, 0.000000000000000000, 0.000000000000000000 ) ) ;
#2528 = ADVANCED_FACE ( 'NONE', ( #1092 ), #2977, .T. ) ;
#2529 = FACE_OUTER_BOUND ( 'NONE', #1911, .T. ) ;
#2530 = EDGE_LOOP ( 'NONE', ( #2504, #2634, #1815, #874 ) ) ;
#2531 = LINE ( 'NONE', #161, #375 ) ;
#2532 = EDGE_CURVE ( 'NONE', #1127, #2958, #2845, .T. ) ;
#2533 = EDGE_LOOP ( 'NONE', ( #1958, #285, #2691, #1893 ) ) ;
#2534 = SURFACE_STYLE_FILL_AREA ( #1580 ) ;
#2535 = CARTESIAN_POINT ( 'NONE',  ( 1.469999999999999973, -2.962963287683552771, 0.2460173531904671640 ) ) ;
#2536 = CARTESIAN_POINT ( 'NONE',  ( 1.469999999999999973, 2.825926575368123750, 0.1920347063916865438 ) ) ;
#2537 = CARTESIAN_POINT ( 'NONE',  ( -1.469999999999999973, -3.105825656066989016, -2.443363886529420664E-15 ) ) ;
#2538 = EDGE_LOOP ( 'NONE', ( #2739, #450, #1179, #839 ) ) ;
#2539 = CARTESIAN_POINT ( 'NONE',  ( -1.469999999999999973, 2.674073424632076978, 0.9949617999437140314 ) ) ;
#2540 = DIRECTION ( 'NONE',  ( 1.000000000000000000, 0.000000000000000000, -0.000000000000000000 ) ) ;
#2541 = CARTESIAN_POINT ( 'NONE',  ( -1.469999999999999973, -3.399999999999590905, 0.1499999999953783858 ) ) ;
#2542 = VERTEX_POINT ( 'NONE', #2580 ) ;
#2543 = CARTESIAN_POINT ( 'NONE',  ( 1.937443438329977452, -1.987443438329977941, 0.1000000000000000472 ) ) ;
#2544 = EDGE_CURVE ( 'NONE', #731, #552, #1137, .T. ) ;
#2545 = CARTESIAN_POINT ( 'NONE',  ( -1.070000000000000062, 2.825926575368123750, 0.1920347063916865438 ) ) ;
#2546 = EDGE_CURVE ( 'NONE', #522, #2636, #2916, .T. ) ;
#2547 = ORIENTED_EDGE ( 'NONE', *, *, #2060, .F. ) ;
#2548 = EDGE_CURVE ( 'NONE', #2740, #1735, #3082, .T. ) ;
#2549 = CARTESIAN_POINT ( 'NONE',  ( -1.469999999999999973, 2.431391447983967780, 1.036996506338507595 ) ) ;
#2550 = UNCERTAINTY_MEASURE_WITH_UNIT (LENGTH_MEASURE( 1.000000000000000082E-05 ), #712, 'distance_accuracy_value', 'NONE');
#2551 = FILL_AREA_STYLE_COLOUR ( '', #1492 ) ;
#2552 = ORIENTED_EDGE ( 'NONE', *, *, #1229, .T. ) ;
#2553 = VECTOR ( 'NONE', #27, 1000.000000000000000 ) ;
#2554 = CARTESIAN_POINT ( 'NONE',  ( 2.149999999999999911, -2.200000000000000622, 1.100000000000000089 ) ) ;
#2555 =( NAMED_UNIT ( * ) SI_UNIT ( $, .STERADIAN. ) SOLID_ANGLE_UNIT ( ) );
#2556 =( NAMED_UNIT ( * ) PLANE_ANGLE_UNIT ( ) SI_UNIT ( $, .RADIAN. ) );
#2557 = ORIENTED_EDGE ( 'NONE', *, *, #1633, .F. ) ;
#2558 = CARTESIAN_POINT ( 'NONE',  ( -1.070000000000000062, -2.186608194014114659, 1.036996506338507373 ) ) ;
#2559 = DIRECTION ( 'NONE',  ( 1.000000000000000000, 0.000000000000000000, 0.000000000000000000 ) ) ;
#2560 = MECHANICAL_DESIGN_GEOMETRIC_PRESENTATION_REPRESENTATION (  '', ( #701 ), #2878 ) ;
#2561 = EDGE_CURVE ( 'NONE', #188, #416, #1905, .T. ) ;
#2562 = LINE ( 'NONE', #798, #2074 ) ;
#2563 = FILL_AREA_STYLE ('',( #1614 ) ) ;
#2564 = VECTOR ( 'NONE', #1028, 1000.000000000000000 ) ;
#2565 = AXIS2_PLACEMENT_3D ( 'NONE', #3048, #1341, #1124 ) ;
#2566 = VECTOR ( 'NONE', #2103, 999.9999999999998863 ) ;
#2567 = AXIS2_PLACEMENT_3D ( 'NONE', #752, #263, #1212 ) ;
#2568 = VECTOR ( 'NONE', #1134, 1000.000000000000000 ) ;
#2569 =( LENGTH_UNIT ( ) NAMED_UNIT ( * ) SI_UNIT ( .MILLI., .METRE. ) );
#2570 = ORIENTED_EDGE ( 'NONE', *, *, #2302, .F. ) ;
#2571 = CIRCLE ( 'NONE', #913, 0.1499999999999998557 ) ;
#2572 = MECHANICAL_DESIGN_GEOMETRIC_PRESENTATION_REPRESENTATION (  '', ( #2182 ), #2131 ) ;
#2573 = ORIENTED_EDGE ( 'NONE', *, *, #2497, .F. ) ;
#2574 =( GEOMETRIC_REPRESENTATION_CONTEXT ( 3 ) GLOBAL_UNCERTAINTY_ASSIGNED_CONTEXT ( ( #786 ) ) GLOBAL_UNIT_ASSIGNED_CONTEXT ( ( #113, #592, #2485 ) ) REPRESENTATION_CONTEXT ( 'NONE', 'WORKASPACE' ) );
#2575 = CARTESIAN_POINT ( 'NONE',  ( 1.469999999999999973, -2.524691141550257978, 0.9729849375412779056 ) ) ;
#2576 =( NAMED_UNIT ( * ) PLANE_ANGLE_UNIT ( ) SI_UNIT ( $, .RADIAN. ) );
#2577 = LINE ( 'NONE', #135, #2079 ) ;
#2578 = PLANE ( 'NONE',  #2951 ) ;
#2579 = UNCERTAINTY_MEASURE_WITH_UNIT (LENGTH_MEASURE( 1.000000000000000082E-05 ), #1953, 'distance_accuracy_value', 'NONE');
#2580 = CARTESIAN_POINT ( 'NONE',  ( -1.469999999999999973, -3.105825656066989016, -2.443363886529420664E-15 ) ) ;
#2581 = PRESENTATION_STYLE_ASSIGNMENT (( #661 ) ) ;
#2582 = EDGE_CURVE ( 'NONE', #2285, #2818, #3098, .T. ) ;
#2583 = VERTEX_POINT ( 'NONE', #2349 ) ;
#2584 = CARTESIAN_POINT ( 'NONE',  ( -1.469999999999999973, 3.399999999999590905, 0.1499999999953783858 ) ) ;
#2585 = VERTEX_POINT ( 'NONE', #1150 ) ;
#2586 = PRODUCT_DEFINITION ( 'UNKNOWN', '', #73, #1296 ) ;
#2587 = PRESENTATION_STYLE_ASSIGNMENT (( #1193 ) ) ;
#2588 = ORIENTED_EDGE ( 'NONE', *, *, #1962, .F. ) ;
#2589 = DIRECTION ( 'NONE',  ( 0.000000000000000000, 0.000000000000000000, -1.000000000000000000 ) ) ;
#2590 = CARTESIAN_POINT ( 'NONE',  ( -1.070000000000000062, 3.102912828032695636, 0.1499999999953784413 ) ) ;
#2591 = FILL_AREA_STYLE ('',( #1397 ) ) ;
#2592 = PLANE ( 'NONE',  #870 ) ;
#2593 = VECTOR ( 'NONE', #2783, 1000.000000000000000 ) ;
#2594 =( GEOMETRIC_REPRESENTATION_CONTEXT ( 3 ) GLOBAL_UNCERTAINTY_ASSIGNED_CONTEXT ( ( #2210 ) ) GLOBAL_UNIT_ASSIGNED_CONTEXT ( ( #2569, #715, #2864 ) ) REPRESENTATION_CONTEXT ( 'NONE', 'WORKASPACE' ) );
#2595 = FACE_OUTER_BOUND ( 'NONE', #1810, .T. ) ;
#2596 =( GEOMETRIC_REPRESENTATION_CONTEXT ( 3 ) GLOBAL_UNCERTAINTY_ASSIGNED_CONTEXT ( ( #2338 ) ) GLOBAL_UNIT_ASSIGNED_CONTEXT ( ( #25, #1951, #556 ) ) REPRESENTATION_CONTEXT ( 'NONE', 'WORKASPACE' ) );
#2597 = SURFACE_STYLE_USAGE ( .BOTH. , #1663 ) ;
#2598 = ORIENTED_EDGE ( 'NONE', *, *, #1534, .F. ) ;
#2599 = EDGE_CURVE ( 'NONE', #2499, #1619, #1400, .T. ) ;
#2600 =( GEOMETRIC_REPRESENTATION_CONTEXT ( 3 ) GLOBAL_UNCERTAINTY_ASSIGNED_CONTEXT ( ( #1203 ) ) GLOBAL_UNIT_ASSIGNED_CONTEXT ( ( #2380, #37, #1217 ) ) REPRESENTATION_CONTEXT ( 'NONE', 'WORKASPACE' ) );
#2601 = DIRECTION ( 'NONE',  ( 0.000000000000000000, -1.000000000000000000, -1.308666447613348142E-15 ) ) ;
#2602 = FACE_OUTER_BOUND ( 'NONE', #493, .T. ) ;
#2603 = ORIENTED_EDGE ( 'NONE', *, *, #2582, .T. ) ;
#2604 = AXIS2_PLACEMENT_3D ( 'NONE', #2184, #2198, #3080 ) ;
#2605 = CARTESIAN_POINT ( 'NONE',  ( -1.469999999999999973, 2.674073424632076978, 0.9949617999437140314 ) ) ;
#2606 = FILL_AREA_STYLE ('',( #1915 ) ) ;
#2607 = CARTESIAN_POINT ( 'NONE',  ( -1.070000000000000062, -2.431391447983967780, 1.036996506338507595 ) ) ;
#2608 = LINE ( 'NONE', #455, #2746 ) ;
#2609 = DIRECTION ( 'NONE',  ( 0.000000000000000000, -0.3598843120327457901, 0.9329969356609469910 ) ) ;
#2610 =( NAMED_UNIT ( * ) PLANE_ANGLE_UNIT ( ) SI_UNIT ( $, .RADIAN. ) );
#2611 = UNCERTAINTY_MEASURE_WITH_UNIT (LENGTH_MEASURE( 1.000000000000000082E-05 ), #969, 'distance_accuracy_value', 'NONE');
#2612 = SURFACE_STYLE_FILL_AREA ( #1921 ) ;
#2613 = PRESENTATION_STYLE_ASSIGNMENT (( #2631 ) ) ;
#2614 = VECTOR ( 'NONE', #3009, 1000.000000000000000 ) ;
#2615 = PRESENTATION_LAYER_ASSIGNMENT (  '', '', ( #1419 ) ) ;
#2616 = MECHANICAL_DESIGN_GEOMETRIC_PRESENTATION_REPRESENTATION (  '', ( #2070 ), #1618 ) ;
#2617 = EDGE_LOOP ( 'NONE', ( #2298, #603, #665, #535 ) ) ;
#2618 = DIRECTION ( 'NONE',  ( -1.000000000000000000, 0.000000000000000000, 0.000000000000000000 ) ) ;
#2619 = COLOUR_RGB ( '',1.000000000000000000, 1.000000000000000000, 1.000000000000000000 ) ;
#2620 = ORIENTED_EDGE ( 'NONE', *, *, #543, .T. ) ;
#2621 = STYLED_ITEM ( 'NONE', ( #591 ), #271 ) ;
#2622 = CARTESIAN_POINT ( 'NONE',  ( -1.469999999999999973, 2.524691141550257978, 0.9729849375412779056 ) ) ;
#2623 = MECHANICAL_DESIGN_GEOMETRIC_PRESENTATION_REPRESENTATION (  '', ( #867 ), #429 ) ;
#2624 = VECTOR ( 'NONE', #974, 999.9999999999998863 ) ;
#2625 = DIRECTION ( 'NONE',  ( 0.000000000000000000, 0.000000000000000000, 1.000000000000000000 ) ) ;
#2626 = AXIS2_PLACEMENT_3D ( 'NONE', #1540, #1257, #604 ) ;
#2627 = EDGE_CURVE ( 'NONE', #204, #1778, #2116, .T. ) ;
#2628 = DIRECTION ( 'NONE',  ( -1.000000000000000000, 0.000000000000000000, 0.000000000000000000 ) ) ;
#2629 = LINE ( 'NONE', #264, #2553 ) ;
#2630 = CARTESIAN_POINT ( 'NONE',  ( -1.070000000000000062, 2.431391447983968668, 0.9369965063385076176 ) ) ;
#2631 = SURFACE_STYLE_USAGE ( .BOTH. , #1430 ) ;
#2632 = FACE_BOUND ( 'NONE', #511, .T. ) ;
#2633 =( NAMED_UNIT ( * ) SI_UNIT ( $, .STERADIAN. ) SOLID_ANGLE_UNIT ( ) );
#2634 = ORIENTED_EDGE ( 'NONE', *, *, #2789, .F. ) ;
#2635 = FACE_OUTER_BOUND ( 'NONE', #1625, .T. ) ;
#2636 = VERTEX_POINT ( 'NONE', #930 ) ;
#2637 = DIRECTION ( 'NONE',  ( 0.000000000000000000, 0.000000000000000000, -1.000000000000000000 ) ) ;
#2638 = CARTESIAN_POINT ( 'NONE',  ( 1.469999999999999973, 2.199999999999999734, 1.100000000000000089 ) ) ;
#2639 =( LENGTH_UNIT ( ) NAMED_UNIT ( * ) SI_UNIT ( .MILLI., .METRE. ) );
#2640 = PRESENTATION_STYLE_ASSIGNMENT (( #513 ) ) ;
#2641 = UNCERTAINTY_MEASURE_WITH_UNIT (LENGTH_MEASURE( 1.000000000000000082E-05 ), #3095, 'distance_accuracy_value', 'NONE');
#2642 = CARTESIAN_POINT ( 'NONE',  ( 1.070000000000000062, -2.394174343933792137, 0.8869965063338917100 ) ) ;
#2643 = VECTOR ( 'NONE', #1760, 1000.000000000000000 ) ;
#2644 = FILL_AREA_STYLE_COLOUR ( '', #899 ) ;
#2645 = ORIENTED_EDGE ( 'NONE', *, *, #2789, .T. ) ;
#2646 = CIRCLE ( 'NONE', #1496, 0.1499999999999998557 ) ;
#2647 = DIRECTION ( 'NONE',  ( 0.000000000000000000, -1.000000000000000000, 0.000000000000000000 ) ) ;
#2648 = ORIENTED_EDGE ( 'NONE', *, *, #2808, .T. ) ;
#2649 = CARTESIAN_POINT ( 'NONE',  ( -1.469999999999999973, -2.394174343933792137, 0.8869965063338917100 ) ) ;
#2650 = SURFACE_STYLE_FILL_AREA ( #2205 ) ;
#2651 = SURFACE_SIDE_STYLE ('',( #232 ) ) ;
#2652 = AXIS2_PLACEMENT_3D ( 'NONE', #1107, #2798, #396 ) ;
#2653 = STYLED_ITEM ( 'NONE', ( #2613 ), #1225 ) ;
#2654 = FACE_OUTER_BOUND ( 'NONE', #893, .T. ) ;
#2655 = EDGE_CURVE ( 'NONE', #2193, #1240, #1943, .T. ) ;
#2656 = CARTESIAN_POINT ( 'NONE',  ( -1.070000000000000062, -3.105825656066991236, 0.2999999999999974909 ) ) ;
#2657 = DIRECTION ( 'NONE',  ( 0.000000000000000000, 0.000000000000000000, 1.000000000000000000 ) ) ;
#2658 = CIRCLE ( 'NONE', #2604, 0.1000000000000000472 ) ;
#2659 = ORIENTED_EDGE ( 'NONE', *, *, #24, .T. ) ;
#2660 = FACE_OUTER_BOUND ( 'NONE', #1519, .T. ) ;
#2661 = VERTEX_POINT ( 'NONE', #489 ) ;
#2662 = AXIS2_PLACEMENT_3D ( 'NONE', #1090, #2056, #1651 ) ;
#2663 = CARTESIAN_POINT ( 'NONE',  ( 1.469999999999999973, 2.825926575368123750, 0.1920347063916865438 ) ) ;
#2664 = SURFACE_STYLE_USAGE ( .BOTH. , #1453 ) ;
#2665 = SURFACE_SIDE_STYLE ('',( #721 ) ) ;
#2666 = MECHANICAL_DESIGN_GEOMETRIC_PRESENTATION_REPRESENTATION (  '', ( #13 ), #1412 ) ;
#2667 =( GEOMETRIC_REPRESENTATION_CONTEXT ( 3 ) GLOBAL_UNCERTAINTY_ASSIGNED_CONTEXT ( ( #1647 ) ) GLOBAL_UNIT_ASSIGNED_CONTEXT ( ( #2639, #1235, #2389 ) ) REPRESENTATION_CONTEXT ( 'NONE', 'WORKASPACE' ) );
#2668 = CARTESIAN_POINT ( 'NONE',  ( -1.967681153051741294, 2.017681153051740672, 1.957742736878169687 ) ) ;
#2669 =( GEOMETRIC_REPRESENTATION_CONTEXT ( 3 ) GLOBAL_UNCERTAINTY_ASSIGNED_CONTEXT ( ( #1328 ) ) GLOBAL_UNIT_ASSIGNED_CONTEXT ( ( #2515, #1049, #1553 ) ) REPRESENTATION_CONTEXT ( 'NONE', 'WORKASPACE' ) );
#2670 = VECTOR ( 'NONE', #2589, 1000.000000000000000 ) ;
#2671 = MECHANICAL_DESIGN_GEOMETRIC_PRESENTATION_REPRESENTATION (  '', ( #1982 ), #2821 ) ;
#2672 = FILL_AREA_STYLE_COLOUR ( '', #1874 ) ;
#2673 = UNCERTAINTY_MEASURE_WITH_UNIT (LENGTH_MEASURE( 1.000000000000000082E-05 ), #2439, 'distance_accuracy_value', 'NONE');
#2674 = CARTESIAN_POINT ( 'NONE',  ( -1.070000000000000062, -3.102912828032695636, 0.1499999999953784413 ) ) ;
#2675 = DIRECTION ( 'NONE',  ( 1.000000000000000000, 0.000000000000000000, 0.000000000000000000 ) ) ;
#2676 = ADVANCED_FACE ( 'NONE', ( #218 ), #1174, .T. ) ;
#2677 = VERTEX_POINT ( 'NONE', #309 ) ;
#2678 = EDGE_CURVE ( 'NONE', #377, #856, #2322, .T. ) ;
#2679 = CARTESIAN_POINT ( 'NONE',  ( 1.971824763209655718, 2.021824763209656428, 0.2617514162326980975 ) ) ;
#2680 = EDGE_LOOP ( 'NONE', ( #2706, #1700, #3014, #642 ) ) ;
#2681 = DIRECTION ( 'NONE',  ( -1.000000000000000000, -0.000000000000000000, -0.000000000000000000 ) ) ;
#2682 =( NAMED_UNIT ( * ) PLANE_ANGLE_UNIT ( ) SI_UNIT ( $, .RADIAN. ) );
#2683 =( LENGTH_UNIT ( ) NAMED_UNIT ( * ) SI_UNIT ( .MILLI., .METRE. ) );
#2684 = CARTESIAN_POINT ( 'NONE',  ( -1.469999999999999973, 2.825926575368123750, 0.1920347063916864050 ) ) ;
#2685 = PLANE ( 'NONE',  #1317 ) ;
#2686 = CARTESIAN_POINT ( 'NONE',  ( -1.469999999999999973, -2.200000000000000622, 1.100000000000000089 ) ) ;
#2687 = CARTESIAN_POINT ( 'NONE',  ( 1.469999999999999973, 3.399999999999590905, 0.1499999999953783858 ) ) ;
#2688 = SURFACE_SIDE_STYLE ('',( #562 ) ) ;
#2689 = EDGE_LOOP ( 'NONE', ( #2, #165, #1294, #1142 ) ) ;
#2690 = EDGE_CURVE ( 'NONE', #139, #204, #739, .T. ) ;
#2691 = ORIENTED_EDGE ( 'NONE', *, *, #1108, .T. ) ;
#2692 = VECTOR ( 'NONE', #1303, 1000.000000000000000 ) ;
#2693 = SURFACE_STYLE_USAGE ( .BOTH. , #778 ) ;
#2694 = ADVANCED_FACE ( 'NONE', ( #265 ), #2685, .T. ) ;
#2695 =( NAMED_UNIT ( * ) PLANE_ANGLE_UNIT ( ) SI_UNIT ( $, .RADIAN. ) );
#2696 = ORIENTED_EDGE ( 'NONE', *, *, #1820, .T. ) ;
#2697 = AXIS2_PLACEMENT_3D ( 'NONE', #781, #1476, #2220 ) ;
#2698 = FACE_OUTER_BOUND ( 'NONE', #1158, .T. ) ;
#2699 = DIRECTION ( 'NONE',  ( 1.000000000000000000, 0.000000000000000000, 0.000000000000000000 ) ) ;
#2700 = DIRECTION ( 'NONE',  ( 0.000000000000000000, 0.000000000000000000, 1.000000000000000000 ) ) ;
#2701 = VECTOR ( 'NONE', #2270, 1000.000000000000000 ) ;
#2702 = CARTESIAN_POINT ( 'NONE',  ( -1.469999999999999973, 2.199999999999999734, 1.100000000000000089 ) ) ;
#2703 = FILL_AREA_STYLE_COLOUR ( '', #2963 ) ;
#2704 = VERTEX_POINT ( 'NONE', #1983 ) ;
#2705 = CARTESIAN_POINT ( 'NONE',  ( -1.469999999999999973, 2.394174343933790361, 1.186996506333891865 ) ) ;
#2706 = ORIENTED_EDGE ( 'NONE', *, *, #1286, .F. ) ;
#2707 =( NAMED_UNIT ( * ) SI_UNIT ( $, .STERADIAN. ) SOLID_ANGLE_UNIT ( ) );
#2708 = FILL_AREA_STYLE ('',( #2772 ) ) ;
#2709 =( NAMED_UNIT ( * ) SI_UNIT ( $, .STERADIAN. ) SOLID_ANGLE_UNIT ( ) );
#2710 = CLOSED_SHELL ( 'NONE', ( #2794, #772, #373, #111, #1824, #1706, #834, #1307, #1246, #1648, #587, #289, #2096, #2676, #999, #1234, #12, #2494, #2528, #2965, #584, #148, #1405, #247, #1934, #307, #911, #1225, #1468, #1071, #2390, #249, #2286, #1354, #2905, #209, #2071, #555, #172, #1594, #600, #2247, #927, #2945, #332, #2940, #722, #2850, #3079, #3044, #683, #2694, #1491, #1050, #271, #2829, #2411, #2190, #1696, #393, #1085, #1725, #370, #516, #2019 ) ) ;
#2711 = CIRCLE ( 'NONE', #1361, 0.2999999999999999334 ) ;
#2712 =( GEOMETRIC_REPRESENTATION_CONTEXT ( 3 ) GLOBAL_UNCERTAINTY_ASSIGNED_CONTEXT ( ( #2832 ) ) GLOBAL_UNIT_ASSIGNED_CONTEXT ( ( #3002, #152, #1148 ) ) REPRESENTATION_CONTEXT ( 'NONE', 'WORKASPACE' ) );
#2713 = ORIENTED_EDGE ( 'NONE', *, *, #2548, .F. ) ;
#2714 = PLANE ( 'NONE',  #2227 ) ;
#2715 = VECTOR ( 'NONE', #1727, 1000.000000000000000 ) ;
#2716 = COLOUR_RGB ( '',1.000000000000000000, 1.000000000000000000, 1.000000000000000000 ) ;
#2717 = EDGE_CURVE ( 'NONE', #418, #1505, #1264, .T. ) ;
#2718 = VECTOR ( 'NONE', #318, 1000.000000000000114 ) ;
#2719 = DIRECTION ( 'NONE',  ( 0.000000000000000000, -1.308666447613348142E-15, -1.000000000000000000 ) ) ;
#2720 = COLOUR_RGB ( '',1.000000000000000000, 1.000000000000000000, 1.000000000000000000 ) ;
#2721 = DIRECTION ( 'NONE',  ( 1.000000000000000000, 0.000000000000000000, 0.000000000000000000 ) ) ;
#2722 = COLOUR_RGB ( '',0.7921568627450980005, 0.8196078431372548767, 0.9333333333333333481 ) ;
#2723 =( NAMED_UNIT ( * ) PLANE_ANGLE_UNIT ( ) SI_UNIT ( $, .RADIAN. ) );
#2724 = CARTESIAN_POINT ( 'NONE',  ( -1.469999999999999973, 2.394174343933790361, 1.186996506333891865 ) ) ;
#2725 = ORIENTED_EDGE ( 'NONE', *, *, #1989, .F. ) ;
#2726 = DIRECTION ( 'NONE',  ( -1.000000000000000000, 0.000000000000000000, 0.000000000000000000 ) ) ;
#2727 = EDGE_LOOP ( 'NONE', ( #792, #105, #120, #2648 ) ) ;
#2728 = DIRECTION ( 'NONE',  ( 0.000000000000000000, 0.000000000000000000, -1.000000000000000000 ) ) ;
#2729 = SURFACE_STYLE_FILL_AREA ( #797 ) ;
#2730 = VERTEX_POINT ( 'NONE', #2674 ) ;
#2731 = SURFACE_STYLE_FILL_AREA ( #1786 ) ;
#2732 = EDGE_CURVE ( 'NONE', #1053, #2585, #1008, .T. ) ;
#2733 = FILL_AREA_STYLE ('',( #1531 ) ) ;
#2734 = UNCERTAINTY_MEASURE_WITH_UNIT (LENGTH_MEASURE( 1.000000000000000082E-05 ), #228, 'distance_accuracy_value', 'NONE');
#2735 = SURFACE_STYLE_FILL_AREA ( #1282 ) ;
#2736 = CARTESIAN_POINT ( 'NONE',  ( 1.469999999999999973, -3.102912828032695636, 0.1499999999953784413 ) ) ;
#2737 = SURFACE_SIDE_STYLE ('',( #1794 ) ) ;
#2738 = EDGE_CURVE ( 'NONE', #438, #2461, #1012, .T. ) ;
#2739 = ORIENTED_EDGE ( 'NONE', *, *, #234, .F. ) ;
#2740 = VERTEX_POINT ( 'NONE', #770 ) ;
#2741 = CARTESIAN_POINT ( 'NONE',  ( 1.469999999999999973, -2.524691141550257978, 0.9729849375412779056 ) ) ;
#2742 = AXIS2_PLACEMENT_3D ( 'NONE', #1811, #398, #2308 ) ;
#2743 = DIRECTION ( 'NONE',  ( 1.000000000000000000, 0.000000000000000000, 0.000000000000000000 ) ) ;
#2744 = VERTEX_POINT ( 'NONE', #503 ) ;
#2745 = LINE ( 'NONE', #2918, #2328 ) ;
#2746 = VECTOR ( 'NONE', #2841, 1000.000000000000000 ) ;
#2747 = LINE ( 'NONE', #912, #10 ) ;
#2748 = CARTESIAN_POINT ( 'NONE',  ( -2.149999999999999911, 2.181508321736363332, 1.186996506333891643 ) ) ;
#2749 = SURFACE_STYLE_USAGE ( .BOTH. , #2782 ) ;
#2750 = VERTEX_POINT ( 'NONE', #77 ) ;
#2751 = CARTESIAN_POINT ( 'NONE',  ( -2.149999999999999911, 2.199999999999999734, 1.100000000000000089 ) ) ;
#2752 = EDGE_CURVE ( 'NONE', #2661, #1078, #1445, .T. ) ;
#2753 = ORIENTED_EDGE ( 'NONE', *, *, #2546, .T. ) ;
#2754 = DIRECTION ( 'NONE',  ( 1.000000000000000000, -0.000000000000000000, -0.000000000000000000 ) ) ;
#2755 = DIRECTION ( 'NONE',  ( -1.000000000000000000, 0.000000000000000000, 0.000000000000000000 ) ) ;
#2756 = VERTEX_POINT ( 'NONE', #1512 ) ;
#2757 =( NAMED_UNIT ( * ) PLANE_ANGLE_UNIT ( ) SI_UNIT ( $, .RADIAN. ) );
#2758 = COLOUR_RGB ( '',0.6274509803921568540, 0.6274509803921568540, 0.6274509803921568540 ) ;
#2759 = EDGE_LOOP ( 'NONE', ( #1111, #827, #2978, #3067 ) ) ;
#2760 = AXIS2_PLACEMENT_3D ( 'NONE', #1499, #2017, #2188 ) ;
#2761 = MECHANICAL_DESIGN_GEOMETRIC_PRESENTATION_REPRESENTATION (  '', ( #1061 ), #166 ) ;
#2762 = DIRECTION ( 'NONE',  ( 0.000000000000000000, -9.123603059898513417E-17, 1.000000000000000000 ) ) ;
#2763 = PRESENTATION_LAYER_ASSIGNMENT (  '', '', ( #965 ) ) ;
#2764 = CARTESIAN_POINT ( 'NONE',  ( 1.469999999999999973, 3.105825656066989016, -2.443363886529420664E-15 ) ) ;
#2765 = AXIS2_PLACEMENT_3D ( 'NONE', #1210, #748, #2447 ) ;
#2766 =( NAMED_UNIT ( * ) PLANE_ANGLE_UNIT ( ) SI_UNIT ( $, .RADIAN. ) );
#2767 = COLOUR_RGB ( '',1.000000000000000000, 1.000000000000000000, 1.000000000000000000 ) ;
#2768 = ORIENTED_EDGE ( 'NONE', *, *, #2209, .F. ) ;
#2769 = COLOUR_RGB ( '',1.000000000000000000, 1.000000000000000000, 1.000000000000000000 ) ;
#2770 = EDGE_LOOP ( 'NONE', ( #178, #2570, #1639, #2804 ) ) ;
#2771 = DIRECTION ( 'NONE',  ( -1.000000000000000000, 0.000000000000000000, 0.000000000000000000 ) ) ;
#2772 = FILL_AREA_STYLE_COLOUR ( '', #866 ) ;
#2773 = CARTESIAN_POINT ( 'NONE',  ( 1.070000000000000062, 2.394174343933790361, 1.186996506333891865 ) ) ;
#2774 = EDGE_CURVE ( 'NONE', #1778, #1879, #2477, .T. ) ;
#2775 = PLANE ( 'NONE',  #1838 ) ;
#2776 = EDGE_LOOP ( 'NONE', ( #230, #341, #1842, #763 ) ) ;
#2777 = CARTESIAN_POINT ( 'NONE',  ( -2.149999999999999911, -1.966187782162975850, 2.200000000000000178 ) ) ;
#2778 = ORIENTED_EDGE ( 'NONE', *, *, #1707, .T. ) ;
#2779 = DIRECTION ( 'NONE',  ( 0.000000000000000000, 1.000000000000000000, 1.187103655206779410E-14 ) ) ;
#2780 = DIRECTION ( 'NONE',  ( -0.000000000000000000, -1.000000000000000000, 9.123603059898513417E-17 ) ) ;
#2781 = MECHANICAL_DESIGN_GEOMETRIC_PRESENTATION_REPRESENTATION (  '', ( #1839 ), #2488 ) ;
#2782 = SURFACE_SIDE_STYLE ('',( #1109 ) ) ;
#2783 = DIRECTION ( 'NONE',  ( -1.000000000000000000, 0.000000000000000000, 0.000000000000000000 ) ) ;
#2784 = ORIENTED_EDGE ( 'NONE', *, *, #1665, .F. ) ;
#2785 = EDGE_CURVE ( 'NONE', #2146, #1781, #2571, .T. ) ;
#2786 =( LENGTH_UNIT ( ) NAMED_UNIT ( * ) SI_UNIT ( .MILLI., .METRE. ) );
#2787 = ORIENTED_EDGE ( 'NONE', *, *, #2732, .F. ) ;
#2788 = CARTESIAN_POINT ( 'NONE',  ( 1.070000000000000062, -3.105825656066989016, -2.443363886529420664E-15 ) ) ;
#2789 = EDGE_CURVE ( 'NONE', #821, #522, #283, .T. ) ;
#2790 = PRESENTATION_STYLE_ASSIGNMENT (( #641 ) ) ;
#2791 = ORIENTED_EDGE ( 'NONE', *, *, #2043, .T. ) ;
#2792 = CARTESIAN_POINT ( 'NONE',  ( -1.469999999999999973, 2.100000000006434941, 1.036996506338507151 ) ) ;
#2793 = ORIENTED_EDGE ( 'NONE', *, *, #1745, .T. ) ;
#2794 = ADVANCED_FACE ( 'NONE', ( #1481 ), #1805, .F. ) ;
#2795 = COLOUR_RGB ( '',1.000000000000000000, 1.000000000000000000, 1.000000000000000000 ) ;
#2796 = MECHANICAL_DESIGN_GEOMETRIC_PRESENTATION_REPRESENTATION (  '', ( #2058 ), #1146 ) ;
#2797 = LINE ( 'NONE', #633, #960 ) ;
#2798 = DIRECTION ( 'NONE',  ( -1.000000000000000000, 0.000000000000000000, 0.000000000000000000 ) ) ;
#2799 = UNCERTAINTY_MEASURE_WITH_UNIT (LENGTH_MEASURE( 1.000000000000000082E-05 ), #2991, 'distance_accuracy_value', 'NONE');
#2800 = PRESENTATION_LAYER_ASSIGNMENT (  '', '', ( #1046 ) ) ;
#2801 = LINE ( 'NONE', #1358, #1932 ) ;
#2802 = VERTEX_POINT ( 'NONE', #1075 ) ;
#2803 = FILL_AREA_STYLE ('',( #1865 ) ) ;
#2804 = ORIENTED_EDGE ( 'NONE', *, *, #643, .T. ) ;
#2805 =( NAMED_UNIT ( * ) PLANE_ANGLE_UNIT ( ) SI_UNIT ( $, .RADIAN. ) );
#2806 =( GEOMETRIC_REPRESENTATION_CONTEXT ( 3 ) GLOBAL_UNCERTAINTY_ASSIGNED_CONTEXT ( ( #2579 ) ) GLOBAL_UNIT_ASSIGNED_CONTEXT ( ( #1953, #2422, #308 ) ) REPRESENTATION_CONTEXT ( 'NONE', 'WORKASPACE' ) );
#2807 = ORIENTED_EDGE ( 'NONE', *, *, #855, .T. ) ;
#2808 = EDGE_CURVE ( 'NONE', #2294, #2980, #2577, .T. ) ;
#2809 = EDGE_CURVE ( 'NONE', #3101, #2585, #1145, .T. ) ;
#2810 =( NAMED_UNIT ( * ) SI_UNIT ( $, .STERADIAN. ) SOLID_ANGLE_UNIT ( ) );
#2811 = STYLED_ITEM ( 'NONE', ( #284 ), #2411 ) ;
#2812 = VECTOR ( 'NONE', #136, 999.9999999999998863 ) ;
#2813 = DIRECTION ( 'NONE',  ( -1.000000000000000000, 0.000000000000000000, 0.000000000000000000 ) ) ;
#2814 =( LENGTH_UNIT ( ) NAMED_UNIT ( * ) SI_UNIT ( .MILLI., .METRE. ) );
#2815 = VECTOR ( 'NONE', #1635, 1000.000000000000000 ) ;
#2816 = VECTOR ( 'NONE', #2609, 1000.000000000000000 ) ;
#2817 =( NAMED_UNIT ( * ) PLANE_ANGLE_UNIT ( ) SI_UNIT ( $, .RADIAN. ) );
#2818 = VERTEX_POINT ( 'NONE', #453 ) ;
#2819 = AXIS2_PLACEMENT_3D ( 'NONE', #2656, #2230, #2924 ) ;
#2820 = VECTOR ( 'NONE', #2933, 1000.000000000000114 ) ;
#2821 =( GEOMETRIC_REPRESENTATION_CONTEXT ( 3 ) GLOBAL_UNCERTAINTY_ASSIGNED_CONTEXT ( ( #2393 ) ) GLOBAL_UNIT_ASSIGNED_CONTEXT ( ( #2876, #2682, #1233 ) ) REPRESENTATION_CONTEXT ( 'NONE', 'WORKASPACE' ) );
#2822 = CARTESIAN_POINT ( 'NONE',  ( 0.000000000000000000, 0.000000000000000000, 0.000000000000000000 ) ) ;
#2823 = LINE ( 'NONE', #1912, #215 ) ;
#2824 = VERTEX_POINT ( 'NONE', #1298 ) ;
#2825 = LINE ( 'NONE', #865, #910 ) ;
#2826 = LINE ( 'NONE', #1383, #1626 ) ;
#2827 = SURFACE_STYLE_USAGE ( .BOTH. , #1885 ) ;
#2828 = DIRECTION ( 'NONE',  ( 0.000000000000000000, -1.000000000000000000, 7.371153840344694327E-16 ) ) ;
#2829 = ADVANCED_FACE ( 'NONE', ( #2974 ), #2045, .F. ) ;
#2830 = CARTESIAN_POINT ( 'NONE',  ( -1.469999999999999973, -3.399999999999590905, 0.1499999999953783858 ) ) ;
#2831 = SURFACE_STYLE_FILL_AREA ( #2844 ) ;
#2832 = UNCERTAINTY_MEASURE_WITH_UNIT (LENGTH_MEASURE( 1.000000000000000082E-05 ), #3002, 'distance_accuracy_value', 'NONE');
#2833 =( NAMED_UNIT ( * ) PLANE_ANGLE_UNIT ( ) SI_UNIT ( $, .RADIAN. ) );
#2834 =( LENGTH_UNIT ( ) NAMED_UNIT ( * ) SI_UNIT ( .MILLI., .METRE. ) );
#2835 = ORIENTED_EDGE ( 'NONE', *, *, #2774, .F. ) ;
#2836 = SURFACE_STYLE_USAGE ( .BOTH. , #3072 ) ;
#2837 = ORIENTED_EDGE ( 'NONE', *, *, #1587, .T. ) ;
#2838 = DIRECTION ( 'NONE',  ( 1.000000000000000000, 0.000000000000000000, -0.000000000000000000 ) ) ;
#2839 = DIRECTION ( 'NONE',  ( -0.000000000000000000, -1.000000000000000000, -9.123603059898513417E-17 ) ) ;
#2840 = FACE_OUTER_BOUND ( 'NONE', #2092, .T. ) ;
#2841 = DIRECTION ( 'NONE',  ( 1.000000000000000000, 0.000000000000000000, 0.000000000000000000 ) ) ;
#2842 = CARTESIAN_POINT ( 'NONE',  ( -1.469999999999999973, -2.524691141550257978, 0.9729849375412779056 ) ) ;
#2843 = VECTOR ( 'NONE', #986, 1000.000000000000114 ) ;
#2844 = FILL_AREA_STYLE ('',( #1661 ) ) ;
#2845 = LINE ( 'NONE', #1683, #2815 ) ;
#2846 = CARTESIAN_POINT ( 'NONE',  ( -1.916187782162975139, -2.200000000000000622, 2.200000000000000178 ) ) ;
#2847 = PRESENTATION_STYLE_ASSIGNMENT (( #1378 ) ) ;
#2848 = CIRCLE ( 'NONE', #1498, 0.2999999999999998779 ) ;
#2849 = ORIENTED_EDGE ( 'NONE', *, *, #444, .T. ) ;
#2850 = ADVANCED_FACE ( 'NONE', ( #2506 ), #2055, .F. ) ;
#2851 = SURFACE_STYLE_FILL_AREA ( #1434 ) ;
#2852 = PRESENTATION_STYLE_ASSIGNMENT (( #2836 ) ) ;
#2853 = ORIENTED_EDGE ( 'NONE', *, *, #433, .T. ) ;
#2854 = CARTESIAN_POINT ( 'NONE',  ( 1.069999999999999840, 2.199999999999999734, 1.100000000000000089 ) ) ;
#2855 =( LENGTH_UNIT ( ) NAMED_UNIT ( * ) SI_UNIT ( .MILLI., .METRE. ) );
#2856 = CARTESIAN_POINT ( 'NONE',  ( 1.469999999999999973, -2.674073424632076978, 0.9949617999437140314 ) ) ;
#2857 = CARTESIAN_POINT ( 'NONE',  ( -1.070000000000000062, 3.399999999999590905, 0.1499999999953783858 ) ) ;
#2858 = SURFACE_STYLE_USAGE ( .BOTH. , #2436 ) ;
#2859 = PRESENTATION_LAYER_ASSIGNMENT (  '', '', ( #701 ) ) ;
#2860 = CARTESIAN_POINT ( 'NONE',  ( 1.469999999999999973, 2.394174343933790361, 1.186996506333891865 ) ) ;
#2861 = DIRECTION ( 'NONE',  ( 0.000000000000000000, -0.2079116908177598144, -0.9781476007338055778 ) ) ;
#2862 = DIRECTION ( 'NONE',  ( 0.000000000000000000, 0.000000000000000000, -1.000000000000000000 ) ) ;
#2863 =( GEOMETRIC_REPRESENTATION_CONTEXT ( 3 ) GLOBAL_UNCERTAINTY_ASSIGNED_CONTEXT ( ( #1173 ) ) GLOBAL_UNIT_ASSIGNED_CONTEXT ( ( #1894, #256, #2633 ) ) REPRESENTATION_CONTEXT ( 'NONE', 'WORKASPACE' ) );
#2864 =( NAMED_UNIT ( * ) SI_UNIT ( $, .STERADIAN. ) SOLID_ANGLE_UNIT ( ) );
#2865 = SURFACE_STYLE_USAGE ( .BOTH. , #269 ) ;
#2866 = VECTOR ( 'NONE', #138, 1000.000000000000000 ) ;
#2867 = VECTOR ( 'NONE', #1767, 1000.000000000000000 ) ;
#2868 = ORIENTED_EDGE ( 'NONE', *, *, #2890, .T. ) ;
#2869 = APPLICATION_PROTOCOL_DEFINITION ( 'draft international standard', 'automotive_design', 1998, #598 ) ;
#2870 = PRESENTATION_STYLE_ASSIGNMENT (( #1925 ) ) ;
#2871 = PRESENTATION_LAYER_ASSIGNMENT (  '', '', ( #2474 ) ) ;
#2872 = AXIS2_PLACEMENT_3D ( 'NONE', #69, #1038, #800 ) ;
#2873 = EDGE_LOOP ( 'NONE', ( #1716, #2354, #3034, #2010, #1304, #1045, #970, #614, #2481, #679, #1377, #567, #1154 ) ) ;
#2874 = LINE ( 'NONE', #937, #2670 ) ;
#2875 = EDGE_CURVE ( 'NONE', #270, #157, #690, .T. ) ;
#2876 =( LENGTH_UNIT ( ) NAMED_UNIT ( * ) SI_UNIT ( .MILLI., .METRE. ) );
#2877 = FILL_AREA_STYLE ('',( #1719 ) ) ;
#2878 =( GEOMETRIC_REPRESENTATION_CONTEXT ( 3 ) GLOBAL_UNCERTAINTY_ASSIGNED_CONTEXT ( ( #2641 ) ) GLOBAL_UNIT_ASSIGNED_CONTEXT ( ( #3095, #2610, #692 ) ) REPRESENTATION_CONTEXT ( 'NONE', 'WORKASPACE' ) );
#2879 =( NAMED_UNIT ( * ) PLANE_ANGLE_UNIT ( ) SI_UNIT ( $, .RADIAN. ) );
#2880 =( NAMED_UNIT ( * ) PLANE_ANGLE_UNIT ( ) SI_UNIT ( $, .RADIAN. ) );
#2881 = SURFACE_STYLE_USAGE ( .BOTH. , #1418 ) ;
#2882 = ORIENTED_EDGE ( 'NONE', *, *, #118, .T. ) ;
#2883 = FILL_AREA_STYLE ('',( #1992 ) ) ;
#2884 = VERTEX_POINT ( 'NONE', #2607 ) ;
#2885 = SURFACE_STYLE_FILL_AREA ( #1718 ) ;
#2886 = DIRECTION ( 'NONE',  ( -0.2035585949527793370, -0.2035585949527793648, -0.9576678948579724349 ) ) ;
#2887 = SURFACE_SIDE_STYLE ('',( #956 ) ) ;
#2888 = DIRECTION ( 'NONE',  ( 0.000000000000000000, 0.3598843120277078755, -0.9329969356628902144 ) ) ;
#2889 = DIRECTION ( 'NONE',  ( -0.000000000000000000, 1.000000000000000000, -0.000000000000000000 ) ) ;
#2890 = EDGE_CURVE ( 'NONE', #868, #719, #3075, .T. ) ;
#2891 = UNCERTAINTY_MEASURE_WITH_UNIT (LENGTH_MEASURE( 1.000000000000000082E-05 ), #901, 'distance_accuracy_value', 'NONE');
#2892 = CIRCLE ( 'NONE', #2101, 0.1000000000000000472 ) ;
#2893 = MECHANICAL_DESIGN_GEOMETRIC_PRESENTATION_REPRESENTATION (  '', ( #94 ), #2594 ) ;
#2894 = FILL_AREA_STYLE_COLOUR ( '', #1005 ) ;
#2895 = ORIENTED_EDGE ( 'NONE', *, *, #1089, .F. ) ;
#2896 = PRESENTATION_LAYER_ASSIGNMENT (  '', '', ( #3047 ) ) ;
#2897 = CARTESIAN_POINT ( 'NONE',  ( -2.149999999999999911, 2.199999999999999734, 1.100000000000000089 ) ) ;
#2898 = VERTEX_POINT ( 'NONE', #291 ) ;
#2899 = PLANE ( 'NONE',  #2765 ) ;
#2900 = CARTESIAN_POINT ( 'NONE',  ( 1.070000000000000062, -3.399999999999590905, -5.935518276033900995E-15 ) ) ;
#2901 = MECHANICAL_DESIGN_GEOMETRIC_PRESENTATION_REPRESENTATION (  '', ( #2653 ), #977 ) ;
#2902 = CARTESIAN_POINT ( 'NONE',  ( -1.070000000000000062, 2.674073424632076978, 0.9949617999437140314 ) ) ;
#2903 = DIRECTION ( 'NONE',  ( -0.000000000000000000, -0.3598843120327457901, -0.9329969356609469910 ) ) ;
#2904 = SURFACE_STYLE_USAGE ( .BOTH. , #982 ) ;
#2905 = ADVANCED_FACE ( 'NONE', ( #2840 ), #989, .T. ) ;
#2906 = SURFACE_STYLE_USAGE ( .BOTH. , #490 ) ;
#2907 = VECTOR ( 'NONE', #1789, 1000.000000000000000 ) ;
#2908 = ORIENTED_EDGE ( 'NONE', *, *, #2925, .T. ) ;
#2909 = AXIS2_PLACEMENT_3D ( 'NONE', #1798, #187, #1128 ) ;
#2910 = MECHANICAL_DESIGN_GEOMETRIC_PRESENTATION_REPRESENTATION (  '', ( #1419 ), #619 ) ;
#2911 = CARTESIAN_POINT ( 'NONE',  ( -1.469999999999999973, -2.962963287683552771, 0.2460173531904671640 ) ) ;
#2912 = ORIENTED_EDGE ( 'NONE', *, *, #1853, .F. ) ;
#2913 =( GEOMETRIC_REPRESENTATION_CONTEXT ( 3 ) GLOBAL_UNCERTAINTY_ASSIGNED_CONTEXT ( ( #1739 ) ) GLOBAL_UNIT_ASSIGNED_CONTEXT ( ( #2400, #971, #1449 ) ) REPRESENTATION_CONTEXT ( 'NONE', 'WORKASPACE' ) );
#2914 = LINE ( 'NONE', #766, #1169 ) ;
#2915 = PRESENTATION_STYLE_ASSIGNMENT (( #46 ) ) ;
#2916 = CIRCLE ( 'NONE', #2226, 0.1000000000000000472 ) ;
#2917 = CIRCLE ( 'NONE', #962, 0.5000000000000001110 ) ;
#2918 = CARTESIAN_POINT ( 'NONE',  ( -1.469999999999999973, 3.102912828032695636, 0.1499999999953784413 ) ) ;
#2919 = CIRCLE ( 'NONE', #1371, 0.1499999999999998557 ) ;
#2920 = VECTOR ( 'NONE', #2405, 1000.000000000000000 ) ;
#2921 = EDGE_CURVE ( 'NONE', #2744, #1803, #925, .T. ) ;
#2922 = UNCERTAINTY_MEASURE_WITH_UNIT (LENGTH_MEASURE( 1.000000000000000082E-05 ), #2394, 'distance_accuracy_value', 'NONE');
#2923 = CARTESIAN_POINT ( 'NONE',  ( 1.469999999999999973, 2.199999999999999734, 1.100000000000000089 ) ) ;
#2924 = DIRECTION ( 'NONE',  ( 0.000000000000000000, 0.000000000000000000, -1.000000000000000000 ) ) ;
#2925 = EDGE_CURVE ( 'NONE', #188, #2346, #1916, .T. ) ;
#2926 = FACE_OUTER_BOUND ( 'NONE', #846, .T. ) ;
#2927 = EDGE_CURVE ( 'NONE', #1527, #1746, #279, .T. ) ;
#2928 = DIRECTION ( 'NONE',  ( 0.000000000000000000, -0.9781476007338055778, -0.2079116908177598144 ) ) ;
#2929 = ORIENTED_EDGE ( 'NONE', *, *, #1026, .F. ) ;
#2930 =( LENGTH_UNIT ( ) NAMED_UNIT ( * ) SI_UNIT ( .MILLI., .METRE. ) );
#2931 = EDGE_CURVE ( 'NONE', #1991, #2980, #1961, .T. ) ;
#2932 = ORIENTED_EDGE ( 'NONE', *, *, #929, .F. ) ;
#2933 = DIRECTION ( 'NONE',  ( -0.000000000000000000, 0.3598843120277078755, -0.9329969356628902144 ) ) ;
#2934 = VERTEX_POINT ( 'NONE', #2388 ) ;
#2935 = SURFACE_STYLE_FILL_AREA ( #1495 ) ;
#2936 = SURFACE_SIDE_STYLE ('',( #805 ) ) ;
#2937 = CARTESIAN_POINT ( 'NONE',  ( -1.070000000000000062, 2.100000000006434941, 1.036996506338507151 ) ) ;
#2938 = VERTEX_POINT ( 'NONE', #2622 ) ;
#2939 = STYLED_ITEM ( 'NONE', ( #2325 ), #516 ) ;
#2940 = ADVANCED_FACE ( 'NONE', ( #1196 ), #4, .F. ) ;
#2941 = LINE ( 'NONE', #995, #2643 ) ;
#2942 = ORIENTED_EDGE ( 'NONE', *, *, #147, .T. ) ;
#2943 = DIRECTION ( 'NONE',  ( -1.000000000000000000, 0.000000000000000000, 0.000000000000000000 ) ) ;
#2944 = CARTESIAN_POINT ( 'NONE',  ( -2.149999999999999911, -2.181508321736364220, 1.186996506333891643 ) ) ;
#2945 = ADVANCED_FACE ( 'NONE', ( #356 ), #2464, .F. ) ;
#2946 = FACE_OUTER_BOUND ( 'NONE', #1895, .T. ) ;
#2947 = ORIENTED_EDGE ( 'NONE', *, *, #1126, .T. ) ;
#2948 =( GEOMETRIC_REPRESENTATION_CONTEXT ( 3 ) GLOBAL_UNCERTAINTY_ASSIGNED_CONTEXT ( ( #3049 ) ) GLOBAL_UNIT_ASSIGNED_CONTEXT ( ( #586, #2275, #2234 ) ) REPRESENTATION_CONTEXT ( 'NONE', 'WORKASPACE' ) );
#2949 = SURFACE_STYLE_FILL_AREA ( #607 ) ;
#2950 = APPLICATION_PROTOCOL_DEFINITION ( 'draft international standard', 'automotive_design', 1998, #1506 ) ;
#2951 = AXIS2_PLACEMENT_3D ( 'NONE', #502, #237, #1891 ) ;
#2952 = VECTOR ( 'NONE', #2397, 999.9999999999998863 ) ;
#2953 = ORIENTED_EDGE ( 'NONE', *, *, #286, .T. ) ;
#2954 =( LENGTH_UNIT ( ) NAMED_UNIT ( * ) SI_UNIT ( .MILLI., .METRE. ) );
#2955 = LINE ( 'NONE', #2724, #1060 ) ;
#2956 = ORIENTED_EDGE ( 'NONE', *, *, #820, .T. ) ;
#2957 = DIRECTION ( 'NONE',  ( 0.000000000000000000, 0.000000000000000000, 1.000000000000000000 ) ) ;
#2958 = VERTEX_POINT ( 'NONE', #2448 ) ;
#2959 = PRESENTATION_STYLE_ASSIGNMENT (( #384 ) ) ;
#2960 = FILL_AREA_STYLE ('',( #2038 ) ) ;
#2961 = CARTESIAN_POINT ( 'NONE',  ( 1.070000000000000062, 2.394174343933792137, 0.8869965063338917100 ) ) ;
#2962 = VECTOR ( 'NONE', #2721, 1000.000000000000000 ) ;
#2963 = COLOUR_RGB ( '',1.000000000000000000, 1.000000000000000000, 1.000000000000000000 ) ;
#2964 = ORIENTED_EDGE ( 'NONE', *, *, #1597, .T. ) ;
#2965 = ADVANCED_FACE ( 'NONE', ( #85 ), #340, .T. ) ;
#2966 = SURFACE_STYLE_USAGE ( .BOTH. , #1490 ) ;
#2967 = STYLED_ITEM ( 'NONE', ( #1283 ), #2694 ) ;
#2968 = COLOUR_RGB ( '',0.6274509803921568540, 0.6274509803921568540, 0.6274509803921568540 ) ;
#2969 = AXIS2_PLACEMENT_3D ( 'NONE', #2112, #2559, #423 ) ;
#2970 = VECTOR ( 'NONE', #1673, 1000.000000000000000 ) ;
#2971 = VECTOR ( 'NONE', #1914, 1000.000000000000000 ) ;
#2972 = LINE ( 'NONE', #803, #948 ) ;
#2973 = DIRECTION ( 'NONE',  ( 0.000000000000000000, 0.000000000000000000, 1.000000000000000000 ) ) ;
#2974 = FACE_OUTER_BOUND ( 'NONE', #2063, .T. ) ;
#2975 = STYLED_ITEM ( 'NONE', ( #1608 ), #3079 ) ;
#2976 = SURFACE_SIDE_STYLE ('',( #2016 ) ) ;
#2977 = PLANE ( 'NONE',  #2471 ) ;
#2978 = ORIENTED_EDGE ( 'NONE', *, *, #2449, .T. ) ;
#2979 = SURFACE_SIDE_STYLE ('',( #126 ) ) ;
#2980 = VERTEX_POINT ( 'NONE', #2788 ) ;
#2981 = DIRECTION ( 'NONE',  ( 1.000000000000000000, 0.000000000000000000, -0.000000000000000000 ) ) ;
#2982 = ADVANCED_BREP_SHAPE_REPRESENTATION ( 'SOP4', ( #3076, #2186 ), #1521 ) ;
#2983 = EDGE_LOOP ( 'NONE', ( #2998, #2034, #337, #987 ) ) ;
#2984 = FILL_AREA_STYLE_COLOUR ( '', #2716 ) ;
#2985 = VERTEX_POINT ( 'NONE', #2283 ) ;
#2986 = PRESENTATION_STYLE_ASSIGNMENT (( #1546 ) ) ;
#2987 = EDGE_CURVE ( 'NONE', #2174, #1549, #1834, .T. ) ;
#2988 = PLANE ( 'NONE',  #2015 ) ;
#2989 = FILL_AREA_STYLE ('',( #1562 ) ) ;
#2990 = ORIENTED_EDGE ( 'NONE', *, *, #741, .T. ) ;
#2991 =( LENGTH_UNIT ( ) NAMED_UNIT ( * ) SI_UNIT ( .MILLI., .METRE. ) );
#2992 = ORIENTED_EDGE ( 'NONE', *, *, #735, .F. ) ;
#2993 = DIRECTION ( 'NONE',  ( 0.000000000000000000, 0.000000000000000000, 1.000000000000000000 ) ) ;
#2994 = MECHANICAL_DESIGN_GEOMETRIC_PRESENTATION_REPRESENTATION (  '', ( #1248 ), #297 ) ;
#2995 = SURFACE_SIDE_STYLE ('',( #1082 ) ) ;
#2996 = ORIENTED_EDGE ( 'NONE', *, *, #2024, .F. ) ;
#2997 = STYLED_ITEM ( 'NONE', ( #1869 ), #772 ) ;
#2998 = ORIENTED_EDGE ( 'NONE', *, *, #850, .F. ) ;
#2999 = FILL_AREA_STYLE ('',( #1087 ) ) ;
#3000 = FILL_AREA_STYLE ('',( #3058 ) ) ;
#3001 = PRESENTATION_LAYER_ASSIGNMENT (  '', '', ( #1252 ) ) ;
#3002 =( LENGTH_UNIT ( ) NAMED_UNIT ( * ) SI_UNIT ( .MILLI., .METRE. ) );
#3003 = SURFACE_STYLE_USAGE ( .BOTH. , #3022 ) ;
#3004 = PRESENTATION_STYLE_ASSIGNMENT (( #601 ) ) ;
#3005 = FILL_AREA_STYLE_COLOUR ( '', #114 ) ;
#3006 = LINE ( 'NONE', #2751, #1139 ) ;
#3007 = ORIENTED_EDGE ( 'NONE', *, *, #1828, .F. ) ;
#3008 = AXIS2_PLACEMENT_3D ( 'NONE', #609, #1327, #2287 ) ;
#3009 = DIRECTION ( 'NONE',  ( 1.000000000000000000, 0.000000000000000000, 0.000000000000000000 ) ) ;
#3010 = PLANE ( 'NONE',  #916 ) ;
#3011 = SURFACE_STYLE_FILL_AREA ( #2082 ) ;
#3012 = FILL_AREA_STYLE ('',( #144 ) ) ;
#3013 = FACE_OUTER_BOUND ( 'NONE', #2873, .T. ) ;
#3014 = ORIENTED_EDGE ( 'NONE', *, *, #2171, .T. ) ;
#3015 = DIRECTION ( 'NONE',  ( -1.000000000000000000, 0.000000000000000000, 0.000000000000000000 ) ) ;
#3016 = VECTOR ( 'NONE', #1494, 1000.000000000000114 ) ;
#3017 = COLOUR_RGB ( '',1.000000000000000000, 1.000000000000000000, 1.000000000000000000 ) ;
#3018 = ORIENTED_EDGE ( 'NONE', *, *, #1728, .T. ) ;
#3019 = VECTOR ( 'NONE', #2861, 999.9999999999998863 ) ;
#3020 = AXIS2_PLACEMENT_3D ( 'NONE', #189, #1155, #1684 ) ;
#3021 =( GEOMETRIC_REPRESENTATION_CONTEXT ( 3 ) GLOBAL_UNCERTAINTY_ASSIGNED_CONTEXT ( ( #1479 ) ) GLOBAL_UNIT_ASSIGNED_CONTEXT ( ( #1558, #1329, #2129 ) ) REPRESENTATION_CONTEXT ( 'NONE', 'WORKASPACE' ) );
#3022 = SURFACE_SIDE_STYLE ('',( #1615 ) ) ;
#3023 = MECHANICAL_DESIGN_GEOMETRIC_PRESENTATION_REPRESENTATION (  '', ( #716 ), #2574 ) ;
#3024 = PRESENTATION_LAYER_ASSIGNMENT (  '', '', ( #70 ) ) ;
#3025 = DIRECTION ( 'NONE',  ( -0.000000000000000000, 1.000000000000000000, -0.000000000000000000 ) ) ;
#3026 = PRESENTATION_LAYER_ASSIGNMENT (  '', '', ( #1577 ) ) ;
#3027 = VERTEX_POINT ( 'NONE', #2773 ) ;
#3028 = PRESENTATION_STYLE_ASSIGNMENT (( #1552 ) ) ;
#3029 = EDGE_CURVE ( 'NONE', #759, #2802, #1321, .T. ) ;
#3030 = SURFACE_STYLE_USAGE ( .BOTH. , #620 ) ;
#3031 = ORIENTED_EDGE ( 'NONE', *, *, #1446, .T. ) ;
#3032 = DIRECTION ( 'NONE',  ( 1.000000000000000000, -0.000000000000000000, -0.000000000000000000 ) ) ;
#3033 = SURFACE_STYLE_USAGE ( .BOTH. , #1545 ) ;
#3034 = ORIENTED_EDGE ( 'NONE', *, *, #433, .F. ) ;
#3035 = CARTESIAN_POINT ( 'NONE',  ( 1.070000000000000062, 2.100000000006434941, 1.186996506333891643 ) ) ;
#3036 = CARTESIAN_POINT ( 'NONE',  ( 0.000000000000000000, 1.987443438329977052, 0.1000000000000000472 ) ) ;
#3037 = FACE_OUTER_BOUND ( 'NONE', #1500, .T. ) ;
#3038 = EDGE_LOOP ( 'NONE', ( #2956, #1013, #1083, #829 ) ) ;
#3039 = LINE ( 'NONE', #1347, #1263 ) ;
#3040 =( LENGTH_UNIT ( ) NAMED_UNIT ( * ) SI_UNIT ( .MILLI., .METRE. ) );
#3041 = PLANE ( 'NONE',  #631 ) ;
#3042 = EDGE_LOOP ( 'NONE', ( #590, #2385, #2793, #15 ) ) ;
#3043 = FACE_OUTER_BOUND ( 'NONE', #2680, .T. ) ;
#3044 = ADVANCED_FACE ( 'NONE', ( #1851 ), #1606, .F. ) ;
#3045 = FACE_OUTER_BOUND ( 'NONE', #2530, .T. ) ;
#3046 = VECTOR ( 'NONE', #3025, 1000.000000000000000 ) ;
#3047 = STYLED_ITEM ( 'NONE', ( #1211 ), #722 ) ;
#3048 = CARTESIAN_POINT ( 'NONE',  ( 1.070000000000000062, 2.394174343933792137, 0.8869965063338917100 ) ) ;
#3049 = UNCERTAINTY_MEASURE_WITH_UNIT (LENGTH_MEASURE( 1.000000000000000082E-05 ), #586, 'distance_accuracy_value', 'NONE');
#3050 = CARTESIAN_POINT ( 'NONE',  ( -2.149999999999999911, -2.186608194014114659, 1.036996506338507373 ) ) ;
#3051 = VECTOR ( 'NONE', #236, 999.9999999999998863 ) ;
#3052 = ORIENTED_EDGE ( 'NONE', *, *, #1284, .F. ) ;
#3053 = VERTEX_POINT ( 'NONE', #2296 ) ;
#3054 =( NAMED_UNIT ( * ) PLANE_ANGLE_UNIT ( ) SI_UNIT ( $, .RADIAN. ) );
#3055 = ORIENTED_EDGE ( 'NONE', *, *, #1411, .T. ) ;
#3056 = CARTESIAN_POINT ( 'NONE',  ( 1.469999999999999973, 3.102912828032694748, 0.2999999999953782970 ) ) ;
#3057 = CARTESIAN_POINT ( 'NONE',  ( -2.149999999999999911, -2.200000000000000622, 1.100000000000000089 ) ) ;
#3058 = FILL_AREA_STYLE_COLOUR ( '', #223 ) ;
#3059 = EDGE_CURVE ( 'NONE', #2127, #2513, #402, .T. ) ;
#3060 = PRESENTATION_LAYER_ASSIGNMENT (  '', '', ( #311 ) ) ;
#3061 = DIRECTION ( 'NONE',  ( 0.000000000000000000, -0.9329969356609469910, 0.3598843120327457901 ) ) ;
#3062 = CIRCLE ( 'NONE', #424, 0.2999999999999998779 ) ;
#3063 = VECTOR ( 'NONE', #1526, 1000.000000000000000 ) ;
#3064 = CARTESIAN_POINT ( 'NONE',  ( 1.469999999999999973, 2.100000000006434941, 1.186996506333891643 ) ) ;
#3065 = DIRECTION ( 'NONE',  ( 0.000000000000000000, 1.187103655206779410E-14, -1.000000000000000000 ) ) ;
#3066 = CIRCLE ( 'NONE', #1724, 0.2999999999999998224 ) ;
#3067 = ORIENTED_EDGE ( 'NONE', *, *, #1245, .T. ) ;
#3068 = COLOUR_RGB ( '',1.000000000000000000, 1.000000000000000000, 1.000000000000000000 ) ;
#3069 = ORIENTED_EDGE ( 'NONE', *, *, #2497, .T. ) ;
#3070 = COLOUR_RGB ( '',0.3333333333333333148, 0.3333333333333333148, 0.3333333333333333148 ) ;
#3071 = DIRECTION ( 'NONE',  ( 0.000000000000000000, 0.000000000000000000, 1.000000000000000000 ) ) ;
#3072 = SURFACE_SIDE_STYLE ('',( #2124 ) ) ;
#3073 = ORIENTED_EDGE ( 'NONE', *, *, #488, .F. ) ;
#3074 = DIRECTION ( 'NONE',  ( -1.000000000000000000, 0.000000000000000000, 0.000000000000000000 ) ) ;
#3075 = LINE ( 'NONE', #1440, #1417 ) ;
#3076 = MANIFOLD_SOLID_BREP ( 'Ð×°1', #2710 ) ;
#3077 = SURFACE_STYLE_FILL_AREA ( #2162 ) ;
#3078 = EDGE_CURVE ( 'NONE', #1926, #1991, #2097, .T. ) ;
#3079 = ADVANCED_FACE ( 'NONE', ( #2698 ), #2297, .F. ) ;
#3080 = DIRECTION ( 'NONE',  ( 0.000000000000000000, 0.000000000000000000, -1.000000000000000000 ) ) ;
#3081 = UNCERTAINTY_MEASURE_WITH_UNIT (LENGTH_MEASURE( 1.000000000000000082E-05 ), #2930, 'distance_accuracy_value', 'NONE');
#3082 = LINE ( 'NONE', #1374, #1830 ) ;
#3083 = EDGE_CURVE ( 'NONE', #2399, #1527, #861, .T. ) ;
#3084 = LINE ( 'NONE', #8, #458 ) ;
#3085 = SURFACE_SIDE_STYLE ('',( #476 ) ) ;
#3086 = SURFACE_STYLE_FILL_AREA ( #947 ) ;
#3087 = ORIENTED_EDGE ( 'NONE', *, *, #1266, .T. ) ;
#3088 = PLANE ( 'NONE',  #2363 ) ;
#3089 = ORIENTED_EDGE ( 'NONE', *, *, #1484, .F. ) ;
#3090 = DIRECTION ( 'NONE',  ( -0.2079116908177597867, 0.000000000000000000, -0.9781476007338055778 ) ) ;
#3091 = SURFACE_SIDE_STYLE ('',( #452 ) ) ;
#3092 = DIRECTION ( 'NONE',  ( 0.000000000000000000, 0.000000000000000000, -1.000000000000000000 ) ) ;
#3093 = FACE_OUTER_BOUND ( 'NONE', #176, .T. ) ;
#3094 = SURFACE_STYLE_USAGE ( .BOTH. , #2163 ) ;
#3095 =( LENGTH_UNIT ( ) NAMED_UNIT ( * ) SI_UNIT ( .MILLI., .METRE. ) );
#3096 = PRESENTATION_LAYER_ASSIGNMENT (  '', '', ( #1248 ) ) ;
#3097 = DIRECTION ( 'NONE',  ( -1.000000000000000000, 0.000000000000000000, 0.000000000000000000 ) ) ;
#3098 = LINE ( 'NONE', #1387, #2566 ) ;
#3099 = EDGE_CURVE ( 'NONE', #1367, #2524, #1116, .T. ) ;
#3100 = FILL_AREA_STYLE ('',( #1910 ) ) ;
#3101 = VERTEX_POINT ( 'NONE', #2473 ) ;
ENDSEC;
END-ISO-10303-21;
